qseqid	sseqid	pident	length	mismatch	gapopen	qstart	qend	sstart	send	evalue	bitscore	genome_name	gene_name	comp
PMPCNALJ_01991	tr|A0A415W1Y4|A0A415W1Y4_9FIRM	99.7	323	1	0	1	323	1	323	5.2e-195	675.6	CM01_24_S247	bsh	bsh
PMPCNALJ_01991	tr|A0A415Y4A6|A0A415Y4A6_9FIRM	99.7	323	1	0	1	323	1	323	5.2e-195	675.6	CM01_24_S247	bsh	bsh
PMPCNALJ_01991	tr|A0A417JP01|A0A417JP01_9FIRM	99.7	323	1	0	1	323	1	323	5.2e-195	675.6	CM01_24_S247	bsh	bsh
PMPCNALJ_01991	tr|A0A417UTY8|A0A417UTY8_9FIRM	99.7	323	1	0	1	323	1	323	5.2e-195	675.6	CM01_24_S247	bsh	bsh
PMPCNALJ_01991	tr|D4N0V8|D4N0V8_ANAHA	99.7	323	1	0	1	323	1	323	5.2e-195	675.6	CM01_24_S247	bsh	bsh
PMPCNALJ_01991	tr|A0A6N2RN78|A0A6N2RN78_ANAHA	99.4	323	2	0	1	323	1	323	6.9e-195	675.2	CM01_24_S247	bsh	bsh
PMPCNALJ_01991	tr|L1QBV1|L1QBV1_ANAHA	99.4	323	2	0	1	323	1	323	1.2e-194	674.5	CM01_24_S247	bsh	bsh
PMPCNALJ_01991	tr|A0A1Q2CAU9|A0A1Q2CAU9_ANAHA	99.4	323	2	0	1	323	1	323	1.5e-194	674.1	CM01_24_S247	bsh	bsh
PMPCNALJ_01991	tr|E5VP64|E5VP64_9FIRM	99.4	323	2	0	1	323	1	323	1.5e-194	674.1	CM01_24_S247	bsh	bsh
PMPCNALJ_01991	tr|R5Z9B8|R5Z9B8_9FIRM	99.4	323	2	0	1	323	1	323	1.5e-194	674.1	CM01_24_S247	bsh	bsh
PMPCNALJ_01991	tr|A0A174S307|A0A174S307_ANAHA	99.4	323	2	0	1	323	1	323	2e-194	673.7	CM01_24_S247	bsh	bsh
OMENAAMB_00203	tr|A0A2N0UR24|A0A2N0UR24_9FIRM	98	349	7	0	1	349	1	349	6e-205	708.8	CM02_14_S245	bsh	bsh
OMENAAMB_02178	tr|A0A174FV32|A0A174FV32_9FIRM	98.5	336	5	0	1	336	1	336	3.1e-198	686.4	CM02_14_S245	bsh	bsh
OMENAAMB_02178	tr|A0A174EAC0|A0A174EAC0_9FIRM	98.2	336	6	0	1	336	1	336	2e-197	683.7	CM02_14_S245	bsh	bsh
OMENAAMB_02854	tr|A0A415W1Y4|A0A415W1Y4_9FIRM	99.4	323	2	0	1	323	1	323	3.4e-194	672.9	CM02_14_S245	bsh	bsh
OMENAAMB_02854	tr|A0A415Y4A6|A0A415Y4A6_9FIRM	99.4	323	2	0	1	323	1	323	3.4e-194	672.9	CM02_14_S245	bsh	bsh
OMENAAMB_02854	tr|A0A417JP01|A0A417JP01_9FIRM	99.4	323	2	0	1	323	1	323	3.4e-194	672.9	CM02_14_S245	bsh	bsh
OMENAAMB_02854	tr|A0A417UTY8|A0A417UTY8_9FIRM	99.4	323	2	0	1	323	1	323	3.4e-194	672.9	CM02_14_S245	bsh	bsh
OMENAAMB_02854	tr|D4N0V8|D4N0V8_ANAHA	99.4	323	2	0	1	323	1	323	3.4e-194	672.9	CM02_14_S245	bsh	bsh
OMENAAMB_02854	tr|A0A6N2RN78|A0A6N2RN78_ANAHA	99.1	323	3	0	1	323	1	323	4.4e-194	672.5	CM02_14_S245	bsh	bsh
OMENAAMB_02854	tr|L1QBV1|L1QBV1_ANAHA	99.1	323	3	0	1	323	1	323	7.6e-194	671.8	CM02_14_S245	bsh	bsh
OMENAAMB_02854	tr|A0A1Q2CAU9|A0A1Q2CAU9_ANAHA	99.1	323	3	0	1	323	1	323	9.9e-194	671.4	CM02_14_S245	bsh	bsh
OMENAAMB_02854	tr|E5VP64|E5VP64_9FIRM	99.1	323	3	0	1	323	1	323	9.9e-194	671.4	CM02_14_S245	bsh	bsh
OMENAAMB_02854	tr|R5Z9B8|R5Z9B8_9FIRM	99.1	323	3	0	1	323	1	323	9.9e-194	671.4	CM02_14_S245	bsh	bsh
OMENAAMB_02854	tr|A0A174S307|A0A174S307_ANAHA	99.1	323	3	0	1	323	1	323	1.3e-193	671	CM02_14_S245	bsh	bsh
JKIKAFLC_02737	tr|A0A415W1Y4|A0A415W1Y4_9FIRM	100	323	0	0	1	323	1	323	2.4e-195	676.8	CM02_2_S14	bsh	bsh
JKIKAFLC_02737	tr|A0A415Y4A6|A0A415Y4A6_9FIRM	100	323	0	0	1	323	1	323	2.4e-195	676.8	CM02_2_S14	bsh	bsh
JKIKAFLC_02737	tr|A0A417JP01|A0A417JP01_9FIRM	100	323	0	0	1	323	1	323	2.4e-195	676.8	CM02_2_S14	bsh	bsh
JKIKAFLC_02737	tr|A0A417UTY8|A0A417UTY8_9FIRM	100	323	0	0	1	323	1	323	2.4e-195	676.8	CM02_2_S14	bsh	bsh
JKIKAFLC_02737	tr|D4N0V8|D4N0V8_ANAHA	100	323	0	0	1	323	1	323	2.4e-195	676.8	CM02_2_S14	bsh	bsh
JKIKAFLC_02737	tr|A0A6N2RN78|A0A6N2RN78_ANAHA	99.7	323	1	0	1	323	1	323	3.1e-195	676.4	CM02_2_S14	bsh	bsh
JKIKAFLC_02737	tr|L1QBV1|L1QBV1_ANAHA	99.7	323	1	0	1	323	1	323	5.2e-195	675.6	CM02_2_S14	bsh	bsh
JKIKAFLC_02737	tr|A0A1Q2CAU9|A0A1Q2CAU9_ANAHA	99.7	323	1	0	1	323	1	323	6.9e-195	675.2	CM02_2_S14	bsh	bsh
JKIKAFLC_02737	tr|E5VP64|E5VP64_9FIRM	99.7	323	1	0	1	323	1	323	6.9e-195	675.2	CM02_2_S14	bsh	bsh
JKIKAFLC_02737	tr|R5Z9B8|R5Z9B8_9FIRM	99.7	323	1	0	1	323	1	323	6.9e-195	675.2	CM02_2_S14	bsh	bsh
JKIKAFLC_02737	tr|A0A174S307|A0A174S307_ANAHA	99.7	323	1	0	1	323	1	323	8.9e-195	674.9	CM02_2_S14	bsh	bsh
ENEEJMFF_02109	tr|A0A415W1Y4|A0A415W1Y4_9FIRM	100	323	0	0	1	323	1	323	2.4e-195	676.8	CM02_5_S246	bsh	bsh
ENEEJMFF_02109	tr|A0A415Y4A6|A0A415Y4A6_9FIRM	100	323	0	0	1	323	1	323	2.4e-195	676.8	CM02_5_S246	bsh	bsh
ENEEJMFF_02109	tr|A0A417JP01|A0A417JP01_9FIRM	100	323	0	0	1	323	1	323	2.4e-195	676.8	CM02_5_S246	bsh	bsh
ENEEJMFF_02109	tr|A0A417UTY8|A0A417UTY8_9FIRM	100	323	0	0	1	323	1	323	2.4e-195	676.8	CM02_5_S246	bsh	bsh
ENEEJMFF_02109	tr|D4N0V8|D4N0V8_ANAHA	100	323	0	0	1	323	1	323	2.4e-195	676.8	CM02_5_S246	bsh	bsh
ENEEJMFF_02109	tr|A0A6N2RN78|A0A6N2RN78_ANAHA	99.7	323	1	0	1	323	1	323	3.1e-195	676.4	CM02_5_S246	bsh	bsh
ENEEJMFF_02109	tr|L1QBV1|L1QBV1_ANAHA	99.7	323	1	0	1	323	1	323	5.2e-195	675.6	CM02_5_S246	bsh	bsh
ENEEJMFF_02109	tr|A0A1Q2CAU9|A0A1Q2CAU9_ANAHA	99.7	323	1	0	1	323	1	323	6.9e-195	675.2	CM02_5_S246	bsh	bsh
ENEEJMFF_02109	tr|E5VP64|E5VP64_9FIRM	99.7	323	1	0	1	323	1	323	6.9e-195	675.2	CM02_5_S246	bsh	bsh
ENEEJMFF_02109	tr|R5Z9B8|R5Z9B8_9FIRM	99.7	323	1	0	1	323	1	323	6.9e-195	675.2	CM02_5_S246	bsh	bsh
ENEEJMFF_02109	tr|A0A174S307|A0A174S307_ANAHA	99.7	323	1	0	1	323	1	323	8.9e-195	674.9	CM02_5_S246	bsh	bsh
COELJHHD_00733	tr|A0A374AUU7|A0A374AUU7_9FIRM	100	329	0	0	1	329	1	329	8e-199	688.3	CM02_91_S238	bsh	bsh
COELJHHD_00733	tr|A0A6N2SP25|A0A6N2SP25_9FIRM	99.7	329	1	0	1	329	1	329	5.2e-198	685.6	CM02_91_S238	bsh	bsh
COELJHHD_00733	tr|B0MC37|B0MC37_ANACD	99.7	329	1	0	1	329	4	332	5.2e-198	685.6	CM02_91_S238	bsh	bsh
COELJHHD_01997	tr|A0A1H3BS51|A0A1H3BS51_EUBBA	62.9	364	135	0	1	364	1	364	6.8e-138	486.1	CM02_91_S238	bsh	bsh
MFFGPENN_00734	tr|A0A374AUU7|A0A374AUU7_9FIRM	100	329	0	0	1	329	1	329	8e-199	688.3	CM03_34_S239	bsh	bsh
MFFGPENN_00734	tr|A0A6N2SP25|A0A6N2SP25_9FIRM	99.7	329	1	0	1	329	1	329	5.2e-198	685.6	CM03_34_S239	bsh	bsh
MFFGPENN_00734	tr|B0MC37|B0MC37_ANACD	99.7	329	1	0	1	329	4	332	5.2e-198	685.6	CM03_34_S239	bsh	bsh
MFFGPENN_01459	tr|A0A1H3BS51|A0A1H3BS51_EUBBA	62.9	364	135	0	1	364	1	364	6.8e-138	486.1	CM03_34_S239	bsh	bsh
LNNJOANA_01640	tr|A0A1Q2CAU9|A0A1Q2CAU9_ANAHA	100	323	0	0	1	323	1	323	2.4e-195	676.8	CM03_42_S4	bsh	bsh
LNNJOANA_01640	tr|A0A415W1Y4|A0A415W1Y4_9FIRM	99.7	323	1	0	1	323	1	323	8.9e-195	674.9	CM03_42_S4	bsh	bsh
LNNJOANA_01640	tr|A0A415Y4A6|A0A415Y4A6_9FIRM	99.7	323	1	0	1	323	1	323	8.9e-195	674.9	CM03_42_S4	bsh	bsh
LNNJOANA_01640	tr|A0A417JP01|A0A417JP01_9FIRM	99.7	323	1	0	1	323	1	323	8.9e-195	674.9	CM03_42_S4	bsh	bsh
LNNJOANA_01640	tr|A0A417UTY8|A0A417UTY8_9FIRM	99.7	323	1	0	1	323	1	323	8.9e-195	674.9	CM03_42_S4	bsh	bsh
LNNJOANA_01640	tr|D4N0V8|D4N0V8_ANAHA	99.7	323	1	0	1	323	1	323	8.9e-195	674.9	CM03_42_S4	bsh	bsh
LNNJOANA_01640	tr|A0A6N2RN78|A0A6N2RN78_ANAHA	99.4	323	2	0	1	323	1	323	1.2e-194	674.5	CM03_42_S4	bsh	bsh
LNNJOANA_01640	tr|L1QBV1|L1QBV1_ANAHA	99.4	323	2	0	1	323	1	323	2e-194	673.7	CM03_42_S4	bsh	bsh
LNNJOANA_01640	tr|E5VP64|E5VP64_9FIRM	99.4	323	2	0	1	323	1	323	2.6e-194	673.3	CM03_42_S4	bsh	bsh
LNNJOANA_01640	tr|R5Z9B8|R5Z9B8_9FIRM	99.4	323	2	0	1	323	1	323	2.6e-194	673.3	CM03_42_S4	bsh	bsh
LNNJOANA_01640	tr|A0A174S307|A0A174S307_ANAHA	99.4	323	2	0	1	323	1	323	3.4e-194	672.9	CM03_42_S4	bsh	bsh
AGGJHBAO_00080	tr|A0A2N0UR24|A0A2N0UR24_9FIRM	98	349	7	0	1	349	1	349	6e-205	708.8	CM03_47_S15	bsh	bsh
AGGJHBAO_01892	tr|A0A174FV32|A0A174FV32_9FIRM	98.5	336	5	0	1	336	1	336	3.1e-198	686.4	CM03_47_S15	bsh	bsh
AGGJHBAO_01892	tr|A0A174EAC0|A0A174EAC0_9FIRM	98.2	336	6	0	1	336	1	336	2e-197	683.7	CM03_47_S15	bsh	bsh
AGGJHBAO_02654	tr|A0A415W1Y4|A0A415W1Y4_9FIRM	99.4	323	2	0	1	323	1	323	3.4e-194	672.9	CM03_47_S15	bsh	bsh
AGGJHBAO_02654	tr|A0A415Y4A6|A0A415Y4A6_9FIRM	99.4	323	2	0	1	323	1	323	3.4e-194	672.9	CM03_47_S15	bsh	bsh
AGGJHBAO_02654	tr|A0A417JP01|A0A417JP01_9FIRM	99.4	323	2	0	1	323	1	323	3.4e-194	672.9	CM03_47_S15	bsh	bsh
AGGJHBAO_02654	tr|A0A417UTY8|A0A417UTY8_9FIRM	99.4	323	2	0	1	323	1	323	3.4e-194	672.9	CM03_47_S15	bsh	bsh
AGGJHBAO_02654	tr|D4N0V8|D4N0V8_ANAHA	99.4	323	2	0	1	323	1	323	3.4e-194	672.9	CM03_47_S15	bsh	bsh
AGGJHBAO_02654	tr|A0A6N2RN78|A0A6N2RN78_ANAHA	99.1	323	3	0	1	323	1	323	4.4e-194	672.5	CM03_47_S15	bsh	bsh
AGGJHBAO_02654	tr|L1QBV1|L1QBV1_ANAHA	99.1	323	3	0	1	323	1	323	7.6e-194	671.8	CM03_47_S15	bsh	bsh
AGGJHBAO_02654	tr|A0A1Q2CAU9|A0A1Q2CAU9_ANAHA	99.1	323	3	0	1	323	1	323	9.9e-194	671.4	CM03_47_S15	bsh	bsh
AGGJHBAO_02654	tr|E5VP64|E5VP64_9FIRM	99.1	323	3	0	1	323	1	323	9.9e-194	671.4	CM03_47_S15	bsh	bsh
AGGJHBAO_02654	tr|R5Z9B8|R5Z9B8_9FIRM	99.1	323	3	0	1	323	1	323	9.9e-194	671.4	CM03_47_S15	bsh	bsh
AGGJHBAO_02654	tr|A0A174S307|A0A174S307_ANAHA	99.1	323	3	0	1	323	1	323	1.3e-193	671	CM03_47_S15	bsh	bsh
EGPMHLCL_00113	tr|A0A2N0UR24|A0A2N0UR24_9FIRM	98	349	7	0	1	349	1	349	6e-205	708.8	CM03_84_S248	bsh	bsh
EGPMHLCL_02247	tr|A0A174FV32|A0A174FV32_9FIRM	98.5	336	5	0	1	336	1	336	3.1e-198	686.4	CM03_84_S248	bsh	bsh
EGPMHLCL_02247	tr|A0A174EAC0|A0A174EAC0_9FIRM	98.2	336	6	0	1	336	1	336	2e-197	683.7	CM03_84_S248	bsh	bsh
EGPMHLCL_02807	tr|A0A415W1Y4|A0A415W1Y4_9FIRM	99.4	323	2	0	1	323	1	323	3.4e-194	672.9	CM03_84_S248	bsh	bsh
EGPMHLCL_02807	tr|A0A415Y4A6|A0A415Y4A6_9FIRM	99.4	323	2	0	1	323	1	323	3.4e-194	672.9	CM03_84_S248	bsh	bsh
EGPMHLCL_02807	tr|A0A417JP01|A0A417JP01_9FIRM	99.4	323	2	0	1	323	1	323	3.4e-194	672.9	CM03_84_S248	bsh	bsh
EGPMHLCL_02807	tr|A0A417UTY8|A0A417UTY8_9FIRM	99.4	323	2	0	1	323	1	323	3.4e-194	672.9	CM03_84_S248	bsh	bsh
EGPMHLCL_02807	tr|D4N0V8|D4N0V8_ANAHA	99.4	323	2	0	1	323	1	323	3.4e-194	672.9	CM03_84_S248	bsh	bsh
EGPMHLCL_02807	tr|A0A6N2RN78|A0A6N2RN78_ANAHA	99.1	323	3	0	1	323	1	323	4.4e-194	672.5	CM03_84_S248	bsh	bsh
EGPMHLCL_02807	tr|L1QBV1|L1QBV1_ANAHA	99.1	323	3	0	1	323	1	323	7.6e-194	671.8	CM03_84_S248	bsh	bsh
EGPMHLCL_02807	tr|A0A1Q2CAU9|A0A1Q2CAU9_ANAHA	99.1	323	3	0	1	323	1	323	9.9e-194	671.4	CM03_84_S248	bsh	bsh
EGPMHLCL_02807	tr|E5VP64|E5VP64_9FIRM	99.1	323	3	0	1	323	1	323	9.9e-194	671.4	CM03_84_S248	bsh	bsh
EGPMHLCL_02807	tr|R5Z9B8|R5Z9B8_9FIRM	99.1	323	3	0	1	323	1	323	9.9e-194	671.4	CM03_84_S248	bsh	bsh
EGPMHLCL_02807	tr|A0A174S307|A0A174S307_ANAHA	99.1	323	3	0	1	323	1	323	1.3e-193	671	CM03_84_S248	bsh	bsh
CFOPOANE_02673	tr|A0A1Q2CAU9|A0A1Q2CAU9_ANAHA	100	323	0	0	1	323	1	323	2.4e-195	676.8	CM06_11_S6	bsh	bsh
CFOPOANE_02673	tr|A0A415W1Y4|A0A415W1Y4_9FIRM	99.7	323	1	0	1	323	1	323	8.9e-195	674.9	CM06_11_S6	bsh	bsh
CFOPOANE_02673	tr|A0A415Y4A6|A0A415Y4A6_9FIRM	99.7	323	1	0	1	323	1	323	8.9e-195	674.9	CM06_11_S6	bsh	bsh
CFOPOANE_02673	tr|A0A417JP01|A0A417JP01_9FIRM	99.7	323	1	0	1	323	1	323	8.9e-195	674.9	CM06_11_S6	bsh	bsh
CFOPOANE_02673	tr|A0A417UTY8|A0A417UTY8_9FIRM	99.7	323	1	0	1	323	1	323	8.9e-195	674.9	CM06_11_S6	bsh	bsh
CFOPOANE_02673	tr|D4N0V8|D4N0V8_ANAHA	99.7	323	1	0	1	323	1	323	8.9e-195	674.9	CM06_11_S6	bsh	bsh
CFOPOANE_02673	tr|A0A6N2RN78|A0A6N2RN78_ANAHA	99.4	323	2	0	1	323	1	323	1.2e-194	674.5	CM06_11_S6	bsh	bsh
CFOPOANE_02673	tr|L1QBV1|L1QBV1_ANAHA	99.4	323	2	0	1	323	1	323	2e-194	673.7	CM06_11_S6	bsh	bsh
CFOPOANE_02673	tr|E5VP64|E5VP64_9FIRM	99.4	323	2	0	1	323	1	323	2.6e-194	673.3	CM06_11_S6	bsh	bsh
CFOPOANE_02673	tr|R5Z9B8|R5Z9B8_9FIRM	99.4	323	2	0	1	323	1	323	2.6e-194	673.3	CM06_11_S6	bsh	bsh
CFOPOANE_02673	tr|A0A174S307|A0A174S307_ANAHA	99.4	323	2	0	1	323	1	323	3.4e-194	672.9	CM06_11_S6	bsh	bsh
NKGBJBBD_00280	tr|A0A374AUU7|A0A374AUU7_9FIRM	100	329	0	0	1	329	1	329	8e-199	688.3	CM06_28_S240	bsh	bsh
NKGBJBBD_00280	tr|A0A6N2SP25|A0A6N2SP25_9FIRM	99.7	329	1	0	1	329	1	329	5.2e-198	685.6	CM06_28_S240	bsh	bsh
NKGBJBBD_00280	tr|B0MC37|B0MC37_ANACD	99.7	329	1	0	1	329	4	332	5.2e-198	685.6	CM06_28_S240	bsh	bsh
NKGBJBBD_01017	tr|A0A1H3BS51|A0A1H3BS51_EUBBA	63.2	364	134	0	1	364	1	364	6.1e-139	489.6	CM06_28_S240	bsh	bsh
PNMPHDDN_02411	tr|A0A1Q2CAU9|A0A1Q2CAU9_ANAHA	100	323	0	0	1	323	1	323	2.4e-195	676.8	CM06_29_S244	bsh	bsh
PNMPHDDN_02411	tr|A0A415W1Y4|A0A415W1Y4_9FIRM	99.7	323	1	0	1	323	1	323	8.9e-195	674.9	CM06_29_S244	bsh	bsh
PNMPHDDN_02411	tr|A0A415Y4A6|A0A415Y4A6_9FIRM	99.7	323	1	0	1	323	1	323	8.9e-195	674.9	CM06_29_S244	bsh	bsh
PNMPHDDN_02411	tr|A0A417JP01|A0A417JP01_9FIRM	99.7	323	1	0	1	323	1	323	8.9e-195	674.9	CM06_29_S244	bsh	bsh
PNMPHDDN_02411	tr|A0A417UTY8|A0A417UTY8_9FIRM	99.7	323	1	0	1	323	1	323	8.9e-195	674.9	CM06_29_S244	bsh	bsh
PNMPHDDN_02411	tr|D4N0V8|D4N0V8_ANAHA	99.7	323	1	0	1	323	1	323	8.9e-195	674.9	CM06_29_S244	bsh	bsh
PNMPHDDN_02411	tr|A0A6N2RN78|A0A6N2RN78_ANAHA	99.4	323	2	0	1	323	1	323	1.2e-194	674.5	CM06_29_S244	bsh	bsh
PNMPHDDN_02411	tr|L1QBV1|L1QBV1_ANAHA	99.4	323	2	0	1	323	1	323	2e-194	673.7	CM06_29_S244	bsh	bsh
PNMPHDDN_02411	tr|E5VP64|E5VP64_9FIRM	99.4	323	2	0	1	323	1	323	2.6e-194	673.3	CM06_29_S244	bsh	bsh
PNMPHDDN_02411	tr|R5Z9B8|R5Z9B8_9FIRM	99.4	323	2	0	1	323	1	323	2.6e-194	673.3	CM06_29_S244	bsh	bsh
PNMPHDDN_02411	tr|A0A174S307|A0A174S307_ANAHA	99.4	323	2	0	1	323	1	323	3.4e-194	672.9	CM06_29_S244	bsh	bsh
MANNIIDF_00353	tr|A0A374AUU7|A0A374AUU7_9FIRM	100	329	0	0	1	329	1	329	8e-199	688.3	CM06_64_S241	bsh	bsh
MANNIIDF_00353	tr|A0A6N2SP25|A0A6N2SP25_9FIRM	99.7	329	1	0	1	329	1	329	5.2e-198	685.6	CM06_64_S241	bsh	bsh
MANNIIDF_00353	tr|B0MC37|B0MC37_ANACD	99.7	329	1	0	1	329	4	332	5.2e-198	685.6	CM06_64_S241	bsh	bsh
MANNIIDF_01017	tr|A0A1H3BS51|A0A1H3BS51_EUBBA	63.2	364	134	0	1	364	1	364	6.1e-139	489.6	CM06_64_S241	bsh	bsh
ALJHPLOP_00020	tr|A0A415W1Y4|A0A415W1Y4_9FIRM	100	323	0	0	1	323	1	323	2.4e-195	676.8	CM07_26_S11	bsh	bsh
ALJHPLOP_00020	tr|A0A415Y4A6|A0A415Y4A6_9FIRM	100	323	0	0	1	323	1	323	2.4e-195	676.8	CM07_26_S11	bsh	bsh
ALJHPLOP_00020	tr|A0A417JP01|A0A417JP01_9FIRM	100	323	0	0	1	323	1	323	2.4e-195	676.8	CM07_26_S11	bsh	bsh
ALJHPLOP_00020	tr|A0A417UTY8|A0A417UTY8_9FIRM	100	323	0	0	1	323	1	323	2.4e-195	676.8	CM07_26_S11	bsh	bsh
ALJHPLOP_00020	tr|D4N0V8|D4N0V8_ANAHA	100	323	0	0	1	323	1	323	2.4e-195	676.8	CM07_26_S11	bsh	bsh
ALJHPLOP_00020	tr|A0A6N2RN78|A0A6N2RN78_ANAHA	99.7	323	1	0	1	323	1	323	3.1e-195	676.4	CM07_26_S11	bsh	bsh
ALJHPLOP_00020	tr|L1QBV1|L1QBV1_ANAHA	99.7	323	1	0	1	323	1	323	5.2e-195	675.6	CM07_26_S11	bsh	bsh
ALJHPLOP_00020	tr|A0A1Q2CAU9|A0A1Q2CAU9_ANAHA	99.7	323	1	0	1	323	1	323	6.9e-195	675.2	CM07_26_S11	bsh	bsh
ALJHPLOP_00020	tr|E5VP64|E5VP64_9FIRM	99.7	323	1	0	1	323	1	323	6.9e-195	675.2	CM07_26_S11	bsh	bsh
ALJHPLOP_00020	tr|R5Z9B8|R5Z9B8_9FIRM	99.7	323	1	0	1	323	1	323	6.9e-195	675.2	CM07_26_S11	bsh	bsh
ALJHPLOP_00020	tr|A0A174S307|A0A174S307_ANAHA	99.7	323	1	0	1	323	1	323	8.9e-195	674.9	CM07_26_S11	bsh	bsh
ALJHPLOP_02224	tr|A0A173UXL2|A0A173UXL2_ANAHA	100	325	0	0	1	325	1	325	4.5e-194	672.5	CM07_26_S11	bsh	bsh
ALJHPLOP_02224	tr|A0A173V7R5|A0A173V7R5_9FIRM	100	325	0	0	1	325	1	325	4.5e-194	672.5	CM07_26_S11	bsh	bsh
ALJHPLOP_02224	tr|A0A174D8V8|A0A174D8V8_9FIRM	100	325	0	0	1	325	1	325	4.5e-194	672.5	CM07_26_S11	bsh	bsh
ALJHPLOP_02224	tr|A0A174HSI5|A0A174HSI5_9FIRM	100	325	0	0	1	325	1	325	4.5e-194	672.5	CM07_26_S11	bsh	bsh
ALJHPLOP_02224	tr|A0A1C5TTN1|A0A1C5TTN1_9FIRM	100	325	0	0	1	325	1	325	4.5e-194	672.5	CM07_26_S11	bsh	bsh
ALJHPLOP_02224	tr|A0A1C5U7I7|A0A1C5U7I7_9CLOT	100	325	0	0	1	325	1	325	4.5e-194	672.5	CM07_26_S11	bsh	bsh
ALJHPLOP_02224	tr|A0A1C6BVX3|A0A1C6BVX3_9FIRM	100	325	0	0	1	325	1	325	4.5e-194	672.5	CM07_26_S11	bsh	bsh
ALJHPLOP_02224	tr|A0A1C6FXQ7|A0A1C6FXQ7_9FIRM	100	325	0	0	1	325	1	325	4.5e-194	672.5	CM07_26_S11	bsh	bsh
ALJHPLOP_02224	tr|A0A285PRT2|A0A285PRT2_9FIRM	100	325	0	0	1	325	1	325	4.5e-194	672.5	CM07_26_S11	bsh	bsh
ALJHPLOP_02224	tr|A0A373V9R9|A0A373V9R9_9FIRM	100	325	0	0	1	325	1	325	4.5e-194	672.5	CM07_26_S11	bsh	bsh
ALJHPLOP_02224	tr|A0A374AYZ4|A0A374AYZ4_9FIRM	100	325	0	0	1	325	1	325	4.5e-194	672.5	CM07_26_S11	bsh	bsh
ALJHPLOP_02224	tr|A0A3R6DJG5|A0A3R6DJG5_9FIRM	100	325	0	0	1	325	1	325	4.5e-194	672.5	CM07_26_S11	bsh	bsh
ALJHPLOP_02224	tr|A0A412MA68|A0A412MA68_9FIRM	100	325	0	0	1	325	1	325	4.5e-194	672.5	CM07_26_S11	bsh	bsh
ALJHPLOP_02224	tr|A0A415FJV4|A0A415FJV4_9FIRM	100	325	0	0	1	325	1	325	4.5e-194	672.5	CM07_26_S11	bsh	bsh
ALJHPLOP_02224	tr|A0A415VWX2|A0A415VWX2_9FIRM	100	325	0	0	1	325	1	325	4.5e-194	672.5	CM07_26_S11	bsh	bsh
ALJHPLOP_02224	tr|A0A415Y8U9|A0A415Y8U9_9FIRM	100	325	0	0	1	325	1	325	4.5e-194	672.5	CM07_26_S11	bsh	bsh
ALJHPLOP_02224	tr|A0A417C6D6|A0A417C6D6_9FIRM	100	325	0	0	1	325	1	325	4.5e-194	672.5	CM07_26_S11	bsh	bsh
ALJHPLOP_02224	tr|A0A417URI0|A0A417URI0_9FIRM	100	325	0	0	1	325	1	325	4.5e-194	672.5	CM07_26_S11	bsh	bsh
ALJHPLOP_02224	tr|A0A845KWQ3|A0A845KWQ3_9FIRM	100	325	0	0	1	325	1	325	4.5e-194	672.5	CM07_26_S11	bsh	bsh
ALJHPLOP_02224	tr|A5ZWR0|A5ZWR0_9FIRM	100	325	0	0	1	325	1	325	4.5e-194	672.5	CM07_26_S11	bsh	bsh
ALJHPLOP_02224	tr|A6BGZ5|A6BGZ5_9FIRM	100	325	0	0	1	325	1	325	4.5e-194	672.5	CM07_26_S11	bsh	bsh
ALJHPLOP_02224	tr|C0EW54|C0EW54_9FIRM	100	325	0	0	1	325	1	325	4.5e-194	672.5	CM07_26_S11	bsh	bsh
ALJHPLOP_02224	tr|A0A844GIR0|A0A844GIR0_9FIRM	99.7	325	1	0	1	325	1	325	5.8e-194	672.2	CM07_26_S11	bsh	bsh
ALJHPLOP_02224	tr|A0A1C6IFT3|A0A1C6IFT3_9FIRM	99.7	325	1	0	1	325	1	325	7.6e-194	671.8	CM07_26_S11	bsh	bsh
ALJHPLOP_02224	tr|A0A6N9LK70|A0A6N9LK70_9FIRM	99.7	325	1	0	1	325	1	325	7.6e-194	671.8	CM07_26_S11	bsh	bsh
ALJHPLOP_02224	tr|A0A1C5RZ46|A0A1C5RZ46_9CLOT	99.7	325	1	0	1	325	1	325	1.3e-193	671	CM07_26_S11	bsh	bsh
ALJHPLOP_02224	tr|A0A1C5TMU3|A0A1C5TMU3_9FIRM	99.7	325	1	0	1	325	1	325	1.3e-193	671	CM07_26_S11	bsh	bsh
ALJHPLOP_02224	tr|A0A1C5VAP5|A0A1C5VAP5_9FIRM	99.7	325	1	0	1	325	1	325	1.3e-193	671	CM07_26_S11	bsh	bsh
ALJHPLOP_02224	tr|A0A373IZI9|A0A373IZI9_9FIRM	99.7	325	1	0	1	325	1	325	1.3e-193	671	CM07_26_S11	bsh	bsh
ALJHPLOP_02224	tr|A0A415HK39|A0A415HK39_9FIRM	99.7	325	1	0	1	325	1	325	1.3e-193	671	CM07_26_S11	bsh	bsh
ALJHPLOP_02224	tr|A0A417R5E7|A0A417R5E7_9FIRM	99.7	325	1	0	1	325	1	325	1.3e-193	671	CM07_26_S11	bsh	bsh
ALJHPLOP_02224	tr|A0A6N3AUL3|A0A6N3AUL3_9FIRM	99.7	325	1	0	1	325	1	325	1.3e-193	671	CM07_26_S11	bsh	bsh
ALJHPLOP_02224	tr|A0A173U973|A0A173U973_9FIRM	99.7	325	1	0	1	325	1	325	1.7e-193	670.6	CM07_26_S11	bsh	bsh
ALJHPLOP_02224	tr|A0A1C5REX8|A0A1C5REX8_9FIRM	99.7	325	1	0	1	325	1	325	1.7e-193	670.6	CM07_26_S11	bsh	bsh
ALJHPLOP_02224	tr|A0A1C5UZX7|A0A1C5UZX7_9CLOT	99.7	325	1	0	1	325	1	325	1.7e-193	670.6	CM07_26_S11	bsh	bsh
ALJHPLOP_02224	tr|A0A1C6AVX0|A0A1C6AVX0_9FIRM	99.7	325	1	0	1	325	1	325	1.7e-193	670.6	CM07_26_S11	bsh	bsh
ALJHPLOP_02224	tr|A0A417CDY8|A0A417CDY8_9FIRM	99.7	325	1	0	1	325	1	325	1.7e-193	670.6	CM07_26_S11	bsh	bsh
ALJHPLOP_02224	tr|A0A564WVE5|A0A564WVE5_9FIRM	99.7	325	1	0	1	325	1	325	1.7e-193	670.6	CM07_26_S11	bsh	bsh
ALJHPLOP_02224	tr|A0A416NLT9|A0A416NLT9_9FIRM	99.7	325	1	0	1	325	1	325	2.2e-193	670.2	CM07_26_S11	bsh	bsh
ALJHPLOP_02224	tr|A0A7G9FVJ0|A0A7G9FVJ0_9FIRM	99.7	325	1	0	1	325	1	325	2.2e-193	670.2	CM07_26_S11	bsh	bsh
ALJHPLOP_02224	tr|L1Q414|L1Q414_ANAHA	99.7	325	1	0	1	325	1	325	2.2e-193	670.2	CM07_26_S11	bsh	bsh
ALJHPLOP_02224	tr|A0A174EB34|A0A174EB34_9FIRM	99.7	325	1	0	1	325	1	325	3.8e-193	669.5	CM07_26_S11	bsh	bsh
ALJHPLOP_02224	tr|A0A174GR10|A0A174GR10_9FIRM	99.7	325	1	0	1	325	1	325	3.8e-193	669.5	CM07_26_S11	bsh	bsh
ALJHPLOP_02224	tr|A0A174V5X0|A0A174V5X0_9FIRM	99.7	325	1	0	1	325	1	325	3.8e-193	669.5	CM07_26_S11	bsh	bsh
ALJHPLOP_02224	tr|A0A3E5E3Y9|A0A3E5E3Y9_9FIRM	99.4	325	2	0	1	325	1	325	3.8e-193	669.5	CM07_26_S11	bsh	bsh
ALJHPLOP_02224	tr|A0A1C5ULN3|A0A1C5ULN3_9FIRM	99.4	325	2	0	1	325	1	325	6.5e-193	668.7	CM07_26_S11	bsh	bsh
ALJHPLOP_02224	tr|A0A1G5FIB9|A0A1G5FIB9_9FIRM	99.4	325	2	0	1	325	1	325	6.5e-193	668.7	CM07_26_S11	bsh	bsh
ALJHPLOP_02224	tr|A0A317UFD6|A0A317UFD6_9FIRM	99.4	325	2	0	1	325	1	325	6.5e-193	668.7	CM07_26_S11	bsh	bsh
ALJHPLOP_02224	tr|A0A367FUZ2|A0A367FUZ2_9FIRM	99.4	325	2	0	1	325	1	325	6.5e-193	668.7	CM07_26_S11	bsh	bsh
ALJHPLOP_02224	tr|A0A3R6FU96|A0A3R6FU96_9FIRM	99.7	325	1	0	1	325	1	325	6.5e-193	668.7	CM07_26_S11	bsh	bsh
ALJHPLOP_02224	tr|A0A3R6X451|A0A3R6X451_9CLOT	99.4	325	2	0	1	325	1	325	6.5e-193	668.7	CM07_26_S11	bsh	bsh
ALJHPLOP_02224	tr|A0A6L8TEI6|A0A6L8TEI6_9FIRM	99.4	325	2	0	1	325	1	325	6.5e-193	668.7	CM07_26_S11	bsh	bsh
ALJHPLOP_02224	tr|A0A942WJN2|A0A942WJN2_9FIRM	99.4	325	2	0	1	325	1	325	6.5e-193	668.7	CM07_26_S11	bsh	bsh
ALJHPLOP_02224	tr|A0A1C5M099|A0A1C5M099_9CLOT	99.4	325	2	0	1	325	1	325	8.4e-193	668.3	CM07_26_S11	bsh	bsh
ALJHPLOP_02224	tr|A0A3R6N0X3|A0A3R6N0X3_9CLOT	99.4	325	2	0	1	325	1	325	8.4e-193	668.3	CM07_26_S11	bsh	bsh
ALJHPLOP_02224	tr|K1RSL9|K1RSL9_9ZZZZ	100	322	0	0	1	322	1	322	3.2e-192	666.4	CM07_26_S11	bsh	bsh
KJDMGADN_01328	tr|A0A415W1Y4|A0A415W1Y4_9FIRM	100	323	0	0	1	323	1	323	2.4e-195	676.8	CM07_31_S12	bsh	bsh
KJDMGADN_01328	tr|A0A415Y4A6|A0A415Y4A6_9FIRM	100	323	0	0	1	323	1	323	2.4e-195	676.8	CM07_31_S12	bsh	bsh
KJDMGADN_01328	tr|A0A417JP01|A0A417JP01_9FIRM	100	323	0	0	1	323	1	323	2.4e-195	676.8	CM07_31_S12	bsh	bsh
KJDMGADN_01328	tr|A0A417UTY8|A0A417UTY8_9FIRM	100	323	0	0	1	323	1	323	2.4e-195	676.8	CM07_31_S12	bsh	bsh
KJDMGADN_01328	tr|D4N0V8|D4N0V8_ANAHA	100	323	0	0	1	323	1	323	2.4e-195	676.8	CM07_31_S12	bsh	bsh
KJDMGADN_01328	tr|A0A6N2RN78|A0A6N2RN78_ANAHA	99.7	323	1	0	1	323	1	323	3.1e-195	676.4	CM07_31_S12	bsh	bsh
KJDMGADN_01328	tr|L1QBV1|L1QBV1_ANAHA	99.7	323	1	0	1	323	1	323	5.2e-195	675.6	CM07_31_S12	bsh	bsh
KJDMGADN_01328	tr|A0A1Q2CAU9|A0A1Q2CAU9_ANAHA	99.7	323	1	0	1	323	1	323	6.9e-195	675.2	CM07_31_S12	bsh	bsh
KJDMGADN_01328	tr|E5VP64|E5VP64_9FIRM	99.7	323	1	0	1	323	1	323	6.9e-195	675.2	CM07_31_S12	bsh	bsh
KJDMGADN_01328	tr|R5Z9B8|R5Z9B8_9FIRM	99.7	323	1	0	1	323	1	323	6.9e-195	675.2	CM07_31_S12	bsh	bsh
KJDMGADN_01328	tr|A0A174S307|A0A174S307_ANAHA	99.7	323	1	0	1	323	1	323	8.9e-195	674.9	CM07_31_S12	bsh	bsh
KJDMGADN_02033	tr|A0A173UXL2|A0A173UXL2_ANAHA	100	325	0	0	1	325	1	325	4.5e-194	672.5	CM07_31_S12	bsh	bsh
KJDMGADN_02033	tr|A0A173V7R5|A0A173V7R5_9FIRM	100	325	0	0	1	325	1	325	4.5e-194	672.5	CM07_31_S12	bsh	bsh
KJDMGADN_02033	tr|A0A174D8V8|A0A174D8V8_9FIRM	100	325	0	0	1	325	1	325	4.5e-194	672.5	CM07_31_S12	bsh	bsh
KJDMGADN_02033	tr|A0A174HSI5|A0A174HSI5_9FIRM	100	325	0	0	1	325	1	325	4.5e-194	672.5	CM07_31_S12	bsh	bsh
KJDMGADN_02033	tr|A0A1C5TTN1|A0A1C5TTN1_9FIRM	100	325	0	0	1	325	1	325	4.5e-194	672.5	CM07_31_S12	bsh	bsh
KJDMGADN_02033	tr|A0A1C5U7I7|A0A1C5U7I7_9CLOT	100	325	0	0	1	325	1	325	4.5e-194	672.5	CM07_31_S12	bsh	bsh
KJDMGADN_02033	tr|A0A1C6BVX3|A0A1C6BVX3_9FIRM	100	325	0	0	1	325	1	325	4.5e-194	672.5	CM07_31_S12	bsh	bsh
KJDMGADN_02033	tr|A0A1C6FXQ7|A0A1C6FXQ7_9FIRM	100	325	0	0	1	325	1	325	4.5e-194	672.5	CM07_31_S12	bsh	bsh
KJDMGADN_02033	tr|A0A285PRT2|A0A285PRT2_9FIRM	100	325	0	0	1	325	1	325	4.5e-194	672.5	CM07_31_S12	bsh	bsh
KJDMGADN_02033	tr|A0A373V9R9|A0A373V9R9_9FIRM	100	325	0	0	1	325	1	325	4.5e-194	672.5	CM07_31_S12	bsh	bsh
KJDMGADN_02033	tr|A0A374AYZ4|A0A374AYZ4_9FIRM	100	325	0	0	1	325	1	325	4.5e-194	672.5	CM07_31_S12	bsh	bsh
KJDMGADN_02033	tr|A0A3R6DJG5|A0A3R6DJG5_9FIRM	100	325	0	0	1	325	1	325	4.5e-194	672.5	CM07_31_S12	bsh	bsh
KJDMGADN_02033	tr|A0A412MA68|A0A412MA68_9FIRM	100	325	0	0	1	325	1	325	4.5e-194	672.5	CM07_31_S12	bsh	bsh
KJDMGADN_02033	tr|A0A415FJV4|A0A415FJV4_9FIRM	100	325	0	0	1	325	1	325	4.5e-194	672.5	CM07_31_S12	bsh	bsh
KJDMGADN_02033	tr|A0A415VWX2|A0A415VWX2_9FIRM	100	325	0	0	1	325	1	325	4.5e-194	672.5	CM07_31_S12	bsh	bsh
KJDMGADN_02033	tr|A0A415Y8U9|A0A415Y8U9_9FIRM	100	325	0	0	1	325	1	325	4.5e-194	672.5	CM07_31_S12	bsh	bsh
KJDMGADN_02033	tr|A0A417C6D6|A0A417C6D6_9FIRM	100	325	0	0	1	325	1	325	4.5e-194	672.5	CM07_31_S12	bsh	bsh
KJDMGADN_02033	tr|A0A417URI0|A0A417URI0_9FIRM	100	325	0	0	1	325	1	325	4.5e-194	672.5	CM07_31_S12	bsh	bsh
KJDMGADN_02033	tr|A0A845KWQ3|A0A845KWQ3_9FIRM	100	325	0	0	1	325	1	325	4.5e-194	672.5	CM07_31_S12	bsh	bsh
KJDMGADN_02033	tr|A5ZWR0|A5ZWR0_9FIRM	100	325	0	0	1	325	1	325	4.5e-194	672.5	CM07_31_S12	bsh	bsh
KJDMGADN_02033	tr|A6BGZ5|A6BGZ5_9FIRM	100	325	0	0	1	325	1	325	4.5e-194	672.5	CM07_31_S12	bsh	bsh
KJDMGADN_02033	tr|C0EW54|C0EW54_9FIRM	100	325	0	0	1	325	1	325	4.5e-194	672.5	CM07_31_S12	bsh	bsh
KJDMGADN_02033	tr|A0A844GIR0|A0A844GIR0_9FIRM	99.7	325	1	0	1	325	1	325	5.8e-194	672.2	CM07_31_S12	bsh	bsh
KJDMGADN_02033	tr|A0A1C6IFT3|A0A1C6IFT3_9FIRM	99.7	325	1	0	1	325	1	325	7.6e-194	671.8	CM07_31_S12	bsh	bsh
KJDMGADN_02033	tr|A0A6N9LK70|A0A6N9LK70_9FIRM	99.7	325	1	0	1	325	1	325	7.6e-194	671.8	CM07_31_S12	bsh	bsh
KJDMGADN_02033	tr|A0A1C5RZ46|A0A1C5RZ46_9CLOT	99.7	325	1	0	1	325	1	325	1.3e-193	671	CM07_31_S12	bsh	bsh
KJDMGADN_02033	tr|A0A1C5TMU3|A0A1C5TMU3_9FIRM	99.7	325	1	0	1	325	1	325	1.3e-193	671	CM07_31_S12	bsh	bsh
KJDMGADN_02033	tr|A0A1C5VAP5|A0A1C5VAP5_9FIRM	99.7	325	1	0	1	325	1	325	1.3e-193	671	CM07_31_S12	bsh	bsh
KJDMGADN_02033	tr|A0A373IZI9|A0A373IZI9_9FIRM	99.7	325	1	0	1	325	1	325	1.3e-193	671	CM07_31_S12	bsh	bsh
KJDMGADN_02033	tr|A0A415HK39|A0A415HK39_9FIRM	99.7	325	1	0	1	325	1	325	1.3e-193	671	CM07_31_S12	bsh	bsh
KJDMGADN_02033	tr|A0A417R5E7|A0A417R5E7_9FIRM	99.7	325	1	0	1	325	1	325	1.3e-193	671	CM07_31_S12	bsh	bsh
KJDMGADN_02033	tr|A0A6N3AUL3|A0A6N3AUL3_9FIRM	99.7	325	1	0	1	325	1	325	1.3e-193	671	CM07_31_S12	bsh	bsh
KJDMGADN_02033	tr|A0A173U973|A0A173U973_9FIRM	99.7	325	1	0	1	325	1	325	1.7e-193	670.6	CM07_31_S12	bsh	bsh
KJDMGADN_02033	tr|A0A1C5REX8|A0A1C5REX8_9FIRM	99.7	325	1	0	1	325	1	325	1.7e-193	670.6	CM07_31_S12	bsh	bsh
KJDMGADN_02033	tr|A0A1C5UZX7|A0A1C5UZX7_9CLOT	99.7	325	1	0	1	325	1	325	1.7e-193	670.6	CM07_31_S12	bsh	bsh
KJDMGADN_02033	tr|A0A1C6AVX0|A0A1C6AVX0_9FIRM	99.7	325	1	0	1	325	1	325	1.7e-193	670.6	CM07_31_S12	bsh	bsh
KJDMGADN_02033	tr|A0A417CDY8|A0A417CDY8_9FIRM	99.7	325	1	0	1	325	1	325	1.7e-193	670.6	CM07_31_S12	bsh	bsh
KJDMGADN_02033	tr|A0A564WVE5|A0A564WVE5_9FIRM	99.7	325	1	0	1	325	1	325	1.7e-193	670.6	CM07_31_S12	bsh	bsh
KJDMGADN_02033	tr|A0A416NLT9|A0A416NLT9_9FIRM	99.7	325	1	0	1	325	1	325	2.2e-193	670.2	CM07_31_S12	bsh	bsh
KJDMGADN_02033	tr|A0A7G9FVJ0|A0A7G9FVJ0_9FIRM	99.7	325	1	0	1	325	1	325	2.2e-193	670.2	CM07_31_S12	bsh	bsh
KJDMGADN_02033	tr|L1Q414|L1Q414_ANAHA	99.7	325	1	0	1	325	1	325	2.2e-193	670.2	CM07_31_S12	bsh	bsh
KJDMGADN_02033	tr|A0A174EB34|A0A174EB34_9FIRM	99.7	325	1	0	1	325	1	325	3.8e-193	669.5	CM07_31_S12	bsh	bsh
KJDMGADN_02033	tr|A0A174GR10|A0A174GR10_9FIRM	99.7	325	1	0	1	325	1	325	3.8e-193	669.5	CM07_31_S12	bsh	bsh
KJDMGADN_02033	tr|A0A174V5X0|A0A174V5X0_9FIRM	99.7	325	1	0	1	325	1	325	3.8e-193	669.5	CM07_31_S12	bsh	bsh
KJDMGADN_02033	tr|A0A3E5E3Y9|A0A3E5E3Y9_9FIRM	99.4	325	2	0	1	325	1	325	3.8e-193	669.5	CM07_31_S12	bsh	bsh
KJDMGADN_02033	tr|A0A1C5ULN3|A0A1C5ULN3_9FIRM	99.4	325	2	0	1	325	1	325	6.5e-193	668.7	CM07_31_S12	bsh	bsh
KJDMGADN_02033	tr|A0A1G5FIB9|A0A1G5FIB9_9FIRM	99.4	325	2	0	1	325	1	325	6.5e-193	668.7	CM07_31_S12	bsh	bsh
KJDMGADN_02033	tr|A0A317UFD6|A0A317UFD6_9FIRM	99.4	325	2	0	1	325	1	325	6.5e-193	668.7	CM07_31_S12	bsh	bsh
KJDMGADN_02033	tr|A0A367FUZ2|A0A367FUZ2_9FIRM	99.4	325	2	0	1	325	1	325	6.5e-193	668.7	CM07_31_S12	bsh	bsh
KJDMGADN_02033	tr|A0A3R6FU96|A0A3R6FU96_9FIRM	99.7	325	1	0	1	325	1	325	6.5e-193	668.7	CM07_31_S12	bsh	bsh
KJDMGADN_02033	tr|A0A3R6X451|A0A3R6X451_9CLOT	99.4	325	2	0	1	325	1	325	6.5e-193	668.7	CM07_31_S12	bsh	bsh
KJDMGADN_02033	tr|A0A6L8TEI6|A0A6L8TEI6_9FIRM	99.4	325	2	0	1	325	1	325	6.5e-193	668.7	CM07_31_S12	bsh	bsh
KJDMGADN_02033	tr|A0A942WJN2|A0A942WJN2_9FIRM	99.4	325	2	0	1	325	1	325	6.5e-193	668.7	CM07_31_S12	bsh	bsh
KJDMGADN_02033	tr|A0A1C5M099|A0A1C5M099_9CLOT	99.4	325	2	0	1	325	1	325	8.4e-193	668.3	CM07_31_S12	bsh	bsh
KJDMGADN_02033	tr|A0A3R6N0X3|A0A3R6N0X3_9CLOT	99.4	325	2	0	1	325	1	325	8.4e-193	668.3	CM07_31_S12	bsh	bsh
KJDMGADN_02033	tr|K1RSL9|K1RSL9_9ZZZZ	100	322	0	0	1	322	1	322	3.2e-192	666.4	CM07_31_S12	bsh	bsh
BDKDGGGP_01383	tr|A0A415W1Y4|A0A415W1Y4_9FIRM	100	323	0	0	1	323	1	323	2.4e-195	676.8	CM1_23_S50	bsh	bsh
BDKDGGGP_01383	tr|A0A415Y4A6|A0A415Y4A6_9FIRM	100	323	0	0	1	323	1	323	2.4e-195	676.8	CM1_23_S50	bsh	bsh
BDKDGGGP_01383	tr|A0A417JP01|A0A417JP01_9FIRM	100	323	0	0	1	323	1	323	2.4e-195	676.8	CM1_23_S50	bsh	bsh
BDKDGGGP_01383	tr|A0A417UTY8|A0A417UTY8_9FIRM	100	323	0	0	1	323	1	323	2.4e-195	676.8	CM1_23_S50	bsh	bsh
BDKDGGGP_01383	tr|D4N0V8|D4N0V8_ANAHA	100	323	0	0	1	323	1	323	2.4e-195	676.8	CM1_23_S50	bsh	bsh
BDKDGGGP_01383	tr|A0A6N2RN78|A0A6N2RN78_ANAHA	99.7	323	1	0	1	323	1	323	3.1e-195	676.4	CM1_23_S50	bsh	bsh
BDKDGGGP_01383	tr|L1QBV1|L1QBV1_ANAHA	99.7	323	1	0	1	323	1	323	5.2e-195	675.6	CM1_23_S50	bsh	bsh
BDKDGGGP_01383	tr|A0A1Q2CAU9|A0A1Q2CAU9_ANAHA	99.7	323	1	0	1	323	1	323	6.9e-195	675.2	CM1_23_S50	bsh	bsh
BDKDGGGP_01383	tr|E5VP64|E5VP64_9FIRM	99.7	323	1	0	1	323	1	323	6.9e-195	675.2	CM1_23_S50	bsh	bsh
BDKDGGGP_01383	tr|R5Z9B8|R5Z9B8_9FIRM	99.7	323	1	0	1	323	1	323	6.9e-195	675.2	CM1_23_S50	bsh	bsh
BDKDGGGP_01383	tr|A0A174S307|A0A174S307_ANAHA	99.7	323	1	0	1	323	1	323	8.9e-195	674.9	CM1_23_S50	bsh	bsh
BDKDGGGP_02496	tr|A0A173UXL2|A0A173UXL2_ANAHA	100	325	0	0	1	325	1	325	4.5e-194	672.5	CM1_23_S50	bsh	bsh
BDKDGGGP_02496	tr|A0A173V7R5|A0A173V7R5_9FIRM	100	325	0	0	1	325	1	325	4.5e-194	672.5	CM1_23_S50	bsh	bsh
BDKDGGGP_02496	tr|A0A174D8V8|A0A174D8V8_9FIRM	100	325	0	0	1	325	1	325	4.5e-194	672.5	CM1_23_S50	bsh	bsh
BDKDGGGP_02496	tr|A0A174HSI5|A0A174HSI5_9FIRM	100	325	0	0	1	325	1	325	4.5e-194	672.5	CM1_23_S50	bsh	bsh
BDKDGGGP_02496	tr|A0A1C5TTN1|A0A1C5TTN1_9FIRM	100	325	0	0	1	325	1	325	4.5e-194	672.5	CM1_23_S50	bsh	bsh
BDKDGGGP_02496	tr|A0A1C5U7I7|A0A1C5U7I7_9CLOT	100	325	0	0	1	325	1	325	4.5e-194	672.5	CM1_23_S50	bsh	bsh
BDKDGGGP_02496	tr|A0A1C6BVX3|A0A1C6BVX3_9FIRM	100	325	0	0	1	325	1	325	4.5e-194	672.5	CM1_23_S50	bsh	bsh
BDKDGGGP_02496	tr|A0A1C6FXQ7|A0A1C6FXQ7_9FIRM	100	325	0	0	1	325	1	325	4.5e-194	672.5	CM1_23_S50	bsh	bsh
BDKDGGGP_02496	tr|A0A285PRT2|A0A285PRT2_9FIRM	100	325	0	0	1	325	1	325	4.5e-194	672.5	CM1_23_S50	bsh	bsh
BDKDGGGP_02496	tr|A0A373V9R9|A0A373V9R9_9FIRM	100	325	0	0	1	325	1	325	4.5e-194	672.5	CM1_23_S50	bsh	bsh
BDKDGGGP_02496	tr|A0A374AYZ4|A0A374AYZ4_9FIRM	100	325	0	0	1	325	1	325	4.5e-194	672.5	CM1_23_S50	bsh	bsh
BDKDGGGP_02496	tr|A0A3R6DJG5|A0A3R6DJG5_9FIRM	100	325	0	0	1	325	1	325	4.5e-194	672.5	CM1_23_S50	bsh	bsh
BDKDGGGP_02496	tr|A0A412MA68|A0A412MA68_9FIRM	100	325	0	0	1	325	1	325	4.5e-194	672.5	CM1_23_S50	bsh	bsh
BDKDGGGP_02496	tr|A0A415FJV4|A0A415FJV4_9FIRM	100	325	0	0	1	325	1	325	4.5e-194	672.5	CM1_23_S50	bsh	bsh
BDKDGGGP_02496	tr|A0A415VWX2|A0A415VWX2_9FIRM	100	325	0	0	1	325	1	325	4.5e-194	672.5	CM1_23_S50	bsh	bsh
BDKDGGGP_02496	tr|A0A415Y8U9|A0A415Y8U9_9FIRM	100	325	0	0	1	325	1	325	4.5e-194	672.5	CM1_23_S50	bsh	bsh
BDKDGGGP_02496	tr|A0A417C6D6|A0A417C6D6_9FIRM	100	325	0	0	1	325	1	325	4.5e-194	672.5	CM1_23_S50	bsh	bsh
BDKDGGGP_02496	tr|A0A417URI0|A0A417URI0_9FIRM	100	325	0	0	1	325	1	325	4.5e-194	672.5	CM1_23_S50	bsh	bsh
BDKDGGGP_02496	tr|A0A845KWQ3|A0A845KWQ3_9FIRM	100	325	0	0	1	325	1	325	4.5e-194	672.5	CM1_23_S50	bsh	bsh
BDKDGGGP_02496	tr|A5ZWR0|A5ZWR0_9FIRM	100	325	0	0	1	325	1	325	4.5e-194	672.5	CM1_23_S50	bsh	bsh
BDKDGGGP_02496	tr|A6BGZ5|A6BGZ5_9FIRM	100	325	0	0	1	325	1	325	4.5e-194	672.5	CM1_23_S50	bsh	bsh
BDKDGGGP_02496	tr|C0EW54|C0EW54_9FIRM	100	325	0	0	1	325	1	325	4.5e-194	672.5	CM1_23_S50	bsh	bsh
BDKDGGGP_02496	tr|A0A844GIR0|A0A844GIR0_9FIRM	99.7	325	1	0	1	325	1	325	5.8e-194	672.2	CM1_23_S50	bsh	bsh
BDKDGGGP_02496	tr|A0A1C6IFT3|A0A1C6IFT3_9FIRM	99.7	325	1	0	1	325	1	325	7.6e-194	671.8	CM1_23_S50	bsh	bsh
BDKDGGGP_02496	tr|A0A6N9LK70|A0A6N9LK70_9FIRM	99.7	325	1	0	1	325	1	325	7.6e-194	671.8	CM1_23_S50	bsh	bsh
BDKDGGGP_02496	tr|A0A1C5RZ46|A0A1C5RZ46_9CLOT	99.7	325	1	0	1	325	1	325	1.3e-193	671	CM1_23_S50	bsh	bsh
BDKDGGGP_02496	tr|A0A1C5TMU3|A0A1C5TMU3_9FIRM	99.7	325	1	0	1	325	1	325	1.3e-193	671	CM1_23_S50	bsh	bsh
BDKDGGGP_02496	tr|A0A1C5VAP5|A0A1C5VAP5_9FIRM	99.7	325	1	0	1	325	1	325	1.3e-193	671	CM1_23_S50	bsh	bsh
BDKDGGGP_02496	tr|A0A373IZI9|A0A373IZI9_9FIRM	99.7	325	1	0	1	325	1	325	1.3e-193	671	CM1_23_S50	bsh	bsh
BDKDGGGP_02496	tr|A0A415HK39|A0A415HK39_9FIRM	99.7	325	1	0	1	325	1	325	1.3e-193	671	CM1_23_S50	bsh	bsh
BDKDGGGP_02496	tr|A0A417R5E7|A0A417R5E7_9FIRM	99.7	325	1	0	1	325	1	325	1.3e-193	671	CM1_23_S50	bsh	bsh
BDKDGGGP_02496	tr|A0A6N3AUL3|A0A6N3AUL3_9FIRM	99.7	325	1	0	1	325	1	325	1.3e-193	671	CM1_23_S50	bsh	bsh
BDKDGGGP_02496	tr|A0A173U973|A0A173U973_9FIRM	99.7	325	1	0	1	325	1	325	1.7e-193	670.6	CM1_23_S50	bsh	bsh
BDKDGGGP_02496	tr|A0A1C5REX8|A0A1C5REX8_9FIRM	99.7	325	1	0	1	325	1	325	1.7e-193	670.6	CM1_23_S50	bsh	bsh
BDKDGGGP_02496	tr|A0A1C5UZX7|A0A1C5UZX7_9CLOT	99.7	325	1	0	1	325	1	325	1.7e-193	670.6	CM1_23_S50	bsh	bsh
BDKDGGGP_02496	tr|A0A1C6AVX0|A0A1C6AVX0_9FIRM	99.7	325	1	0	1	325	1	325	1.7e-193	670.6	CM1_23_S50	bsh	bsh
BDKDGGGP_02496	tr|A0A417CDY8|A0A417CDY8_9FIRM	99.7	325	1	0	1	325	1	325	1.7e-193	670.6	CM1_23_S50	bsh	bsh
BDKDGGGP_02496	tr|A0A564WVE5|A0A564WVE5_9FIRM	99.7	325	1	0	1	325	1	325	1.7e-193	670.6	CM1_23_S50	bsh	bsh
BDKDGGGP_02496	tr|A0A416NLT9|A0A416NLT9_9FIRM	99.7	325	1	0	1	325	1	325	2.2e-193	670.2	CM1_23_S50	bsh	bsh
BDKDGGGP_02496	tr|A0A7G9FVJ0|A0A7G9FVJ0_9FIRM	99.7	325	1	0	1	325	1	325	2.2e-193	670.2	CM1_23_S50	bsh	bsh
BDKDGGGP_02496	tr|L1Q414|L1Q414_ANAHA	99.7	325	1	0	1	325	1	325	2.2e-193	670.2	CM1_23_S50	bsh	bsh
BDKDGGGP_02496	tr|A0A174EB34|A0A174EB34_9FIRM	99.7	325	1	0	1	325	1	325	3.8e-193	669.5	CM1_23_S50	bsh	bsh
BDKDGGGP_02496	tr|A0A174GR10|A0A174GR10_9FIRM	99.7	325	1	0	1	325	1	325	3.8e-193	669.5	CM1_23_S50	bsh	bsh
BDKDGGGP_02496	tr|A0A174V5X0|A0A174V5X0_9FIRM	99.7	325	1	0	1	325	1	325	3.8e-193	669.5	CM1_23_S50	bsh	bsh
BDKDGGGP_02496	tr|A0A3E5E3Y9|A0A3E5E3Y9_9FIRM	99.4	325	2	0	1	325	1	325	3.8e-193	669.5	CM1_23_S50	bsh	bsh
BDKDGGGP_02496	tr|A0A1C5ULN3|A0A1C5ULN3_9FIRM	99.4	325	2	0	1	325	1	325	6.5e-193	668.7	CM1_23_S50	bsh	bsh
BDKDGGGP_02496	tr|A0A1G5FIB9|A0A1G5FIB9_9FIRM	99.4	325	2	0	1	325	1	325	6.5e-193	668.7	CM1_23_S50	bsh	bsh
BDKDGGGP_02496	tr|A0A317UFD6|A0A317UFD6_9FIRM	99.4	325	2	0	1	325	1	325	6.5e-193	668.7	CM1_23_S50	bsh	bsh
BDKDGGGP_02496	tr|A0A367FUZ2|A0A367FUZ2_9FIRM	99.4	325	2	0	1	325	1	325	6.5e-193	668.7	CM1_23_S50	bsh	bsh
BDKDGGGP_02496	tr|A0A3R6FU96|A0A3R6FU96_9FIRM	99.7	325	1	0	1	325	1	325	6.5e-193	668.7	CM1_23_S50	bsh	bsh
BDKDGGGP_02496	tr|A0A3R6X451|A0A3R6X451_9CLOT	99.4	325	2	0	1	325	1	325	6.5e-193	668.7	CM1_23_S50	bsh	bsh
BDKDGGGP_02496	tr|A0A6L8TEI6|A0A6L8TEI6_9FIRM	99.4	325	2	0	1	325	1	325	6.5e-193	668.7	CM1_23_S50	bsh	bsh
BDKDGGGP_02496	tr|A0A942WJN2|A0A942WJN2_9FIRM	99.4	325	2	0	1	325	1	325	6.5e-193	668.7	CM1_23_S50	bsh	bsh
BDKDGGGP_02496	tr|A0A1C5M099|A0A1C5M099_9CLOT	99.4	325	2	0	1	325	1	325	8.4e-193	668.3	CM1_23_S50	bsh	bsh
BDKDGGGP_02496	tr|A0A3R6N0X3|A0A3R6N0X3_9CLOT	99.4	325	2	0	1	325	1	325	8.4e-193	668.3	CM1_23_S50	bsh	bsh
BDKDGGGP_02496	tr|K1RSL9|K1RSL9_9ZZZZ	100	322	0	0	1	322	1	322	3.2e-192	666.4	CM1_23_S50	bsh	bsh
HOOBJGIH_01571	tr|A0A415W1Y4|A0A415W1Y4_9FIRM	100	323	0	0	1	323	1	323	2.4e-195	676.8	CM1_26_S52	bsh	bsh
HOOBJGIH_01571	tr|A0A415Y4A6|A0A415Y4A6_9FIRM	100	323	0	0	1	323	1	323	2.4e-195	676.8	CM1_26_S52	bsh	bsh
HOOBJGIH_01571	tr|A0A417JP01|A0A417JP01_9FIRM	100	323	0	0	1	323	1	323	2.4e-195	676.8	CM1_26_S52	bsh	bsh
HOOBJGIH_01571	tr|A0A417UTY8|A0A417UTY8_9FIRM	100	323	0	0	1	323	1	323	2.4e-195	676.8	CM1_26_S52	bsh	bsh
HOOBJGIH_01571	tr|D4N0V8|D4N0V8_ANAHA	100	323	0	0	1	323	1	323	2.4e-195	676.8	CM1_26_S52	bsh	bsh
HOOBJGIH_01571	tr|A0A6N2RN78|A0A6N2RN78_ANAHA	99.7	323	1	0	1	323	1	323	3.1e-195	676.4	CM1_26_S52	bsh	bsh
HOOBJGIH_01571	tr|L1QBV1|L1QBV1_ANAHA	99.7	323	1	0	1	323	1	323	5.2e-195	675.6	CM1_26_S52	bsh	bsh
HOOBJGIH_01571	tr|A0A1Q2CAU9|A0A1Q2CAU9_ANAHA	99.7	323	1	0	1	323	1	323	6.9e-195	675.2	CM1_26_S52	bsh	bsh
HOOBJGIH_01571	tr|E5VP64|E5VP64_9FIRM	99.7	323	1	0	1	323	1	323	6.9e-195	675.2	CM1_26_S52	bsh	bsh
HOOBJGIH_01571	tr|R5Z9B8|R5Z9B8_9FIRM	99.7	323	1	0	1	323	1	323	6.9e-195	675.2	CM1_26_S52	bsh	bsh
HOOBJGIH_01571	tr|A0A174S307|A0A174S307_ANAHA	99.7	323	1	0	1	323	1	323	8.9e-195	674.9	CM1_26_S52	bsh	bsh
HOOBJGIH_02834	tr|A0A173UXL2|A0A173UXL2_ANAHA	100	325	0	0	1	325	1	325	4.5e-194	672.5	CM1_26_S52	bsh	bsh
HOOBJGIH_02834	tr|A0A173V7R5|A0A173V7R5_9FIRM	100	325	0	0	1	325	1	325	4.5e-194	672.5	CM1_26_S52	bsh	bsh
HOOBJGIH_02834	tr|A0A174D8V8|A0A174D8V8_9FIRM	100	325	0	0	1	325	1	325	4.5e-194	672.5	CM1_26_S52	bsh	bsh
HOOBJGIH_02834	tr|A0A174HSI5|A0A174HSI5_9FIRM	100	325	0	0	1	325	1	325	4.5e-194	672.5	CM1_26_S52	bsh	bsh
HOOBJGIH_02834	tr|A0A1C5TTN1|A0A1C5TTN1_9FIRM	100	325	0	0	1	325	1	325	4.5e-194	672.5	CM1_26_S52	bsh	bsh
HOOBJGIH_02834	tr|A0A1C5U7I7|A0A1C5U7I7_9CLOT	100	325	0	0	1	325	1	325	4.5e-194	672.5	CM1_26_S52	bsh	bsh
HOOBJGIH_02834	tr|A0A1C6BVX3|A0A1C6BVX3_9FIRM	100	325	0	0	1	325	1	325	4.5e-194	672.5	CM1_26_S52	bsh	bsh
HOOBJGIH_02834	tr|A0A1C6FXQ7|A0A1C6FXQ7_9FIRM	100	325	0	0	1	325	1	325	4.5e-194	672.5	CM1_26_S52	bsh	bsh
HOOBJGIH_02834	tr|A0A285PRT2|A0A285PRT2_9FIRM	100	325	0	0	1	325	1	325	4.5e-194	672.5	CM1_26_S52	bsh	bsh
HOOBJGIH_02834	tr|A0A373V9R9|A0A373V9R9_9FIRM	100	325	0	0	1	325	1	325	4.5e-194	672.5	CM1_26_S52	bsh	bsh
HOOBJGIH_02834	tr|A0A374AYZ4|A0A374AYZ4_9FIRM	100	325	0	0	1	325	1	325	4.5e-194	672.5	CM1_26_S52	bsh	bsh
HOOBJGIH_02834	tr|A0A3R6DJG5|A0A3R6DJG5_9FIRM	100	325	0	0	1	325	1	325	4.5e-194	672.5	CM1_26_S52	bsh	bsh
HOOBJGIH_02834	tr|A0A412MA68|A0A412MA68_9FIRM	100	325	0	0	1	325	1	325	4.5e-194	672.5	CM1_26_S52	bsh	bsh
HOOBJGIH_02834	tr|A0A415FJV4|A0A415FJV4_9FIRM	100	325	0	0	1	325	1	325	4.5e-194	672.5	CM1_26_S52	bsh	bsh
HOOBJGIH_02834	tr|A0A415VWX2|A0A415VWX2_9FIRM	100	325	0	0	1	325	1	325	4.5e-194	672.5	CM1_26_S52	bsh	bsh
HOOBJGIH_02834	tr|A0A415Y8U9|A0A415Y8U9_9FIRM	100	325	0	0	1	325	1	325	4.5e-194	672.5	CM1_26_S52	bsh	bsh
HOOBJGIH_02834	tr|A0A417C6D6|A0A417C6D6_9FIRM	100	325	0	0	1	325	1	325	4.5e-194	672.5	CM1_26_S52	bsh	bsh
HOOBJGIH_02834	tr|A0A417URI0|A0A417URI0_9FIRM	100	325	0	0	1	325	1	325	4.5e-194	672.5	CM1_26_S52	bsh	bsh
HOOBJGIH_02834	tr|A0A845KWQ3|A0A845KWQ3_9FIRM	100	325	0	0	1	325	1	325	4.5e-194	672.5	CM1_26_S52	bsh	bsh
HOOBJGIH_02834	tr|A5ZWR0|A5ZWR0_9FIRM	100	325	0	0	1	325	1	325	4.5e-194	672.5	CM1_26_S52	bsh	bsh
HOOBJGIH_02834	tr|A6BGZ5|A6BGZ5_9FIRM	100	325	0	0	1	325	1	325	4.5e-194	672.5	CM1_26_S52	bsh	bsh
HOOBJGIH_02834	tr|C0EW54|C0EW54_9FIRM	100	325	0	0	1	325	1	325	4.5e-194	672.5	CM1_26_S52	bsh	bsh
HOOBJGIH_02834	tr|A0A844GIR0|A0A844GIR0_9FIRM	99.7	325	1	0	1	325	1	325	5.8e-194	672.2	CM1_26_S52	bsh	bsh
HOOBJGIH_02834	tr|A0A1C6IFT3|A0A1C6IFT3_9FIRM	99.7	325	1	0	1	325	1	325	7.6e-194	671.8	CM1_26_S52	bsh	bsh
HOOBJGIH_02834	tr|A0A6N9LK70|A0A6N9LK70_9FIRM	99.7	325	1	0	1	325	1	325	7.6e-194	671.8	CM1_26_S52	bsh	bsh
HOOBJGIH_02834	tr|A0A1C5RZ46|A0A1C5RZ46_9CLOT	99.7	325	1	0	1	325	1	325	1.3e-193	671	CM1_26_S52	bsh	bsh
HOOBJGIH_02834	tr|A0A1C5TMU3|A0A1C5TMU3_9FIRM	99.7	325	1	0	1	325	1	325	1.3e-193	671	CM1_26_S52	bsh	bsh
HOOBJGIH_02834	tr|A0A1C5VAP5|A0A1C5VAP5_9FIRM	99.7	325	1	0	1	325	1	325	1.3e-193	671	CM1_26_S52	bsh	bsh
HOOBJGIH_02834	tr|A0A373IZI9|A0A373IZI9_9FIRM	99.7	325	1	0	1	325	1	325	1.3e-193	671	CM1_26_S52	bsh	bsh
HOOBJGIH_02834	tr|A0A415HK39|A0A415HK39_9FIRM	99.7	325	1	0	1	325	1	325	1.3e-193	671	CM1_26_S52	bsh	bsh
HOOBJGIH_02834	tr|A0A417R5E7|A0A417R5E7_9FIRM	99.7	325	1	0	1	325	1	325	1.3e-193	671	CM1_26_S52	bsh	bsh
HOOBJGIH_02834	tr|A0A6N3AUL3|A0A6N3AUL3_9FIRM	99.7	325	1	0	1	325	1	325	1.3e-193	671	CM1_26_S52	bsh	bsh
HOOBJGIH_02834	tr|A0A173U973|A0A173U973_9FIRM	99.7	325	1	0	1	325	1	325	1.7e-193	670.6	CM1_26_S52	bsh	bsh
HOOBJGIH_02834	tr|A0A1C5REX8|A0A1C5REX8_9FIRM	99.7	325	1	0	1	325	1	325	1.7e-193	670.6	CM1_26_S52	bsh	bsh
HOOBJGIH_02834	tr|A0A1C5UZX7|A0A1C5UZX7_9CLOT	99.7	325	1	0	1	325	1	325	1.7e-193	670.6	CM1_26_S52	bsh	bsh
HOOBJGIH_02834	tr|A0A1C6AVX0|A0A1C6AVX0_9FIRM	99.7	325	1	0	1	325	1	325	1.7e-193	670.6	CM1_26_S52	bsh	bsh
HOOBJGIH_02834	tr|A0A417CDY8|A0A417CDY8_9FIRM	99.7	325	1	0	1	325	1	325	1.7e-193	670.6	CM1_26_S52	bsh	bsh
HOOBJGIH_02834	tr|A0A564WVE5|A0A564WVE5_9FIRM	99.7	325	1	0	1	325	1	325	1.7e-193	670.6	CM1_26_S52	bsh	bsh
HOOBJGIH_02834	tr|A0A416NLT9|A0A416NLT9_9FIRM	99.7	325	1	0	1	325	1	325	2.2e-193	670.2	CM1_26_S52	bsh	bsh
HOOBJGIH_02834	tr|A0A7G9FVJ0|A0A7G9FVJ0_9FIRM	99.7	325	1	0	1	325	1	325	2.2e-193	670.2	CM1_26_S52	bsh	bsh
HOOBJGIH_02834	tr|L1Q414|L1Q414_ANAHA	99.7	325	1	0	1	325	1	325	2.2e-193	670.2	CM1_26_S52	bsh	bsh
HOOBJGIH_02834	tr|A0A174EB34|A0A174EB34_9FIRM	99.7	325	1	0	1	325	1	325	3.8e-193	669.5	CM1_26_S52	bsh	bsh
HOOBJGIH_02834	tr|A0A174GR10|A0A174GR10_9FIRM	99.7	325	1	0	1	325	1	325	3.8e-193	669.5	CM1_26_S52	bsh	bsh
HOOBJGIH_02834	tr|A0A174V5X0|A0A174V5X0_9FIRM	99.7	325	1	0	1	325	1	325	3.8e-193	669.5	CM1_26_S52	bsh	bsh
HOOBJGIH_02834	tr|A0A3E5E3Y9|A0A3E5E3Y9_9FIRM	99.4	325	2	0	1	325	1	325	3.8e-193	669.5	CM1_26_S52	bsh	bsh
HOOBJGIH_02834	tr|A0A1C5ULN3|A0A1C5ULN3_9FIRM	99.4	325	2	0	1	325	1	325	6.5e-193	668.7	CM1_26_S52	bsh	bsh
HOOBJGIH_02834	tr|A0A1G5FIB9|A0A1G5FIB9_9FIRM	99.4	325	2	0	1	325	1	325	6.5e-193	668.7	CM1_26_S52	bsh	bsh
HOOBJGIH_02834	tr|A0A317UFD6|A0A317UFD6_9FIRM	99.4	325	2	0	1	325	1	325	6.5e-193	668.7	CM1_26_S52	bsh	bsh
HOOBJGIH_02834	tr|A0A367FUZ2|A0A367FUZ2_9FIRM	99.4	325	2	0	1	325	1	325	6.5e-193	668.7	CM1_26_S52	bsh	bsh
HOOBJGIH_02834	tr|A0A3R6FU96|A0A3R6FU96_9FIRM	99.7	325	1	0	1	325	1	325	6.5e-193	668.7	CM1_26_S52	bsh	bsh
HOOBJGIH_02834	tr|A0A3R6X451|A0A3R6X451_9CLOT	99.4	325	2	0	1	325	1	325	6.5e-193	668.7	CM1_26_S52	bsh	bsh
HOOBJGIH_02834	tr|A0A6L8TEI6|A0A6L8TEI6_9FIRM	99.4	325	2	0	1	325	1	325	6.5e-193	668.7	CM1_26_S52	bsh	bsh
HOOBJGIH_02834	tr|A0A942WJN2|A0A942WJN2_9FIRM	99.4	325	2	0	1	325	1	325	6.5e-193	668.7	CM1_26_S52	bsh	bsh
HOOBJGIH_02834	tr|A0A1C5M099|A0A1C5M099_9CLOT	99.4	325	2	0	1	325	1	325	8.4e-193	668.3	CM1_26_S52	bsh	bsh
HOOBJGIH_02834	tr|A0A3R6N0X3|A0A3R6N0X3_9CLOT	99.4	325	2	0	1	325	1	325	8.4e-193	668.3	CM1_26_S52	bsh	bsh
HOOBJGIH_02834	tr|K1RSL9|K1RSL9_9ZZZZ	100	322	0	0	1	322	1	322	3.2e-192	666.4	CM1_26_S52	bsh	bsh
CIHFMDFN_02158	tr|A0A415W1Y4|A0A415W1Y4_9FIRM	99.7	323	1	0	1	323	1	323	5.2e-195	675.6	CM1_30_S215	bsh	bsh
CIHFMDFN_02158	tr|A0A415Y4A6|A0A415Y4A6_9FIRM	99.7	323	1	0	1	323	1	323	5.2e-195	675.6	CM1_30_S215	bsh	bsh
CIHFMDFN_02158	tr|A0A417JP01|A0A417JP01_9FIRM	99.7	323	1	0	1	323	1	323	5.2e-195	675.6	CM1_30_S215	bsh	bsh
CIHFMDFN_02158	tr|A0A417UTY8|A0A417UTY8_9FIRM	99.7	323	1	0	1	323	1	323	5.2e-195	675.6	CM1_30_S215	bsh	bsh
CIHFMDFN_02158	tr|D4N0V8|D4N0V8_ANAHA	99.7	323	1	0	1	323	1	323	5.2e-195	675.6	CM1_30_S215	bsh	bsh
CIHFMDFN_02158	tr|A0A6N2RN78|A0A6N2RN78_ANAHA	99.4	323	2	0	1	323	1	323	6.9e-195	675.2	CM1_30_S215	bsh	bsh
CIHFMDFN_02158	tr|L1QBV1|L1QBV1_ANAHA	99.4	323	2	0	1	323	1	323	1.2e-194	674.5	CM1_30_S215	bsh	bsh
CIHFMDFN_02158	tr|A0A1Q2CAU9|A0A1Q2CAU9_ANAHA	99.4	323	2	0	1	323	1	323	1.5e-194	674.1	CM1_30_S215	bsh	bsh
CIHFMDFN_02158	tr|E5VP64|E5VP64_9FIRM	99.4	323	2	0	1	323	1	323	1.5e-194	674.1	CM1_30_S215	bsh	bsh
CIHFMDFN_02158	tr|R5Z9B8|R5Z9B8_9FIRM	99.4	323	2	0	1	323	1	323	1.5e-194	674.1	CM1_30_S215	bsh	bsh
CIHFMDFN_02158	tr|A0A174S307|A0A174S307_ANAHA	99.4	323	2	0	1	323	1	323	2e-194	673.7	CM1_30_S215	bsh	bsh
EBBEHFMM_00720	tr|A0A415W1Y4|A0A415W1Y4_9FIRM	100	323	0	0	1	323	1	323	2.4e-195	676.8	CM7_52_S47	bsh	bsh
EBBEHFMM_00720	tr|A0A415Y4A6|A0A415Y4A6_9FIRM	100	323	0	0	1	323	1	323	2.4e-195	676.8	CM7_52_S47	bsh	bsh
EBBEHFMM_00720	tr|A0A417JP01|A0A417JP01_9FIRM	100	323	0	0	1	323	1	323	2.4e-195	676.8	CM7_52_S47	bsh	bsh
EBBEHFMM_00720	tr|A0A417UTY8|A0A417UTY8_9FIRM	100	323	0	0	1	323	1	323	2.4e-195	676.8	CM7_52_S47	bsh	bsh
EBBEHFMM_00720	tr|D4N0V8|D4N0V8_ANAHA	100	323	0	0	1	323	1	323	2.4e-195	676.8	CM7_52_S47	bsh	bsh
EBBEHFMM_00720	tr|A0A6N2RN78|A0A6N2RN78_ANAHA	99.7	323	1	0	1	323	1	323	3.1e-195	676.4	CM7_52_S47	bsh	bsh
EBBEHFMM_00720	tr|L1QBV1|L1QBV1_ANAHA	99.7	323	1	0	1	323	1	323	5.2e-195	675.6	CM7_52_S47	bsh	bsh
EBBEHFMM_00720	tr|A0A1Q2CAU9|A0A1Q2CAU9_ANAHA	99.7	323	1	0	1	323	1	323	6.9e-195	675.2	CM7_52_S47	bsh	bsh
EBBEHFMM_00720	tr|E5VP64|E5VP64_9FIRM	99.7	323	1	0	1	323	1	323	6.9e-195	675.2	CM7_52_S47	bsh	bsh
EBBEHFMM_00720	tr|R5Z9B8|R5Z9B8_9FIRM	99.7	323	1	0	1	323	1	323	6.9e-195	675.2	CM7_52_S47	bsh	bsh
EBBEHFMM_00720	tr|A0A174S307|A0A174S307_ANAHA	99.7	323	1	0	1	323	1	323	8.9e-195	674.9	CM7_52_S47	bsh	bsh
EBBEHFMM_01871	tr|A0A173UXL2|A0A173UXL2_ANAHA	100	325	0	0	1	325	1	325	4.5e-194	672.5	CM7_52_S47	bsh	bsh
EBBEHFMM_01871	tr|A0A173V7R5|A0A173V7R5_9FIRM	100	325	0	0	1	325	1	325	4.5e-194	672.5	CM7_52_S47	bsh	bsh
EBBEHFMM_01871	tr|A0A174D8V8|A0A174D8V8_9FIRM	100	325	0	0	1	325	1	325	4.5e-194	672.5	CM7_52_S47	bsh	bsh
EBBEHFMM_01871	tr|A0A174HSI5|A0A174HSI5_9FIRM	100	325	0	0	1	325	1	325	4.5e-194	672.5	CM7_52_S47	bsh	bsh
EBBEHFMM_01871	tr|A0A1C5TTN1|A0A1C5TTN1_9FIRM	100	325	0	0	1	325	1	325	4.5e-194	672.5	CM7_52_S47	bsh	bsh
EBBEHFMM_01871	tr|A0A1C5U7I7|A0A1C5U7I7_9CLOT	100	325	0	0	1	325	1	325	4.5e-194	672.5	CM7_52_S47	bsh	bsh
EBBEHFMM_01871	tr|A0A1C6BVX3|A0A1C6BVX3_9FIRM	100	325	0	0	1	325	1	325	4.5e-194	672.5	CM7_52_S47	bsh	bsh
EBBEHFMM_01871	tr|A0A1C6FXQ7|A0A1C6FXQ7_9FIRM	100	325	0	0	1	325	1	325	4.5e-194	672.5	CM7_52_S47	bsh	bsh
EBBEHFMM_01871	tr|A0A285PRT2|A0A285PRT2_9FIRM	100	325	0	0	1	325	1	325	4.5e-194	672.5	CM7_52_S47	bsh	bsh
EBBEHFMM_01871	tr|A0A373V9R9|A0A373V9R9_9FIRM	100	325	0	0	1	325	1	325	4.5e-194	672.5	CM7_52_S47	bsh	bsh
EBBEHFMM_01871	tr|A0A374AYZ4|A0A374AYZ4_9FIRM	100	325	0	0	1	325	1	325	4.5e-194	672.5	CM7_52_S47	bsh	bsh
EBBEHFMM_01871	tr|A0A3R6DJG5|A0A3R6DJG5_9FIRM	100	325	0	0	1	325	1	325	4.5e-194	672.5	CM7_52_S47	bsh	bsh
EBBEHFMM_01871	tr|A0A412MA68|A0A412MA68_9FIRM	100	325	0	0	1	325	1	325	4.5e-194	672.5	CM7_52_S47	bsh	bsh
EBBEHFMM_01871	tr|A0A415FJV4|A0A415FJV4_9FIRM	100	325	0	0	1	325	1	325	4.5e-194	672.5	CM7_52_S47	bsh	bsh
EBBEHFMM_01871	tr|A0A415VWX2|A0A415VWX2_9FIRM	100	325	0	0	1	325	1	325	4.5e-194	672.5	CM7_52_S47	bsh	bsh
EBBEHFMM_01871	tr|A0A415Y8U9|A0A415Y8U9_9FIRM	100	325	0	0	1	325	1	325	4.5e-194	672.5	CM7_52_S47	bsh	bsh
EBBEHFMM_01871	tr|A0A417C6D6|A0A417C6D6_9FIRM	100	325	0	0	1	325	1	325	4.5e-194	672.5	CM7_52_S47	bsh	bsh
EBBEHFMM_01871	tr|A0A417URI0|A0A417URI0_9FIRM	100	325	0	0	1	325	1	325	4.5e-194	672.5	CM7_52_S47	bsh	bsh
EBBEHFMM_01871	tr|A0A845KWQ3|A0A845KWQ3_9FIRM	100	325	0	0	1	325	1	325	4.5e-194	672.5	CM7_52_S47	bsh	bsh
EBBEHFMM_01871	tr|A5ZWR0|A5ZWR0_9FIRM	100	325	0	0	1	325	1	325	4.5e-194	672.5	CM7_52_S47	bsh	bsh
EBBEHFMM_01871	tr|A6BGZ5|A6BGZ5_9FIRM	100	325	0	0	1	325	1	325	4.5e-194	672.5	CM7_52_S47	bsh	bsh
EBBEHFMM_01871	tr|C0EW54|C0EW54_9FIRM	100	325	0	0	1	325	1	325	4.5e-194	672.5	CM7_52_S47	bsh	bsh
EBBEHFMM_01871	tr|A0A844GIR0|A0A844GIR0_9FIRM	99.7	325	1	0	1	325	1	325	5.8e-194	672.2	CM7_52_S47	bsh	bsh
EBBEHFMM_01871	tr|A0A1C6IFT3|A0A1C6IFT3_9FIRM	99.7	325	1	0	1	325	1	325	7.6e-194	671.8	CM7_52_S47	bsh	bsh
EBBEHFMM_01871	tr|A0A6N9LK70|A0A6N9LK70_9FIRM	99.7	325	1	0	1	325	1	325	7.6e-194	671.8	CM7_52_S47	bsh	bsh
EBBEHFMM_01871	tr|A0A1C5RZ46|A0A1C5RZ46_9CLOT	99.7	325	1	0	1	325	1	325	1.3e-193	671	CM7_52_S47	bsh	bsh
EBBEHFMM_01871	tr|A0A1C5TMU3|A0A1C5TMU3_9FIRM	99.7	325	1	0	1	325	1	325	1.3e-193	671	CM7_52_S47	bsh	bsh
EBBEHFMM_01871	tr|A0A1C5VAP5|A0A1C5VAP5_9FIRM	99.7	325	1	0	1	325	1	325	1.3e-193	671	CM7_52_S47	bsh	bsh
EBBEHFMM_01871	tr|A0A373IZI9|A0A373IZI9_9FIRM	99.7	325	1	0	1	325	1	325	1.3e-193	671	CM7_52_S47	bsh	bsh
EBBEHFMM_01871	tr|A0A415HK39|A0A415HK39_9FIRM	99.7	325	1	0	1	325	1	325	1.3e-193	671	CM7_52_S47	bsh	bsh
EBBEHFMM_01871	tr|A0A417R5E7|A0A417R5E7_9FIRM	99.7	325	1	0	1	325	1	325	1.3e-193	671	CM7_52_S47	bsh	bsh
EBBEHFMM_01871	tr|A0A6N3AUL3|A0A6N3AUL3_9FIRM	99.7	325	1	0	1	325	1	325	1.3e-193	671	CM7_52_S47	bsh	bsh
EBBEHFMM_01871	tr|A0A173U973|A0A173U973_9FIRM	99.7	325	1	0	1	325	1	325	1.7e-193	670.6	CM7_52_S47	bsh	bsh
EBBEHFMM_01871	tr|A0A1C5REX8|A0A1C5REX8_9FIRM	99.7	325	1	0	1	325	1	325	1.7e-193	670.6	CM7_52_S47	bsh	bsh
EBBEHFMM_01871	tr|A0A1C5UZX7|A0A1C5UZX7_9CLOT	99.7	325	1	0	1	325	1	325	1.7e-193	670.6	CM7_52_S47	bsh	bsh
EBBEHFMM_01871	tr|A0A1C6AVX0|A0A1C6AVX0_9FIRM	99.7	325	1	0	1	325	1	325	1.7e-193	670.6	CM7_52_S47	bsh	bsh
EBBEHFMM_01871	tr|A0A417CDY8|A0A417CDY8_9FIRM	99.7	325	1	0	1	325	1	325	1.7e-193	670.6	CM7_52_S47	bsh	bsh
EBBEHFMM_01871	tr|A0A564WVE5|A0A564WVE5_9FIRM	99.7	325	1	0	1	325	1	325	1.7e-193	670.6	CM7_52_S47	bsh	bsh
EBBEHFMM_01871	tr|A0A416NLT9|A0A416NLT9_9FIRM	99.7	325	1	0	1	325	1	325	2.2e-193	670.2	CM7_52_S47	bsh	bsh
EBBEHFMM_01871	tr|A0A7G9FVJ0|A0A7G9FVJ0_9FIRM	99.7	325	1	0	1	325	1	325	2.2e-193	670.2	CM7_52_S47	bsh	bsh
EBBEHFMM_01871	tr|L1Q414|L1Q414_ANAHA	99.7	325	1	0	1	325	1	325	2.2e-193	670.2	CM7_52_S47	bsh	bsh
EBBEHFMM_01871	tr|A0A174EB34|A0A174EB34_9FIRM	99.7	325	1	0	1	325	1	325	3.8e-193	669.5	CM7_52_S47	bsh	bsh
EBBEHFMM_01871	tr|A0A174GR10|A0A174GR10_9FIRM	99.7	325	1	0	1	325	1	325	3.8e-193	669.5	CM7_52_S47	bsh	bsh
EBBEHFMM_01871	tr|A0A174V5X0|A0A174V5X0_9FIRM	99.7	325	1	0	1	325	1	325	3.8e-193	669.5	CM7_52_S47	bsh	bsh
EBBEHFMM_01871	tr|A0A3E5E3Y9|A0A3E5E3Y9_9FIRM	99.4	325	2	0	1	325	1	325	3.8e-193	669.5	CM7_52_S47	bsh	bsh
EBBEHFMM_01871	tr|A0A1C5ULN3|A0A1C5ULN3_9FIRM	99.4	325	2	0	1	325	1	325	6.5e-193	668.7	CM7_52_S47	bsh	bsh
EBBEHFMM_01871	tr|A0A1G5FIB9|A0A1G5FIB9_9FIRM	99.4	325	2	0	1	325	1	325	6.5e-193	668.7	CM7_52_S47	bsh	bsh
EBBEHFMM_01871	tr|A0A317UFD6|A0A317UFD6_9FIRM	99.4	325	2	0	1	325	1	325	6.5e-193	668.7	CM7_52_S47	bsh	bsh
EBBEHFMM_01871	tr|A0A367FUZ2|A0A367FUZ2_9FIRM	99.4	325	2	0	1	325	1	325	6.5e-193	668.7	CM7_52_S47	bsh	bsh
EBBEHFMM_01871	tr|A0A3R6FU96|A0A3R6FU96_9FIRM	99.7	325	1	0	1	325	1	325	6.5e-193	668.7	CM7_52_S47	bsh	bsh
EBBEHFMM_01871	tr|A0A3R6X451|A0A3R6X451_9CLOT	99.4	325	2	0	1	325	1	325	6.5e-193	668.7	CM7_52_S47	bsh	bsh
EBBEHFMM_01871	tr|A0A6L8TEI6|A0A6L8TEI6_9FIRM	99.4	325	2	0	1	325	1	325	6.5e-193	668.7	CM7_52_S47	bsh	bsh
EBBEHFMM_01871	tr|A0A942WJN2|A0A942WJN2_9FIRM	99.4	325	2	0	1	325	1	325	6.5e-193	668.7	CM7_52_S47	bsh	bsh
EBBEHFMM_01871	tr|A0A1C5M099|A0A1C5M099_9CLOT	99.4	325	2	0	1	325	1	325	8.4e-193	668.3	CM7_52_S47	bsh	bsh
EBBEHFMM_01871	tr|A0A3R6N0X3|A0A3R6N0X3_9CLOT	99.4	325	2	0	1	325	1	325	8.4e-193	668.3	CM7_52_S47	bsh	bsh
EBBEHFMM_01871	tr|K1RSL9|K1RSL9_9ZZZZ	100	322	0	0	1	322	1	322	3.2e-192	666.4	CM7_52_S47	bsh	bsh
PDHBOMMH_01726	tr|A0A415W1Y4|A0A415W1Y4_9FIRM	100	323	0	0	1	323	1	323	2.4e-195	676.8	CM7_69_S49	bsh	bsh
PDHBOMMH_01726	tr|A0A415Y4A6|A0A415Y4A6_9FIRM	100	323	0	0	1	323	1	323	2.4e-195	676.8	CM7_69_S49	bsh	bsh
PDHBOMMH_01726	tr|A0A417JP01|A0A417JP01_9FIRM	100	323	0	0	1	323	1	323	2.4e-195	676.8	CM7_69_S49	bsh	bsh
PDHBOMMH_01726	tr|A0A417UTY8|A0A417UTY8_9FIRM	100	323	0	0	1	323	1	323	2.4e-195	676.8	CM7_69_S49	bsh	bsh
PDHBOMMH_01726	tr|D4N0V8|D4N0V8_ANAHA	100	323	0	0	1	323	1	323	2.4e-195	676.8	CM7_69_S49	bsh	bsh
PDHBOMMH_01726	tr|A0A6N2RN78|A0A6N2RN78_ANAHA	99.7	323	1	0	1	323	1	323	3.1e-195	676.4	CM7_69_S49	bsh	bsh
PDHBOMMH_01726	tr|L1QBV1|L1QBV1_ANAHA	99.7	323	1	0	1	323	1	323	5.2e-195	675.6	CM7_69_S49	bsh	bsh
PDHBOMMH_01726	tr|A0A1Q2CAU9|A0A1Q2CAU9_ANAHA	99.7	323	1	0	1	323	1	323	6.9e-195	675.2	CM7_69_S49	bsh	bsh
PDHBOMMH_01726	tr|E5VP64|E5VP64_9FIRM	99.7	323	1	0	1	323	1	323	6.9e-195	675.2	CM7_69_S49	bsh	bsh
PDHBOMMH_01726	tr|R5Z9B8|R5Z9B8_9FIRM	99.7	323	1	0	1	323	1	323	6.9e-195	675.2	CM7_69_S49	bsh	bsh
PDHBOMMH_01726	tr|A0A174S307|A0A174S307_ANAHA	99.7	323	1	0	1	323	1	323	8.9e-195	674.9	CM7_69_S49	bsh	bsh
PDHBOMMH_02830	tr|A0A173UXL2|A0A173UXL2_ANAHA	100	325	0	0	1	325	1	325	4.5e-194	672.5	CM7_69_S49	bsh	bsh
PDHBOMMH_02830	tr|A0A173V7R5|A0A173V7R5_9FIRM	100	325	0	0	1	325	1	325	4.5e-194	672.5	CM7_69_S49	bsh	bsh
PDHBOMMH_02830	tr|A0A174D8V8|A0A174D8V8_9FIRM	100	325	0	0	1	325	1	325	4.5e-194	672.5	CM7_69_S49	bsh	bsh
PDHBOMMH_02830	tr|A0A174HSI5|A0A174HSI5_9FIRM	100	325	0	0	1	325	1	325	4.5e-194	672.5	CM7_69_S49	bsh	bsh
PDHBOMMH_02830	tr|A0A1C5TTN1|A0A1C5TTN1_9FIRM	100	325	0	0	1	325	1	325	4.5e-194	672.5	CM7_69_S49	bsh	bsh
PDHBOMMH_02830	tr|A0A1C5U7I7|A0A1C5U7I7_9CLOT	100	325	0	0	1	325	1	325	4.5e-194	672.5	CM7_69_S49	bsh	bsh
PDHBOMMH_02830	tr|A0A1C6BVX3|A0A1C6BVX3_9FIRM	100	325	0	0	1	325	1	325	4.5e-194	672.5	CM7_69_S49	bsh	bsh
PDHBOMMH_02830	tr|A0A1C6FXQ7|A0A1C6FXQ7_9FIRM	100	325	0	0	1	325	1	325	4.5e-194	672.5	CM7_69_S49	bsh	bsh
PDHBOMMH_02830	tr|A0A285PRT2|A0A285PRT2_9FIRM	100	325	0	0	1	325	1	325	4.5e-194	672.5	CM7_69_S49	bsh	bsh
PDHBOMMH_02830	tr|A0A373V9R9|A0A373V9R9_9FIRM	100	325	0	0	1	325	1	325	4.5e-194	672.5	CM7_69_S49	bsh	bsh
PDHBOMMH_02830	tr|A0A374AYZ4|A0A374AYZ4_9FIRM	100	325	0	0	1	325	1	325	4.5e-194	672.5	CM7_69_S49	bsh	bsh
PDHBOMMH_02830	tr|A0A3R6DJG5|A0A3R6DJG5_9FIRM	100	325	0	0	1	325	1	325	4.5e-194	672.5	CM7_69_S49	bsh	bsh
PDHBOMMH_02830	tr|A0A412MA68|A0A412MA68_9FIRM	100	325	0	0	1	325	1	325	4.5e-194	672.5	CM7_69_S49	bsh	bsh
PDHBOMMH_02830	tr|A0A415FJV4|A0A415FJV4_9FIRM	100	325	0	0	1	325	1	325	4.5e-194	672.5	CM7_69_S49	bsh	bsh
PDHBOMMH_02830	tr|A0A415VWX2|A0A415VWX2_9FIRM	100	325	0	0	1	325	1	325	4.5e-194	672.5	CM7_69_S49	bsh	bsh
PDHBOMMH_02830	tr|A0A415Y8U9|A0A415Y8U9_9FIRM	100	325	0	0	1	325	1	325	4.5e-194	672.5	CM7_69_S49	bsh	bsh
PDHBOMMH_02830	tr|A0A417C6D6|A0A417C6D6_9FIRM	100	325	0	0	1	325	1	325	4.5e-194	672.5	CM7_69_S49	bsh	bsh
PDHBOMMH_02830	tr|A0A417URI0|A0A417URI0_9FIRM	100	325	0	0	1	325	1	325	4.5e-194	672.5	CM7_69_S49	bsh	bsh
PDHBOMMH_02830	tr|A0A845KWQ3|A0A845KWQ3_9FIRM	100	325	0	0	1	325	1	325	4.5e-194	672.5	CM7_69_S49	bsh	bsh
PDHBOMMH_02830	tr|A5ZWR0|A5ZWR0_9FIRM	100	325	0	0	1	325	1	325	4.5e-194	672.5	CM7_69_S49	bsh	bsh
PDHBOMMH_02830	tr|A6BGZ5|A6BGZ5_9FIRM	100	325	0	0	1	325	1	325	4.5e-194	672.5	CM7_69_S49	bsh	bsh
PDHBOMMH_02830	tr|C0EW54|C0EW54_9FIRM	100	325	0	0	1	325	1	325	4.5e-194	672.5	CM7_69_S49	bsh	bsh
PDHBOMMH_02830	tr|A0A844GIR0|A0A844GIR0_9FIRM	99.7	325	1	0	1	325	1	325	5.8e-194	672.2	CM7_69_S49	bsh	bsh
PDHBOMMH_02830	tr|A0A1C6IFT3|A0A1C6IFT3_9FIRM	99.7	325	1	0	1	325	1	325	7.6e-194	671.8	CM7_69_S49	bsh	bsh
PDHBOMMH_02830	tr|A0A6N9LK70|A0A6N9LK70_9FIRM	99.7	325	1	0	1	325	1	325	7.6e-194	671.8	CM7_69_S49	bsh	bsh
PDHBOMMH_02830	tr|A0A1C5RZ46|A0A1C5RZ46_9CLOT	99.7	325	1	0	1	325	1	325	1.3e-193	671	CM7_69_S49	bsh	bsh
PDHBOMMH_02830	tr|A0A1C5TMU3|A0A1C5TMU3_9FIRM	99.7	325	1	0	1	325	1	325	1.3e-193	671	CM7_69_S49	bsh	bsh
PDHBOMMH_02830	tr|A0A1C5VAP5|A0A1C5VAP5_9FIRM	99.7	325	1	0	1	325	1	325	1.3e-193	671	CM7_69_S49	bsh	bsh
PDHBOMMH_02830	tr|A0A373IZI9|A0A373IZI9_9FIRM	99.7	325	1	0	1	325	1	325	1.3e-193	671	CM7_69_S49	bsh	bsh
PDHBOMMH_02830	tr|A0A415HK39|A0A415HK39_9FIRM	99.7	325	1	0	1	325	1	325	1.3e-193	671	CM7_69_S49	bsh	bsh
PDHBOMMH_02830	tr|A0A417R5E7|A0A417R5E7_9FIRM	99.7	325	1	0	1	325	1	325	1.3e-193	671	CM7_69_S49	bsh	bsh
PDHBOMMH_02830	tr|A0A6N3AUL3|A0A6N3AUL3_9FIRM	99.7	325	1	0	1	325	1	325	1.3e-193	671	CM7_69_S49	bsh	bsh
PDHBOMMH_02830	tr|A0A173U973|A0A173U973_9FIRM	99.7	325	1	0	1	325	1	325	1.7e-193	670.6	CM7_69_S49	bsh	bsh
PDHBOMMH_02830	tr|A0A1C5REX8|A0A1C5REX8_9FIRM	99.7	325	1	0	1	325	1	325	1.7e-193	670.6	CM7_69_S49	bsh	bsh
PDHBOMMH_02830	tr|A0A1C5UZX7|A0A1C5UZX7_9CLOT	99.7	325	1	0	1	325	1	325	1.7e-193	670.6	CM7_69_S49	bsh	bsh
PDHBOMMH_02830	tr|A0A1C6AVX0|A0A1C6AVX0_9FIRM	99.7	325	1	0	1	325	1	325	1.7e-193	670.6	CM7_69_S49	bsh	bsh
PDHBOMMH_02830	tr|A0A417CDY8|A0A417CDY8_9FIRM	99.7	325	1	0	1	325	1	325	1.7e-193	670.6	CM7_69_S49	bsh	bsh
PDHBOMMH_02830	tr|A0A564WVE5|A0A564WVE5_9FIRM	99.7	325	1	0	1	325	1	325	1.7e-193	670.6	CM7_69_S49	bsh	bsh
PDHBOMMH_02830	tr|A0A416NLT9|A0A416NLT9_9FIRM	99.7	325	1	0	1	325	1	325	2.2e-193	670.2	CM7_69_S49	bsh	bsh
PDHBOMMH_02830	tr|A0A7G9FVJ0|A0A7G9FVJ0_9FIRM	99.7	325	1	0	1	325	1	325	2.2e-193	670.2	CM7_69_S49	bsh	bsh
PDHBOMMH_02830	tr|L1Q414|L1Q414_ANAHA	99.7	325	1	0	1	325	1	325	2.2e-193	670.2	CM7_69_S49	bsh	bsh
PDHBOMMH_02830	tr|A0A174EB34|A0A174EB34_9FIRM	99.7	325	1	0	1	325	1	325	3.8e-193	669.5	CM7_69_S49	bsh	bsh
PDHBOMMH_02830	tr|A0A174GR10|A0A174GR10_9FIRM	99.7	325	1	0	1	325	1	325	3.8e-193	669.5	CM7_69_S49	bsh	bsh
PDHBOMMH_02830	tr|A0A174V5X0|A0A174V5X0_9FIRM	99.7	325	1	0	1	325	1	325	3.8e-193	669.5	CM7_69_S49	bsh	bsh
PDHBOMMH_02830	tr|A0A3E5E3Y9|A0A3E5E3Y9_9FIRM	99.4	325	2	0	1	325	1	325	3.8e-193	669.5	CM7_69_S49	bsh	bsh
PDHBOMMH_02830	tr|A0A1C5ULN3|A0A1C5ULN3_9FIRM	99.4	325	2	0	1	325	1	325	6.5e-193	668.7	CM7_69_S49	bsh	bsh
PDHBOMMH_02830	tr|A0A1G5FIB9|A0A1G5FIB9_9FIRM	99.4	325	2	0	1	325	1	325	6.5e-193	668.7	CM7_69_S49	bsh	bsh
PDHBOMMH_02830	tr|A0A317UFD6|A0A317UFD6_9FIRM	99.4	325	2	0	1	325	1	325	6.5e-193	668.7	CM7_69_S49	bsh	bsh
PDHBOMMH_02830	tr|A0A367FUZ2|A0A367FUZ2_9FIRM	99.4	325	2	0	1	325	1	325	6.5e-193	668.7	CM7_69_S49	bsh	bsh
PDHBOMMH_02830	tr|A0A3R6FU96|A0A3R6FU96_9FIRM	99.7	325	1	0	1	325	1	325	6.5e-193	668.7	CM7_69_S49	bsh	bsh
PDHBOMMH_02830	tr|A0A3R6X451|A0A3R6X451_9CLOT	99.4	325	2	0	1	325	1	325	6.5e-193	668.7	CM7_69_S49	bsh	bsh
PDHBOMMH_02830	tr|A0A6L8TEI6|A0A6L8TEI6_9FIRM	99.4	325	2	0	1	325	1	325	6.5e-193	668.7	CM7_69_S49	bsh	bsh
PDHBOMMH_02830	tr|A0A942WJN2|A0A942WJN2_9FIRM	99.4	325	2	0	1	325	1	325	6.5e-193	668.7	CM7_69_S49	bsh	bsh
PDHBOMMH_02830	tr|A0A1C5M099|A0A1C5M099_9CLOT	99.4	325	2	0	1	325	1	325	8.4e-193	668.3	CM7_69_S49	bsh	bsh
PDHBOMMH_02830	tr|A0A3R6N0X3|A0A3R6N0X3_9CLOT	99.4	325	2	0	1	325	1	325	8.4e-193	668.3	CM7_69_S49	bsh	bsh
PDHBOMMH_02830	tr|K1RSL9|K1RSL9_9ZZZZ	100	322	0	0	1	322	1	322	3.2e-192	666.4	CM7_69_S49	bsh	bsh
KJGPJFDD_02107	tr|A0A415W1Y4|A0A415W1Y4_9FIRM	99.7	323	1	0	1	323	1	323	5.2e-195	675.6	CM7_88B_S63	bsh	bsh
KJGPJFDD_02107	tr|A0A415Y4A6|A0A415Y4A6_9FIRM	99.7	323	1	0	1	323	1	323	5.2e-195	675.6	CM7_88B_S63	bsh	bsh
KJGPJFDD_02107	tr|A0A417JP01|A0A417JP01_9FIRM	99.7	323	1	0	1	323	1	323	5.2e-195	675.6	CM7_88B_S63	bsh	bsh
KJGPJFDD_02107	tr|A0A417UTY8|A0A417UTY8_9FIRM	99.7	323	1	0	1	323	1	323	5.2e-195	675.6	CM7_88B_S63	bsh	bsh
KJGPJFDD_02107	tr|D4N0V8|D4N0V8_ANAHA	99.7	323	1	0	1	323	1	323	5.2e-195	675.6	CM7_88B_S63	bsh	bsh
KJGPJFDD_02107	tr|A0A6N2RN78|A0A6N2RN78_ANAHA	99.4	323	2	0	1	323	1	323	6.9e-195	675.2	CM7_88B_S63	bsh	bsh
KJGPJFDD_02107	tr|L1QBV1|L1QBV1_ANAHA	99.4	323	2	0	1	323	1	323	1.2e-194	674.5	CM7_88B_S63	bsh	bsh
KJGPJFDD_02107	tr|A0A1Q2CAU9|A0A1Q2CAU9_ANAHA	99.4	323	2	0	1	323	1	323	1.5e-194	674.1	CM7_88B_S63	bsh	bsh
KJGPJFDD_02107	tr|E5VP64|E5VP64_9FIRM	99.4	323	2	0	1	323	1	323	1.5e-194	674.1	CM7_88B_S63	bsh	bsh
KJGPJFDD_02107	tr|R5Z9B8|R5Z9B8_9FIRM	99.4	323	2	0	1	323	1	323	1.5e-194	674.1	CM7_88B_S63	bsh	bsh
KJGPJFDD_02107	tr|A0A174S307|A0A174S307_ANAHA	99.4	323	2	0	1	323	1	323	2e-194	673.7	CM7_88B_S63	bsh	bsh
CKMKKBJN_00521	tr|A0A2N0UR24|A0A2N0UR24_9FIRM	79.1	230	48	0	1	230	116	345	2.4e-109	390.6	GCA_003434455.1_ASM343445v1_genomic	bsh	bsh
OEMKGLFL_00127	tr|A0A173UXL2|A0A173UXL2_ANAHA	99.7	325	1	0	1	325	1	325	2.2e-193	670.2	GCA_008679275.1_ASM867927v1_genomic	bsh	bsh
OEMKGLFL_00127	tr|A0A173V7R5|A0A173V7R5_9FIRM	99.7	325	1	0	1	325	1	325	2.2e-193	670.2	GCA_008679275.1_ASM867927v1_genomic	bsh	bsh
OEMKGLFL_00127	tr|A0A174D8V8|A0A174D8V8_9FIRM	99.7	325	1	0	1	325	1	325	2.2e-193	670.2	GCA_008679275.1_ASM867927v1_genomic	bsh	bsh
OEMKGLFL_00127	tr|A0A174HSI5|A0A174HSI5_9FIRM	99.7	325	1	0	1	325	1	325	2.2e-193	670.2	GCA_008679275.1_ASM867927v1_genomic	bsh	bsh
OEMKGLFL_00127	tr|A0A1C5TTN1|A0A1C5TTN1_9FIRM	99.7	325	1	0	1	325	1	325	2.2e-193	670.2	GCA_008679275.1_ASM867927v1_genomic	bsh	bsh
OEMKGLFL_00127	tr|A0A1C5U7I7|A0A1C5U7I7_9CLOT	99.7	325	1	0	1	325	1	325	2.2e-193	670.2	GCA_008679275.1_ASM867927v1_genomic	bsh	bsh
OEMKGLFL_00127	tr|A0A1C6BVX3|A0A1C6BVX3_9FIRM	99.7	325	1	0	1	325	1	325	2.2e-193	670.2	GCA_008679275.1_ASM867927v1_genomic	bsh	bsh
OEMKGLFL_00127	tr|A0A1C6FXQ7|A0A1C6FXQ7_9FIRM	99.7	325	1	0	1	325	1	325	2.2e-193	670.2	GCA_008679275.1_ASM867927v1_genomic	bsh	bsh
OEMKGLFL_00127	tr|A0A285PRT2|A0A285PRT2_9FIRM	99.7	325	1	0	1	325	1	325	2.2e-193	670.2	GCA_008679275.1_ASM867927v1_genomic	bsh	bsh
OEMKGLFL_00127	tr|A0A373V9R9|A0A373V9R9_9FIRM	99.7	325	1	0	1	325	1	325	2.2e-193	670.2	GCA_008679275.1_ASM867927v1_genomic	bsh	bsh
OEMKGLFL_00127	tr|A0A374AYZ4|A0A374AYZ4_9FIRM	99.7	325	1	0	1	325	1	325	2.2e-193	670.2	GCA_008679275.1_ASM867927v1_genomic	bsh	bsh
OEMKGLFL_00127	tr|A0A3R6DJG5|A0A3R6DJG5_9FIRM	99.7	325	1	0	1	325	1	325	2.2e-193	670.2	GCA_008679275.1_ASM867927v1_genomic	bsh	bsh
OEMKGLFL_00127	tr|A0A412MA68|A0A412MA68_9FIRM	99.7	325	1	0	1	325	1	325	2.2e-193	670.2	GCA_008679275.1_ASM867927v1_genomic	bsh	bsh
OEMKGLFL_00127	tr|A0A415FJV4|A0A415FJV4_9FIRM	99.7	325	1	0	1	325	1	325	2.2e-193	670.2	GCA_008679275.1_ASM867927v1_genomic	bsh	bsh
OEMKGLFL_00127	tr|A0A415VWX2|A0A415VWX2_9FIRM	99.7	325	1	0	1	325	1	325	2.2e-193	670.2	GCA_008679275.1_ASM867927v1_genomic	bsh	bsh
OEMKGLFL_00127	tr|A0A415Y8U9|A0A415Y8U9_9FIRM	99.7	325	1	0	1	325	1	325	2.2e-193	670.2	GCA_008679275.1_ASM867927v1_genomic	bsh	bsh
OEMKGLFL_00127	tr|A0A417C6D6|A0A417C6D6_9FIRM	99.7	325	1	0	1	325	1	325	2.2e-193	670.2	GCA_008679275.1_ASM867927v1_genomic	bsh	bsh
OEMKGLFL_00127	tr|A0A417URI0|A0A417URI0_9FIRM	99.7	325	1	0	1	325	1	325	2.2e-193	670.2	GCA_008679275.1_ASM867927v1_genomic	bsh	bsh
OEMKGLFL_00127	tr|A0A845KWQ3|A0A845KWQ3_9FIRM	99.7	325	1	0	1	325	1	325	2.2e-193	670.2	GCA_008679275.1_ASM867927v1_genomic	bsh	bsh
OEMKGLFL_00127	tr|A5ZWR0|A5ZWR0_9FIRM	99.7	325	1	0	1	325	1	325	2.2e-193	670.2	GCA_008679275.1_ASM867927v1_genomic	bsh	bsh
OEMKGLFL_00127	tr|A6BGZ5|A6BGZ5_9FIRM	99.7	325	1	0	1	325	1	325	2.2e-193	670.2	GCA_008679275.1_ASM867927v1_genomic	bsh	bsh
OEMKGLFL_00127	tr|C0EW54|C0EW54_9FIRM	99.7	325	1	0	1	325	1	325	2.2e-193	670.2	GCA_008679275.1_ASM867927v1_genomic	bsh	bsh
OEMKGLFL_00127	tr|A0A844GIR0|A0A844GIR0_9FIRM	99.4	325	2	0	1	325	1	325	2.9e-193	669.8	GCA_008679275.1_ASM867927v1_genomic	bsh	bsh
OEMKGLFL_00127	tr|A0A1C6IFT3|A0A1C6IFT3_9FIRM	99.4	325	2	0	1	325	1	325	3.8e-193	669.5	GCA_008679275.1_ASM867927v1_genomic	bsh	bsh
OEMKGLFL_00127	tr|A0A6N9LK70|A0A6N9LK70_9FIRM	99.4	325	2	0	1	325	1	325	3.8e-193	669.5	GCA_008679275.1_ASM867927v1_genomic	bsh	bsh
OEMKGLFL_00127	tr|A0A1C5RZ46|A0A1C5RZ46_9CLOT	99.4	325	2	0	1	325	1	325	6.5e-193	668.7	GCA_008679275.1_ASM867927v1_genomic	bsh	bsh
OEMKGLFL_00127	tr|A0A1C5TMU3|A0A1C5TMU3_9FIRM	99.4	325	2	0	1	325	1	325	6.5e-193	668.7	GCA_008679275.1_ASM867927v1_genomic	bsh	bsh
OEMKGLFL_00127	tr|A0A1C5VAP5|A0A1C5VAP5_9FIRM	99.4	325	2	0	1	325	1	325	6.5e-193	668.7	GCA_008679275.1_ASM867927v1_genomic	bsh	bsh
OEMKGLFL_00127	tr|A0A373IZI9|A0A373IZI9_9FIRM	99.4	325	2	0	1	325	1	325	6.5e-193	668.7	GCA_008679275.1_ASM867927v1_genomic	bsh	bsh
OEMKGLFL_00127	tr|A0A415HK39|A0A415HK39_9FIRM	99.4	325	2	0	1	325	1	325	6.5e-193	668.7	GCA_008679275.1_ASM867927v1_genomic	bsh	bsh
OEMKGLFL_00127	tr|A0A417R5E7|A0A417R5E7_9FIRM	99.4	325	2	0	1	325	1	325	6.5e-193	668.7	GCA_008679275.1_ASM867927v1_genomic	bsh	bsh
OEMKGLFL_00127	tr|A0A6N3AUL3|A0A6N3AUL3_9FIRM	99.4	325	2	0	1	325	1	325	6.5e-193	668.7	GCA_008679275.1_ASM867927v1_genomic	bsh	bsh
OEMKGLFL_00127	tr|A0A173U973|A0A173U973_9FIRM	99.4	325	2	0	1	325	1	325	8.4e-193	668.3	GCA_008679275.1_ASM867927v1_genomic	bsh	bsh
OEMKGLFL_00127	tr|A0A1C5REX8|A0A1C5REX8_9FIRM	99.4	325	2	0	1	325	1	325	8.4e-193	668.3	GCA_008679275.1_ASM867927v1_genomic	bsh	bsh
OEMKGLFL_00127	tr|A0A1C5UZX7|A0A1C5UZX7_9CLOT	99.4	325	2	0	1	325	1	325	8.4e-193	668.3	GCA_008679275.1_ASM867927v1_genomic	bsh	bsh
OEMKGLFL_00127	tr|A0A1C6AVX0|A0A1C6AVX0_9FIRM	99.4	325	2	0	1	325	1	325	8.4e-193	668.3	GCA_008679275.1_ASM867927v1_genomic	bsh	bsh
OEMKGLFL_00127	tr|A0A417CDY8|A0A417CDY8_9FIRM	99.4	325	2	0	1	325	1	325	8.4e-193	668.3	GCA_008679275.1_ASM867927v1_genomic	bsh	bsh
OEMKGLFL_00127	tr|A0A564WVE5|A0A564WVE5_9FIRM	99.4	325	2	0	1	325	1	325	8.4e-193	668.3	GCA_008679275.1_ASM867927v1_genomic	bsh	bsh
OEMKGLFL_00127	tr|A0A416NLT9|A0A416NLT9_9FIRM	99.4	325	2	0	1	325	1	325	1.1e-192	667.9	GCA_008679275.1_ASM867927v1_genomic	bsh	bsh
OEMKGLFL_00127	tr|A0A7G9FVJ0|A0A7G9FVJ0_9FIRM	99.4	325	2	0	1	325	1	325	1.1e-192	667.9	GCA_008679275.1_ASM867927v1_genomic	bsh	bsh
OEMKGLFL_00127	tr|L1Q414|L1Q414_ANAHA	99.4	325	2	0	1	325	1	325	1.1e-192	667.9	GCA_008679275.1_ASM867927v1_genomic	bsh	bsh
OEMKGLFL_00127	tr|A0A174EB34|A0A174EB34_9FIRM	99.4	325	2	0	1	325	1	325	1.9e-192	667.2	GCA_008679275.1_ASM867927v1_genomic	bsh	bsh
OEMKGLFL_00127	tr|A0A174GR10|A0A174GR10_9FIRM	99.4	325	2	0	1	325	1	325	1.9e-192	667.2	GCA_008679275.1_ASM867927v1_genomic	bsh	bsh
OEMKGLFL_00127	tr|A0A174V5X0|A0A174V5X0_9FIRM	99.4	325	2	0	1	325	1	325	1.9e-192	667.2	GCA_008679275.1_ASM867927v1_genomic	bsh	bsh
OEMKGLFL_00127	tr|A0A3E5E3Y9|A0A3E5E3Y9_9FIRM	99.1	325	3	0	1	325	1	325	1.9e-192	667.2	GCA_008679275.1_ASM867927v1_genomic	bsh	bsh
OEMKGLFL_00127	tr|A0A1C5ULN3|A0A1C5ULN3_9FIRM	99.1	325	3	0	1	325	1	325	3.2e-192	666.4	GCA_008679275.1_ASM867927v1_genomic	bsh	bsh
OEMKGLFL_00127	tr|A0A1G5FIB9|A0A1G5FIB9_9FIRM	99.1	325	3	0	1	325	1	325	3.2e-192	666.4	GCA_008679275.1_ASM867927v1_genomic	bsh	bsh
OEMKGLFL_00127	tr|A0A317UFD6|A0A317UFD6_9FIRM	99.1	325	3	0	1	325	1	325	3.2e-192	666.4	GCA_008679275.1_ASM867927v1_genomic	bsh	bsh
OEMKGLFL_00127	tr|A0A367FUZ2|A0A367FUZ2_9FIRM	99.1	325	3	0	1	325	1	325	3.2e-192	666.4	GCA_008679275.1_ASM867927v1_genomic	bsh	bsh
OEMKGLFL_00127	tr|A0A3R6FU96|A0A3R6FU96_9FIRM	99.4	325	2	0	1	325	1	325	3.2e-192	666.4	GCA_008679275.1_ASM867927v1_genomic	bsh	bsh
OEMKGLFL_00127	tr|A0A3R6X451|A0A3R6X451_9CLOT	99.1	325	3	0	1	325	1	325	3.2e-192	666.4	GCA_008679275.1_ASM867927v1_genomic	bsh	bsh
OEMKGLFL_00127	tr|A0A6L8TEI6|A0A6L8TEI6_9FIRM	99.1	325	3	0	1	325	1	325	3.2e-192	666.4	GCA_008679275.1_ASM867927v1_genomic	bsh	bsh
OEMKGLFL_00127	tr|A0A942WJN2|A0A942WJN2_9FIRM	99.1	325	3	0	1	325	1	325	3.2e-192	666.4	GCA_008679275.1_ASM867927v1_genomic	bsh	bsh
OEMKGLFL_00127	tr|A0A1C5M099|A0A1C5M099_9CLOT	99.1	325	3	0	1	325	1	325	4.2e-192	666	GCA_008679275.1_ASM867927v1_genomic	bsh	bsh
OEMKGLFL_00127	tr|A0A3R6N0X3|A0A3R6N0X3_9CLOT	99.1	325	3	0	1	325	1	325	4.2e-192	666	GCA_008679275.1_ASM867927v1_genomic	bsh	bsh
OEMKGLFL_00127	tr|K1RSL9|K1RSL9_9ZZZZ	99.7	322	1	0	1	322	1	322	1.6e-191	664.1	GCA_008679275.1_ASM867927v1_genomic	bsh	bsh
OEMKGLFL_00247	tr|A0A415W1Y4|A0A415W1Y4_9FIRM	100	323	0	0	1	323	1	323	2.4e-195	676.8	GCA_008679275.1_ASM867927v1_genomic	bsh	bsh
OEMKGLFL_00247	tr|A0A415Y4A6|A0A415Y4A6_9FIRM	100	323	0	0	1	323	1	323	2.4e-195	676.8	GCA_008679275.1_ASM867927v1_genomic	bsh	bsh
OEMKGLFL_00247	tr|A0A417JP01|A0A417JP01_9FIRM	100	323	0	0	1	323	1	323	2.4e-195	676.8	GCA_008679275.1_ASM867927v1_genomic	bsh	bsh
OEMKGLFL_00247	tr|A0A417UTY8|A0A417UTY8_9FIRM	100	323	0	0	1	323	1	323	2.4e-195	676.8	GCA_008679275.1_ASM867927v1_genomic	bsh	bsh
OEMKGLFL_00247	tr|D4N0V8|D4N0V8_ANAHA	100	323	0	0	1	323	1	323	2.4e-195	676.8	GCA_008679275.1_ASM867927v1_genomic	bsh	bsh
OEMKGLFL_00247	tr|A0A6N2RN78|A0A6N2RN78_ANAHA	99.7	323	1	0	1	323	1	323	3.1e-195	676.4	GCA_008679275.1_ASM867927v1_genomic	bsh	bsh
OEMKGLFL_00247	tr|L1QBV1|L1QBV1_ANAHA	99.7	323	1	0	1	323	1	323	5.2e-195	675.6	GCA_008679275.1_ASM867927v1_genomic	bsh	bsh
OEMKGLFL_00247	tr|A0A1Q2CAU9|A0A1Q2CAU9_ANAHA	99.7	323	1	0	1	323	1	323	6.9e-195	675.2	GCA_008679275.1_ASM867927v1_genomic	bsh	bsh
OEMKGLFL_00247	tr|E5VP64|E5VP64_9FIRM	99.7	323	1	0	1	323	1	323	6.9e-195	675.2	GCA_008679275.1_ASM867927v1_genomic	bsh	bsh
OEMKGLFL_00247	tr|R5Z9B8|R5Z9B8_9FIRM	99.7	323	1	0	1	323	1	323	6.9e-195	675.2	GCA_008679275.1_ASM867927v1_genomic	bsh	bsh
OEMKGLFL_00247	tr|A0A174S307|A0A174S307_ANAHA	99.7	323	1	0	1	323	1	323	8.9e-195	674.9	GCA_008679275.1_ASM867927v1_genomic	bsh	bsh
GGHJLOIC_01271	tr|A0A415W1Y4|A0A415W1Y4_9FIRM	100	323	0	0	1	323	1	323	2.4e-195	676.8	GCA_008680515.1_ASM868051v1_genomic	bsh	bsh
GGHJLOIC_01271	tr|A0A415Y4A6|A0A415Y4A6_9FIRM	100	323	0	0	1	323	1	323	2.4e-195	676.8	GCA_008680515.1_ASM868051v1_genomic	bsh	bsh
GGHJLOIC_01271	tr|A0A417JP01|A0A417JP01_9FIRM	100	323	0	0	1	323	1	323	2.4e-195	676.8	GCA_008680515.1_ASM868051v1_genomic	bsh	bsh
GGHJLOIC_01271	tr|A0A417UTY8|A0A417UTY8_9FIRM	100	323	0	0	1	323	1	323	2.4e-195	676.8	GCA_008680515.1_ASM868051v1_genomic	bsh	bsh
GGHJLOIC_01271	tr|D4N0V8|D4N0V8_ANAHA	100	323	0	0	1	323	1	323	2.4e-195	676.8	GCA_008680515.1_ASM868051v1_genomic	bsh	bsh
GGHJLOIC_01271	tr|A0A6N2RN78|A0A6N2RN78_ANAHA	99.7	323	1	0	1	323	1	323	3.1e-195	676.4	GCA_008680515.1_ASM868051v1_genomic	bsh	bsh
GGHJLOIC_01271	tr|L1QBV1|L1QBV1_ANAHA	99.7	323	1	0	1	323	1	323	5.2e-195	675.6	GCA_008680515.1_ASM868051v1_genomic	bsh	bsh
GGHJLOIC_01271	tr|A0A1Q2CAU9|A0A1Q2CAU9_ANAHA	99.7	323	1	0	1	323	1	323	6.9e-195	675.2	GCA_008680515.1_ASM868051v1_genomic	bsh	bsh
GGHJLOIC_01271	tr|E5VP64|E5VP64_9FIRM	99.7	323	1	0	1	323	1	323	6.9e-195	675.2	GCA_008680515.1_ASM868051v1_genomic	bsh	bsh
GGHJLOIC_01271	tr|R5Z9B8|R5Z9B8_9FIRM	99.7	323	1	0	1	323	1	323	6.9e-195	675.2	GCA_008680515.1_ASM868051v1_genomic	bsh	bsh
GGHJLOIC_01271	tr|A0A174S307|A0A174S307_ANAHA	99.7	323	1	0	1	323	1	323	8.9e-195	674.9	GCA_008680515.1_ASM868051v1_genomic	bsh	bsh
OHGBJBEB_02484	tr|A0A415W1Y4|A0A415W1Y4_9FIRM	100	323	0	0	1	323	1	323	2.4e-195	676.8	GCA_008680995.1_ASM868099v1_genomic	bsh	bsh
OHGBJBEB_02484	tr|A0A415Y4A6|A0A415Y4A6_9FIRM	100	323	0	0	1	323	1	323	2.4e-195	676.8	GCA_008680995.1_ASM868099v1_genomic	bsh	bsh
OHGBJBEB_02484	tr|A0A417JP01|A0A417JP01_9FIRM	100	323	0	0	1	323	1	323	2.4e-195	676.8	GCA_008680995.1_ASM868099v1_genomic	bsh	bsh
OHGBJBEB_02484	tr|A0A417UTY8|A0A417UTY8_9FIRM	100	323	0	0	1	323	1	323	2.4e-195	676.8	GCA_008680995.1_ASM868099v1_genomic	bsh	bsh
OHGBJBEB_02484	tr|D4N0V8|D4N0V8_ANAHA	100	323	0	0	1	323	1	323	2.4e-195	676.8	GCA_008680995.1_ASM868099v1_genomic	bsh	bsh
OHGBJBEB_02484	tr|A0A6N2RN78|A0A6N2RN78_ANAHA	99.7	323	1	0	1	323	1	323	3.1e-195	676.4	GCA_008680995.1_ASM868099v1_genomic	bsh	bsh
OHGBJBEB_02484	tr|L1QBV1|L1QBV1_ANAHA	99.7	323	1	0	1	323	1	323	5.2e-195	675.6	GCA_008680995.1_ASM868099v1_genomic	bsh	bsh
OHGBJBEB_02484	tr|A0A1Q2CAU9|A0A1Q2CAU9_ANAHA	99.7	323	1	0	1	323	1	323	6.9e-195	675.2	GCA_008680995.1_ASM868099v1_genomic	bsh	bsh
OHGBJBEB_02484	tr|E5VP64|E5VP64_9FIRM	99.7	323	1	0	1	323	1	323	6.9e-195	675.2	GCA_008680995.1_ASM868099v1_genomic	bsh	bsh
OHGBJBEB_02484	tr|R5Z9B8|R5Z9B8_9FIRM	99.7	323	1	0	1	323	1	323	6.9e-195	675.2	GCA_008680995.1_ASM868099v1_genomic	bsh	bsh
OHGBJBEB_02484	tr|A0A174S307|A0A174S307_ANAHA	99.7	323	1	0	1	323	1	323	8.9e-195	674.9	GCA_008680995.1_ASM868099v1_genomic	bsh	bsh
HKCIDIBD_01154	tr|A0A415W1Y4|A0A415W1Y4_9FIRM	99.4	323	2	0	1	323	1	323	3.4e-194	672.9	GCA_014866065.1_ASM1486606v1_genomic	bsh	bsh
HKCIDIBD_01154	tr|A0A415Y4A6|A0A415Y4A6_9FIRM	99.4	323	2	0	1	323	1	323	3.4e-194	672.9	GCA_014866065.1_ASM1486606v1_genomic	bsh	bsh
HKCIDIBD_01154	tr|A0A417JP01|A0A417JP01_9FIRM	99.4	323	2	0	1	323	1	323	3.4e-194	672.9	GCA_014866065.1_ASM1486606v1_genomic	bsh	bsh
HKCIDIBD_01154	tr|A0A417UTY8|A0A417UTY8_9FIRM	99.4	323	2	0	1	323	1	323	3.4e-194	672.9	GCA_014866065.1_ASM1486606v1_genomic	bsh	bsh
HKCIDIBD_01154	tr|D4N0V8|D4N0V8_ANAHA	99.4	323	2	0	1	323	1	323	3.4e-194	672.9	GCA_014866065.1_ASM1486606v1_genomic	bsh	bsh
HKCIDIBD_01154	tr|A0A6N2RN78|A0A6N2RN78_ANAHA	99.1	323	3	0	1	323	1	323	4.4e-194	672.5	GCA_014866065.1_ASM1486606v1_genomic	bsh	bsh
HKCIDIBD_01154	tr|L1QBV1|L1QBV1_ANAHA	99.1	323	3	0	1	323	1	323	7.6e-194	671.8	GCA_014866065.1_ASM1486606v1_genomic	bsh	bsh
HKCIDIBD_01154	tr|A0A1Q2CAU9|A0A1Q2CAU9_ANAHA	99.1	323	3	0	1	323	1	323	9.9e-194	671.4	GCA_014866065.1_ASM1486606v1_genomic	bsh	bsh
HKCIDIBD_01154	tr|E5VP64|E5VP64_9FIRM	99.1	323	3	0	1	323	1	323	9.9e-194	671.4	GCA_014866065.1_ASM1486606v1_genomic	bsh	bsh
HKCIDIBD_01154	tr|R5Z9B8|R5Z9B8_9FIRM	99.1	323	3	0	1	323	1	323	9.9e-194	671.4	GCA_014866065.1_ASM1486606v1_genomic	bsh	bsh
HKCIDIBD_01154	tr|A0A174S307|A0A174S307_ANAHA	99.1	323	3	0	1	323	1	323	1.3e-193	671	GCA_014866065.1_ASM1486606v1_genomic	bsh	bsh
GOAADOEK_01732	tr|A0A415W1Y4|A0A415W1Y4_9FIRM	100	323	0	0	1	323	1	323	2.4e-195	676.8	GCA_017850655.1_ASM1785065v1_genomic	bsh	bsh
GOAADOEK_01732	tr|A0A415Y4A6|A0A415Y4A6_9FIRM	100	323	0	0	1	323	1	323	2.4e-195	676.8	GCA_017850655.1_ASM1785065v1_genomic	bsh	bsh
GOAADOEK_01732	tr|A0A417JP01|A0A417JP01_9FIRM	100	323	0	0	1	323	1	323	2.4e-195	676.8	GCA_017850655.1_ASM1785065v1_genomic	bsh	bsh
GOAADOEK_01732	tr|A0A417UTY8|A0A417UTY8_9FIRM	100	323	0	0	1	323	1	323	2.4e-195	676.8	GCA_017850655.1_ASM1785065v1_genomic	bsh	bsh
GOAADOEK_01732	tr|D4N0V8|D4N0V8_ANAHA	100	323	0	0	1	323	1	323	2.4e-195	676.8	GCA_017850655.1_ASM1785065v1_genomic	bsh	bsh
GOAADOEK_01732	tr|A0A6N2RN78|A0A6N2RN78_ANAHA	99.7	323	1	0	1	323	1	323	3.1e-195	676.4	GCA_017850655.1_ASM1785065v1_genomic	bsh	bsh
GOAADOEK_01732	tr|L1QBV1|L1QBV1_ANAHA	99.7	323	1	0	1	323	1	323	5.2e-195	675.6	GCA_017850655.1_ASM1785065v1_genomic	bsh	bsh
GOAADOEK_01732	tr|A0A1Q2CAU9|A0A1Q2CAU9_ANAHA	99.7	323	1	0	1	323	1	323	6.9e-195	675.2	GCA_017850655.1_ASM1785065v1_genomic	bsh	bsh
GOAADOEK_01732	tr|E5VP64|E5VP64_9FIRM	99.7	323	1	0	1	323	1	323	6.9e-195	675.2	GCA_017850655.1_ASM1785065v1_genomic	bsh	bsh
GOAADOEK_01732	tr|R5Z9B8|R5Z9B8_9FIRM	99.7	323	1	0	1	323	1	323	6.9e-195	675.2	GCA_017850655.1_ASM1785065v1_genomic	bsh	bsh
GOAADOEK_01732	tr|A0A174S307|A0A174S307_ANAHA	99.7	323	1	0	1	323	1	323	8.9e-195	674.9	GCA_017850655.1_ASM1785065v1_genomic	bsh	bsh
GOAADOEK_01834	tr|A0A173UXL2|A0A173UXL2_ANAHA	100	325	0	0	1	325	1	325	4.5e-194	672.5	GCA_017850655.1_ASM1785065v1_genomic	bsh	bsh
GOAADOEK_01834	tr|A0A173V7R5|A0A173V7R5_9FIRM	100	325	0	0	1	325	1	325	4.5e-194	672.5	GCA_017850655.1_ASM1785065v1_genomic	bsh	bsh
GOAADOEK_01834	tr|A0A174D8V8|A0A174D8V8_9FIRM	100	325	0	0	1	325	1	325	4.5e-194	672.5	GCA_017850655.1_ASM1785065v1_genomic	bsh	bsh
GOAADOEK_01834	tr|A0A174HSI5|A0A174HSI5_9FIRM	100	325	0	0	1	325	1	325	4.5e-194	672.5	GCA_017850655.1_ASM1785065v1_genomic	bsh	bsh
GOAADOEK_01834	tr|A0A1C5TTN1|A0A1C5TTN1_9FIRM	100	325	0	0	1	325	1	325	4.5e-194	672.5	GCA_017850655.1_ASM1785065v1_genomic	bsh	bsh
GOAADOEK_01834	tr|A0A1C5U7I7|A0A1C5U7I7_9CLOT	100	325	0	0	1	325	1	325	4.5e-194	672.5	GCA_017850655.1_ASM1785065v1_genomic	bsh	bsh
GOAADOEK_01834	tr|A0A1C6BVX3|A0A1C6BVX3_9FIRM	100	325	0	0	1	325	1	325	4.5e-194	672.5	GCA_017850655.1_ASM1785065v1_genomic	bsh	bsh
GOAADOEK_01834	tr|A0A1C6FXQ7|A0A1C6FXQ7_9FIRM	100	325	0	0	1	325	1	325	4.5e-194	672.5	GCA_017850655.1_ASM1785065v1_genomic	bsh	bsh
GOAADOEK_01834	tr|A0A285PRT2|A0A285PRT2_9FIRM	100	325	0	0	1	325	1	325	4.5e-194	672.5	GCA_017850655.1_ASM1785065v1_genomic	bsh	bsh
GOAADOEK_01834	tr|A0A373V9R9|A0A373V9R9_9FIRM	100	325	0	0	1	325	1	325	4.5e-194	672.5	GCA_017850655.1_ASM1785065v1_genomic	bsh	bsh
GOAADOEK_01834	tr|A0A374AYZ4|A0A374AYZ4_9FIRM	100	325	0	0	1	325	1	325	4.5e-194	672.5	GCA_017850655.1_ASM1785065v1_genomic	bsh	bsh
GOAADOEK_01834	tr|A0A3R6DJG5|A0A3R6DJG5_9FIRM	100	325	0	0	1	325	1	325	4.5e-194	672.5	GCA_017850655.1_ASM1785065v1_genomic	bsh	bsh
GOAADOEK_01834	tr|A0A412MA68|A0A412MA68_9FIRM	100	325	0	0	1	325	1	325	4.5e-194	672.5	GCA_017850655.1_ASM1785065v1_genomic	bsh	bsh
GOAADOEK_01834	tr|A0A415FJV4|A0A415FJV4_9FIRM	100	325	0	0	1	325	1	325	4.5e-194	672.5	GCA_017850655.1_ASM1785065v1_genomic	bsh	bsh
GOAADOEK_01834	tr|A0A415VWX2|A0A415VWX2_9FIRM	100	325	0	0	1	325	1	325	4.5e-194	672.5	GCA_017850655.1_ASM1785065v1_genomic	bsh	bsh
GOAADOEK_01834	tr|A0A415Y8U9|A0A415Y8U9_9FIRM	100	325	0	0	1	325	1	325	4.5e-194	672.5	GCA_017850655.1_ASM1785065v1_genomic	bsh	bsh
GOAADOEK_01834	tr|A0A417C6D6|A0A417C6D6_9FIRM	100	325	0	0	1	325	1	325	4.5e-194	672.5	GCA_017850655.1_ASM1785065v1_genomic	bsh	bsh
GOAADOEK_01834	tr|A0A417URI0|A0A417URI0_9FIRM	100	325	0	0	1	325	1	325	4.5e-194	672.5	GCA_017850655.1_ASM1785065v1_genomic	bsh	bsh
GOAADOEK_01834	tr|A0A845KWQ3|A0A845KWQ3_9FIRM	100	325	0	0	1	325	1	325	4.5e-194	672.5	GCA_017850655.1_ASM1785065v1_genomic	bsh	bsh
GOAADOEK_01834	tr|A5ZWR0|A5ZWR0_9FIRM	100	325	0	0	1	325	1	325	4.5e-194	672.5	GCA_017850655.1_ASM1785065v1_genomic	bsh	bsh
GOAADOEK_01834	tr|A6BGZ5|A6BGZ5_9FIRM	100	325	0	0	1	325	1	325	4.5e-194	672.5	GCA_017850655.1_ASM1785065v1_genomic	bsh	bsh
GOAADOEK_01834	tr|C0EW54|C0EW54_9FIRM	100	325	0	0	1	325	1	325	4.5e-194	672.5	GCA_017850655.1_ASM1785065v1_genomic	bsh	bsh
GOAADOEK_01834	tr|A0A844GIR0|A0A844GIR0_9FIRM	99.7	325	1	0	1	325	1	325	5.8e-194	672.2	GCA_017850655.1_ASM1785065v1_genomic	bsh	bsh
GOAADOEK_01834	tr|A0A1C6IFT3|A0A1C6IFT3_9FIRM	99.7	325	1	0	1	325	1	325	7.6e-194	671.8	GCA_017850655.1_ASM1785065v1_genomic	bsh	bsh
GOAADOEK_01834	tr|A0A6N9LK70|A0A6N9LK70_9FIRM	99.7	325	1	0	1	325	1	325	7.6e-194	671.8	GCA_017850655.1_ASM1785065v1_genomic	bsh	bsh
GOAADOEK_01834	tr|A0A1C5RZ46|A0A1C5RZ46_9CLOT	99.7	325	1	0	1	325	1	325	1.3e-193	671	GCA_017850655.1_ASM1785065v1_genomic	bsh	bsh
GOAADOEK_01834	tr|A0A1C5TMU3|A0A1C5TMU3_9FIRM	99.7	325	1	0	1	325	1	325	1.3e-193	671	GCA_017850655.1_ASM1785065v1_genomic	bsh	bsh
GOAADOEK_01834	tr|A0A1C5VAP5|A0A1C5VAP5_9FIRM	99.7	325	1	0	1	325	1	325	1.3e-193	671	GCA_017850655.1_ASM1785065v1_genomic	bsh	bsh
GOAADOEK_01834	tr|A0A373IZI9|A0A373IZI9_9FIRM	99.7	325	1	0	1	325	1	325	1.3e-193	671	GCA_017850655.1_ASM1785065v1_genomic	bsh	bsh
GOAADOEK_01834	tr|A0A415HK39|A0A415HK39_9FIRM	99.7	325	1	0	1	325	1	325	1.3e-193	671	GCA_017850655.1_ASM1785065v1_genomic	bsh	bsh
GOAADOEK_01834	tr|A0A417R5E7|A0A417R5E7_9FIRM	99.7	325	1	0	1	325	1	325	1.3e-193	671	GCA_017850655.1_ASM1785065v1_genomic	bsh	bsh
GOAADOEK_01834	tr|A0A6N3AUL3|A0A6N3AUL3_9FIRM	99.7	325	1	0	1	325	1	325	1.3e-193	671	GCA_017850655.1_ASM1785065v1_genomic	bsh	bsh
GOAADOEK_01834	tr|A0A173U973|A0A173U973_9FIRM	99.7	325	1	0	1	325	1	325	1.7e-193	670.6	GCA_017850655.1_ASM1785065v1_genomic	bsh	bsh
GOAADOEK_01834	tr|A0A1C5REX8|A0A1C5REX8_9FIRM	99.7	325	1	0	1	325	1	325	1.7e-193	670.6	GCA_017850655.1_ASM1785065v1_genomic	bsh	bsh
GOAADOEK_01834	tr|A0A1C5UZX7|A0A1C5UZX7_9CLOT	99.7	325	1	0	1	325	1	325	1.7e-193	670.6	GCA_017850655.1_ASM1785065v1_genomic	bsh	bsh
GOAADOEK_01834	tr|A0A1C6AVX0|A0A1C6AVX0_9FIRM	99.7	325	1	0	1	325	1	325	1.7e-193	670.6	GCA_017850655.1_ASM1785065v1_genomic	bsh	bsh
GOAADOEK_01834	tr|A0A417CDY8|A0A417CDY8_9FIRM	99.7	325	1	0	1	325	1	325	1.7e-193	670.6	GCA_017850655.1_ASM1785065v1_genomic	bsh	bsh
GOAADOEK_01834	tr|A0A564WVE5|A0A564WVE5_9FIRM	99.7	325	1	0	1	325	1	325	1.7e-193	670.6	GCA_017850655.1_ASM1785065v1_genomic	bsh	bsh
GOAADOEK_01834	tr|A0A416NLT9|A0A416NLT9_9FIRM	99.7	325	1	0	1	325	1	325	2.2e-193	670.2	GCA_017850655.1_ASM1785065v1_genomic	bsh	bsh
GOAADOEK_01834	tr|A0A7G9FVJ0|A0A7G9FVJ0_9FIRM	99.7	325	1	0	1	325	1	325	2.2e-193	670.2	GCA_017850655.1_ASM1785065v1_genomic	bsh	bsh
GOAADOEK_01834	tr|L1Q414|L1Q414_ANAHA	99.7	325	1	0	1	325	1	325	2.2e-193	670.2	GCA_017850655.1_ASM1785065v1_genomic	bsh	bsh
GOAADOEK_01834	tr|A0A174EB34|A0A174EB34_9FIRM	99.7	325	1	0	1	325	1	325	3.8e-193	669.5	GCA_017850655.1_ASM1785065v1_genomic	bsh	bsh
GOAADOEK_01834	tr|A0A174GR10|A0A174GR10_9FIRM	99.7	325	1	0	1	325	1	325	3.8e-193	669.5	GCA_017850655.1_ASM1785065v1_genomic	bsh	bsh
GOAADOEK_01834	tr|A0A174V5X0|A0A174V5X0_9FIRM	99.7	325	1	0	1	325	1	325	3.8e-193	669.5	GCA_017850655.1_ASM1785065v1_genomic	bsh	bsh
GOAADOEK_01834	tr|A0A3E5E3Y9|A0A3E5E3Y9_9FIRM	99.4	325	2	0	1	325	1	325	3.8e-193	669.5	GCA_017850655.1_ASM1785065v1_genomic	bsh	bsh
GOAADOEK_01834	tr|A0A1C5ULN3|A0A1C5ULN3_9FIRM	99.4	325	2	0	1	325	1	325	6.5e-193	668.7	GCA_017850655.1_ASM1785065v1_genomic	bsh	bsh
GOAADOEK_01834	tr|A0A1G5FIB9|A0A1G5FIB9_9FIRM	99.4	325	2	0	1	325	1	325	6.5e-193	668.7	GCA_017850655.1_ASM1785065v1_genomic	bsh	bsh
GOAADOEK_01834	tr|A0A317UFD6|A0A317UFD6_9FIRM	99.4	325	2	0	1	325	1	325	6.5e-193	668.7	GCA_017850655.1_ASM1785065v1_genomic	bsh	bsh
GOAADOEK_01834	tr|A0A367FUZ2|A0A367FUZ2_9FIRM	99.4	325	2	0	1	325	1	325	6.5e-193	668.7	GCA_017850655.1_ASM1785065v1_genomic	bsh	bsh
GOAADOEK_01834	tr|A0A3R6FU96|A0A3R6FU96_9FIRM	99.7	325	1	0	1	325	1	325	6.5e-193	668.7	GCA_017850655.1_ASM1785065v1_genomic	bsh	bsh
GOAADOEK_01834	tr|A0A3R6X451|A0A3R6X451_9CLOT	99.4	325	2	0	1	325	1	325	6.5e-193	668.7	GCA_017850655.1_ASM1785065v1_genomic	bsh	bsh
GOAADOEK_01834	tr|A0A6L8TEI6|A0A6L8TEI6_9FIRM	99.4	325	2	0	1	325	1	325	6.5e-193	668.7	GCA_017850655.1_ASM1785065v1_genomic	bsh	bsh
GOAADOEK_01834	tr|A0A942WJN2|A0A942WJN2_9FIRM	99.4	325	2	0	1	325	1	325	6.5e-193	668.7	GCA_017850655.1_ASM1785065v1_genomic	bsh	bsh
GOAADOEK_01834	tr|A0A1C5M099|A0A1C5M099_9CLOT	99.4	325	2	0	1	325	1	325	8.4e-193	668.3	GCA_017850655.1_ASM1785065v1_genomic	bsh	bsh
GOAADOEK_01834	tr|A0A3R6N0X3|A0A3R6N0X3_9CLOT	99.4	325	2	0	1	325	1	325	8.4e-193	668.3	GCA_017850655.1_ASM1785065v1_genomic	bsh	bsh
GOAADOEK_01834	tr|K1RSL9|K1RSL9_9ZZZZ	100	322	0	0	1	322	1	322	3.2e-192	666.4	GCA_017850655.1_ASM1785065v1_genomic	bsh	bsh
GOAADOEK_02608	tr|A0A087AZ12|A0A087AZ12_BIFLN	100	317	0	0	1	317	1	317	1.3e-190	661	GCA_017850655.1_ASM1785065v1_genomic	bsh	bsh
GOAADOEK_02608	tr|A0A0L7BQE9|A0A0L7BQE9_BIFBR	100	317	0	0	1	317	1	317	1.3e-190	661	GCA_017850655.1_ASM1785065v1_genomic	bsh	bsh
GOAADOEK_02608	tr|A0A0L7CW47|A0A0L7CW47_BIFBR	100	317	0	0	1	317	1	317	1.3e-190	661	GCA_017850655.1_ASM1785065v1_genomic	bsh	bsh
GOAADOEK_02608	tr|A0A0M3TJT0|A0A0M3TJT0_BIFLN	100	317	0	0	1	317	1	317	1.3e-190	661	GCA_017850655.1_ASM1785065v1_genomic	bsh	bsh
GOAADOEK_02608	tr|A0A2N6TU17|A0A2N6TU17_BIFBR	100	317	0	0	1	317	1	317	1.3e-190	661	GCA_017850655.1_ASM1785065v1_genomic	bsh	bsh
GOAADOEK_02608	tr|A0AA87IE42|A0AA87IE42_BIFLN	100	317	0	0	1	317	1	317	1.3e-190	661	GCA_017850655.1_ASM1785065v1_genomic	bsh	bsh
GOAADOEK_02608	tr|B3DS63|B3DS63_BIFLD	100	317	0	0	1	317	1	317	1.3e-190	661	GCA_017850655.1_ASM1785065v1_genomic	bsh	bsh
GOAADOEK_02608	tr|C5EAY9|C5EAY9_BIFLI	100	317	0	0	1	317	1	317	1.3e-190	661	GCA_017850655.1_ASM1785065v1_genomic	bsh	bsh
GOAADOEK_02608	tr|Q8G653|Q8G653_BIFLO	100	317	0	0	1	317	1	317	1.3e-190	661	GCA_017850655.1_ASM1785065v1_genomic	bsh	bsh
GOAADOEK_02608	tr|R5MWY7|R5MWY7_BIFLN	100	317	0	0	1	317	1	317	1.3e-190	661	GCA_017850655.1_ASM1785065v1_genomic	bsh	bsh
GOAADOEK_02608	tr|R6GL06|R6GL06_BIFBI	100	317	0	0	1	317	1	317	1.3e-190	661	GCA_017850655.1_ASM1785065v1_genomic	bsh	bsh
GOAADOEK_02608	tr|W6F900|W6F900_BIFBR	100	317	0	0	1	317	1	317	1.3e-190	661	GCA_017850655.1_ASM1785065v1_genomic	bsh	bsh
GOAADOEK_02608	sp|Q9KK62|CBH_BIFLN	99.7	317	1	0	1	317	1	317	3.8e-190	659.4	GCA_017850655.1_ASM1785065v1_genomic	bsh	bsh
GOAADOEK_02608	tr|A0A0A1GNM5|A0A0A1GNM5_BIFLN	99.7	317	1	0	1	317	1	317	3.8e-190	659.4	GCA_017850655.1_ASM1785065v1_genomic	bsh	bsh
GOAADOEK_02608	tr|A0A4R0SBQ2|A0A4R0SBQ2_BIFLN	99.7	317	1	0	1	317	1	317	3.8e-190	659.4	GCA_017850655.1_ASM1785065v1_genomic	bsh	bsh
GOAADOEK_02608	tr|A0A4R0TC57|A0A4R0TC57_BIFLN	99.7	317	1	0	1	317	1	317	3.8e-190	659.4	GCA_017850655.1_ASM1785065v1_genomic	bsh	bsh
GOAADOEK_02608	tr|A0A4R0U1X2|A0A4R0U1X2_BIFLN	99.7	317	1	0	1	317	1	317	3.8e-190	659.4	GCA_017850655.1_ASM1785065v1_genomic	bsh	bsh
GOAADOEK_02608	tr|A0A4R0V6Y8|A0A4R0V6Y8_BIFLN	99.7	317	1	0	1	317	1	317	3.8e-190	659.4	GCA_017850655.1_ASM1785065v1_genomic	bsh	bsh
GOAADOEK_02608	tr|A0A0L0LT95|A0A0L0LT95_BIFBR	99.7	317	1	0	1	317	1	317	5e-190	659.1	GCA_017850655.1_ASM1785065v1_genomic	bsh	bsh
GOAADOEK_02608	tr|A0A0L7AX86|A0A0L7AX86_BIFBR	99.7	317	1	0	1	317	1	317	5e-190	659.1	GCA_017850655.1_ASM1785065v1_genomic	bsh	bsh
GOAADOEK_02608	tr|A0A133LEY1|A0A133LEY1_BIFLN	99.7	317	1	0	1	317	18	334	5e-190	659.1	GCA_017850655.1_ASM1785065v1_genomic	bsh	bsh
GOAADOEK_02608	tr|A0A2K9AHA9|A0A2K9AHA9_BIFBR	99.7	317	1	0	1	317	18	334	5e-190	659.1	GCA_017850655.1_ASM1785065v1_genomic	bsh	bsh
GOAADOEK_02608	tr|A0A4S5BBQ1|A0A4S5BBQ1_BIFLI	99.7	317	1	0	1	317	1	317	5e-190	659.1	GCA_017850655.1_ASM1785065v1_genomic	bsh	bsh
GOAADOEK_02608	tr|A0A855GEJ2|A0A855GEJ2_BIFLN	99.7	317	1	0	1	317	1	317	5e-190	659.1	GCA_017850655.1_ASM1785065v1_genomic	bsh	bsh
GOAADOEK_02608	tr|C2GX43|C2GX43_BIFLN	99.7	317	1	0	1	317	18	334	5e-190	659.1	GCA_017850655.1_ASM1785065v1_genomic	bsh	bsh
GOAADOEK_02608	tr|D4BPE8|D4BPE8_BIFBR	99.7	317	1	0	1	317	18	334	5e-190	659.1	GCA_017850655.1_ASM1785065v1_genomic	bsh	bsh
GOAADOEK_02608	tr|S3AFR8|S3AFR8_BIFBR	99.7	317	1	0	1	317	1	317	5e-190	659.1	GCA_017850655.1_ASM1785065v1_genomic	bsh	bsh
GOAADOEK_02608	tr|A0A133KV98|A0A133KV98_BIFBR	99.4	317	2	0	1	317	18	334	6.5e-190	658.7	GCA_017850655.1_ASM1785065v1_genomic	bsh	bsh
GOAADOEK_02608	tr|A0A2K9B3X8|A0A2K9B3X8_BIFBR	99.4	317	2	0	1	317	1	317	6.5e-190	658.7	GCA_017850655.1_ASM1785065v1_genomic	bsh	bsh
GOAADOEK_02608	tr|A0A6I2T387|A0A6I2T387_9BIFI	99.4	317	2	0	1	317	1	317	6.5e-190	658.7	GCA_017850655.1_ASM1785065v1_genomic	bsh	bsh
GOAADOEK_02608	tr|A0AA45PA56|A0AA45PA56_BIFLN	99.7	317	1	0	1	317	1	317	8.5e-190	658.3	GCA_017850655.1_ASM1785065v1_genomic	bsh	bsh
GOAADOEK_02608	tr|A0A2N0SQS3|A0A2N0SQS3_BIFLN	99.7	317	1	0	1	317	1	317	1.1e-189	657.9	GCA_017850655.1_ASM1785065v1_genomic	bsh	bsh
GOAADOEK_02608	tr|A0A0L7C7L3|A0A0L7C7L3_BIFBR	99.4	317	2	0	1	317	1	317	1.5e-189	657.5	GCA_017850655.1_ASM1785065v1_genomic	bsh	bsh
GOAADOEK_02608	tr|A0A4R0SIY0|A0A4R0SIY0_BIFLN	99.7	317	1	0	1	317	1	317	1.5e-189	657.5	GCA_017850655.1_ASM1785065v1_genomic	bsh	bsh
GOAADOEK_02608	tr|A0A2K9BKC3|A0A2K9BKC3_BIFBR	99.4	317	2	0	1	317	1	317	2.5e-189	656.8	GCA_017850655.1_ASM1785065v1_genomic	bsh	bsh
GOAADOEK_02608	tr|A0A4T0UI03|A0A4T0UI03_BIFLI	99.4	317	2	0	1	317	1	317	2.5e-189	656.8	GCA_017850655.1_ASM1785065v1_genomic	bsh	bsh
GOAADOEK_02608	tr|A0A087BL81|A0A087BL81_BIFLN	99.4	317	2	0	1	317	1	317	3.2e-189	656.4	GCA_017850655.1_ASM1785065v1_genomic	bsh	bsh
GOAADOEK_02608	tr|A0A564S0A5|A0A564S0A5_BIFLI	99.1	317	3	0	1	317	1	317	3.2e-189	656.4	GCA_017850655.1_ASM1785065v1_genomic	bsh	bsh
GOAADOEK_02608	tr|A0A7G9BD78|A0A7G9BD78_BIFLN	99.4	317	2	0	1	317	1	317	3.2e-189	656.4	GCA_017850655.1_ASM1785065v1_genomic	bsh	bsh
GOAADOEK_02608	tr|A0A837U229|A0A837U229_BIFLN	99.4	317	2	0	1	317	1	317	3.2e-189	656.4	GCA_017850655.1_ASM1785065v1_genomic	bsh	bsh
GOAADOEK_02608	tr|D6ZU57|D6ZU57_BIFLJ	99.4	317	2	0	1	317	1	317	3.2e-189	656.4	GCA_017850655.1_ASM1785065v1_genomic	bsh	bsh
GOAADOEK_02608	tr|A0A8U0KVA1|A0A8U0KVA1_BIFLI	99.4	317	2	0	1	317	1	317	4.2e-189	656	GCA_017850655.1_ASM1785065v1_genomic	bsh	bsh
GOAADOEK_02608	tr|A0A1S2VZD6|A0A1S2VZD6_BIFLI	99.1	317	3	0	1	317	1	317	7.2e-189	655.2	GCA_017850655.1_ASM1785065v1_genomic	bsh	bsh
GOAADOEK_02608	tr|A0A0M4MFZ9|A0A0M4MFZ9_BIFLI	99.1	317	3	0	1	317	1	317	9.4e-189	654.8	GCA_017850655.1_ASM1785065v1_genomic	bsh	bsh
GOAADOEK_02608	tr|A0AA46JXR4|A0AA46JXR4_BIFLN	98.7	317	4	0	1	317	1	317	9.4e-189	654.8	GCA_017850655.1_ASM1785065v1_genomic	bsh	bsh
GOAADOEK_02608	tr|A0A2N0TK04|A0A2N0TK04_BIFLN	99.1	317	3	0	1	317	1	317	1.2e-188	654.4	GCA_017850655.1_ASM1785065v1_genomic	bsh	bsh
CENOFNFD_01788	tr|A0A415W1Y4|A0A415W1Y4_9FIRM	100	323	0	0	1	323	1	323	2.4e-195	676.8	GCA_017851275.1_ASM1785127v1_genomic	bsh	bsh
CENOFNFD_01788	tr|A0A415Y4A6|A0A415Y4A6_9FIRM	100	323	0	0	1	323	1	323	2.4e-195	676.8	GCA_017851275.1_ASM1785127v1_genomic	bsh	bsh
CENOFNFD_01788	tr|A0A417JP01|A0A417JP01_9FIRM	100	323	0	0	1	323	1	323	2.4e-195	676.8	GCA_017851275.1_ASM1785127v1_genomic	bsh	bsh
CENOFNFD_01788	tr|A0A417UTY8|A0A417UTY8_9FIRM	100	323	0	0	1	323	1	323	2.4e-195	676.8	GCA_017851275.1_ASM1785127v1_genomic	bsh	bsh
CENOFNFD_01788	tr|D4N0V8|D4N0V8_ANAHA	100	323	0	0	1	323	1	323	2.4e-195	676.8	GCA_017851275.1_ASM1785127v1_genomic	bsh	bsh
CENOFNFD_01788	tr|A0A6N2RN78|A0A6N2RN78_ANAHA	99.7	323	1	0	1	323	1	323	3.1e-195	676.4	GCA_017851275.1_ASM1785127v1_genomic	bsh	bsh
CENOFNFD_01788	tr|L1QBV1|L1QBV1_ANAHA	99.7	323	1	0	1	323	1	323	5.2e-195	675.6	GCA_017851275.1_ASM1785127v1_genomic	bsh	bsh
CENOFNFD_01788	tr|A0A1Q2CAU9|A0A1Q2CAU9_ANAHA	99.7	323	1	0	1	323	1	323	6.9e-195	675.2	GCA_017851275.1_ASM1785127v1_genomic	bsh	bsh
CENOFNFD_01788	tr|E5VP64|E5VP64_9FIRM	99.7	323	1	0	1	323	1	323	6.9e-195	675.2	GCA_017851275.1_ASM1785127v1_genomic	bsh	bsh
CENOFNFD_01788	tr|R5Z9B8|R5Z9B8_9FIRM	99.7	323	1	0	1	323	1	323	6.9e-195	675.2	GCA_017851275.1_ASM1785127v1_genomic	bsh	bsh
CENOFNFD_01788	tr|A0A174S307|A0A174S307_ANAHA	99.7	323	1	0	1	323	1	323	8.9e-195	674.9	GCA_017851275.1_ASM1785127v1_genomic	bsh	bsh
CENOFNFD_02908	tr|A0A381KLW9|A0A381KLW9_CLODI	71.4	231	66	0	1	231	1	231	1.5e-98	354.8	GCA_017851275.1_ASM1785127v1_genomic	bsh	bsh
JBEMAFEM_01480	tr|A0A916VDJ9|A0A916VDJ9_9FIRM	98.3	360	6	0	1	360	1	360	2.4e-217	750	GCA_017888015.1_ASM1788801v1_genomic	bsh	bsh
BMGMBDAD_01913	tr|A0A2N0UR24|A0A2N0UR24_9FIRM	75.9	79	19	0	1	79	151	229	8.4e-30	124.8	GCA_018364275.1_ASM1836427v1_genomic	bsh	bsh
BMGMBDAD_01913	tr|A0A1C6CJ39|A0A1C6CJ39_9FIRM	78.5	79	17	0	1	79	151	229	1.1e-29	124.4	GCA_018364275.1_ASM1836427v1_genomic	bsh	bsh
BMGMBDAD_01913	tr|A0A2Y9BFW3|A0A2Y9BFW3_9FIRM	75.9	79	19	0	1	79	151	229	1.4e-29	124	GCA_018364275.1_ASM1836427v1_genomic	bsh	bsh
BMGMBDAD_01914	tr|A0A2N0UR24|A0A2N0UR24_9FIRM	79.8	94	19	0	1	94	252	345	4.8e-43	169.1	GCA_018364275.1_ASM1836427v1_genomic	bsh	bsh
COHCHOOG_02386	tr|A0A415W1Y4|A0A415W1Y4_9FIRM	100	323	0	0	1	323	1	323	2.4e-195	676.8	GCA_018365775.1_ASM1836577v1_genomic	bsh	bsh
COHCHOOG_02386	tr|A0A415Y4A6|A0A415Y4A6_9FIRM	100	323	0	0	1	323	1	323	2.4e-195	676.8	GCA_018365775.1_ASM1836577v1_genomic	bsh	bsh
COHCHOOG_02386	tr|A0A417JP01|A0A417JP01_9FIRM	100	323	0	0	1	323	1	323	2.4e-195	676.8	GCA_018365775.1_ASM1836577v1_genomic	bsh	bsh
COHCHOOG_02386	tr|A0A417UTY8|A0A417UTY8_9FIRM	100	323	0	0	1	323	1	323	2.4e-195	676.8	GCA_018365775.1_ASM1836577v1_genomic	bsh	bsh
COHCHOOG_02386	tr|D4N0V8|D4N0V8_ANAHA	100	323	0	0	1	323	1	323	2.4e-195	676.8	GCA_018365775.1_ASM1836577v1_genomic	bsh	bsh
COHCHOOG_02386	tr|A0A6N2RN78|A0A6N2RN78_ANAHA	99.7	323	1	0	1	323	1	323	3.1e-195	676.4	GCA_018365775.1_ASM1836577v1_genomic	bsh	bsh
COHCHOOG_02386	tr|L1QBV1|L1QBV1_ANAHA	99.7	323	1	0	1	323	1	323	5.2e-195	675.6	GCA_018365775.1_ASM1836577v1_genomic	bsh	bsh
COHCHOOG_02386	tr|A0A1Q2CAU9|A0A1Q2CAU9_ANAHA	99.7	323	1	0	1	323	1	323	6.9e-195	675.2	GCA_018365775.1_ASM1836577v1_genomic	bsh	bsh
COHCHOOG_02386	tr|E5VP64|E5VP64_9FIRM	99.7	323	1	0	1	323	1	323	6.9e-195	675.2	GCA_018365775.1_ASM1836577v1_genomic	bsh	bsh
COHCHOOG_02386	tr|R5Z9B8|R5Z9B8_9FIRM	99.7	323	1	0	1	323	1	323	6.9e-195	675.2	GCA_018365775.1_ASM1836577v1_genomic	bsh	bsh
COHCHOOG_02386	tr|A0A174S307|A0A174S307_ANAHA	99.7	323	1	0	1	323	1	323	8.9e-195	674.9	GCA_018365775.1_ASM1836577v1_genomic	bsh	bsh
OHEALFFL_02140	tr|A0A1H3BS51|A0A1H3BS51_EUBBA	63.2	364	134	0	1	364	1	364	6.1e-139	489.6	GCA_018375095.1_ASM1837509v1_genomic	bsh	bsh
OHEALFFL_02669	tr|A0A374AUU7|A0A374AUU7_9FIRM	100	329	0	0	1	329	1	329	8e-199	688.3	GCA_018375095.1_ASM1837509v1_genomic	bsh	bsh
OHEALFFL_02669	tr|A0A6N2SP25|A0A6N2SP25_9FIRM	99.7	329	1	0	1	329	1	329	5.2e-198	685.6	GCA_018375095.1_ASM1837509v1_genomic	bsh	bsh
OHEALFFL_02669	tr|B0MC37|B0MC37_ANACD	99.7	329	1	0	1	329	4	332	5.2e-198	685.6	GCA_018375095.1_ASM1837509v1_genomic	bsh	bsh
PHOGJLGL_00225	tr|A0A9D2B9Q3|A0A9D2B9Q3_9FIRM	100	364	0	0	1	364	1	364	1.3e-221	764.2	GCA_019114985.1_ASM1911498v1_genomic	bsh	bsh
PHOGJLGL_01346	tr|B0NJM4|B0NJM4_CLOS5	80.5	221	43	0	12	232	1	221	1.7e-102	367.9	GCA_019114985.1_ASM1911498v1_genomic	bsh	bsh
PHOGJLGL_01346	tr|A0A7W8M4T5|A0A7W8M4T5_9FIRM	78.5	223	48	0	12	234	1	223	1.4e-101	364.8	GCA_019114985.1_ASM1911498v1_genomic	bsh	bsh
GMFGONPC_00654	tr|A0A9D2PJH6|A0A9D2PJH6_9FIRM	100	360	0	0	1	360	1	360	6.9e-220	758.4	GCA_019119895.1_ASM1911989v1_genomic	bsh	bsh
KFGAIAHJ_00784	tr|A0A1C6AZ63|A0A1C6AZ63_9FIRM	100	323	0	0	1	323	1	323	5.8e-194	672.2	GCA_900066705.1_14207_7_32_genomic	bsh	bsh
NGLOOAMH_00978	tr|A0A9D2B9Q3|A0A9D2B9Q3_9FIRM	100	364	0	0	1	364	1	364	1.3e-221	764.2	GCA_904419485.1_Chicken_16_mag_180_genomic	bsh	bsh
NGLOOAMH_01469	tr|B0NJM4|B0NJM4_CLOS5	80.5	221	43	0	12	232	1	221	1.7e-102	367.9	GCA_904419485.1_Chicken_16_mag_180_genomic	bsh	bsh
NGLOOAMH_01469	tr|A0A7W8M4T5|A0A7W8M4T5_9FIRM	78.5	223	48	0	12	234	1	223	1.4e-101	364.8	GCA_904419485.1_Chicken_16_mag_180_genomic	bsh	bsh
JCLDBKBJ_02119	tr|A0A916VDJ9|A0A916VDJ9_9FIRM	98.6	360	5	0	1	360	1	360	6.4e-218	751.9	GCA_904419565.1_Chicken_21_mag_8_genomic	bsh	bsh
AELLMANC_00405	tr|A0A1H3BS51|A0A1H3BS51_EUBBA	63.2	364	134	0	1	364	1	364	6.1e-139	489.6	GCA_905199235.1_SRR2912801-mag-bin.12_genomic	bsh	bsh
GBIGEHMO_01550	tr|A0A374ALM4|A0A374ALM4_9FIRM	99.4	323	2	0	1	323	1	323	1.6e-191	664.1	GCA_905206325.1_ERR1600569-mag-bin.31_genomic	bsh	bsh
BOMDPHAE_01811	tr|A0A2N0UR24|A0A2N0UR24_9FIRM	78.8	113	24	0	1	113	116	228	3.1e-48	186.8	GCA_910574135.1_MGBC000029_genomic	bsh	bsh
BOMDPHAE_01811	tr|A0A1C6CJ39|A0A1C6CJ39_9FIRM	81.2	112	21	0	1	112	116	227	5.3e-48	186	GCA_910574135.1_MGBC000029_genomic	bsh	bsh
BOMDPHAE_01812	tr|A0A2N0UR24|A0A2N0UR24_9FIRM	81.9	94	17	0	1	94	252	345	3.3e-44	172.9	GCA_910574135.1_MGBC000029_genomic	bsh	bsh
PEOBIMBK_02683	tr|A0A2N0UR24|A0A2N0UR24_9FIRM	81.9	94	17	0	1	94	252	345	3.3e-44	172.9	GCA_910574775.1_MGBC000097_genomic	bsh	bsh
PEOBIMBK_02684	tr|A0A2N0UR24|A0A2N0UR24_9FIRM	78.8	113	24	0	1	113	116	228	3.1e-48	186.8	GCA_910574775.1_MGBC000097_genomic	bsh	bsh
PEOBIMBK_02684	tr|A0A1C6CJ39|A0A1C6CJ39_9FIRM	81.2	112	21	0	1	112	116	227	5.3e-48	186	GCA_910574775.1_MGBC000097_genomic	bsh	bsh
OLPJKGML_02692	tr|A0A2N0UR24|A0A2N0UR24_9FIRM	78.8	113	24	0	1	113	116	228	3.1e-48	186.8	GCA_910574945.1_MGBC000090_genomic	bsh	bsh
OLPJKGML_02692	tr|A0A1C6CJ39|A0A1C6CJ39_9FIRM	81.2	112	21	0	1	112	116	227	5.3e-48	186	GCA_910574945.1_MGBC000090_genomic	bsh	bsh
OLPJKGML_02693	tr|A0A2N0UR24|A0A2N0UR24_9FIRM	81.9	94	17	0	1	94	252	345	3.3e-44	172.9	GCA_910574945.1_MGBC000090_genomic	bsh	bsh
HHFKICIG_02633	tr|A0A2N0UR24|A0A2N0UR24_9FIRM	78.8	113	24	0	1	113	116	228	3.1e-48	186.8	GCA_910575065.1_MGBC000096_genomic	bsh	bsh
HHFKICIG_02633	tr|A0A1C6CJ39|A0A1C6CJ39_9FIRM	81.2	112	21	0	1	112	116	227	5.3e-48	186	GCA_910575065.1_MGBC000096_genomic	bsh	bsh
HHFKICIG_02634	tr|A0A2N0UR24|A0A2N0UR24_9FIRM	81.9	94	17	0	1	94	252	345	3.3e-44	172.9	GCA_910575065.1_MGBC000096_genomic	bsh	bsh
HCONJCLK_02664	tr|A0A2N0UR24|A0A2N0UR24_9FIRM	81.9	94	17	0	1	94	252	345	3.3e-44	172.9	GCA_910575135.1_MGBC000098_genomic	bsh	bsh
HCONJCLK_02665	tr|A0A2N0UR24|A0A2N0UR24_9FIRM	78.8	113	24	0	1	113	116	228	3.1e-48	186.8	GCA_910575135.1_MGBC000098_genomic	bsh	bsh
HCONJCLK_02665	tr|A0A1C6CJ39|A0A1C6CJ39_9FIRM	81.2	112	21	0	1	112	116	227	5.3e-48	186	GCA_910575135.1_MGBC000098_genomic	bsh	bsh
CCPHMFGG_00309	tr|A0A1H3BS51|A0A1H3BS51_EUBBA	62.9	364	135	0	1	364	1	364	1.4e-138	488.4	GCF_000154305.1_ASM15430v1_genomic	bsh	bsh
CCPHMFGG_01629	tr|A0A6N2SP25|A0A6N2SP25_9FIRM	100	329	0	0	1	329	1	329	6.1e-199	688.7	GCF_000154305.1_ASM15430v1_genomic	bsh	bsh
CCPHMFGG_01629	tr|B0MC37|B0MC37_ANACD	100	329	0	0	1	329	4	332	6.1e-199	688.7	GCF_000154305.1_ASM15430v1_genomic	bsh	bsh
CCPHMFGG_01629	tr|A0A374AUU7|A0A374AUU7_9FIRM	99.7	329	1	0	1	329	1	329	4e-198	686	GCF_000154305.1_ASM15430v1_genomic	bsh	bsh
ADFGDNLJ_02462	tr|A0A415W1Y4|A0A415W1Y4_9FIRM	100	323	0	0	1	323	1	323	2.4e-195	676.8	GCF_000154545.1_ASM15454v1_genomic	bsh	bsh
ADFGDNLJ_02462	tr|A0A415Y4A6|A0A415Y4A6_9FIRM	100	323	0	0	1	323	1	323	2.4e-195	676.8	GCF_000154545.1_ASM15454v1_genomic	bsh	bsh
ADFGDNLJ_02462	tr|A0A417JP01|A0A417JP01_9FIRM	100	323	0	0	1	323	1	323	2.4e-195	676.8	GCF_000154545.1_ASM15454v1_genomic	bsh	bsh
ADFGDNLJ_02462	tr|A0A417UTY8|A0A417UTY8_9FIRM	100	323	0	0	1	323	1	323	2.4e-195	676.8	GCF_000154545.1_ASM15454v1_genomic	bsh	bsh
ADFGDNLJ_02462	tr|D4N0V8|D4N0V8_ANAHA	100	323	0	0	1	323	1	323	2.4e-195	676.8	GCF_000154545.1_ASM15454v1_genomic	bsh	bsh
ADFGDNLJ_02462	tr|A0A6N2RN78|A0A6N2RN78_ANAHA	99.7	323	1	0	1	323	1	323	3.1e-195	676.4	GCF_000154545.1_ASM15454v1_genomic	bsh	bsh
ADFGDNLJ_02462	tr|L1QBV1|L1QBV1_ANAHA	99.7	323	1	0	1	323	1	323	5.2e-195	675.6	GCF_000154545.1_ASM15454v1_genomic	bsh	bsh
ADFGDNLJ_02462	tr|A0A1Q2CAU9|A0A1Q2CAU9_ANAHA	99.7	323	1	0	1	323	1	323	6.9e-195	675.2	GCF_000154545.1_ASM15454v1_genomic	bsh	bsh
ADFGDNLJ_02462	tr|E5VP64|E5VP64_9FIRM	99.7	323	1	0	1	323	1	323	6.9e-195	675.2	GCF_000154545.1_ASM15454v1_genomic	bsh	bsh
ADFGDNLJ_02462	tr|R5Z9B8|R5Z9B8_9FIRM	99.7	323	1	0	1	323	1	323	6.9e-195	675.2	GCF_000154545.1_ASM15454v1_genomic	bsh	bsh
ADFGDNLJ_02462	tr|A0A174S307|A0A174S307_ANAHA	99.7	323	1	0	1	323	1	323	8.9e-195	674.9	GCF_000154545.1_ASM15454v1_genomic	bsh	bsh
GBMCNOMD_02921	tr|E5VP64|E5VP64_9FIRM	100	323	0	0	1	323	1	323	1.8e-195	677.2	GCF_000185525.1_ASM18552v1_genomic	bsh	bsh
GBMCNOMD_02921	tr|R5Z9B8|R5Z9B8_9FIRM	100	323	0	0	1	323	1	323	1.8e-195	677.2	GCF_000185525.1_ASM18552v1_genomic	bsh	bsh
GBMCNOMD_02921	tr|A0A415W1Y4|A0A415W1Y4_9FIRM	99.7	323	1	0	1	323	1	323	5.2e-195	675.6	GCF_000185525.1_ASM18552v1_genomic	bsh	bsh
GBMCNOMD_02921	tr|A0A415Y4A6|A0A415Y4A6_9FIRM	99.7	323	1	0	1	323	1	323	5.2e-195	675.6	GCF_000185525.1_ASM18552v1_genomic	bsh	bsh
GBMCNOMD_02921	tr|A0A417JP01|A0A417JP01_9FIRM	99.7	323	1	0	1	323	1	323	5.2e-195	675.6	GCF_000185525.1_ASM18552v1_genomic	bsh	bsh
GBMCNOMD_02921	tr|A0A417UTY8|A0A417UTY8_9FIRM	99.7	323	1	0	1	323	1	323	5.2e-195	675.6	GCF_000185525.1_ASM18552v1_genomic	bsh	bsh
GBMCNOMD_02921	tr|D4N0V8|D4N0V8_ANAHA	99.7	323	1	0	1	323	1	323	5.2e-195	675.6	GCF_000185525.1_ASM18552v1_genomic	bsh	bsh
GBMCNOMD_02921	tr|A0A6N2RN78|A0A6N2RN78_ANAHA	99.4	323	2	0	1	323	1	323	6.9e-195	675.2	GCF_000185525.1_ASM18552v1_genomic	bsh	bsh
GBMCNOMD_02921	tr|L1QBV1|L1QBV1_ANAHA	99.4	323	2	0	1	323	1	323	1.2e-194	674.5	GCF_000185525.1_ASM18552v1_genomic	bsh	bsh
GBMCNOMD_02921	tr|A0A1Q2CAU9|A0A1Q2CAU9_ANAHA	99.4	323	2	0	1	323	1	323	1.5e-194	674.1	GCF_000185525.1_ASM18552v1_genomic	bsh	bsh
GBMCNOMD_02921	tr|A0A174S307|A0A174S307_ANAHA	99.4	323	2	0	1	323	1	323	2e-194	673.7	GCF_000185525.1_ASM18552v1_genomic	bsh	bsh
INJFBHEB_00035	tr|A0A1H3BS51|A0A1H3BS51_EUBBA	63.2	364	134	0	1	364	1	364	6.1e-139	489.6	GCF_000185825.1_ASM18582v1_genomic	bsh	bsh
INJFBHEB_00971	tr|A0A374AUU7|A0A374AUU7_9FIRM	99.5	206	1	0	1	206	1	206	4.6e-120	426	GCF_000185825.1_ASM18582v1_genomic	bsh	bsh
INJFBHEB_00971	tr|A0A6N2SP25|A0A6N2SP25_9FIRM	99	206	2	0	1	206	1	206	3e-119	423.3	GCF_000185825.1_ASM18582v1_genomic	bsh	bsh
INJFBHEB_00971	tr|B0MC37|B0MC37_ANACD	99	206	2	0	1	206	4	209	3e-119	423.3	GCF_000185825.1_ASM18582v1_genomic	bsh	bsh
DLMLEDEJ_01511	tr|A0A415W1Y4|A0A415W1Y4_9FIRM	100	323	0	0	1	323	1	323	2.4e-195	676.8	GCF_000210695.1_ASM21069v1_genomic	bsh	bsh
DLMLEDEJ_01511	tr|A0A415Y4A6|A0A415Y4A6_9FIRM	100	323	0	0	1	323	1	323	2.4e-195	676.8	GCF_000210695.1_ASM21069v1_genomic	bsh	bsh
DLMLEDEJ_01511	tr|A0A417JP01|A0A417JP01_9FIRM	100	323	0	0	1	323	1	323	2.4e-195	676.8	GCF_000210695.1_ASM21069v1_genomic	bsh	bsh
DLMLEDEJ_01511	tr|A0A417UTY8|A0A417UTY8_9FIRM	100	323	0	0	1	323	1	323	2.4e-195	676.8	GCF_000210695.1_ASM21069v1_genomic	bsh	bsh
DLMLEDEJ_01511	tr|D4N0V8|D4N0V8_ANAHA	100	323	0	0	1	323	1	323	2.4e-195	676.8	GCF_000210695.1_ASM21069v1_genomic	bsh	bsh
DLMLEDEJ_01511	tr|A0A6N2RN78|A0A6N2RN78_ANAHA	99.7	323	1	0	1	323	1	323	3.1e-195	676.4	GCF_000210695.1_ASM21069v1_genomic	bsh	bsh
DLMLEDEJ_01511	tr|L1QBV1|L1QBV1_ANAHA	99.7	323	1	0	1	323	1	323	5.2e-195	675.6	GCF_000210695.1_ASM21069v1_genomic	bsh	bsh
DLMLEDEJ_01511	tr|A0A1Q2CAU9|A0A1Q2CAU9_ANAHA	99.7	323	1	0	1	323	1	323	6.9e-195	675.2	GCF_000210695.1_ASM21069v1_genomic	bsh	bsh
DLMLEDEJ_01511	tr|E5VP64|E5VP64_9FIRM	99.7	323	1	0	1	323	1	323	6.9e-195	675.2	GCF_000210695.1_ASM21069v1_genomic	bsh	bsh
DLMLEDEJ_01511	tr|R5Z9B8|R5Z9B8_9FIRM	99.7	323	1	0	1	323	1	323	6.9e-195	675.2	GCF_000210695.1_ASM21069v1_genomic	bsh	bsh
DLMLEDEJ_01511	tr|A0A174S307|A0A174S307_ANAHA	99.7	323	1	0	1	323	1	323	8.9e-195	674.9	GCF_000210695.1_ASM21069v1_genomic	bsh	bsh
NAGOKMPI_00239	tr|L1QBV1|L1QBV1_ANAHA	100	323	0	0	1	323	1	323	1.8e-195	677.2	GCF_000332875.2_ASM33287v2_genomic	bsh	bsh
NAGOKMPI_00239	tr|A0A415W1Y4|A0A415W1Y4_9FIRM	99.7	323	1	0	1	323	1	323	5.2e-195	675.6	GCF_000332875.2_ASM33287v2_genomic	bsh	bsh
NAGOKMPI_00239	tr|A0A415Y4A6|A0A415Y4A6_9FIRM	99.7	323	1	0	1	323	1	323	5.2e-195	675.6	GCF_000332875.2_ASM33287v2_genomic	bsh	bsh
NAGOKMPI_00239	tr|A0A417JP01|A0A417JP01_9FIRM	99.7	323	1	0	1	323	1	323	5.2e-195	675.6	GCF_000332875.2_ASM33287v2_genomic	bsh	bsh
NAGOKMPI_00239	tr|A0A417UTY8|A0A417UTY8_9FIRM	99.7	323	1	0	1	323	1	323	5.2e-195	675.6	GCF_000332875.2_ASM33287v2_genomic	bsh	bsh
NAGOKMPI_00239	tr|D4N0V8|D4N0V8_ANAHA	99.7	323	1	0	1	323	1	323	5.2e-195	675.6	GCF_000332875.2_ASM33287v2_genomic	bsh	bsh
NAGOKMPI_00239	tr|A0A6N2RN78|A0A6N2RN78_ANAHA	99.4	323	2	0	1	323	1	323	6.9e-195	675.2	GCF_000332875.2_ASM33287v2_genomic	bsh	bsh
NAGOKMPI_00239	tr|A0A1Q2CAU9|A0A1Q2CAU9_ANAHA	99.4	323	2	0	1	323	1	323	1.5e-194	674.1	GCF_000332875.2_ASM33287v2_genomic	bsh	bsh
NAGOKMPI_00239	tr|E5VP64|E5VP64_9FIRM	99.4	323	2	0	1	323	1	323	1.5e-194	674.1	GCF_000332875.2_ASM33287v2_genomic	bsh	bsh
NAGOKMPI_00239	tr|R5Z9B8|R5Z9B8_9FIRM	99.4	323	2	0	1	323	1	323	1.5e-194	674.1	GCF_000332875.2_ASM33287v2_genomic	bsh	bsh
NAGOKMPI_00239	tr|A0A174S307|A0A174S307_ANAHA	99.4	323	2	0	1	323	1	323	2e-194	673.7	GCF_000332875.2_ASM33287v2_genomic	bsh	bsh
NAGOKMPI_01578	tr|L1Q414|L1Q414_ANAHA	100	325	0	0	1	325	1	325	7.6e-194	671.8	GCF_000332875.2_ASM33287v2_genomic	bsh	bsh
NAGOKMPI_01578	tr|A0A173UXL2|A0A173UXL2_ANAHA	99.7	325	1	0	1	325	1	325	2.9e-193	669.8	GCF_000332875.2_ASM33287v2_genomic	bsh	bsh
NAGOKMPI_01578	tr|A0A173V7R5|A0A173V7R5_9FIRM	99.7	325	1	0	1	325	1	325	2.9e-193	669.8	GCF_000332875.2_ASM33287v2_genomic	bsh	bsh
NAGOKMPI_01578	tr|A0A174D8V8|A0A174D8V8_9FIRM	99.7	325	1	0	1	325	1	325	2.9e-193	669.8	GCF_000332875.2_ASM33287v2_genomic	bsh	bsh
NAGOKMPI_01578	tr|A0A174HSI5|A0A174HSI5_9FIRM	99.7	325	1	0	1	325	1	325	2.9e-193	669.8	GCF_000332875.2_ASM33287v2_genomic	bsh	bsh
NAGOKMPI_01578	tr|A0A1C5TTN1|A0A1C5TTN1_9FIRM	99.7	325	1	0	1	325	1	325	2.9e-193	669.8	GCF_000332875.2_ASM33287v2_genomic	bsh	bsh
NAGOKMPI_01578	tr|A0A1C5U7I7|A0A1C5U7I7_9CLOT	99.7	325	1	0	1	325	1	325	2.9e-193	669.8	GCF_000332875.2_ASM33287v2_genomic	bsh	bsh
NAGOKMPI_01578	tr|A0A1C6BVX3|A0A1C6BVX3_9FIRM	99.7	325	1	0	1	325	1	325	2.9e-193	669.8	GCF_000332875.2_ASM33287v2_genomic	bsh	bsh
NAGOKMPI_01578	tr|A0A1C6FXQ7|A0A1C6FXQ7_9FIRM	99.7	325	1	0	1	325	1	325	2.9e-193	669.8	GCF_000332875.2_ASM33287v2_genomic	bsh	bsh
NAGOKMPI_01578	tr|A0A285PRT2|A0A285PRT2_9FIRM	99.7	325	1	0	1	325	1	325	2.9e-193	669.8	GCF_000332875.2_ASM33287v2_genomic	bsh	bsh
NAGOKMPI_01578	tr|A0A373V9R9|A0A373V9R9_9FIRM	99.7	325	1	0	1	325	1	325	2.9e-193	669.8	GCF_000332875.2_ASM33287v2_genomic	bsh	bsh
NAGOKMPI_01578	tr|A0A374AYZ4|A0A374AYZ4_9FIRM	99.7	325	1	0	1	325	1	325	2.9e-193	669.8	GCF_000332875.2_ASM33287v2_genomic	bsh	bsh
NAGOKMPI_01578	tr|A0A3R6DJG5|A0A3R6DJG5_9FIRM	99.7	325	1	0	1	325	1	325	2.9e-193	669.8	GCF_000332875.2_ASM33287v2_genomic	bsh	bsh
NAGOKMPI_01578	tr|A0A412MA68|A0A412MA68_9FIRM	99.7	325	1	0	1	325	1	325	2.9e-193	669.8	GCF_000332875.2_ASM33287v2_genomic	bsh	bsh
NAGOKMPI_01578	tr|A0A415FJV4|A0A415FJV4_9FIRM	99.7	325	1	0	1	325	1	325	2.9e-193	669.8	GCF_000332875.2_ASM33287v2_genomic	bsh	bsh
NAGOKMPI_01578	tr|A0A415VWX2|A0A415VWX2_9FIRM	99.7	325	1	0	1	325	1	325	2.9e-193	669.8	GCF_000332875.2_ASM33287v2_genomic	bsh	bsh
NAGOKMPI_01578	tr|A0A415Y8U9|A0A415Y8U9_9FIRM	99.7	325	1	0	1	325	1	325	2.9e-193	669.8	GCF_000332875.2_ASM33287v2_genomic	bsh	bsh
NAGOKMPI_01578	tr|A0A417C6D6|A0A417C6D6_9FIRM	99.7	325	1	0	1	325	1	325	2.9e-193	669.8	GCF_000332875.2_ASM33287v2_genomic	bsh	bsh
NAGOKMPI_01578	tr|A0A417URI0|A0A417URI0_9FIRM	99.7	325	1	0	1	325	1	325	2.9e-193	669.8	GCF_000332875.2_ASM33287v2_genomic	bsh	bsh
NAGOKMPI_01578	tr|A0A845KWQ3|A0A845KWQ3_9FIRM	99.7	325	1	0	1	325	1	325	2.9e-193	669.8	GCF_000332875.2_ASM33287v2_genomic	bsh	bsh
NAGOKMPI_01578	tr|A5ZWR0|A5ZWR0_9FIRM	99.7	325	1	0	1	325	1	325	2.9e-193	669.8	GCF_000332875.2_ASM33287v2_genomic	bsh	bsh
NAGOKMPI_01578	tr|A6BGZ5|A6BGZ5_9FIRM	99.7	325	1	0	1	325	1	325	2.9e-193	669.8	GCF_000332875.2_ASM33287v2_genomic	bsh	bsh
NAGOKMPI_01578	tr|C0EW54|C0EW54_9FIRM	99.7	325	1	0	1	325	1	325	2.9e-193	669.8	GCF_000332875.2_ASM33287v2_genomic	bsh	bsh
NAGOKMPI_01578	tr|A0A844GIR0|A0A844GIR0_9FIRM	99.4	325	2	0	1	325	1	325	3.8e-193	669.5	GCF_000332875.2_ASM33287v2_genomic	bsh	bsh
NAGOKMPI_01578	tr|A0A1C6IFT3|A0A1C6IFT3_9FIRM	99.4	325	2	0	1	325	1	325	4.9e-193	669.1	GCF_000332875.2_ASM33287v2_genomic	bsh	bsh
NAGOKMPI_01578	tr|A0A6N9LK70|A0A6N9LK70_9FIRM	99.4	325	2	0	1	325	1	325	4.9e-193	669.1	GCF_000332875.2_ASM33287v2_genomic	bsh	bsh
NAGOKMPI_01578	tr|A0A1C5RZ46|A0A1C5RZ46_9CLOT	99.4	325	2	0	1	325	1	325	8.4e-193	668.3	GCF_000332875.2_ASM33287v2_genomic	bsh	bsh
NAGOKMPI_01578	tr|A0A1C5TMU3|A0A1C5TMU3_9FIRM	99.4	325	2	0	1	325	1	325	8.4e-193	668.3	GCF_000332875.2_ASM33287v2_genomic	bsh	bsh
NAGOKMPI_01578	tr|A0A1C5VAP5|A0A1C5VAP5_9FIRM	99.4	325	2	0	1	325	1	325	8.4e-193	668.3	GCF_000332875.2_ASM33287v2_genomic	bsh	bsh
NAGOKMPI_01578	tr|A0A373IZI9|A0A373IZI9_9FIRM	99.4	325	2	0	1	325	1	325	8.4e-193	668.3	GCF_000332875.2_ASM33287v2_genomic	bsh	bsh
NAGOKMPI_01578	tr|A0A415HK39|A0A415HK39_9FIRM	99.4	325	2	0	1	325	1	325	8.4e-193	668.3	GCF_000332875.2_ASM33287v2_genomic	bsh	bsh
NAGOKMPI_01578	tr|A0A417R5E7|A0A417R5E7_9FIRM	99.4	325	2	0	1	325	1	325	8.4e-193	668.3	GCF_000332875.2_ASM33287v2_genomic	bsh	bsh
NAGOKMPI_01578	tr|A0A6N3AUL3|A0A6N3AUL3_9FIRM	99.4	325	2	0	1	325	1	325	8.4e-193	668.3	GCF_000332875.2_ASM33287v2_genomic	bsh	bsh
NAGOKMPI_01578	tr|A0A173U973|A0A173U973_9FIRM	99.4	325	2	0	1	325	1	325	1.1e-192	667.9	GCF_000332875.2_ASM33287v2_genomic	bsh	bsh
NAGOKMPI_01578	tr|A0A1C5REX8|A0A1C5REX8_9FIRM	99.4	325	2	0	1	325	1	325	1.1e-192	667.9	GCF_000332875.2_ASM33287v2_genomic	bsh	bsh
NAGOKMPI_01578	tr|A0A1C5UZX7|A0A1C5UZX7_9CLOT	99.4	325	2	0	1	325	1	325	1.1e-192	667.9	GCF_000332875.2_ASM33287v2_genomic	bsh	bsh
NAGOKMPI_01578	tr|A0A1C6AVX0|A0A1C6AVX0_9FIRM	99.4	325	2	0	1	325	1	325	1.1e-192	667.9	GCF_000332875.2_ASM33287v2_genomic	bsh	bsh
NAGOKMPI_01578	tr|A0A417CDY8|A0A417CDY8_9FIRM	99.4	325	2	0	1	325	1	325	1.1e-192	667.9	GCF_000332875.2_ASM33287v2_genomic	bsh	bsh
NAGOKMPI_01578	tr|A0A564WVE5|A0A564WVE5_9FIRM	99.4	325	2	0	1	325	1	325	1.1e-192	667.9	GCF_000332875.2_ASM33287v2_genomic	bsh	bsh
NAGOKMPI_01578	tr|A0A416NLT9|A0A416NLT9_9FIRM	99.4	325	2	0	1	325	1	325	1.4e-192	667.5	GCF_000332875.2_ASM33287v2_genomic	bsh	bsh
NAGOKMPI_01578	tr|A0A7G9FVJ0|A0A7G9FVJ0_9FIRM	99.4	325	2	0	1	325	1	325	1.4e-192	667.5	GCF_000332875.2_ASM33287v2_genomic	bsh	bsh
NAGOKMPI_01578	tr|A0A174EB34|A0A174EB34_9FIRM	99.4	325	2	0	1	325	1	325	2.5e-192	666.8	GCF_000332875.2_ASM33287v2_genomic	bsh	bsh
NAGOKMPI_01578	tr|A0A174GR10|A0A174GR10_9FIRM	99.4	325	2	0	1	325	1	325	2.5e-192	666.8	GCF_000332875.2_ASM33287v2_genomic	bsh	bsh
NAGOKMPI_01578	tr|A0A174V5X0|A0A174V5X0_9FIRM	99.4	325	2	0	1	325	1	325	2.5e-192	666.8	GCF_000332875.2_ASM33287v2_genomic	bsh	bsh
NAGOKMPI_01578	tr|A0A3E5E3Y9|A0A3E5E3Y9_9FIRM	99.1	325	3	0	1	325	1	325	2.5e-192	666.8	GCF_000332875.2_ASM33287v2_genomic	bsh	bsh
NAGOKMPI_01578	tr|A0A1C5ULN3|A0A1C5ULN3_9FIRM	99.1	325	3	0	1	325	1	325	4.2e-192	666	GCF_000332875.2_ASM33287v2_genomic	bsh	bsh
NAGOKMPI_01578	tr|A0A1G5FIB9|A0A1G5FIB9_9FIRM	99.1	325	3	0	1	325	1	325	4.2e-192	666	GCF_000332875.2_ASM33287v2_genomic	bsh	bsh
NAGOKMPI_01578	tr|A0A317UFD6|A0A317UFD6_9FIRM	99.1	325	3	0	1	325	1	325	4.2e-192	666	GCF_000332875.2_ASM33287v2_genomic	bsh	bsh
NAGOKMPI_01578	tr|A0A367FUZ2|A0A367FUZ2_9FIRM	99.1	325	3	0	1	325	1	325	4.2e-192	666	GCF_000332875.2_ASM33287v2_genomic	bsh	bsh
NAGOKMPI_01578	tr|A0A3R6FU96|A0A3R6FU96_9FIRM	99.4	325	2	0	1	325	1	325	4.2e-192	666	GCF_000332875.2_ASM33287v2_genomic	bsh	bsh
NAGOKMPI_01578	tr|A0A3R6X451|A0A3R6X451_9CLOT	99.1	325	3	0	1	325	1	325	4.2e-192	666	GCF_000332875.2_ASM33287v2_genomic	bsh	bsh
NAGOKMPI_01578	tr|A0A6L8TEI6|A0A6L8TEI6_9FIRM	99.1	325	3	0	1	325	1	325	4.2e-192	666	GCF_000332875.2_ASM33287v2_genomic	bsh	bsh
NAGOKMPI_01578	tr|A0A942WJN2|A0A942WJN2_9FIRM	99.1	325	3	0	1	325	1	325	4.2e-192	666	GCF_000332875.2_ASM33287v2_genomic	bsh	bsh
NAGOKMPI_01578	tr|A0A1C5M099|A0A1C5M099_9CLOT	99.1	325	3	0	1	325	1	325	5.5e-192	665.6	GCF_000332875.2_ASM33287v2_genomic	bsh	bsh
NAGOKMPI_01578	tr|A0A3R6N0X3|A0A3R6N0X3_9CLOT	99.1	325	3	0	1	325	1	325	5.5e-192	665.6	GCF_000332875.2_ASM33287v2_genomic	bsh	bsh
LLKGOANK_00949	tr|A0A1H3BS51|A0A1H3BS51_EUBBA	63.2	364	134	0	1	364	1	364	6.1e-139	489.6	GCF_000432215.1_MGS276_genomic	bsh	bsh
LLKGOANK_02960	tr|A0A374AUU7|A0A374AUU7_9FIRM	100	329	0	0	1	329	1	329	8e-199	688.3	GCF_000432215.1_MGS276_genomic	bsh	bsh
LLKGOANK_02960	tr|A0A6N2SP25|A0A6N2SP25_9FIRM	99.7	329	1	0	1	329	1	329	5.2e-198	685.6	GCF_000432215.1_MGS276_genomic	bsh	bsh
LLKGOANK_02960	tr|B0MC37|B0MC37_ANACD	99.7	329	1	0	1	329	4	332	5.2e-198	685.6	GCF_000432215.1_MGS276_genomic	bsh	bsh
HLBILBHM_00031	tr|A0A2N0UR24|A0A2N0UR24_9FIRM	78	346	75	1	1	345	1	346	1.9e-166	580.9	GCF_000508985.1_ASM50898v1_genomic	bsh	bsh
HLBILBHM_01022	tr|A0A2N0UR24|A0A2N0UR24_9FIRM	78.1	196	43	0	2	197	150	345	2.8e-90	327	GCF_000508985.1_ASM50898v1_genomic	bsh	bsh
HCABBDHA_02481	tr|A0A174S307|A0A174S307_ANAHA	99.7	323	1	0	1	323	1	323	8.9e-195	674.9	GCF_000876135.1_ASM87613v1_genomic	bsh	bsh
HCABBDHA_02481	tr|A0A1Q2CAU9|A0A1Q2CAU9_ANAHA	99.7	323	1	0	1	323	1	323	8.9e-195	674.9	GCF_000876135.1_ASM87613v1_genomic	bsh	bsh
HCABBDHA_02481	tr|A0A415W1Y4|A0A415W1Y4_9FIRM	99.4	323	2	0	1	323	1	323	3.4e-194	672.9	GCF_000876135.1_ASM87613v1_genomic	bsh	bsh
HCABBDHA_02481	tr|A0A415Y4A6|A0A415Y4A6_9FIRM	99.4	323	2	0	1	323	1	323	3.4e-194	672.9	GCF_000876135.1_ASM87613v1_genomic	bsh	bsh
HCABBDHA_02481	tr|A0A417JP01|A0A417JP01_9FIRM	99.4	323	2	0	1	323	1	323	3.4e-194	672.9	GCF_000876135.1_ASM87613v1_genomic	bsh	bsh
HCABBDHA_02481	tr|A0A417UTY8|A0A417UTY8_9FIRM	99.4	323	2	0	1	323	1	323	3.4e-194	672.9	GCF_000876135.1_ASM87613v1_genomic	bsh	bsh
HCABBDHA_02481	tr|D4N0V8|D4N0V8_ANAHA	99.4	323	2	0	1	323	1	323	3.4e-194	672.9	GCF_000876135.1_ASM87613v1_genomic	bsh	bsh
HCABBDHA_02481	tr|A0A6N2RN78|A0A6N2RN78_ANAHA	99.1	323	3	0	1	323	1	323	4.4e-194	672.5	GCF_000876135.1_ASM87613v1_genomic	bsh	bsh
HCABBDHA_02481	tr|L1QBV1|L1QBV1_ANAHA	99.1	323	3	0	1	323	1	323	7.6e-194	671.8	GCF_000876135.1_ASM87613v1_genomic	bsh	bsh
HCABBDHA_02481	tr|E5VP64|E5VP64_9FIRM	99.1	323	3	0	1	323	1	323	9.9e-194	671.4	GCF_000876135.1_ASM87613v1_genomic	bsh	bsh
HCABBDHA_02481	tr|R5Z9B8|R5Z9B8_9FIRM	99.1	323	3	0	1	323	1	323	9.9e-194	671.4	GCF_000876135.1_ASM87613v1_genomic	bsh	bsh
HCABBDHA_03278	tr|A0A173UXL2|A0A173UXL2_ANAHA	100	325	0	0	1	325	1	325	4.5e-194	672.5	GCF_000876135.1_ASM87613v1_genomic	bsh	bsh
HCABBDHA_03278	tr|A0A173V7R5|A0A173V7R5_9FIRM	100	325	0	0	1	325	1	325	4.5e-194	672.5	GCF_000876135.1_ASM87613v1_genomic	bsh	bsh
HCABBDHA_03278	tr|A0A174D8V8|A0A174D8V8_9FIRM	100	325	0	0	1	325	1	325	4.5e-194	672.5	GCF_000876135.1_ASM87613v1_genomic	bsh	bsh
HCABBDHA_03278	tr|A0A174HSI5|A0A174HSI5_9FIRM	100	325	0	0	1	325	1	325	4.5e-194	672.5	GCF_000876135.1_ASM87613v1_genomic	bsh	bsh
HCABBDHA_03278	tr|A0A1C5TTN1|A0A1C5TTN1_9FIRM	100	325	0	0	1	325	1	325	4.5e-194	672.5	GCF_000876135.1_ASM87613v1_genomic	bsh	bsh
HCABBDHA_03278	tr|A0A1C5U7I7|A0A1C5U7I7_9CLOT	100	325	0	0	1	325	1	325	4.5e-194	672.5	GCF_000876135.1_ASM87613v1_genomic	bsh	bsh
HCABBDHA_03278	tr|A0A1C6BVX3|A0A1C6BVX3_9FIRM	100	325	0	0	1	325	1	325	4.5e-194	672.5	GCF_000876135.1_ASM87613v1_genomic	bsh	bsh
HCABBDHA_03278	tr|A0A1C6FXQ7|A0A1C6FXQ7_9FIRM	100	325	0	0	1	325	1	325	4.5e-194	672.5	GCF_000876135.1_ASM87613v1_genomic	bsh	bsh
HCABBDHA_03278	tr|A0A285PRT2|A0A285PRT2_9FIRM	100	325	0	0	1	325	1	325	4.5e-194	672.5	GCF_000876135.1_ASM87613v1_genomic	bsh	bsh
HCABBDHA_03278	tr|A0A373V9R9|A0A373V9R9_9FIRM	100	325	0	0	1	325	1	325	4.5e-194	672.5	GCF_000876135.1_ASM87613v1_genomic	bsh	bsh
HCABBDHA_03278	tr|A0A374AYZ4|A0A374AYZ4_9FIRM	100	325	0	0	1	325	1	325	4.5e-194	672.5	GCF_000876135.1_ASM87613v1_genomic	bsh	bsh
HCABBDHA_03278	tr|A0A3R6DJG5|A0A3R6DJG5_9FIRM	100	325	0	0	1	325	1	325	4.5e-194	672.5	GCF_000876135.1_ASM87613v1_genomic	bsh	bsh
HCABBDHA_03278	tr|A0A412MA68|A0A412MA68_9FIRM	100	325	0	0	1	325	1	325	4.5e-194	672.5	GCF_000876135.1_ASM87613v1_genomic	bsh	bsh
HCABBDHA_03278	tr|A0A415FJV4|A0A415FJV4_9FIRM	100	325	0	0	1	325	1	325	4.5e-194	672.5	GCF_000876135.1_ASM87613v1_genomic	bsh	bsh
HCABBDHA_03278	tr|A0A415VWX2|A0A415VWX2_9FIRM	100	325	0	0	1	325	1	325	4.5e-194	672.5	GCF_000876135.1_ASM87613v1_genomic	bsh	bsh
HCABBDHA_03278	tr|A0A415Y8U9|A0A415Y8U9_9FIRM	100	325	0	0	1	325	1	325	4.5e-194	672.5	GCF_000876135.1_ASM87613v1_genomic	bsh	bsh
HCABBDHA_03278	tr|A0A417C6D6|A0A417C6D6_9FIRM	100	325	0	0	1	325	1	325	4.5e-194	672.5	GCF_000876135.1_ASM87613v1_genomic	bsh	bsh
HCABBDHA_03278	tr|A0A417URI0|A0A417URI0_9FIRM	100	325	0	0	1	325	1	325	4.5e-194	672.5	GCF_000876135.1_ASM87613v1_genomic	bsh	bsh
HCABBDHA_03278	tr|A0A845KWQ3|A0A845KWQ3_9FIRM	100	325	0	0	1	325	1	325	4.5e-194	672.5	GCF_000876135.1_ASM87613v1_genomic	bsh	bsh
HCABBDHA_03278	tr|A5ZWR0|A5ZWR0_9FIRM	100	325	0	0	1	325	1	325	4.5e-194	672.5	GCF_000876135.1_ASM87613v1_genomic	bsh	bsh
HCABBDHA_03278	tr|A6BGZ5|A6BGZ5_9FIRM	100	325	0	0	1	325	1	325	4.5e-194	672.5	GCF_000876135.1_ASM87613v1_genomic	bsh	bsh
HCABBDHA_03278	tr|C0EW54|C0EW54_9FIRM	100	325	0	0	1	325	1	325	4.5e-194	672.5	GCF_000876135.1_ASM87613v1_genomic	bsh	bsh
HCABBDHA_03278	tr|A0A844GIR0|A0A844GIR0_9FIRM	99.7	325	1	0	1	325	1	325	5.8e-194	672.2	GCF_000876135.1_ASM87613v1_genomic	bsh	bsh
HCABBDHA_03278	tr|A0A1C6IFT3|A0A1C6IFT3_9FIRM	99.7	325	1	0	1	325	1	325	7.6e-194	671.8	GCF_000876135.1_ASM87613v1_genomic	bsh	bsh
HCABBDHA_03278	tr|A0A6N9LK70|A0A6N9LK70_9FIRM	99.7	325	1	0	1	325	1	325	7.6e-194	671.8	GCF_000876135.1_ASM87613v1_genomic	bsh	bsh
HCABBDHA_03278	tr|A0A1C5RZ46|A0A1C5RZ46_9CLOT	99.7	325	1	0	1	325	1	325	1.3e-193	671	GCF_000876135.1_ASM87613v1_genomic	bsh	bsh
HCABBDHA_03278	tr|A0A1C5TMU3|A0A1C5TMU3_9FIRM	99.7	325	1	0	1	325	1	325	1.3e-193	671	GCF_000876135.1_ASM87613v1_genomic	bsh	bsh
HCABBDHA_03278	tr|A0A1C5VAP5|A0A1C5VAP5_9FIRM	99.7	325	1	0	1	325	1	325	1.3e-193	671	GCF_000876135.1_ASM87613v1_genomic	bsh	bsh
HCABBDHA_03278	tr|A0A373IZI9|A0A373IZI9_9FIRM	99.7	325	1	0	1	325	1	325	1.3e-193	671	GCF_000876135.1_ASM87613v1_genomic	bsh	bsh
HCABBDHA_03278	tr|A0A415HK39|A0A415HK39_9FIRM	99.7	325	1	0	1	325	1	325	1.3e-193	671	GCF_000876135.1_ASM87613v1_genomic	bsh	bsh
HCABBDHA_03278	tr|A0A417R5E7|A0A417R5E7_9FIRM	99.7	325	1	0	1	325	1	325	1.3e-193	671	GCF_000876135.1_ASM87613v1_genomic	bsh	bsh
HCABBDHA_03278	tr|A0A6N3AUL3|A0A6N3AUL3_9FIRM	99.7	325	1	0	1	325	1	325	1.3e-193	671	GCF_000876135.1_ASM87613v1_genomic	bsh	bsh
HCABBDHA_03278	tr|A0A173U973|A0A173U973_9FIRM	99.7	325	1	0	1	325	1	325	1.7e-193	670.6	GCF_000876135.1_ASM87613v1_genomic	bsh	bsh
HCABBDHA_03278	tr|A0A1C5REX8|A0A1C5REX8_9FIRM	99.7	325	1	0	1	325	1	325	1.7e-193	670.6	GCF_000876135.1_ASM87613v1_genomic	bsh	bsh
HCABBDHA_03278	tr|A0A1C5UZX7|A0A1C5UZX7_9CLOT	99.7	325	1	0	1	325	1	325	1.7e-193	670.6	GCF_000876135.1_ASM87613v1_genomic	bsh	bsh
HCABBDHA_03278	tr|A0A1C6AVX0|A0A1C6AVX0_9FIRM	99.7	325	1	0	1	325	1	325	1.7e-193	670.6	GCF_000876135.1_ASM87613v1_genomic	bsh	bsh
HCABBDHA_03278	tr|A0A417CDY8|A0A417CDY8_9FIRM	99.7	325	1	0	1	325	1	325	1.7e-193	670.6	GCF_000876135.1_ASM87613v1_genomic	bsh	bsh
HCABBDHA_03278	tr|A0A564WVE5|A0A564WVE5_9FIRM	99.7	325	1	0	1	325	1	325	1.7e-193	670.6	GCF_000876135.1_ASM87613v1_genomic	bsh	bsh
HCABBDHA_03278	tr|A0A416NLT9|A0A416NLT9_9FIRM	99.7	325	1	0	1	325	1	325	2.2e-193	670.2	GCF_000876135.1_ASM87613v1_genomic	bsh	bsh
HCABBDHA_03278	tr|A0A7G9FVJ0|A0A7G9FVJ0_9FIRM	99.7	325	1	0	1	325	1	325	2.2e-193	670.2	GCF_000876135.1_ASM87613v1_genomic	bsh	bsh
HCABBDHA_03278	tr|L1Q414|L1Q414_ANAHA	99.7	325	1	0	1	325	1	325	2.2e-193	670.2	GCF_000876135.1_ASM87613v1_genomic	bsh	bsh
HCABBDHA_03278	tr|A0A174EB34|A0A174EB34_9FIRM	99.7	325	1	0	1	325	1	325	3.8e-193	669.5	GCF_000876135.1_ASM87613v1_genomic	bsh	bsh
HCABBDHA_03278	tr|A0A174GR10|A0A174GR10_9FIRM	99.7	325	1	0	1	325	1	325	3.8e-193	669.5	GCF_000876135.1_ASM87613v1_genomic	bsh	bsh
HCABBDHA_03278	tr|A0A174V5X0|A0A174V5X0_9FIRM	99.7	325	1	0	1	325	1	325	3.8e-193	669.5	GCF_000876135.1_ASM87613v1_genomic	bsh	bsh
HCABBDHA_03278	tr|A0A3E5E3Y9|A0A3E5E3Y9_9FIRM	99.4	325	2	0	1	325	1	325	3.8e-193	669.5	GCF_000876135.1_ASM87613v1_genomic	bsh	bsh
HCABBDHA_03278	tr|A0A1C5ULN3|A0A1C5ULN3_9FIRM	99.4	325	2	0	1	325	1	325	6.5e-193	668.7	GCF_000876135.1_ASM87613v1_genomic	bsh	bsh
HCABBDHA_03278	tr|A0A1G5FIB9|A0A1G5FIB9_9FIRM	99.4	325	2	0	1	325	1	325	6.5e-193	668.7	GCF_000876135.1_ASM87613v1_genomic	bsh	bsh
HCABBDHA_03278	tr|A0A317UFD6|A0A317UFD6_9FIRM	99.4	325	2	0	1	325	1	325	6.5e-193	668.7	GCF_000876135.1_ASM87613v1_genomic	bsh	bsh
HCABBDHA_03278	tr|A0A367FUZ2|A0A367FUZ2_9FIRM	99.4	325	2	0	1	325	1	325	6.5e-193	668.7	GCF_000876135.1_ASM87613v1_genomic	bsh	bsh
HCABBDHA_03278	tr|A0A3R6FU96|A0A3R6FU96_9FIRM	99.7	325	1	0	1	325	1	325	6.5e-193	668.7	GCF_000876135.1_ASM87613v1_genomic	bsh	bsh
HCABBDHA_03278	tr|A0A3R6X451|A0A3R6X451_9CLOT	99.4	325	2	0	1	325	1	325	6.5e-193	668.7	GCF_000876135.1_ASM87613v1_genomic	bsh	bsh
HCABBDHA_03278	tr|A0A6L8TEI6|A0A6L8TEI6_9FIRM	99.4	325	2	0	1	325	1	325	6.5e-193	668.7	GCF_000876135.1_ASM87613v1_genomic	bsh	bsh
HCABBDHA_03278	tr|A0A942WJN2|A0A942WJN2_9FIRM	99.4	325	2	0	1	325	1	325	6.5e-193	668.7	GCF_000876135.1_ASM87613v1_genomic	bsh	bsh
HCABBDHA_03278	tr|A0A1C5M099|A0A1C5M099_9CLOT	99.4	325	2	0	1	325	1	325	8.4e-193	668.3	GCF_000876135.1_ASM87613v1_genomic	bsh	bsh
HCABBDHA_03278	tr|A0A3R6N0X3|A0A3R6N0X3_9CLOT	99.4	325	2	0	1	325	1	325	8.4e-193	668.3	GCF_000876135.1_ASM87613v1_genomic	bsh	bsh
HCABBDHA_03278	tr|K1RSL9|K1RSL9_9ZZZZ	100	322	0	0	1	322	1	322	3.2e-192	666.4	GCF_000876135.1_ASM87613v1_genomic	bsh	bsh
LLAFECMD_01190	tr|A0A6N2SP25|A0A6N2SP25_9FIRM	99.7	329	1	0	1	329	1	329	1.8e-198	687.2	GCF_001304975.1_ASM130497v1_genomic	bsh	bsh
LLAFECMD_01190	tr|B0MC37|B0MC37_ANACD	99.7	329	1	0	1	329	4	332	1.8e-198	687.2	GCF_001304975.1_ASM130497v1_genomic	bsh	bsh
LLAFECMD_01190	tr|A0A374AUU7|A0A374AUU7_9FIRM	99.4	329	2	0	1	329	1	329	1.2e-197	684.5	GCF_001304975.1_ASM130497v1_genomic	bsh	bsh
LLAFECMD_02423	tr|A0A1H3BS51|A0A1H3BS51_EUBBA	64.5	282	100	0	1	282	1	282	2.3e-106	380.9	GCF_001304975.1_ASM130497v1_genomic	bsh	bsh
IPCBICDJ_02530	tr|A0A174S307|A0A174S307_ANAHA	100	323	0	0	1	323	1	323	3.1e-195	676.4	GCF_001404835.1_14207_7_31_genomic	bsh	bsh
IPCBICDJ_02530	tr|A0A415W1Y4|A0A415W1Y4_9FIRM	99.7	323	1	0	1	323	1	323	1.2e-194	674.5	GCF_001404835.1_14207_7_31_genomic	bsh	bsh
IPCBICDJ_02530	tr|A0A415Y4A6|A0A415Y4A6_9FIRM	99.7	323	1	0	1	323	1	323	1.2e-194	674.5	GCF_001404835.1_14207_7_31_genomic	bsh	bsh
IPCBICDJ_02530	tr|A0A417JP01|A0A417JP01_9FIRM	99.7	323	1	0	1	323	1	323	1.2e-194	674.5	GCF_001404835.1_14207_7_31_genomic	bsh	bsh
IPCBICDJ_02530	tr|A0A417UTY8|A0A417UTY8_9FIRM	99.7	323	1	0	1	323	1	323	1.2e-194	674.5	GCF_001404835.1_14207_7_31_genomic	bsh	bsh
IPCBICDJ_02530	tr|D4N0V8|D4N0V8_ANAHA	99.7	323	1	0	1	323	1	323	1.2e-194	674.5	GCF_001404835.1_14207_7_31_genomic	bsh	bsh
IPCBICDJ_02530	tr|A0A6N2RN78|A0A6N2RN78_ANAHA	99.4	323	2	0	1	323	1	323	1.5e-194	674.1	GCF_001404835.1_14207_7_31_genomic	bsh	bsh
IPCBICDJ_02530	tr|L1QBV1|L1QBV1_ANAHA	99.4	323	2	0	1	323	1	323	2.6e-194	673.3	GCF_001404835.1_14207_7_31_genomic	bsh	bsh
IPCBICDJ_02530	tr|A0A1Q2CAU9|A0A1Q2CAU9_ANAHA	99.4	323	2	0	1	323	1	323	3.4e-194	672.9	GCF_001404835.1_14207_7_31_genomic	bsh	bsh
IPCBICDJ_02530	tr|E5VP64|E5VP64_9FIRM	99.4	323	2	0	1	323	1	323	3.4e-194	672.9	GCF_001404835.1_14207_7_31_genomic	bsh	bsh
IPCBICDJ_02530	tr|R5Z9B8|R5Z9B8_9FIRM	99.4	323	2	0	1	323	1	323	3.4e-194	672.9	GCF_001404835.1_14207_7_31_genomic	bsh	bsh
PCLFALEG_02507	tr|A0A415W1Y4|A0A415W1Y4_9FIRM	100	323	0	0	1	323	1	323	2.4e-195	676.8	GCF_001404955.1_13470_2_79_genomic	bsh	bsh
PCLFALEG_02507	tr|A0A415Y4A6|A0A415Y4A6_9FIRM	100	323	0	0	1	323	1	323	2.4e-195	676.8	GCF_001404955.1_13470_2_79_genomic	bsh	bsh
PCLFALEG_02507	tr|A0A417JP01|A0A417JP01_9FIRM	100	323	0	0	1	323	1	323	2.4e-195	676.8	GCF_001404955.1_13470_2_79_genomic	bsh	bsh
PCLFALEG_02507	tr|A0A417UTY8|A0A417UTY8_9FIRM	100	323	0	0	1	323	1	323	2.4e-195	676.8	GCF_001404955.1_13470_2_79_genomic	bsh	bsh
PCLFALEG_02507	tr|D4N0V8|D4N0V8_ANAHA	100	323	0	0	1	323	1	323	2.4e-195	676.8	GCF_001404955.1_13470_2_79_genomic	bsh	bsh
PCLFALEG_02507	tr|A0A6N2RN78|A0A6N2RN78_ANAHA	99.7	323	1	0	1	323	1	323	3.1e-195	676.4	GCF_001404955.1_13470_2_79_genomic	bsh	bsh
PCLFALEG_02507	tr|L1QBV1|L1QBV1_ANAHA	99.7	323	1	0	1	323	1	323	5.2e-195	675.6	GCF_001404955.1_13470_2_79_genomic	bsh	bsh
PCLFALEG_02507	tr|A0A1Q2CAU9|A0A1Q2CAU9_ANAHA	99.7	323	1	0	1	323	1	323	6.9e-195	675.2	GCF_001404955.1_13470_2_79_genomic	bsh	bsh
PCLFALEG_02507	tr|E5VP64|E5VP64_9FIRM	99.7	323	1	0	1	323	1	323	6.9e-195	675.2	GCF_001404955.1_13470_2_79_genomic	bsh	bsh
PCLFALEG_02507	tr|R5Z9B8|R5Z9B8_9FIRM	99.7	323	1	0	1	323	1	323	6.9e-195	675.2	GCF_001404955.1_13470_2_79_genomic	bsh	bsh
PCLFALEG_02507	tr|A0A174S307|A0A174S307_ANAHA	99.7	323	1	0	1	323	1	323	8.9e-195	674.9	GCF_001404955.1_13470_2_79_genomic	bsh	bsh
HAHNOBOP_01312	tr|A0A415W1Y4|A0A415W1Y4_9FIRM	100	323	0	0	1	323	1	323	2.4e-195	676.8	GCF_001405635.1_14207_7_82_genomic	bsh	bsh
HAHNOBOP_01312	tr|A0A415Y4A6|A0A415Y4A6_9FIRM	100	323	0	0	1	323	1	323	2.4e-195	676.8	GCF_001405635.1_14207_7_82_genomic	bsh	bsh
HAHNOBOP_01312	tr|A0A417JP01|A0A417JP01_9FIRM	100	323	0	0	1	323	1	323	2.4e-195	676.8	GCF_001405635.1_14207_7_82_genomic	bsh	bsh
HAHNOBOP_01312	tr|A0A417UTY8|A0A417UTY8_9FIRM	100	323	0	0	1	323	1	323	2.4e-195	676.8	GCF_001405635.1_14207_7_82_genomic	bsh	bsh
HAHNOBOP_01312	tr|D4N0V8|D4N0V8_ANAHA	100	323	0	0	1	323	1	323	2.4e-195	676.8	GCF_001405635.1_14207_7_82_genomic	bsh	bsh
HAHNOBOP_01312	tr|A0A6N2RN78|A0A6N2RN78_ANAHA	99.7	323	1	0	1	323	1	323	3.1e-195	676.4	GCF_001405635.1_14207_7_82_genomic	bsh	bsh
HAHNOBOP_01312	tr|L1QBV1|L1QBV1_ANAHA	99.7	323	1	0	1	323	1	323	5.2e-195	675.6	GCF_001405635.1_14207_7_82_genomic	bsh	bsh
HAHNOBOP_01312	tr|A0A1Q2CAU9|A0A1Q2CAU9_ANAHA	99.7	323	1	0	1	323	1	323	6.9e-195	675.2	GCF_001405635.1_14207_7_82_genomic	bsh	bsh
HAHNOBOP_01312	tr|E5VP64|E5VP64_9FIRM	99.7	323	1	0	1	323	1	323	6.9e-195	675.2	GCF_001405635.1_14207_7_82_genomic	bsh	bsh
HAHNOBOP_01312	tr|R5Z9B8|R5Z9B8_9FIRM	99.7	323	1	0	1	323	1	323	6.9e-195	675.2	GCF_001405635.1_14207_7_82_genomic	bsh	bsh
HAHNOBOP_01312	tr|A0A174S307|A0A174S307_ANAHA	99.7	323	1	0	1	323	1	323	8.9e-195	674.9	GCF_001405635.1_14207_7_82_genomic	bsh	bsh
HAHNOBOP_02524	tr|A0A173UXL2|A0A173UXL2_ANAHA	100	325	0	0	1	325	1	325	4.5e-194	672.5	GCF_001405635.1_14207_7_82_genomic	bsh	bsh
HAHNOBOP_02524	tr|A0A173V7R5|A0A173V7R5_9FIRM	100	325	0	0	1	325	1	325	4.5e-194	672.5	GCF_001405635.1_14207_7_82_genomic	bsh	bsh
HAHNOBOP_02524	tr|A0A174D8V8|A0A174D8V8_9FIRM	100	325	0	0	1	325	1	325	4.5e-194	672.5	GCF_001405635.1_14207_7_82_genomic	bsh	bsh
HAHNOBOP_02524	tr|A0A174HSI5|A0A174HSI5_9FIRM	100	325	0	0	1	325	1	325	4.5e-194	672.5	GCF_001405635.1_14207_7_82_genomic	bsh	bsh
HAHNOBOP_02524	tr|A0A1C5TTN1|A0A1C5TTN1_9FIRM	100	325	0	0	1	325	1	325	4.5e-194	672.5	GCF_001405635.1_14207_7_82_genomic	bsh	bsh
HAHNOBOP_02524	tr|A0A1C5U7I7|A0A1C5U7I7_9CLOT	100	325	0	0	1	325	1	325	4.5e-194	672.5	GCF_001405635.1_14207_7_82_genomic	bsh	bsh
HAHNOBOP_02524	tr|A0A1C6BVX3|A0A1C6BVX3_9FIRM	100	325	0	0	1	325	1	325	4.5e-194	672.5	GCF_001405635.1_14207_7_82_genomic	bsh	bsh
HAHNOBOP_02524	tr|A0A1C6FXQ7|A0A1C6FXQ7_9FIRM	100	325	0	0	1	325	1	325	4.5e-194	672.5	GCF_001405635.1_14207_7_82_genomic	bsh	bsh
HAHNOBOP_02524	tr|A0A285PRT2|A0A285PRT2_9FIRM	100	325	0	0	1	325	1	325	4.5e-194	672.5	GCF_001405635.1_14207_7_82_genomic	bsh	bsh
HAHNOBOP_02524	tr|A0A373V9R9|A0A373V9R9_9FIRM	100	325	0	0	1	325	1	325	4.5e-194	672.5	GCF_001405635.1_14207_7_82_genomic	bsh	bsh
HAHNOBOP_02524	tr|A0A374AYZ4|A0A374AYZ4_9FIRM	100	325	0	0	1	325	1	325	4.5e-194	672.5	GCF_001405635.1_14207_7_82_genomic	bsh	bsh
HAHNOBOP_02524	tr|A0A3R6DJG5|A0A3R6DJG5_9FIRM	100	325	0	0	1	325	1	325	4.5e-194	672.5	GCF_001405635.1_14207_7_82_genomic	bsh	bsh
HAHNOBOP_02524	tr|A0A412MA68|A0A412MA68_9FIRM	100	325	0	0	1	325	1	325	4.5e-194	672.5	GCF_001405635.1_14207_7_82_genomic	bsh	bsh
HAHNOBOP_02524	tr|A0A415FJV4|A0A415FJV4_9FIRM	100	325	0	0	1	325	1	325	4.5e-194	672.5	GCF_001405635.1_14207_7_82_genomic	bsh	bsh
HAHNOBOP_02524	tr|A0A415VWX2|A0A415VWX2_9FIRM	100	325	0	0	1	325	1	325	4.5e-194	672.5	GCF_001405635.1_14207_7_82_genomic	bsh	bsh
HAHNOBOP_02524	tr|A0A415Y8U9|A0A415Y8U9_9FIRM	100	325	0	0	1	325	1	325	4.5e-194	672.5	GCF_001405635.1_14207_7_82_genomic	bsh	bsh
HAHNOBOP_02524	tr|A0A417C6D6|A0A417C6D6_9FIRM	100	325	0	0	1	325	1	325	4.5e-194	672.5	GCF_001405635.1_14207_7_82_genomic	bsh	bsh
HAHNOBOP_02524	tr|A0A417URI0|A0A417URI0_9FIRM	100	325	0	0	1	325	1	325	4.5e-194	672.5	GCF_001405635.1_14207_7_82_genomic	bsh	bsh
HAHNOBOP_02524	tr|A0A845KWQ3|A0A845KWQ3_9FIRM	100	325	0	0	1	325	1	325	4.5e-194	672.5	GCF_001405635.1_14207_7_82_genomic	bsh	bsh
HAHNOBOP_02524	tr|A5ZWR0|A5ZWR0_9FIRM	100	325	0	0	1	325	1	325	4.5e-194	672.5	GCF_001405635.1_14207_7_82_genomic	bsh	bsh
HAHNOBOP_02524	tr|A6BGZ5|A6BGZ5_9FIRM	100	325	0	0	1	325	1	325	4.5e-194	672.5	GCF_001405635.1_14207_7_82_genomic	bsh	bsh
HAHNOBOP_02524	tr|C0EW54|C0EW54_9FIRM	100	325	0	0	1	325	1	325	4.5e-194	672.5	GCF_001405635.1_14207_7_82_genomic	bsh	bsh
HAHNOBOP_02524	tr|A0A844GIR0|A0A844GIR0_9FIRM	99.7	325	1	0	1	325	1	325	5.8e-194	672.2	GCF_001405635.1_14207_7_82_genomic	bsh	bsh
HAHNOBOP_02524	tr|A0A1C6IFT3|A0A1C6IFT3_9FIRM	99.7	325	1	0	1	325	1	325	7.6e-194	671.8	GCF_001405635.1_14207_7_82_genomic	bsh	bsh
HAHNOBOP_02524	tr|A0A6N9LK70|A0A6N9LK70_9FIRM	99.7	325	1	0	1	325	1	325	7.6e-194	671.8	GCF_001405635.1_14207_7_82_genomic	bsh	bsh
HAHNOBOP_02524	tr|A0A1C5RZ46|A0A1C5RZ46_9CLOT	99.7	325	1	0	1	325	1	325	1.3e-193	671	GCF_001405635.1_14207_7_82_genomic	bsh	bsh
HAHNOBOP_02524	tr|A0A1C5TMU3|A0A1C5TMU3_9FIRM	99.7	325	1	0	1	325	1	325	1.3e-193	671	GCF_001405635.1_14207_7_82_genomic	bsh	bsh
HAHNOBOP_02524	tr|A0A1C5VAP5|A0A1C5VAP5_9FIRM	99.7	325	1	0	1	325	1	325	1.3e-193	671	GCF_001405635.1_14207_7_82_genomic	bsh	bsh
HAHNOBOP_02524	tr|A0A373IZI9|A0A373IZI9_9FIRM	99.7	325	1	0	1	325	1	325	1.3e-193	671	GCF_001405635.1_14207_7_82_genomic	bsh	bsh
HAHNOBOP_02524	tr|A0A415HK39|A0A415HK39_9FIRM	99.7	325	1	0	1	325	1	325	1.3e-193	671	GCF_001405635.1_14207_7_82_genomic	bsh	bsh
HAHNOBOP_02524	tr|A0A417R5E7|A0A417R5E7_9FIRM	99.7	325	1	0	1	325	1	325	1.3e-193	671	GCF_001405635.1_14207_7_82_genomic	bsh	bsh
HAHNOBOP_02524	tr|A0A6N3AUL3|A0A6N3AUL3_9FIRM	99.7	325	1	0	1	325	1	325	1.3e-193	671	GCF_001405635.1_14207_7_82_genomic	bsh	bsh
HAHNOBOP_02524	tr|A0A173U973|A0A173U973_9FIRM	99.7	325	1	0	1	325	1	325	1.7e-193	670.6	GCF_001405635.1_14207_7_82_genomic	bsh	bsh
HAHNOBOP_02524	tr|A0A1C5REX8|A0A1C5REX8_9FIRM	99.7	325	1	0	1	325	1	325	1.7e-193	670.6	GCF_001405635.1_14207_7_82_genomic	bsh	bsh
HAHNOBOP_02524	tr|A0A1C5UZX7|A0A1C5UZX7_9CLOT	99.7	325	1	0	1	325	1	325	1.7e-193	670.6	GCF_001405635.1_14207_7_82_genomic	bsh	bsh
HAHNOBOP_02524	tr|A0A1C6AVX0|A0A1C6AVX0_9FIRM	99.7	325	1	0	1	325	1	325	1.7e-193	670.6	GCF_001405635.1_14207_7_82_genomic	bsh	bsh
HAHNOBOP_02524	tr|A0A417CDY8|A0A417CDY8_9FIRM	99.7	325	1	0	1	325	1	325	1.7e-193	670.6	GCF_001405635.1_14207_7_82_genomic	bsh	bsh
HAHNOBOP_02524	tr|A0A564WVE5|A0A564WVE5_9FIRM	99.7	325	1	0	1	325	1	325	1.7e-193	670.6	GCF_001405635.1_14207_7_82_genomic	bsh	bsh
HAHNOBOP_02524	tr|A0A416NLT9|A0A416NLT9_9FIRM	99.7	325	1	0	1	325	1	325	2.2e-193	670.2	GCF_001405635.1_14207_7_82_genomic	bsh	bsh
HAHNOBOP_02524	tr|A0A7G9FVJ0|A0A7G9FVJ0_9FIRM	99.7	325	1	0	1	325	1	325	2.2e-193	670.2	GCF_001405635.1_14207_7_82_genomic	bsh	bsh
HAHNOBOP_02524	tr|L1Q414|L1Q414_ANAHA	99.7	325	1	0	1	325	1	325	2.2e-193	670.2	GCF_001405635.1_14207_7_82_genomic	bsh	bsh
HAHNOBOP_02524	tr|A0A174EB34|A0A174EB34_9FIRM	99.7	325	1	0	1	325	1	325	3.8e-193	669.5	GCF_001405635.1_14207_7_82_genomic	bsh	bsh
HAHNOBOP_02524	tr|A0A174GR10|A0A174GR10_9FIRM	99.7	325	1	0	1	325	1	325	3.8e-193	669.5	GCF_001405635.1_14207_7_82_genomic	bsh	bsh
HAHNOBOP_02524	tr|A0A174V5X0|A0A174V5X0_9FIRM	99.7	325	1	0	1	325	1	325	3.8e-193	669.5	GCF_001405635.1_14207_7_82_genomic	bsh	bsh
HAHNOBOP_02524	tr|A0A3E5E3Y9|A0A3E5E3Y9_9FIRM	99.4	325	2	0	1	325	1	325	3.8e-193	669.5	GCF_001405635.1_14207_7_82_genomic	bsh	bsh
HAHNOBOP_02524	tr|A0A1C5ULN3|A0A1C5ULN3_9FIRM	99.4	325	2	0	1	325	1	325	6.5e-193	668.7	GCF_001405635.1_14207_7_82_genomic	bsh	bsh
HAHNOBOP_02524	tr|A0A1G5FIB9|A0A1G5FIB9_9FIRM	99.4	325	2	0	1	325	1	325	6.5e-193	668.7	GCF_001405635.1_14207_7_82_genomic	bsh	bsh
HAHNOBOP_02524	tr|A0A317UFD6|A0A317UFD6_9FIRM	99.4	325	2	0	1	325	1	325	6.5e-193	668.7	GCF_001405635.1_14207_7_82_genomic	bsh	bsh
HAHNOBOP_02524	tr|A0A367FUZ2|A0A367FUZ2_9FIRM	99.4	325	2	0	1	325	1	325	6.5e-193	668.7	GCF_001405635.1_14207_7_82_genomic	bsh	bsh
HAHNOBOP_02524	tr|A0A3R6FU96|A0A3R6FU96_9FIRM	99.7	325	1	0	1	325	1	325	6.5e-193	668.7	GCF_001405635.1_14207_7_82_genomic	bsh	bsh
HAHNOBOP_02524	tr|A0A3R6X451|A0A3R6X451_9CLOT	99.4	325	2	0	1	325	1	325	6.5e-193	668.7	GCF_001405635.1_14207_7_82_genomic	bsh	bsh
HAHNOBOP_02524	tr|A0A6L8TEI6|A0A6L8TEI6_9FIRM	99.4	325	2	0	1	325	1	325	6.5e-193	668.7	GCF_001405635.1_14207_7_82_genomic	bsh	bsh
HAHNOBOP_02524	tr|A0A942WJN2|A0A942WJN2_9FIRM	99.4	325	2	0	1	325	1	325	6.5e-193	668.7	GCF_001405635.1_14207_7_82_genomic	bsh	bsh
HAHNOBOP_02524	tr|A0A1C5M099|A0A1C5M099_9CLOT	99.4	325	2	0	1	325	1	325	8.4e-193	668.3	GCF_001405635.1_14207_7_82_genomic	bsh	bsh
HAHNOBOP_02524	tr|A0A3R6N0X3|A0A3R6N0X3_9CLOT	99.4	325	2	0	1	325	1	325	8.4e-193	668.3	GCF_001405635.1_14207_7_82_genomic	bsh	bsh
HAHNOBOP_02524	tr|K1RSL9|K1RSL9_9ZZZZ	100	322	0	0	1	322	1	322	3.2e-192	666.4	GCF_001405635.1_14207_7_82_genomic	bsh	bsh
IEJMHOJM_02837	tr|A0A415W1Y4|A0A415W1Y4_9FIRM	100	323	0	0	1	323	1	323	2.4e-195	676.8	GCF_001405715.1_13414_6_52_genomic	bsh	bsh
IEJMHOJM_02837	tr|A0A415Y4A6|A0A415Y4A6_9FIRM	100	323	0	0	1	323	1	323	2.4e-195	676.8	GCF_001405715.1_13414_6_52_genomic	bsh	bsh
IEJMHOJM_02837	tr|A0A417JP01|A0A417JP01_9FIRM	100	323	0	0	1	323	1	323	2.4e-195	676.8	GCF_001405715.1_13414_6_52_genomic	bsh	bsh
IEJMHOJM_02837	tr|A0A417UTY8|A0A417UTY8_9FIRM	100	323	0	0	1	323	1	323	2.4e-195	676.8	GCF_001405715.1_13414_6_52_genomic	bsh	bsh
IEJMHOJM_02837	tr|D4N0V8|D4N0V8_ANAHA	100	323	0	0	1	323	1	323	2.4e-195	676.8	GCF_001405715.1_13414_6_52_genomic	bsh	bsh
IEJMHOJM_02837	tr|A0A6N2RN78|A0A6N2RN78_ANAHA	99.7	323	1	0	1	323	1	323	3.1e-195	676.4	GCF_001405715.1_13414_6_52_genomic	bsh	bsh
IEJMHOJM_02837	tr|L1QBV1|L1QBV1_ANAHA	99.7	323	1	0	1	323	1	323	5.2e-195	675.6	GCF_001405715.1_13414_6_52_genomic	bsh	bsh
IEJMHOJM_02837	tr|A0A1Q2CAU9|A0A1Q2CAU9_ANAHA	99.7	323	1	0	1	323	1	323	6.9e-195	675.2	GCF_001405715.1_13414_6_52_genomic	bsh	bsh
IEJMHOJM_02837	tr|E5VP64|E5VP64_9FIRM	99.7	323	1	0	1	323	1	323	6.9e-195	675.2	GCF_001405715.1_13414_6_52_genomic	bsh	bsh
IEJMHOJM_02837	tr|R5Z9B8|R5Z9B8_9FIRM	99.7	323	1	0	1	323	1	323	6.9e-195	675.2	GCF_001405715.1_13414_6_52_genomic	bsh	bsh
IEJMHOJM_02837	tr|A0A174S307|A0A174S307_ANAHA	99.7	323	1	0	1	323	1	323	8.9e-195	674.9	GCF_001405715.1_13414_6_52_genomic	bsh	bsh
IEJMHOJM_03185	tr|A0A173UXL2|A0A173UXL2_ANAHA	100	325	0	0	1	325	1	325	4.5e-194	672.5	GCF_001405715.1_13414_6_52_genomic	bsh	bsh
IEJMHOJM_03185	tr|A0A173V7R5|A0A173V7R5_9FIRM	100	325	0	0	1	325	1	325	4.5e-194	672.5	GCF_001405715.1_13414_6_52_genomic	bsh	bsh
IEJMHOJM_03185	tr|A0A174D8V8|A0A174D8V8_9FIRM	100	325	0	0	1	325	1	325	4.5e-194	672.5	GCF_001405715.1_13414_6_52_genomic	bsh	bsh
IEJMHOJM_03185	tr|A0A174HSI5|A0A174HSI5_9FIRM	100	325	0	0	1	325	1	325	4.5e-194	672.5	GCF_001405715.1_13414_6_52_genomic	bsh	bsh
IEJMHOJM_03185	tr|A0A1C5TTN1|A0A1C5TTN1_9FIRM	100	325	0	0	1	325	1	325	4.5e-194	672.5	GCF_001405715.1_13414_6_52_genomic	bsh	bsh
IEJMHOJM_03185	tr|A0A1C5U7I7|A0A1C5U7I7_9CLOT	100	325	0	0	1	325	1	325	4.5e-194	672.5	GCF_001405715.1_13414_6_52_genomic	bsh	bsh
IEJMHOJM_03185	tr|A0A1C6BVX3|A0A1C6BVX3_9FIRM	100	325	0	0	1	325	1	325	4.5e-194	672.5	GCF_001405715.1_13414_6_52_genomic	bsh	bsh
IEJMHOJM_03185	tr|A0A1C6FXQ7|A0A1C6FXQ7_9FIRM	100	325	0	0	1	325	1	325	4.5e-194	672.5	GCF_001405715.1_13414_6_52_genomic	bsh	bsh
IEJMHOJM_03185	tr|A0A285PRT2|A0A285PRT2_9FIRM	100	325	0	0	1	325	1	325	4.5e-194	672.5	GCF_001405715.1_13414_6_52_genomic	bsh	bsh
IEJMHOJM_03185	tr|A0A373V9R9|A0A373V9R9_9FIRM	100	325	0	0	1	325	1	325	4.5e-194	672.5	GCF_001405715.1_13414_6_52_genomic	bsh	bsh
IEJMHOJM_03185	tr|A0A374AYZ4|A0A374AYZ4_9FIRM	100	325	0	0	1	325	1	325	4.5e-194	672.5	GCF_001405715.1_13414_6_52_genomic	bsh	bsh
IEJMHOJM_03185	tr|A0A3R6DJG5|A0A3R6DJG5_9FIRM	100	325	0	0	1	325	1	325	4.5e-194	672.5	GCF_001405715.1_13414_6_52_genomic	bsh	bsh
IEJMHOJM_03185	tr|A0A412MA68|A0A412MA68_9FIRM	100	325	0	0	1	325	1	325	4.5e-194	672.5	GCF_001405715.1_13414_6_52_genomic	bsh	bsh
IEJMHOJM_03185	tr|A0A415FJV4|A0A415FJV4_9FIRM	100	325	0	0	1	325	1	325	4.5e-194	672.5	GCF_001405715.1_13414_6_52_genomic	bsh	bsh
IEJMHOJM_03185	tr|A0A415VWX2|A0A415VWX2_9FIRM	100	325	0	0	1	325	1	325	4.5e-194	672.5	GCF_001405715.1_13414_6_52_genomic	bsh	bsh
IEJMHOJM_03185	tr|A0A415Y8U9|A0A415Y8U9_9FIRM	100	325	0	0	1	325	1	325	4.5e-194	672.5	GCF_001405715.1_13414_6_52_genomic	bsh	bsh
IEJMHOJM_03185	tr|A0A417C6D6|A0A417C6D6_9FIRM	100	325	0	0	1	325	1	325	4.5e-194	672.5	GCF_001405715.1_13414_6_52_genomic	bsh	bsh
IEJMHOJM_03185	tr|A0A417URI0|A0A417URI0_9FIRM	100	325	0	0	1	325	1	325	4.5e-194	672.5	GCF_001405715.1_13414_6_52_genomic	bsh	bsh
IEJMHOJM_03185	tr|A0A845KWQ3|A0A845KWQ3_9FIRM	100	325	0	0	1	325	1	325	4.5e-194	672.5	GCF_001405715.1_13414_6_52_genomic	bsh	bsh
IEJMHOJM_03185	tr|A5ZWR0|A5ZWR0_9FIRM	100	325	0	0	1	325	1	325	4.5e-194	672.5	GCF_001405715.1_13414_6_52_genomic	bsh	bsh
IEJMHOJM_03185	tr|A6BGZ5|A6BGZ5_9FIRM	100	325	0	0	1	325	1	325	4.5e-194	672.5	GCF_001405715.1_13414_6_52_genomic	bsh	bsh
IEJMHOJM_03185	tr|C0EW54|C0EW54_9FIRM	100	325	0	0	1	325	1	325	4.5e-194	672.5	GCF_001405715.1_13414_6_52_genomic	bsh	bsh
IEJMHOJM_03185	tr|A0A844GIR0|A0A844GIR0_9FIRM	99.7	325	1	0	1	325	1	325	5.8e-194	672.2	GCF_001405715.1_13414_6_52_genomic	bsh	bsh
IEJMHOJM_03185	tr|A0A1C6IFT3|A0A1C6IFT3_9FIRM	99.7	325	1	0	1	325	1	325	7.6e-194	671.8	GCF_001405715.1_13414_6_52_genomic	bsh	bsh
IEJMHOJM_03185	tr|A0A6N9LK70|A0A6N9LK70_9FIRM	99.7	325	1	0	1	325	1	325	7.6e-194	671.8	GCF_001405715.1_13414_6_52_genomic	bsh	bsh
IEJMHOJM_03185	tr|A0A1C5RZ46|A0A1C5RZ46_9CLOT	99.7	325	1	0	1	325	1	325	1.3e-193	671	GCF_001405715.1_13414_6_52_genomic	bsh	bsh
IEJMHOJM_03185	tr|A0A1C5TMU3|A0A1C5TMU3_9FIRM	99.7	325	1	0	1	325	1	325	1.3e-193	671	GCF_001405715.1_13414_6_52_genomic	bsh	bsh
IEJMHOJM_03185	tr|A0A1C5VAP5|A0A1C5VAP5_9FIRM	99.7	325	1	0	1	325	1	325	1.3e-193	671	GCF_001405715.1_13414_6_52_genomic	bsh	bsh
IEJMHOJM_03185	tr|A0A373IZI9|A0A373IZI9_9FIRM	99.7	325	1	0	1	325	1	325	1.3e-193	671	GCF_001405715.1_13414_6_52_genomic	bsh	bsh
IEJMHOJM_03185	tr|A0A415HK39|A0A415HK39_9FIRM	99.7	325	1	0	1	325	1	325	1.3e-193	671	GCF_001405715.1_13414_6_52_genomic	bsh	bsh
IEJMHOJM_03185	tr|A0A417R5E7|A0A417R5E7_9FIRM	99.7	325	1	0	1	325	1	325	1.3e-193	671	GCF_001405715.1_13414_6_52_genomic	bsh	bsh
IEJMHOJM_03185	tr|A0A6N3AUL3|A0A6N3AUL3_9FIRM	99.7	325	1	0	1	325	1	325	1.3e-193	671	GCF_001405715.1_13414_6_52_genomic	bsh	bsh
IEJMHOJM_03185	tr|A0A173U973|A0A173U973_9FIRM	99.7	325	1	0	1	325	1	325	1.7e-193	670.6	GCF_001405715.1_13414_6_52_genomic	bsh	bsh
IEJMHOJM_03185	tr|A0A1C5REX8|A0A1C5REX8_9FIRM	99.7	325	1	0	1	325	1	325	1.7e-193	670.6	GCF_001405715.1_13414_6_52_genomic	bsh	bsh
IEJMHOJM_03185	tr|A0A1C5UZX7|A0A1C5UZX7_9CLOT	99.7	325	1	0	1	325	1	325	1.7e-193	670.6	GCF_001405715.1_13414_6_52_genomic	bsh	bsh
IEJMHOJM_03185	tr|A0A1C6AVX0|A0A1C6AVX0_9FIRM	99.7	325	1	0	1	325	1	325	1.7e-193	670.6	GCF_001405715.1_13414_6_52_genomic	bsh	bsh
IEJMHOJM_03185	tr|A0A417CDY8|A0A417CDY8_9FIRM	99.7	325	1	0	1	325	1	325	1.7e-193	670.6	GCF_001405715.1_13414_6_52_genomic	bsh	bsh
IEJMHOJM_03185	tr|A0A564WVE5|A0A564WVE5_9FIRM	99.7	325	1	0	1	325	1	325	1.7e-193	670.6	GCF_001405715.1_13414_6_52_genomic	bsh	bsh
IEJMHOJM_03185	tr|A0A416NLT9|A0A416NLT9_9FIRM	99.7	325	1	0	1	325	1	325	2.2e-193	670.2	GCF_001405715.1_13414_6_52_genomic	bsh	bsh
IEJMHOJM_03185	tr|A0A7G9FVJ0|A0A7G9FVJ0_9FIRM	99.7	325	1	0	1	325	1	325	2.2e-193	670.2	GCF_001405715.1_13414_6_52_genomic	bsh	bsh
IEJMHOJM_03185	tr|L1Q414|L1Q414_ANAHA	99.7	325	1	0	1	325	1	325	2.2e-193	670.2	GCF_001405715.1_13414_6_52_genomic	bsh	bsh
IEJMHOJM_03185	tr|A0A174EB34|A0A174EB34_9FIRM	99.7	325	1	0	1	325	1	325	3.8e-193	669.5	GCF_001405715.1_13414_6_52_genomic	bsh	bsh
IEJMHOJM_03185	tr|A0A174GR10|A0A174GR10_9FIRM	99.7	325	1	0	1	325	1	325	3.8e-193	669.5	GCF_001405715.1_13414_6_52_genomic	bsh	bsh
IEJMHOJM_03185	tr|A0A174V5X0|A0A174V5X0_9FIRM	99.7	325	1	0	1	325	1	325	3.8e-193	669.5	GCF_001405715.1_13414_6_52_genomic	bsh	bsh
IEJMHOJM_03185	tr|A0A3E5E3Y9|A0A3E5E3Y9_9FIRM	99.4	325	2	0	1	325	1	325	3.8e-193	669.5	GCF_001405715.1_13414_6_52_genomic	bsh	bsh
IEJMHOJM_03185	tr|A0A1C5ULN3|A0A1C5ULN3_9FIRM	99.4	325	2	0	1	325	1	325	6.5e-193	668.7	GCF_001405715.1_13414_6_52_genomic	bsh	bsh
IEJMHOJM_03185	tr|A0A1G5FIB9|A0A1G5FIB9_9FIRM	99.4	325	2	0	1	325	1	325	6.5e-193	668.7	GCF_001405715.1_13414_6_52_genomic	bsh	bsh
IEJMHOJM_03185	tr|A0A317UFD6|A0A317UFD6_9FIRM	99.4	325	2	0	1	325	1	325	6.5e-193	668.7	GCF_001405715.1_13414_6_52_genomic	bsh	bsh
IEJMHOJM_03185	tr|A0A367FUZ2|A0A367FUZ2_9FIRM	99.4	325	2	0	1	325	1	325	6.5e-193	668.7	GCF_001405715.1_13414_6_52_genomic	bsh	bsh
IEJMHOJM_03185	tr|A0A3R6FU96|A0A3R6FU96_9FIRM	99.7	325	1	0	1	325	1	325	6.5e-193	668.7	GCF_001405715.1_13414_6_52_genomic	bsh	bsh
IEJMHOJM_03185	tr|A0A3R6X451|A0A3R6X451_9CLOT	99.4	325	2	0	1	325	1	325	6.5e-193	668.7	GCF_001405715.1_13414_6_52_genomic	bsh	bsh
IEJMHOJM_03185	tr|A0A6L8TEI6|A0A6L8TEI6_9FIRM	99.4	325	2	0	1	325	1	325	6.5e-193	668.7	GCF_001405715.1_13414_6_52_genomic	bsh	bsh
IEJMHOJM_03185	tr|A0A942WJN2|A0A942WJN2_9FIRM	99.4	325	2	0	1	325	1	325	6.5e-193	668.7	GCF_001405715.1_13414_6_52_genomic	bsh	bsh
IEJMHOJM_03185	tr|A0A1C5M099|A0A1C5M099_9CLOT	99.4	325	2	0	1	325	1	325	8.4e-193	668.3	GCF_001405715.1_13414_6_52_genomic	bsh	bsh
IEJMHOJM_03185	tr|A0A3R6N0X3|A0A3R6N0X3_9CLOT	99.4	325	2	0	1	325	1	325	8.4e-193	668.3	GCF_001405715.1_13414_6_52_genomic	bsh	bsh
IEJMHOJM_03185	tr|K1RSL9|K1RSL9_9ZZZZ	100	322	0	0	1	322	1	322	3.2e-192	666.4	GCF_001405715.1_13414_6_52_genomic	bsh	bsh
EHNAPLNG_00101	tr|A0A173UXL2|A0A173UXL2_ANAHA	100	325	0	0	1	325	1	325	4.5e-194	672.5	GCF_001998765.1_ASM199876v1_genomic	bsh	bsh
EHNAPLNG_00101	tr|A0A173V7R5|A0A173V7R5_9FIRM	100	325	0	0	1	325	1	325	4.5e-194	672.5	GCF_001998765.1_ASM199876v1_genomic	bsh	bsh
EHNAPLNG_00101	tr|A0A174D8V8|A0A174D8V8_9FIRM	100	325	0	0	1	325	1	325	4.5e-194	672.5	GCF_001998765.1_ASM199876v1_genomic	bsh	bsh
EHNAPLNG_00101	tr|A0A174HSI5|A0A174HSI5_9FIRM	100	325	0	0	1	325	1	325	4.5e-194	672.5	GCF_001998765.1_ASM199876v1_genomic	bsh	bsh
EHNAPLNG_00101	tr|A0A1C5TTN1|A0A1C5TTN1_9FIRM	100	325	0	0	1	325	1	325	4.5e-194	672.5	GCF_001998765.1_ASM199876v1_genomic	bsh	bsh
EHNAPLNG_00101	tr|A0A1C5U7I7|A0A1C5U7I7_9CLOT	100	325	0	0	1	325	1	325	4.5e-194	672.5	GCF_001998765.1_ASM199876v1_genomic	bsh	bsh
EHNAPLNG_00101	tr|A0A1C6BVX3|A0A1C6BVX3_9FIRM	100	325	0	0	1	325	1	325	4.5e-194	672.5	GCF_001998765.1_ASM199876v1_genomic	bsh	bsh
EHNAPLNG_00101	tr|A0A1C6FXQ7|A0A1C6FXQ7_9FIRM	100	325	0	0	1	325	1	325	4.5e-194	672.5	GCF_001998765.1_ASM199876v1_genomic	bsh	bsh
EHNAPLNG_00101	tr|A0A285PRT2|A0A285PRT2_9FIRM	100	325	0	0	1	325	1	325	4.5e-194	672.5	GCF_001998765.1_ASM199876v1_genomic	bsh	bsh
EHNAPLNG_00101	tr|A0A373V9R9|A0A373V9R9_9FIRM	100	325	0	0	1	325	1	325	4.5e-194	672.5	GCF_001998765.1_ASM199876v1_genomic	bsh	bsh
EHNAPLNG_00101	tr|A0A374AYZ4|A0A374AYZ4_9FIRM	100	325	0	0	1	325	1	325	4.5e-194	672.5	GCF_001998765.1_ASM199876v1_genomic	bsh	bsh
EHNAPLNG_00101	tr|A0A3R6DJG5|A0A3R6DJG5_9FIRM	100	325	0	0	1	325	1	325	4.5e-194	672.5	GCF_001998765.1_ASM199876v1_genomic	bsh	bsh
EHNAPLNG_00101	tr|A0A412MA68|A0A412MA68_9FIRM	100	325	0	0	1	325	1	325	4.5e-194	672.5	GCF_001998765.1_ASM199876v1_genomic	bsh	bsh
EHNAPLNG_00101	tr|A0A415FJV4|A0A415FJV4_9FIRM	100	325	0	0	1	325	1	325	4.5e-194	672.5	GCF_001998765.1_ASM199876v1_genomic	bsh	bsh
EHNAPLNG_00101	tr|A0A415VWX2|A0A415VWX2_9FIRM	100	325	0	0	1	325	1	325	4.5e-194	672.5	GCF_001998765.1_ASM199876v1_genomic	bsh	bsh
EHNAPLNG_00101	tr|A0A415Y8U9|A0A415Y8U9_9FIRM	100	325	0	0	1	325	1	325	4.5e-194	672.5	GCF_001998765.1_ASM199876v1_genomic	bsh	bsh
EHNAPLNG_00101	tr|A0A417C6D6|A0A417C6D6_9FIRM	100	325	0	0	1	325	1	325	4.5e-194	672.5	GCF_001998765.1_ASM199876v1_genomic	bsh	bsh
EHNAPLNG_00101	tr|A0A417URI0|A0A417URI0_9FIRM	100	325	0	0	1	325	1	325	4.5e-194	672.5	GCF_001998765.1_ASM199876v1_genomic	bsh	bsh
EHNAPLNG_00101	tr|A0A845KWQ3|A0A845KWQ3_9FIRM	100	325	0	0	1	325	1	325	4.5e-194	672.5	GCF_001998765.1_ASM199876v1_genomic	bsh	bsh
EHNAPLNG_00101	tr|A5ZWR0|A5ZWR0_9FIRM	100	325	0	0	1	325	1	325	4.5e-194	672.5	GCF_001998765.1_ASM199876v1_genomic	bsh	bsh
EHNAPLNG_00101	tr|A6BGZ5|A6BGZ5_9FIRM	100	325	0	0	1	325	1	325	4.5e-194	672.5	GCF_001998765.1_ASM199876v1_genomic	bsh	bsh
EHNAPLNG_00101	tr|C0EW54|C0EW54_9FIRM	100	325	0	0	1	325	1	325	4.5e-194	672.5	GCF_001998765.1_ASM199876v1_genomic	bsh	bsh
EHNAPLNG_00101	tr|A0A844GIR0|A0A844GIR0_9FIRM	99.7	325	1	0	1	325	1	325	5.8e-194	672.2	GCF_001998765.1_ASM199876v1_genomic	bsh	bsh
EHNAPLNG_00101	tr|A0A1C6IFT3|A0A1C6IFT3_9FIRM	99.7	325	1	0	1	325	1	325	7.6e-194	671.8	GCF_001998765.1_ASM199876v1_genomic	bsh	bsh
EHNAPLNG_00101	tr|A0A6N9LK70|A0A6N9LK70_9FIRM	99.7	325	1	0	1	325	1	325	7.6e-194	671.8	GCF_001998765.1_ASM199876v1_genomic	bsh	bsh
EHNAPLNG_00101	tr|A0A1C5RZ46|A0A1C5RZ46_9CLOT	99.7	325	1	0	1	325	1	325	1.3e-193	671	GCF_001998765.1_ASM199876v1_genomic	bsh	bsh
EHNAPLNG_00101	tr|A0A1C5TMU3|A0A1C5TMU3_9FIRM	99.7	325	1	0	1	325	1	325	1.3e-193	671	GCF_001998765.1_ASM199876v1_genomic	bsh	bsh
EHNAPLNG_00101	tr|A0A1C5VAP5|A0A1C5VAP5_9FIRM	99.7	325	1	0	1	325	1	325	1.3e-193	671	GCF_001998765.1_ASM199876v1_genomic	bsh	bsh
EHNAPLNG_00101	tr|A0A373IZI9|A0A373IZI9_9FIRM	99.7	325	1	0	1	325	1	325	1.3e-193	671	GCF_001998765.1_ASM199876v1_genomic	bsh	bsh
EHNAPLNG_00101	tr|A0A415HK39|A0A415HK39_9FIRM	99.7	325	1	0	1	325	1	325	1.3e-193	671	GCF_001998765.1_ASM199876v1_genomic	bsh	bsh
EHNAPLNG_00101	tr|A0A417R5E7|A0A417R5E7_9FIRM	99.7	325	1	0	1	325	1	325	1.3e-193	671	GCF_001998765.1_ASM199876v1_genomic	bsh	bsh
EHNAPLNG_00101	tr|A0A6N3AUL3|A0A6N3AUL3_9FIRM	99.7	325	1	0	1	325	1	325	1.3e-193	671	GCF_001998765.1_ASM199876v1_genomic	bsh	bsh
EHNAPLNG_00101	tr|A0A173U973|A0A173U973_9FIRM	99.7	325	1	0	1	325	1	325	1.7e-193	670.6	GCF_001998765.1_ASM199876v1_genomic	bsh	bsh
EHNAPLNG_00101	tr|A0A1C5REX8|A0A1C5REX8_9FIRM	99.7	325	1	0	1	325	1	325	1.7e-193	670.6	GCF_001998765.1_ASM199876v1_genomic	bsh	bsh
EHNAPLNG_00101	tr|A0A1C5UZX7|A0A1C5UZX7_9CLOT	99.7	325	1	0	1	325	1	325	1.7e-193	670.6	GCF_001998765.1_ASM199876v1_genomic	bsh	bsh
EHNAPLNG_00101	tr|A0A1C6AVX0|A0A1C6AVX0_9FIRM	99.7	325	1	0	1	325	1	325	1.7e-193	670.6	GCF_001998765.1_ASM199876v1_genomic	bsh	bsh
EHNAPLNG_00101	tr|A0A417CDY8|A0A417CDY8_9FIRM	99.7	325	1	0	1	325	1	325	1.7e-193	670.6	GCF_001998765.1_ASM199876v1_genomic	bsh	bsh
EHNAPLNG_00101	tr|A0A564WVE5|A0A564WVE5_9FIRM	99.7	325	1	0	1	325	1	325	1.7e-193	670.6	GCF_001998765.1_ASM199876v1_genomic	bsh	bsh
EHNAPLNG_00101	tr|A0A416NLT9|A0A416NLT9_9FIRM	99.7	325	1	0	1	325	1	325	2.2e-193	670.2	GCF_001998765.1_ASM199876v1_genomic	bsh	bsh
EHNAPLNG_00101	tr|A0A7G9FVJ0|A0A7G9FVJ0_9FIRM	99.7	325	1	0	1	325	1	325	2.2e-193	670.2	GCF_001998765.1_ASM199876v1_genomic	bsh	bsh
EHNAPLNG_00101	tr|L1Q414|L1Q414_ANAHA	99.7	325	1	0	1	325	1	325	2.2e-193	670.2	GCF_001998765.1_ASM199876v1_genomic	bsh	bsh
EHNAPLNG_00101	tr|A0A174EB34|A0A174EB34_9FIRM	99.7	325	1	0	1	325	1	325	3.8e-193	669.5	GCF_001998765.1_ASM199876v1_genomic	bsh	bsh
EHNAPLNG_00101	tr|A0A174GR10|A0A174GR10_9FIRM	99.7	325	1	0	1	325	1	325	3.8e-193	669.5	GCF_001998765.1_ASM199876v1_genomic	bsh	bsh
EHNAPLNG_00101	tr|A0A174V5X0|A0A174V5X0_9FIRM	99.7	325	1	0	1	325	1	325	3.8e-193	669.5	GCF_001998765.1_ASM199876v1_genomic	bsh	bsh
EHNAPLNG_00101	tr|A0A3E5E3Y9|A0A3E5E3Y9_9FIRM	99.4	325	2	0	1	325	1	325	3.8e-193	669.5	GCF_001998765.1_ASM199876v1_genomic	bsh	bsh
EHNAPLNG_00101	tr|A0A1C5ULN3|A0A1C5ULN3_9FIRM	99.4	325	2	0	1	325	1	325	6.5e-193	668.7	GCF_001998765.1_ASM199876v1_genomic	bsh	bsh
EHNAPLNG_00101	tr|A0A1G5FIB9|A0A1G5FIB9_9FIRM	99.4	325	2	0	1	325	1	325	6.5e-193	668.7	GCF_001998765.1_ASM199876v1_genomic	bsh	bsh
EHNAPLNG_00101	tr|A0A317UFD6|A0A317UFD6_9FIRM	99.4	325	2	0	1	325	1	325	6.5e-193	668.7	GCF_001998765.1_ASM199876v1_genomic	bsh	bsh
EHNAPLNG_00101	tr|A0A367FUZ2|A0A367FUZ2_9FIRM	99.4	325	2	0	1	325	1	325	6.5e-193	668.7	GCF_001998765.1_ASM199876v1_genomic	bsh	bsh
EHNAPLNG_00101	tr|A0A3R6FU96|A0A3R6FU96_9FIRM	99.7	325	1	0	1	325	1	325	6.5e-193	668.7	GCF_001998765.1_ASM199876v1_genomic	bsh	bsh
EHNAPLNG_00101	tr|A0A3R6X451|A0A3R6X451_9CLOT	99.4	325	2	0	1	325	1	325	6.5e-193	668.7	GCF_001998765.1_ASM199876v1_genomic	bsh	bsh
EHNAPLNG_00101	tr|A0A6L8TEI6|A0A6L8TEI6_9FIRM	99.4	325	2	0	1	325	1	325	6.5e-193	668.7	GCF_001998765.1_ASM199876v1_genomic	bsh	bsh
EHNAPLNG_00101	tr|A0A942WJN2|A0A942WJN2_9FIRM	99.4	325	2	0	1	325	1	325	6.5e-193	668.7	GCF_001998765.1_ASM199876v1_genomic	bsh	bsh
EHNAPLNG_00101	tr|A0A1C5M099|A0A1C5M099_9CLOT	99.4	325	2	0	1	325	1	325	8.4e-193	668.3	GCF_001998765.1_ASM199876v1_genomic	bsh	bsh
EHNAPLNG_00101	tr|A0A3R6N0X3|A0A3R6N0X3_9CLOT	99.4	325	2	0	1	325	1	325	8.4e-193	668.3	GCF_001998765.1_ASM199876v1_genomic	bsh	bsh
EHNAPLNG_00101	tr|K1RSL9|K1RSL9_9ZZZZ	100	322	0	0	1	322	1	322	3.2e-192	666.4	GCF_001998765.1_ASM199876v1_genomic	bsh	bsh
EHNAPLNG_03121	tr|A0A1Q2CAU9|A0A1Q2CAU9_ANAHA	100	323	0	0	1	323	1	323	2.4e-195	676.8	GCF_001998765.1_ASM199876v1_genomic	bsh	bsh
EHNAPLNG_03121	tr|A0A415W1Y4|A0A415W1Y4_9FIRM	99.7	323	1	0	1	323	1	323	8.9e-195	674.9	GCF_001998765.1_ASM199876v1_genomic	bsh	bsh
EHNAPLNG_03121	tr|A0A415Y4A6|A0A415Y4A6_9FIRM	99.7	323	1	0	1	323	1	323	8.9e-195	674.9	GCF_001998765.1_ASM199876v1_genomic	bsh	bsh
EHNAPLNG_03121	tr|A0A417JP01|A0A417JP01_9FIRM	99.7	323	1	0	1	323	1	323	8.9e-195	674.9	GCF_001998765.1_ASM199876v1_genomic	bsh	bsh
EHNAPLNG_03121	tr|A0A417UTY8|A0A417UTY8_9FIRM	99.7	323	1	0	1	323	1	323	8.9e-195	674.9	GCF_001998765.1_ASM199876v1_genomic	bsh	bsh
EHNAPLNG_03121	tr|D4N0V8|D4N0V8_ANAHA	99.7	323	1	0	1	323	1	323	8.9e-195	674.9	GCF_001998765.1_ASM199876v1_genomic	bsh	bsh
EHNAPLNG_03121	tr|A0A6N2RN78|A0A6N2RN78_ANAHA	99.4	323	2	0	1	323	1	323	1.2e-194	674.5	GCF_001998765.1_ASM199876v1_genomic	bsh	bsh
EHNAPLNG_03121	tr|L1QBV1|L1QBV1_ANAHA	99.4	323	2	0	1	323	1	323	2e-194	673.7	GCF_001998765.1_ASM199876v1_genomic	bsh	bsh
EHNAPLNG_03121	tr|E5VP64|E5VP64_9FIRM	99.4	323	2	0	1	323	1	323	2.6e-194	673.3	GCF_001998765.1_ASM199876v1_genomic	bsh	bsh
EHNAPLNG_03121	tr|R5Z9B8|R5Z9B8_9FIRM	99.4	323	2	0	1	323	1	323	2.6e-194	673.3	GCF_001998765.1_ASM199876v1_genomic	bsh	bsh
EHNAPLNG_03121	tr|A0A174S307|A0A174S307_ANAHA	99.4	323	2	0	1	323	1	323	3.4e-194	672.9	GCF_001998765.1_ASM199876v1_genomic	bsh	bsh
DBAKHCIC_00718	tr|A0A2N0UR24|A0A2N0UR24_9FIRM	78.1	196	43	0	2	197	150	345	2.8e-90	327	GCF_002270485.1_ASM227048v1_genomic	bsh	bsh
DBAKHCIC_01109	tr|A0A2N0UR24|A0A2N0UR24_9FIRM	78	346	75	1	1	345	1	346	1.9e-166	580.9	GCF_002270485.1_ASM227048v1_genomic	bsh	bsh
CPPLKMCL_00239	tr|A0A173UXL2|A0A173UXL2_ANAHA	100	325	0	0	1	325	1	325	4.5e-194	672.5	GCF_003461705.1_ASM346170v1_genomic	bsh	bsh
CPPLKMCL_00239	tr|A0A173V7R5|A0A173V7R5_9FIRM	100	325	0	0	1	325	1	325	4.5e-194	672.5	GCF_003461705.1_ASM346170v1_genomic	bsh	bsh
CPPLKMCL_00239	tr|A0A174D8V8|A0A174D8V8_9FIRM	100	325	0	0	1	325	1	325	4.5e-194	672.5	GCF_003461705.1_ASM346170v1_genomic	bsh	bsh
CPPLKMCL_00239	tr|A0A174HSI5|A0A174HSI5_9FIRM	100	325	0	0	1	325	1	325	4.5e-194	672.5	GCF_003461705.1_ASM346170v1_genomic	bsh	bsh
CPPLKMCL_00239	tr|A0A1C5TTN1|A0A1C5TTN1_9FIRM	100	325	0	0	1	325	1	325	4.5e-194	672.5	GCF_003461705.1_ASM346170v1_genomic	bsh	bsh
CPPLKMCL_00239	tr|A0A1C5U7I7|A0A1C5U7I7_9CLOT	100	325	0	0	1	325	1	325	4.5e-194	672.5	GCF_003461705.1_ASM346170v1_genomic	bsh	bsh
CPPLKMCL_00239	tr|A0A1C6BVX3|A0A1C6BVX3_9FIRM	100	325	0	0	1	325	1	325	4.5e-194	672.5	GCF_003461705.1_ASM346170v1_genomic	bsh	bsh
CPPLKMCL_00239	tr|A0A1C6FXQ7|A0A1C6FXQ7_9FIRM	100	325	0	0	1	325	1	325	4.5e-194	672.5	GCF_003461705.1_ASM346170v1_genomic	bsh	bsh
CPPLKMCL_00239	tr|A0A285PRT2|A0A285PRT2_9FIRM	100	325	0	0	1	325	1	325	4.5e-194	672.5	GCF_003461705.1_ASM346170v1_genomic	bsh	bsh
CPPLKMCL_00239	tr|A0A373V9R9|A0A373V9R9_9FIRM	100	325	0	0	1	325	1	325	4.5e-194	672.5	GCF_003461705.1_ASM346170v1_genomic	bsh	bsh
CPPLKMCL_00239	tr|A0A374AYZ4|A0A374AYZ4_9FIRM	100	325	0	0	1	325	1	325	4.5e-194	672.5	GCF_003461705.1_ASM346170v1_genomic	bsh	bsh
CPPLKMCL_00239	tr|A0A3R6DJG5|A0A3R6DJG5_9FIRM	100	325	0	0	1	325	1	325	4.5e-194	672.5	GCF_003461705.1_ASM346170v1_genomic	bsh	bsh
CPPLKMCL_00239	tr|A0A412MA68|A0A412MA68_9FIRM	100	325	0	0	1	325	1	325	4.5e-194	672.5	GCF_003461705.1_ASM346170v1_genomic	bsh	bsh
CPPLKMCL_00239	tr|A0A415FJV4|A0A415FJV4_9FIRM	100	325	0	0	1	325	1	325	4.5e-194	672.5	GCF_003461705.1_ASM346170v1_genomic	bsh	bsh
CPPLKMCL_00239	tr|A0A415VWX2|A0A415VWX2_9FIRM	100	325	0	0	1	325	1	325	4.5e-194	672.5	GCF_003461705.1_ASM346170v1_genomic	bsh	bsh
CPPLKMCL_00239	tr|A0A415Y8U9|A0A415Y8U9_9FIRM	100	325	0	0	1	325	1	325	4.5e-194	672.5	GCF_003461705.1_ASM346170v1_genomic	bsh	bsh
CPPLKMCL_00239	tr|A0A417C6D6|A0A417C6D6_9FIRM	100	325	0	0	1	325	1	325	4.5e-194	672.5	GCF_003461705.1_ASM346170v1_genomic	bsh	bsh
CPPLKMCL_00239	tr|A0A417URI0|A0A417URI0_9FIRM	100	325	0	0	1	325	1	325	4.5e-194	672.5	GCF_003461705.1_ASM346170v1_genomic	bsh	bsh
CPPLKMCL_00239	tr|A0A845KWQ3|A0A845KWQ3_9FIRM	100	325	0	0	1	325	1	325	4.5e-194	672.5	GCF_003461705.1_ASM346170v1_genomic	bsh	bsh
CPPLKMCL_00239	tr|A5ZWR0|A5ZWR0_9FIRM	100	325	0	0	1	325	1	325	4.5e-194	672.5	GCF_003461705.1_ASM346170v1_genomic	bsh	bsh
CPPLKMCL_00239	tr|A6BGZ5|A6BGZ5_9FIRM	100	325	0	0	1	325	1	325	4.5e-194	672.5	GCF_003461705.1_ASM346170v1_genomic	bsh	bsh
CPPLKMCL_00239	tr|C0EW54|C0EW54_9FIRM	100	325	0	0	1	325	1	325	4.5e-194	672.5	GCF_003461705.1_ASM346170v1_genomic	bsh	bsh
CPPLKMCL_00239	tr|A0A844GIR0|A0A844GIR0_9FIRM	99.7	325	1	0	1	325	1	325	5.8e-194	672.2	GCF_003461705.1_ASM346170v1_genomic	bsh	bsh
CPPLKMCL_00239	tr|A0A1C6IFT3|A0A1C6IFT3_9FIRM	99.7	325	1	0	1	325	1	325	7.6e-194	671.8	GCF_003461705.1_ASM346170v1_genomic	bsh	bsh
CPPLKMCL_00239	tr|A0A6N9LK70|A0A6N9LK70_9FIRM	99.7	325	1	0	1	325	1	325	7.6e-194	671.8	GCF_003461705.1_ASM346170v1_genomic	bsh	bsh
CPPLKMCL_00239	tr|A0A1C5RZ46|A0A1C5RZ46_9CLOT	99.7	325	1	0	1	325	1	325	1.3e-193	671	GCF_003461705.1_ASM346170v1_genomic	bsh	bsh
CPPLKMCL_00239	tr|A0A1C5TMU3|A0A1C5TMU3_9FIRM	99.7	325	1	0	1	325	1	325	1.3e-193	671	GCF_003461705.1_ASM346170v1_genomic	bsh	bsh
CPPLKMCL_00239	tr|A0A1C5VAP5|A0A1C5VAP5_9FIRM	99.7	325	1	0	1	325	1	325	1.3e-193	671	GCF_003461705.1_ASM346170v1_genomic	bsh	bsh
CPPLKMCL_00239	tr|A0A373IZI9|A0A373IZI9_9FIRM	99.7	325	1	0	1	325	1	325	1.3e-193	671	GCF_003461705.1_ASM346170v1_genomic	bsh	bsh
CPPLKMCL_00239	tr|A0A415HK39|A0A415HK39_9FIRM	99.7	325	1	0	1	325	1	325	1.3e-193	671	GCF_003461705.1_ASM346170v1_genomic	bsh	bsh
CPPLKMCL_00239	tr|A0A417R5E7|A0A417R5E7_9FIRM	99.7	325	1	0	1	325	1	325	1.3e-193	671	GCF_003461705.1_ASM346170v1_genomic	bsh	bsh
CPPLKMCL_00239	tr|A0A6N3AUL3|A0A6N3AUL3_9FIRM	99.7	325	1	0	1	325	1	325	1.3e-193	671	GCF_003461705.1_ASM346170v1_genomic	bsh	bsh
CPPLKMCL_00239	tr|A0A173U973|A0A173U973_9FIRM	99.7	325	1	0	1	325	1	325	1.7e-193	670.6	GCF_003461705.1_ASM346170v1_genomic	bsh	bsh
CPPLKMCL_00239	tr|A0A1C5REX8|A0A1C5REX8_9FIRM	99.7	325	1	0	1	325	1	325	1.7e-193	670.6	GCF_003461705.1_ASM346170v1_genomic	bsh	bsh
CPPLKMCL_00239	tr|A0A1C5UZX7|A0A1C5UZX7_9CLOT	99.7	325	1	0	1	325	1	325	1.7e-193	670.6	GCF_003461705.1_ASM346170v1_genomic	bsh	bsh
CPPLKMCL_00239	tr|A0A1C6AVX0|A0A1C6AVX0_9FIRM	99.7	325	1	0	1	325	1	325	1.7e-193	670.6	GCF_003461705.1_ASM346170v1_genomic	bsh	bsh
CPPLKMCL_00239	tr|A0A417CDY8|A0A417CDY8_9FIRM	99.7	325	1	0	1	325	1	325	1.7e-193	670.6	GCF_003461705.1_ASM346170v1_genomic	bsh	bsh
CPPLKMCL_00239	tr|A0A564WVE5|A0A564WVE5_9FIRM	99.7	325	1	0	1	325	1	325	1.7e-193	670.6	GCF_003461705.1_ASM346170v1_genomic	bsh	bsh
CPPLKMCL_00239	tr|A0A416NLT9|A0A416NLT9_9FIRM	99.7	325	1	0	1	325	1	325	2.2e-193	670.2	GCF_003461705.1_ASM346170v1_genomic	bsh	bsh
CPPLKMCL_00239	tr|A0A7G9FVJ0|A0A7G9FVJ0_9FIRM	99.7	325	1	0	1	325	1	325	2.2e-193	670.2	GCF_003461705.1_ASM346170v1_genomic	bsh	bsh
CPPLKMCL_00239	tr|L1Q414|L1Q414_ANAHA	99.7	325	1	0	1	325	1	325	2.2e-193	670.2	GCF_003461705.1_ASM346170v1_genomic	bsh	bsh
CPPLKMCL_00239	tr|A0A174EB34|A0A174EB34_9FIRM	99.7	325	1	0	1	325	1	325	3.8e-193	669.5	GCF_003461705.1_ASM346170v1_genomic	bsh	bsh
CPPLKMCL_00239	tr|A0A174GR10|A0A174GR10_9FIRM	99.7	325	1	0	1	325	1	325	3.8e-193	669.5	GCF_003461705.1_ASM346170v1_genomic	bsh	bsh
CPPLKMCL_00239	tr|A0A174V5X0|A0A174V5X0_9FIRM	99.7	325	1	0	1	325	1	325	3.8e-193	669.5	GCF_003461705.1_ASM346170v1_genomic	bsh	bsh
CPPLKMCL_00239	tr|A0A3E5E3Y9|A0A3E5E3Y9_9FIRM	99.4	325	2	0	1	325	1	325	3.8e-193	669.5	GCF_003461705.1_ASM346170v1_genomic	bsh	bsh
CPPLKMCL_00239	tr|A0A1C5ULN3|A0A1C5ULN3_9FIRM	99.4	325	2	0	1	325	1	325	6.5e-193	668.7	GCF_003461705.1_ASM346170v1_genomic	bsh	bsh
CPPLKMCL_00239	tr|A0A1G5FIB9|A0A1G5FIB9_9FIRM	99.4	325	2	0	1	325	1	325	6.5e-193	668.7	GCF_003461705.1_ASM346170v1_genomic	bsh	bsh
CPPLKMCL_00239	tr|A0A317UFD6|A0A317UFD6_9FIRM	99.4	325	2	0	1	325	1	325	6.5e-193	668.7	GCF_003461705.1_ASM346170v1_genomic	bsh	bsh
CPPLKMCL_00239	tr|A0A367FUZ2|A0A367FUZ2_9FIRM	99.4	325	2	0	1	325	1	325	6.5e-193	668.7	GCF_003461705.1_ASM346170v1_genomic	bsh	bsh
CPPLKMCL_00239	tr|A0A3R6FU96|A0A3R6FU96_9FIRM	99.7	325	1	0	1	325	1	325	6.5e-193	668.7	GCF_003461705.1_ASM346170v1_genomic	bsh	bsh
CPPLKMCL_00239	tr|A0A3R6X451|A0A3R6X451_9CLOT	99.4	325	2	0	1	325	1	325	6.5e-193	668.7	GCF_003461705.1_ASM346170v1_genomic	bsh	bsh
CPPLKMCL_00239	tr|A0A6L8TEI6|A0A6L8TEI6_9FIRM	99.4	325	2	0	1	325	1	325	6.5e-193	668.7	GCF_003461705.1_ASM346170v1_genomic	bsh	bsh
CPPLKMCL_00239	tr|A0A942WJN2|A0A942WJN2_9FIRM	99.4	325	2	0	1	325	1	325	6.5e-193	668.7	GCF_003461705.1_ASM346170v1_genomic	bsh	bsh
CPPLKMCL_00239	tr|A0A1C5M099|A0A1C5M099_9CLOT	99.4	325	2	0	1	325	1	325	8.4e-193	668.3	GCF_003461705.1_ASM346170v1_genomic	bsh	bsh
CPPLKMCL_00239	tr|A0A3R6N0X3|A0A3R6N0X3_9CLOT	99.4	325	2	0	1	325	1	325	8.4e-193	668.3	GCF_003461705.1_ASM346170v1_genomic	bsh	bsh
CPPLKMCL_00239	tr|K1RSL9|K1RSL9_9ZZZZ	100	322	0	0	1	322	1	322	3.2e-192	666.4	GCF_003461705.1_ASM346170v1_genomic	bsh	bsh
CPPLKMCL_00280	tr|A0A374ALM4|A0A374ALM4_9FIRM	100	323	0	0	1	323	1	323	1.1e-192	667.9	GCF_003461705.1_ASM346170v1_genomic	bsh	bsh
IJGKDCGE_01207	tr|A0A374AUU7|A0A374AUU7_9FIRM	100	329	0	0	1	329	1	329	8e-199	688.3	GCF_003461725.1_ASM346172v1_genomic	bsh	bsh
IJGKDCGE_01207	tr|A0A6N2SP25|A0A6N2SP25_9FIRM	99.7	329	1	0	1	329	1	329	5.2e-198	685.6	GCF_003461725.1_ASM346172v1_genomic	bsh	bsh
IJGKDCGE_01207	tr|B0MC37|B0MC37_ANACD	99.7	329	1	0	1	329	4	332	5.2e-198	685.6	GCF_003461725.1_ASM346172v1_genomic	bsh	bsh
IJGKDCGE_03144	tr|A0A1H3BS51|A0A1H3BS51_EUBBA	65.6	337	116	0	1	337	1	337	2.7e-133	470.7	GCF_003461725.1_ASM346172v1_genomic	bsh	bsh
KIKGGPNJ_01379	tr|A0A415W1Y4|A0A415W1Y4_9FIRM	100	323	0	0	1	323	1	323	2.4e-195	676.8	GCF_003473625.1_ASM347362v1_genomic	bsh	bsh
KIKGGPNJ_01379	tr|A0A415Y4A6|A0A415Y4A6_9FIRM	100	323	0	0	1	323	1	323	2.4e-195	676.8	GCF_003473625.1_ASM347362v1_genomic	bsh	bsh
KIKGGPNJ_01379	tr|A0A417JP01|A0A417JP01_9FIRM	100	323	0	0	1	323	1	323	2.4e-195	676.8	GCF_003473625.1_ASM347362v1_genomic	bsh	bsh
KIKGGPNJ_01379	tr|A0A417UTY8|A0A417UTY8_9FIRM	100	323	0	0	1	323	1	323	2.4e-195	676.8	GCF_003473625.1_ASM347362v1_genomic	bsh	bsh
KIKGGPNJ_01379	tr|D4N0V8|D4N0V8_ANAHA	100	323	0	0	1	323	1	323	2.4e-195	676.8	GCF_003473625.1_ASM347362v1_genomic	bsh	bsh
KIKGGPNJ_01379	tr|A0A6N2RN78|A0A6N2RN78_ANAHA	99.7	323	1	0	1	323	1	323	3.1e-195	676.4	GCF_003473625.1_ASM347362v1_genomic	bsh	bsh
KIKGGPNJ_01379	tr|L1QBV1|L1QBV1_ANAHA	99.7	323	1	0	1	323	1	323	5.2e-195	675.6	GCF_003473625.1_ASM347362v1_genomic	bsh	bsh
KIKGGPNJ_01379	tr|A0A1Q2CAU9|A0A1Q2CAU9_ANAHA	99.7	323	1	0	1	323	1	323	6.9e-195	675.2	GCF_003473625.1_ASM347362v1_genomic	bsh	bsh
KIKGGPNJ_01379	tr|E5VP64|E5VP64_9FIRM	99.7	323	1	0	1	323	1	323	6.9e-195	675.2	GCF_003473625.1_ASM347362v1_genomic	bsh	bsh
KIKGGPNJ_01379	tr|R5Z9B8|R5Z9B8_9FIRM	99.7	323	1	0	1	323	1	323	6.9e-195	675.2	GCF_003473625.1_ASM347362v1_genomic	bsh	bsh
KIKGGPNJ_01379	tr|A0A174S307|A0A174S307_ANAHA	99.7	323	1	0	1	323	1	323	8.9e-195	674.9	GCF_003473625.1_ASM347362v1_genomic	bsh	bsh
KIKGGPNJ_01931	tr|A0A173UXL2|A0A173UXL2_ANAHA	100	325	0	0	1	325	1	325	4.5e-194	672.5	GCF_003473625.1_ASM347362v1_genomic	bsh	bsh
KIKGGPNJ_01931	tr|A0A173V7R5|A0A173V7R5_9FIRM	100	325	0	0	1	325	1	325	4.5e-194	672.5	GCF_003473625.1_ASM347362v1_genomic	bsh	bsh
KIKGGPNJ_01931	tr|A0A174D8V8|A0A174D8V8_9FIRM	100	325	0	0	1	325	1	325	4.5e-194	672.5	GCF_003473625.1_ASM347362v1_genomic	bsh	bsh
KIKGGPNJ_01931	tr|A0A174HSI5|A0A174HSI5_9FIRM	100	325	0	0	1	325	1	325	4.5e-194	672.5	GCF_003473625.1_ASM347362v1_genomic	bsh	bsh
KIKGGPNJ_01931	tr|A0A1C5TTN1|A0A1C5TTN1_9FIRM	100	325	0	0	1	325	1	325	4.5e-194	672.5	GCF_003473625.1_ASM347362v1_genomic	bsh	bsh
KIKGGPNJ_01931	tr|A0A1C5U7I7|A0A1C5U7I7_9CLOT	100	325	0	0	1	325	1	325	4.5e-194	672.5	GCF_003473625.1_ASM347362v1_genomic	bsh	bsh
KIKGGPNJ_01931	tr|A0A1C6BVX3|A0A1C6BVX3_9FIRM	100	325	0	0	1	325	1	325	4.5e-194	672.5	GCF_003473625.1_ASM347362v1_genomic	bsh	bsh
KIKGGPNJ_01931	tr|A0A1C6FXQ7|A0A1C6FXQ7_9FIRM	100	325	0	0	1	325	1	325	4.5e-194	672.5	GCF_003473625.1_ASM347362v1_genomic	bsh	bsh
KIKGGPNJ_01931	tr|A0A285PRT2|A0A285PRT2_9FIRM	100	325	0	0	1	325	1	325	4.5e-194	672.5	GCF_003473625.1_ASM347362v1_genomic	bsh	bsh
KIKGGPNJ_01931	tr|A0A373V9R9|A0A373V9R9_9FIRM	100	325	0	0	1	325	1	325	4.5e-194	672.5	GCF_003473625.1_ASM347362v1_genomic	bsh	bsh
KIKGGPNJ_01931	tr|A0A374AYZ4|A0A374AYZ4_9FIRM	100	325	0	0	1	325	1	325	4.5e-194	672.5	GCF_003473625.1_ASM347362v1_genomic	bsh	bsh
KIKGGPNJ_01931	tr|A0A3R6DJG5|A0A3R6DJG5_9FIRM	100	325	0	0	1	325	1	325	4.5e-194	672.5	GCF_003473625.1_ASM347362v1_genomic	bsh	bsh
KIKGGPNJ_01931	tr|A0A412MA68|A0A412MA68_9FIRM	100	325	0	0	1	325	1	325	4.5e-194	672.5	GCF_003473625.1_ASM347362v1_genomic	bsh	bsh
KIKGGPNJ_01931	tr|A0A415FJV4|A0A415FJV4_9FIRM	100	325	0	0	1	325	1	325	4.5e-194	672.5	GCF_003473625.1_ASM347362v1_genomic	bsh	bsh
KIKGGPNJ_01931	tr|A0A415VWX2|A0A415VWX2_9FIRM	100	325	0	0	1	325	1	325	4.5e-194	672.5	GCF_003473625.1_ASM347362v1_genomic	bsh	bsh
KIKGGPNJ_01931	tr|A0A415Y8U9|A0A415Y8U9_9FIRM	100	325	0	0	1	325	1	325	4.5e-194	672.5	GCF_003473625.1_ASM347362v1_genomic	bsh	bsh
KIKGGPNJ_01931	tr|A0A417C6D6|A0A417C6D6_9FIRM	100	325	0	0	1	325	1	325	4.5e-194	672.5	GCF_003473625.1_ASM347362v1_genomic	bsh	bsh
KIKGGPNJ_01931	tr|A0A417URI0|A0A417URI0_9FIRM	100	325	0	0	1	325	1	325	4.5e-194	672.5	GCF_003473625.1_ASM347362v1_genomic	bsh	bsh
KIKGGPNJ_01931	tr|A0A845KWQ3|A0A845KWQ3_9FIRM	100	325	0	0	1	325	1	325	4.5e-194	672.5	GCF_003473625.1_ASM347362v1_genomic	bsh	bsh
KIKGGPNJ_01931	tr|A5ZWR0|A5ZWR0_9FIRM	100	325	0	0	1	325	1	325	4.5e-194	672.5	GCF_003473625.1_ASM347362v1_genomic	bsh	bsh
KIKGGPNJ_01931	tr|A6BGZ5|A6BGZ5_9FIRM	100	325	0	0	1	325	1	325	4.5e-194	672.5	GCF_003473625.1_ASM347362v1_genomic	bsh	bsh
KIKGGPNJ_01931	tr|C0EW54|C0EW54_9FIRM	100	325	0	0	1	325	1	325	4.5e-194	672.5	GCF_003473625.1_ASM347362v1_genomic	bsh	bsh
KIKGGPNJ_01931	tr|A0A844GIR0|A0A844GIR0_9FIRM	99.7	325	1	0	1	325	1	325	5.8e-194	672.2	GCF_003473625.1_ASM347362v1_genomic	bsh	bsh
KIKGGPNJ_01931	tr|A0A1C6IFT3|A0A1C6IFT3_9FIRM	99.7	325	1	0	1	325	1	325	7.6e-194	671.8	GCF_003473625.1_ASM347362v1_genomic	bsh	bsh
KIKGGPNJ_01931	tr|A0A6N9LK70|A0A6N9LK70_9FIRM	99.7	325	1	0	1	325	1	325	7.6e-194	671.8	GCF_003473625.1_ASM347362v1_genomic	bsh	bsh
KIKGGPNJ_01931	tr|A0A1C5RZ46|A0A1C5RZ46_9CLOT	99.7	325	1	0	1	325	1	325	1.3e-193	671	GCF_003473625.1_ASM347362v1_genomic	bsh	bsh
KIKGGPNJ_01931	tr|A0A1C5TMU3|A0A1C5TMU3_9FIRM	99.7	325	1	0	1	325	1	325	1.3e-193	671	GCF_003473625.1_ASM347362v1_genomic	bsh	bsh
KIKGGPNJ_01931	tr|A0A1C5VAP5|A0A1C5VAP5_9FIRM	99.7	325	1	0	1	325	1	325	1.3e-193	671	GCF_003473625.1_ASM347362v1_genomic	bsh	bsh
KIKGGPNJ_01931	tr|A0A373IZI9|A0A373IZI9_9FIRM	99.7	325	1	0	1	325	1	325	1.3e-193	671	GCF_003473625.1_ASM347362v1_genomic	bsh	bsh
KIKGGPNJ_01931	tr|A0A415HK39|A0A415HK39_9FIRM	99.7	325	1	0	1	325	1	325	1.3e-193	671	GCF_003473625.1_ASM347362v1_genomic	bsh	bsh
KIKGGPNJ_01931	tr|A0A417R5E7|A0A417R5E7_9FIRM	99.7	325	1	0	1	325	1	325	1.3e-193	671	GCF_003473625.1_ASM347362v1_genomic	bsh	bsh
KIKGGPNJ_01931	tr|A0A6N3AUL3|A0A6N3AUL3_9FIRM	99.7	325	1	0	1	325	1	325	1.3e-193	671	GCF_003473625.1_ASM347362v1_genomic	bsh	bsh
KIKGGPNJ_01931	tr|A0A173U973|A0A173U973_9FIRM	99.7	325	1	0	1	325	1	325	1.7e-193	670.6	GCF_003473625.1_ASM347362v1_genomic	bsh	bsh
KIKGGPNJ_01931	tr|A0A1C5REX8|A0A1C5REX8_9FIRM	99.7	325	1	0	1	325	1	325	1.7e-193	670.6	GCF_003473625.1_ASM347362v1_genomic	bsh	bsh
KIKGGPNJ_01931	tr|A0A1C5UZX7|A0A1C5UZX7_9CLOT	99.7	325	1	0	1	325	1	325	1.7e-193	670.6	GCF_003473625.1_ASM347362v1_genomic	bsh	bsh
KIKGGPNJ_01931	tr|A0A1C6AVX0|A0A1C6AVX0_9FIRM	99.7	325	1	0	1	325	1	325	1.7e-193	670.6	GCF_003473625.1_ASM347362v1_genomic	bsh	bsh
KIKGGPNJ_01931	tr|A0A417CDY8|A0A417CDY8_9FIRM	99.7	325	1	0	1	325	1	325	1.7e-193	670.6	GCF_003473625.1_ASM347362v1_genomic	bsh	bsh
KIKGGPNJ_01931	tr|A0A564WVE5|A0A564WVE5_9FIRM	99.7	325	1	0	1	325	1	325	1.7e-193	670.6	GCF_003473625.1_ASM347362v1_genomic	bsh	bsh
KIKGGPNJ_01931	tr|A0A416NLT9|A0A416NLT9_9FIRM	99.7	325	1	0	1	325	1	325	2.2e-193	670.2	GCF_003473625.1_ASM347362v1_genomic	bsh	bsh
KIKGGPNJ_01931	tr|A0A7G9FVJ0|A0A7G9FVJ0_9FIRM	99.7	325	1	0	1	325	1	325	2.2e-193	670.2	GCF_003473625.1_ASM347362v1_genomic	bsh	bsh
KIKGGPNJ_01931	tr|L1Q414|L1Q414_ANAHA	99.7	325	1	0	1	325	1	325	2.2e-193	670.2	GCF_003473625.1_ASM347362v1_genomic	bsh	bsh
KIKGGPNJ_01931	tr|A0A174EB34|A0A174EB34_9FIRM	99.7	325	1	0	1	325	1	325	3.8e-193	669.5	GCF_003473625.1_ASM347362v1_genomic	bsh	bsh
KIKGGPNJ_01931	tr|A0A174GR10|A0A174GR10_9FIRM	99.7	325	1	0	1	325	1	325	3.8e-193	669.5	GCF_003473625.1_ASM347362v1_genomic	bsh	bsh
KIKGGPNJ_01931	tr|A0A174V5X0|A0A174V5X0_9FIRM	99.7	325	1	0	1	325	1	325	3.8e-193	669.5	GCF_003473625.1_ASM347362v1_genomic	bsh	bsh
KIKGGPNJ_01931	tr|A0A3E5E3Y9|A0A3E5E3Y9_9FIRM	99.4	325	2	0	1	325	1	325	3.8e-193	669.5	GCF_003473625.1_ASM347362v1_genomic	bsh	bsh
KIKGGPNJ_01931	tr|A0A1C5ULN3|A0A1C5ULN3_9FIRM	99.4	325	2	0	1	325	1	325	6.5e-193	668.7	GCF_003473625.1_ASM347362v1_genomic	bsh	bsh
KIKGGPNJ_01931	tr|A0A1G5FIB9|A0A1G5FIB9_9FIRM	99.4	325	2	0	1	325	1	325	6.5e-193	668.7	GCF_003473625.1_ASM347362v1_genomic	bsh	bsh
KIKGGPNJ_01931	tr|A0A317UFD6|A0A317UFD6_9FIRM	99.4	325	2	0	1	325	1	325	6.5e-193	668.7	GCF_003473625.1_ASM347362v1_genomic	bsh	bsh
KIKGGPNJ_01931	tr|A0A367FUZ2|A0A367FUZ2_9FIRM	99.4	325	2	0	1	325	1	325	6.5e-193	668.7	GCF_003473625.1_ASM347362v1_genomic	bsh	bsh
KIKGGPNJ_01931	tr|A0A3R6FU96|A0A3R6FU96_9FIRM	99.7	325	1	0	1	325	1	325	6.5e-193	668.7	GCF_003473625.1_ASM347362v1_genomic	bsh	bsh
KIKGGPNJ_01931	tr|A0A3R6X451|A0A3R6X451_9CLOT	99.4	325	2	0	1	325	1	325	6.5e-193	668.7	GCF_003473625.1_ASM347362v1_genomic	bsh	bsh
KIKGGPNJ_01931	tr|A0A6L8TEI6|A0A6L8TEI6_9FIRM	99.4	325	2	0	1	325	1	325	6.5e-193	668.7	GCF_003473625.1_ASM347362v1_genomic	bsh	bsh
KIKGGPNJ_01931	tr|A0A942WJN2|A0A942WJN2_9FIRM	99.4	325	2	0	1	325	1	325	6.5e-193	668.7	GCF_003473625.1_ASM347362v1_genomic	bsh	bsh
KIKGGPNJ_01931	tr|A0A1C5M099|A0A1C5M099_9CLOT	99.4	325	2	0	1	325	1	325	8.4e-193	668.3	GCF_003473625.1_ASM347362v1_genomic	bsh	bsh
KIKGGPNJ_01931	tr|A0A3R6N0X3|A0A3R6N0X3_9CLOT	99.4	325	2	0	1	325	1	325	8.4e-193	668.3	GCF_003473625.1_ASM347362v1_genomic	bsh	bsh
KIKGGPNJ_01931	tr|K1RSL9|K1RSL9_9ZZZZ	100	322	0	0	1	322	1	322	3.2e-192	666.4	GCF_003473625.1_ASM347362v1_genomic	bsh	bsh
IKIFGNDM_01247	tr|A0A415W1Y4|A0A415W1Y4_9FIRM	100	323	0	0	1	323	1	323	2.4e-195	676.8	GCF_003473725.1_ASM347372v1_genomic	bsh	bsh
IKIFGNDM_01247	tr|A0A415Y4A6|A0A415Y4A6_9FIRM	100	323	0	0	1	323	1	323	2.4e-195	676.8	GCF_003473725.1_ASM347372v1_genomic	bsh	bsh
IKIFGNDM_01247	tr|A0A417JP01|A0A417JP01_9FIRM	100	323	0	0	1	323	1	323	2.4e-195	676.8	GCF_003473725.1_ASM347372v1_genomic	bsh	bsh
IKIFGNDM_01247	tr|A0A417UTY8|A0A417UTY8_9FIRM	100	323	0	0	1	323	1	323	2.4e-195	676.8	GCF_003473725.1_ASM347372v1_genomic	bsh	bsh
IKIFGNDM_01247	tr|D4N0V8|D4N0V8_ANAHA	100	323	0	0	1	323	1	323	2.4e-195	676.8	GCF_003473725.1_ASM347372v1_genomic	bsh	bsh
IKIFGNDM_01247	tr|A0A6N2RN78|A0A6N2RN78_ANAHA	99.7	323	1	0	1	323	1	323	3.1e-195	676.4	GCF_003473725.1_ASM347372v1_genomic	bsh	bsh
IKIFGNDM_01247	tr|L1QBV1|L1QBV1_ANAHA	99.7	323	1	0	1	323	1	323	5.2e-195	675.6	GCF_003473725.1_ASM347372v1_genomic	bsh	bsh
IKIFGNDM_01247	tr|A0A1Q2CAU9|A0A1Q2CAU9_ANAHA	99.7	323	1	0	1	323	1	323	6.9e-195	675.2	GCF_003473725.1_ASM347372v1_genomic	bsh	bsh
IKIFGNDM_01247	tr|E5VP64|E5VP64_9FIRM	99.7	323	1	0	1	323	1	323	6.9e-195	675.2	GCF_003473725.1_ASM347372v1_genomic	bsh	bsh
IKIFGNDM_01247	tr|R5Z9B8|R5Z9B8_9FIRM	99.7	323	1	0	1	323	1	323	6.9e-195	675.2	GCF_003473725.1_ASM347372v1_genomic	bsh	bsh
IKIFGNDM_01247	tr|A0A174S307|A0A174S307_ANAHA	99.7	323	1	0	1	323	1	323	8.9e-195	674.9	GCF_003473725.1_ASM347372v1_genomic	bsh	bsh
IKIFGNDM_02304	tr|A0A173UXL2|A0A173UXL2_ANAHA	100	325	0	0	1	325	1	325	4.5e-194	672.5	GCF_003473725.1_ASM347372v1_genomic	bsh	bsh
IKIFGNDM_02304	tr|A0A173V7R5|A0A173V7R5_9FIRM	100	325	0	0	1	325	1	325	4.5e-194	672.5	GCF_003473725.1_ASM347372v1_genomic	bsh	bsh
IKIFGNDM_02304	tr|A0A174D8V8|A0A174D8V8_9FIRM	100	325	0	0	1	325	1	325	4.5e-194	672.5	GCF_003473725.1_ASM347372v1_genomic	bsh	bsh
IKIFGNDM_02304	tr|A0A174HSI5|A0A174HSI5_9FIRM	100	325	0	0	1	325	1	325	4.5e-194	672.5	GCF_003473725.1_ASM347372v1_genomic	bsh	bsh
IKIFGNDM_02304	tr|A0A1C5TTN1|A0A1C5TTN1_9FIRM	100	325	0	0	1	325	1	325	4.5e-194	672.5	GCF_003473725.1_ASM347372v1_genomic	bsh	bsh
IKIFGNDM_02304	tr|A0A1C5U7I7|A0A1C5U7I7_9CLOT	100	325	0	0	1	325	1	325	4.5e-194	672.5	GCF_003473725.1_ASM347372v1_genomic	bsh	bsh
IKIFGNDM_02304	tr|A0A1C6BVX3|A0A1C6BVX3_9FIRM	100	325	0	0	1	325	1	325	4.5e-194	672.5	GCF_003473725.1_ASM347372v1_genomic	bsh	bsh
IKIFGNDM_02304	tr|A0A1C6FXQ7|A0A1C6FXQ7_9FIRM	100	325	0	0	1	325	1	325	4.5e-194	672.5	GCF_003473725.1_ASM347372v1_genomic	bsh	bsh
IKIFGNDM_02304	tr|A0A285PRT2|A0A285PRT2_9FIRM	100	325	0	0	1	325	1	325	4.5e-194	672.5	GCF_003473725.1_ASM347372v1_genomic	bsh	bsh
IKIFGNDM_02304	tr|A0A373V9R9|A0A373V9R9_9FIRM	100	325	0	0	1	325	1	325	4.5e-194	672.5	GCF_003473725.1_ASM347372v1_genomic	bsh	bsh
IKIFGNDM_02304	tr|A0A374AYZ4|A0A374AYZ4_9FIRM	100	325	0	0	1	325	1	325	4.5e-194	672.5	GCF_003473725.1_ASM347372v1_genomic	bsh	bsh
IKIFGNDM_02304	tr|A0A3R6DJG5|A0A3R6DJG5_9FIRM	100	325	0	0	1	325	1	325	4.5e-194	672.5	GCF_003473725.1_ASM347372v1_genomic	bsh	bsh
IKIFGNDM_02304	tr|A0A412MA68|A0A412MA68_9FIRM	100	325	0	0	1	325	1	325	4.5e-194	672.5	GCF_003473725.1_ASM347372v1_genomic	bsh	bsh
IKIFGNDM_02304	tr|A0A415FJV4|A0A415FJV4_9FIRM	100	325	0	0	1	325	1	325	4.5e-194	672.5	GCF_003473725.1_ASM347372v1_genomic	bsh	bsh
IKIFGNDM_02304	tr|A0A415VWX2|A0A415VWX2_9FIRM	100	325	0	0	1	325	1	325	4.5e-194	672.5	GCF_003473725.1_ASM347372v1_genomic	bsh	bsh
IKIFGNDM_02304	tr|A0A415Y8U9|A0A415Y8U9_9FIRM	100	325	0	0	1	325	1	325	4.5e-194	672.5	GCF_003473725.1_ASM347372v1_genomic	bsh	bsh
IKIFGNDM_02304	tr|A0A417C6D6|A0A417C6D6_9FIRM	100	325	0	0	1	325	1	325	4.5e-194	672.5	GCF_003473725.1_ASM347372v1_genomic	bsh	bsh
IKIFGNDM_02304	tr|A0A417URI0|A0A417URI0_9FIRM	100	325	0	0	1	325	1	325	4.5e-194	672.5	GCF_003473725.1_ASM347372v1_genomic	bsh	bsh
IKIFGNDM_02304	tr|A0A845KWQ3|A0A845KWQ3_9FIRM	100	325	0	0	1	325	1	325	4.5e-194	672.5	GCF_003473725.1_ASM347372v1_genomic	bsh	bsh
IKIFGNDM_02304	tr|A5ZWR0|A5ZWR0_9FIRM	100	325	0	0	1	325	1	325	4.5e-194	672.5	GCF_003473725.1_ASM347372v1_genomic	bsh	bsh
IKIFGNDM_02304	tr|A6BGZ5|A6BGZ5_9FIRM	100	325	0	0	1	325	1	325	4.5e-194	672.5	GCF_003473725.1_ASM347372v1_genomic	bsh	bsh
IKIFGNDM_02304	tr|C0EW54|C0EW54_9FIRM	100	325	0	0	1	325	1	325	4.5e-194	672.5	GCF_003473725.1_ASM347372v1_genomic	bsh	bsh
IKIFGNDM_02304	tr|A0A844GIR0|A0A844GIR0_9FIRM	99.7	325	1	0	1	325	1	325	5.8e-194	672.2	GCF_003473725.1_ASM347372v1_genomic	bsh	bsh
IKIFGNDM_02304	tr|A0A1C6IFT3|A0A1C6IFT3_9FIRM	99.7	325	1	0	1	325	1	325	7.6e-194	671.8	GCF_003473725.1_ASM347372v1_genomic	bsh	bsh
IKIFGNDM_02304	tr|A0A6N9LK70|A0A6N9LK70_9FIRM	99.7	325	1	0	1	325	1	325	7.6e-194	671.8	GCF_003473725.1_ASM347372v1_genomic	bsh	bsh
IKIFGNDM_02304	tr|A0A1C5RZ46|A0A1C5RZ46_9CLOT	99.7	325	1	0	1	325	1	325	1.3e-193	671	GCF_003473725.1_ASM347372v1_genomic	bsh	bsh
IKIFGNDM_02304	tr|A0A1C5TMU3|A0A1C5TMU3_9FIRM	99.7	325	1	0	1	325	1	325	1.3e-193	671	GCF_003473725.1_ASM347372v1_genomic	bsh	bsh
IKIFGNDM_02304	tr|A0A1C5VAP5|A0A1C5VAP5_9FIRM	99.7	325	1	0	1	325	1	325	1.3e-193	671	GCF_003473725.1_ASM347372v1_genomic	bsh	bsh
IKIFGNDM_02304	tr|A0A373IZI9|A0A373IZI9_9FIRM	99.7	325	1	0	1	325	1	325	1.3e-193	671	GCF_003473725.1_ASM347372v1_genomic	bsh	bsh
IKIFGNDM_02304	tr|A0A415HK39|A0A415HK39_9FIRM	99.7	325	1	0	1	325	1	325	1.3e-193	671	GCF_003473725.1_ASM347372v1_genomic	bsh	bsh
IKIFGNDM_02304	tr|A0A417R5E7|A0A417R5E7_9FIRM	99.7	325	1	0	1	325	1	325	1.3e-193	671	GCF_003473725.1_ASM347372v1_genomic	bsh	bsh
IKIFGNDM_02304	tr|A0A6N3AUL3|A0A6N3AUL3_9FIRM	99.7	325	1	0	1	325	1	325	1.3e-193	671	GCF_003473725.1_ASM347372v1_genomic	bsh	bsh
IKIFGNDM_02304	tr|A0A173U973|A0A173U973_9FIRM	99.7	325	1	0	1	325	1	325	1.7e-193	670.6	GCF_003473725.1_ASM347372v1_genomic	bsh	bsh
IKIFGNDM_02304	tr|A0A1C5REX8|A0A1C5REX8_9FIRM	99.7	325	1	0	1	325	1	325	1.7e-193	670.6	GCF_003473725.1_ASM347372v1_genomic	bsh	bsh
IKIFGNDM_02304	tr|A0A1C5UZX7|A0A1C5UZX7_9CLOT	99.7	325	1	0	1	325	1	325	1.7e-193	670.6	GCF_003473725.1_ASM347372v1_genomic	bsh	bsh
IKIFGNDM_02304	tr|A0A1C6AVX0|A0A1C6AVX0_9FIRM	99.7	325	1	0	1	325	1	325	1.7e-193	670.6	GCF_003473725.1_ASM347372v1_genomic	bsh	bsh
IKIFGNDM_02304	tr|A0A417CDY8|A0A417CDY8_9FIRM	99.7	325	1	0	1	325	1	325	1.7e-193	670.6	GCF_003473725.1_ASM347372v1_genomic	bsh	bsh
IKIFGNDM_02304	tr|A0A564WVE5|A0A564WVE5_9FIRM	99.7	325	1	0	1	325	1	325	1.7e-193	670.6	GCF_003473725.1_ASM347372v1_genomic	bsh	bsh
IKIFGNDM_02304	tr|A0A416NLT9|A0A416NLT9_9FIRM	99.7	325	1	0	1	325	1	325	2.2e-193	670.2	GCF_003473725.1_ASM347372v1_genomic	bsh	bsh
IKIFGNDM_02304	tr|A0A7G9FVJ0|A0A7G9FVJ0_9FIRM	99.7	325	1	0	1	325	1	325	2.2e-193	670.2	GCF_003473725.1_ASM347372v1_genomic	bsh	bsh
IKIFGNDM_02304	tr|L1Q414|L1Q414_ANAHA	99.7	325	1	0	1	325	1	325	2.2e-193	670.2	GCF_003473725.1_ASM347372v1_genomic	bsh	bsh
IKIFGNDM_02304	tr|A0A174EB34|A0A174EB34_9FIRM	99.7	325	1	0	1	325	1	325	3.8e-193	669.5	GCF_003473725.1_ASM347372v1_genomic	bsh	bsh
IKIFGNDM_02304	tr|A0A174GR10|A0A174GR10_9FIRM	99.7	325	1	0	1	325	1	325	3.8e-193	669.5	GCF_003473725.1_ASM347372v1_genomic	bsh	bsh
IKIFGNDM_02304	tr|A0A174V5X0|A0A174V5X0_9FIRM	99.7	325	1	0	1	325	1	325	3.8e-193	669.5	GCF_003473725.1_ASM347372v1_genomic	bsh	bsh
IKIFGNDM_02304	tr|A0A3E5E3Y9|A0A3E5E3Y9_9FIRM	99.4	325	2	0	1	325	1	325	3.8e-193	669.5	GCF_003473725.1_ASM347372v1_genomic	bsh	bsh
IKIFGNDM_02304	tr|A0A1C5ULN3|A0A1C5ULN3_9FIRM	99.4	325	2	0	1	325	1	325	6.5e-193	668.7	GCF_003473725.1_ASM347372v1_genomic	bsh	bsh
IKIFGNDM_02304	tr|A0A1G5FIB9|A0A1G5FIB9_9FIRM	99.4	325	2	0	1	325	1	325	6.5e-193	668.7	GCF_003473725.1_ASM347372v1_genomic	bsh	bsh
IKIFGNDM_02304	tr|A0A317UFD6|A0A317UFD6_9FIRM	99.4	325	2	0	1	325	1	325	6.5e-193	668.7	GCF_003473725.1_ASM347372v1_genomic	bsh	bsh
IKIFGNDM_02304	tr|A0A367FUZ2|A0A367FUZ2_9FIRM	99.4	325	2	0	1	325	1	325	6.5e-193	668.7	GCF_003473725.1_ASM347372v1_genomic	bsh	bsh
IKIFGNDM_02304	tr|A0A3R6FU96|A0A3R6FU96_9FIRM	99.7	325	1	0	1	325	1	325	6.5e-193	668.7	GCF_003473725.1_ASM347372v1_genomic	bsh	bsh
IKIFGNDM_02304	tr|A0A3R6X451|A0A3R6X451_9CLOT	99.4	325	2	0	1	325	1	325	6.5e-193	668.7	GCF_003473725.1_ASM347372v1_genomic	bsh	bsh
IKIFGNDM_02304	tr|A0A6L8TEI6|A0A6L8TEI6_9FIRM	99.4	325	2	0	1	325	1	325	6.5e-193	668.7	GCF_003473725.1_ASM347372v1_genomic	bsh	bsh
IKIFGNDM_02304	tr|A0A942WJN2|A0A942WJN2_9FIRM	99.4	325	2	0	1	325	1	325	6.5e-193	668.7	GCF_003473725.1_ASM347372v1_genomic	bsh	bsh
IKIFGNDM_02304	tr|A0A1C5M099|A0A1C5M099_9CLOT	99.4	325	2	0	1	325	1	325	8.4e-193	668.3	GCF_003473725.1_ASM347372v1_genomic	bsh	bsh
IKIFGNDM_02304	tr|A0A3R6N0X3|A0A3R6N0X3_9CLOT	99.4	325	2	0	1	325	1	325	8.4e-193	668.3	GCF_003473725.1_ASM347372v1_genomic	bsh	bsh
IKIFGNDM_02304	tr|K1RSL9|K1RSL9_9ZZZZ	100	322	0	0	1	322	1	322	3.2e-192	666.4	GCF_003473725.1_ASM347372v1_genomic	bsh	bsh
OAFBMJDC_01151	tr|A0A173UXL2|A0A173UXL2_ANAHA	100	325	0	0	1	325	1	325	4.5e-194	672.5	GCF_003477415.1_ASM347741v1_genomic	bsh	bsh
OAFBMJDC_01151	tr|A0A173V7R5|A0A173V7R5_9FIRM	100	325	0	0	1	325	1	325	4.5e-194	672.5	GCF_003477415.1_ASM347741v1_genomic	bsh	bsh
OAFBMJDC_01151	tr|A0A174D8V8|A0A174D8V8_9FIRM	100	325	0	0	1	325	1	325	4.5e-194	672.5	GCF_003477415.1_ASM347741v1_genomic	bsh	bsh
OAFBMJDC_01151	tr|A0A174HSI5|A0A174HSI5_9FIRM	100	325	0	0	1	325	1	325	4.5e-194	672.5	GCF_003477415.1_ASM347741v1_genomic	bsh	bsh
OAFBMJDC_01151	tr|A0A1C5TTN1|A0A1C5TTN1_9FIRM	100	325	0	0	1	325	1	325	4.5e-194	672.5	GCF_003477415.1_ASM347741v1_genomic	bsh	bsh
OAFBMJDC_01151	tr|A0A1C5U7I7|A0A1C5U7I7_9CLOT	100	325	0	0	1	325	1	325	4.5e-194	672.5	GCF_003477415.1_ASM347741v1_genomic	bsh	bsh
OAFBMJDC_01151	tr|A0A1C6BVX3|A0A1C6BVX3_9FIRM	100	325	0	0	1	325	1	325	4.5e-194	672.5	GCF_003477415.1_ASM347741v1_genomic	bsh	bsh
OAFBMJDC_01151	tr|A0A1C6FXQ7|A0A1C6FXQ7_9FIRM	100	325	0	0	1	325	1	325	4.5e-194	672.5	GCF_003477415.1_ASM347741v1_genomic	bsh	bsh
OAFBMJDC_01151	tr|A0A285PRT2|A0A285PRT2_9FIRM	100	325	0	0	1	325	1	325	4.5e-194	672.5	GCF_003477415.1_ASM347741v1_genomic	bsh	bsh
OAFBMJDC_01151	tr|A0A373V9R9|A0A373V9R9_9FIRM	100	325	0	0	1	325	1	325	4.5e-194	672.5	GCF_003477415.1_ASM347741v1_genomic	bsh	bsh
OAFBMJDC_01151	tr|A0A374AYZ4|A0A374AYZ4_9FIRM	100	325	0	0	1	325	1	325	4.5e-194	672.5	GCF_003477415.1_ASM347741v1_genomic	bsh	bsh
OAFBMJDC_01151	tr|A0A3R6DJG5|A0A3R6DJG5_9FIRM	100	325	0	0	1	325	1	325	4.5e-194	672.5	GCF_003477415.1_ASM347741v1_genomic	bsh	bsh
OAFBMJDC_01151	tr|A0A412MA68|A0A412MA68_9FIRM	100	325	0	0	1	325	1	325	4.5e-194	672.5	GCF_003477415.1_ASM347741v1_genomic	bsh	bsh
OAFBMJDC_01151	tr|A0A415FJV4|A0A415FJV4_9FIRM	100	325	0	0	1	325	1	325	4.5e-194	672.5	GCF_003477415.1_ASM347741v1_genomic	bsh	bsh
OAFBMJDC_01151	tr|A0A415VWX2|A0A415VWX2_9FIRM	100	325	0	0	1	325	1	325	4.5e-194	672.5	GCF_003477415.1_ASM347741v1_genomic	bsh	bsh
OAFBMJDC_01151	tr|A0A415Y8U9|A0A415Y8U9_9FIRM	100	325	0	0	1	325	1	325	4.5e-194	672.5	GCF_003477415.1_ASM347741v1_genomic	bsh	bsh
OAFBMJDC_01151	tr|A0A417C6D6|A0A417C6D6_9FIRM	100	325	0	0	1	325	1	325	4.5e-194	672.5	GCF_003477415.1_ASM347741v1_genomic	bsh	bsh
OAFBMJDC_01151	tr|A0A417URI0|A0A417URI0_9FIRM	100	325	0	0	1	325	1	325	4.5e-194	672.5	GCF_003477415.1_ASM347741v1_genomic	bsh	bsh
OAFBMJDC_01151	tr|A0A845KWQ3|A0A845KWQ3_9FIRM	100	325	0	0	1	325	1	325	4.5e-194	672.5	GCF_003477415.1_ASM347741v1_genomic	bsh	bsh
OAFBMJDC_01151	tr|A5ZWR0|A5ZWR0_9FIRM	100	325	0	0	1	325	1	325	4.5e-194	672.5	GCF_003477415.1_ASM347741v1_genomic	bsh	bsh
OAFBMJDC_01151	tr|A6BGZ5|A6BGZ5_9FIRM	100	325	0	0	1	325	1	325	4.5e-194	672.5	GCF_003477415.1_ASM347741v1_genomic	bsh	bsh
OAFBMJDC_01151	tr|C0EW54|C0EW54_9FIRM	100	325	0	0	1	325	1	325	4.5e-194	672.5	GCF_003477415.1_ASM347741v1_genomic	bsh	bsh
OAFBMJDC_01151	tr|A0A844GIR0|A0A844GIR0_9FIRM	99.7	325	1	0	1	325	1	325	5.8e-194	672.2	GCF_003477415.1_ASM347741v1_genomic	bsh	bsh
OAFBMJDC_01151	tr|A0A1C6IFT3|A0A1C6IFT3_9FIRM	99.7	325	1	0	1	325	1	325	7.6e-194	671.8	GCF_003477415.1_ASM347741v1_genomic	bsh	bsh
OAFBMJDC_01151	tr|A0A6N9LK70|A0A6N9LK70_9FIRM	99.7	325	1	0	1	325	1	325	7.6e-194	671.8	GCF_003477415.1_ASM347741v1_genomic	bsh	bsh
OAFBMJDC_01151	tr|A0A1C5RZ46|A0A1C5RZ46_9CLOT	99.7	325	1	0	1	325	1	325	1.3e-193	671	GCF_003477415.1_ASM347741v1_genomic	bsh	bsh
OAFBMJDC_01151	tr|A0A1C5TMU3|A0A1C5TMU3_9FIRM	99.7	325	1	0	1	325	1	325	1.3e-193	671	GCF_003477415.1_ASM347741v1_genomic	bsh	bsh
OAFBMJDC_01151	tr|A0A1C5VAP5|A0A1C5VAP5_9FIRM	99.7	325	1	0	1	325	1	325	1.3e-193	671	GCF_003477415.1_ASM347741v1_genomic	bsh	bsh
OAFBMJDC_01151	tr|A0A373IZI9|A0A373IZI9_9FIRM	99.7	325	1	0	1	325	1	325	1.3e-193	671	GCF_003477415.1_ASM347741v1_genomic	bsh	bsh
OAFBMJDC_01151	tr|A0A415HK39|A0A415HK39_9FIRM	99.7	325	1	0	1	325	1	325	1.3e-193	671	GCF_003477415.1_ASM347741v1_genomic	bsh	bsh
OAFBMJDC_01151	tr|A0A417R5E7|A0A417R5E7_9FIRM	99.7	325	1	0	1	325	1	325	1.3e-193	671	GCF_003477415.1_ASM347741v1_genomic	bsh	bsh
OAFBMJDC_01151	tr|A0A6N3AUL3|A0A6N3AUL3_9FIRM	99.7	325	1	0	1	325	1	325	1.3e-193	671	GCF_003477415.1_ASM347741v1_genomic	bsh	bsh
OAFBMJDC_01151	tr|A0A173U973|A0A173U973_9FIRM	99.7	325	1	0	1	325	1	325	1.7e-193	670.6	GCF_003477415.1_ASM347741v1_genomic	bsh	bsh
OAFBMJDC_01151	tr|A0A1C5REX8|A0A1C5REX8_9FIRM	99.7	325	1	0	1	325	1	325	1.7e-193	670.6	GCF_003477415.1_ASM347741v1_genomic	bsh	bsh
OAFBMJDC_01151	tr|A0A1C5UZX7|A0A1C5UZX7_9CLOT	99.7	325	1	0	1	325	1	325	1.7e-193	670.6	GCF_003477415.1_ASM347741v1_genomic	bsh	bsh
OAFBMJDC_01151	tr|A0A1C6AVX0|A0A1C6AVX0_9FIRM	99.7	325	1	0	1	325	1	325	1.7e-193	670.6	GCF_003477415.1_ASM347741v1_genomic	bsh	bsh
OAFBMJDC_01151	tr|A0A417CDY8|A0A417CDY8_9FIRM	99.7	325	1	0	1	325	1	325	1.7e-193	670.6	GCF_003477415.1_ASM347741v1_genomic	bsh	bsh
OAFBMJDC_01151	tr|A0A564WVE5|A0A564WVE5_9FIRM	99.7	325	1	0	1	325	1	325	1.7e-193	670.6	GCF_003477415.1_ASM347741v1_genomic	bsh	bsh
OAFBMJDC_01151	tr|A0A416NLT9|A0A416NLT9_9FIRM	99.7	325	1	0	1	325	1	325	2.2e-193	670.2	GCF_003477415.1_ASM347741v1_genomic	bsh	bsh
OAFBMJDC_01151	tr|A0A7G9FVJ0|A0A7G9FVJ0_9FIRM	99.7	325	1	0	1	325	1	325	2.2e-193	670.2	GCF_003477415.1_ASM347741v1_genomic	bsh	bsh
OAFBMJDC_01151	tr|L1Q414|L1Q414_ANAHA	99.7	325	1	0	1	325	1	325	2.2e-193	670.2	GCF_003477415.1_ASM347741v1_genomic	bsh	bsh
OAFBMJDC_01151	tr|A0A174EB34|A0A174EB34_9FIRM	99.7	325	1	0	1	325	1	325	3.8e-193	669.5	GCF_003477415.1_ASM347741v1_genomic	bsh	bsh
OAFBMJDC_01151	tr|A0A174GR10|A0A174GR10_9FIRM	99.7	325	1	0	1	325	1	325	3.8e-193	669.5	GCF_003477415.1_ASM347741v1_genomic	bsh	bsh
OAFBMJDC_01151	tr|A0A174V5X0|A0A174V5X0_9FIRM	99.7	325	1	0	1	325	1	325	3.8e-193	669.5	GCF_003477415.1_ASM347741v1_genomic	bsh	bsh
OAFBMJDC_01151	tr|A0A3E5E3Y9|A0A3E5E3Y9_9FIRM	99.4	325	2	0	1	325	1	325	3.8e-193	669.5	GCF_003477415.1_ASM347741v1_genomic	bsh	bsh
OAFBMJDC_01151	tr|A0A1C5ULN3|A0A1C5ULN3_9FIRM	99.4	325	2	0	1	325	1	325	6.5e-193	668.7	GCF_003477415.1_ASM347741v1_genomic	bsh	bsh
OAFBMJDC_01151	tr|A0A1G5FIB9|A0A1G5FIB9_9FIRM	99.4	325	2	0	1	325	1	325	6.5e-193	668.7	GCF_003477415.1_ASM347741v1_genomic	bsh	bsh
OAFBMJDC_01151	tr|A0A317UFD6|A0A317UFD6_9FIRM	99.4	325	2	0	1	325	1	325	6.5e-193	668.7	GCF_003477415.1_ASM347741v1_genomic	bsh	bsh
OAFBMJDC_01151	tr|A0A367FUZ2|A0A367FUZ2_9FIRM	99.4	325	2	0	1	325	1	325	6.5e-193	668.7	GCF_003477415.1_ASM347741v1_genomic	bsh	bsh
OAFBMJDC_01151	tr|A0A3R6FU96|A0A3R6FU96_9FIRM	99.7	325	1	0	1	325	1	325	6.5e-193	668.7	GCF_003477415.1_ASM347741v1_genomic	bsh	bsh
OAFBMJDC_01151	tr|A0A3R6X451|A0A3R6X451_9CLOT	99.4	325	2	0	1	325	1	325	6.5e-193	668.7	GCF_003477415.1_ASM347741v1_genomic	bsh	bsh
OAFBMJDC_01151	tr|A0A6L8TEI6|A0A6L8TEI6_9FIRM	99.4	325	2	0	1	325	1	325	6.5e-193	668.7	GCF_003477415.1_ASM347741v1_genomic	bsh	bsh
OAFBMJDC_01151	tr|A0A942WJN2|A0A942WJN2_9FIRM	99.4	325	2	0	1	325	1	325	6.5e-193	668.7	GCF_003477415.1_ASM347741v1_genomic	bsh	bsh
OAFBMJDC_01151	tr|A0A1C5M099|A0A1C5M099_9CLOT	99.4	325	2	0	1	325	1	325	8.4e-193	668.3	GCF_003477415.1_ASM347741v1_genomic	bsh	bsh
OAFBMJDC_01151	tr|A0A3R6N0X3|A0A3R6N0X3_9CLOT	99.4	325	2	0	1	325	1	325	8.4e-193	668.3	GCF_003477415.1_ASM347741v1_genomic	bsh	bsh
OAFBMJDC_01151	tr|K1RSL9|K1RSL9_9ZZZZ	100	322	0	0	1	322	1	322	3.2e-192	666.4	GCF_003477415.1_ASM347741v1_genomic	bsh	bsh
OAFBMJDC_01658	tr|A0A415W1Y4|A0A415W1Y4_9FIRM	100	323	0	0	1	323	1	323	2.4e-195	676.8	GCF_003477415.1_ASM347741v1_genomic	bsh	bsh
OAFBMJDC_01658	tr|A0A415Y4A6|A0A415Y4A6_9FIRM	100	323	0	0	1	323	1	323	2.4e-195	676.8	GCF_003477415.1_ASM347741v1_genomic	bsh	bsh
OAFBMJDC_01658	tr|A0A417JP01|A0A417JP01_9FIRM	100	323	0	0	1	323	1	323	2.4e-195	676.8	GCF_003477415.1_ASM347741v1_genomic	bsh	bsh
OAFBMJDC_01658	tr|A0A417UTY8|A0A417UTY8_9FIRM	100	323	0	0	1	323	1	323	2.4e-195	676.8	GCF_003477415.1_ASM347741v1_genomic	bsh	bsh
OAFBMJDC_01658	tr|D4N0V8|D4N0V8_ANAHA	100	323	0	0	1	323	1	323	2.4e-195	676.8	GCF_003477415.1_ASM347741v1_genomic	bsh	bsh
OAFBMJDC_01658	tr|A0A6N2RN78|A0A6N2RN78_ANAHA	99.7	323	1	0	1	323	1	323	3.1e-195	676.4	GCF_003477415.1_ASM347741v1_genomic	bsh	bsh
OAFBMJDC_01658	tr|L1QBV1|L1QBV1_ANAHA	99.7	323	1	0	1	323	1	323	5.2e-195	675.6	GCF_003477415.1_ASM347741v1_genomic	bsh	bsh
OAFBMJDC_01658	tr|A0A1Q2CAU9|A0A1Q2CAU9_ANAHA	99.7	323	1	0	1	323	1	323	6.9e-195	675.2	GCF_003477415.1_ASM347741v1_genomic	bsh	bsh
OAFBMJDC_01658	tr|E5VP64|E5VP64_9FIRM	99.7	323	1	0	1	323	1	323	6.9e-195	675.2	GCF_003477415.1_ASM347741v1_genomic	bsh	bsh
OAFBMJDC_01658	tr|R5Z9B8|R5Z9B8_9FIRM	99.7	323	1	0	1	323	1	323	6.9e-195	675.2	GCF_003477415.1_ASM347741v1_genomic	bsh	bsh
OAFBMJDC_01658	tr|A0A174S307|A0A174S307_ANAHA	99.7	323	1	0	1	323	1	323	8.9e-195	674.9	GCF_003477415.1_ASM347741v1_genomic	bsh	bsh
MCKGPBFA_00736	tr|A0A415W1Y4|A0A415W1Y4_9FIRM	100	323	0	0	1	323	1	323	2.4e-195	676.8	GCF_003480775.1_ASM348077v1_genomic	bsh	bsh
MCKGPBFA_00736	tr|A0A415Y4A6|A0A415Y4A6_9FIRM	100	323	0	0	1	323	1	323	2.4e-195	676.8	GCF_003480775.1_ASM348077v1_genomic	bsh	bsh
MCKGPBFA_00736	tr|A0A417JP01|A0A417JP01_9FIRM	100	323	0	0	1	323	1	323	2.4e-195	676.8	GCF_003480775.1_ASM348077v1_genomic	bsh	bsh
MCKGPBFA_00736	tr|A0A417UTY8|A0A417UTY8_9FIRM	100	323	0	0	1	323	1	323	2.4e-195	676.8	GCF_003480775.1_ASM348077v1_genomic	bsh	bsh
MCKGPBFA_00736	tr|D4N0V8|D4N0V8_ANAHA	100	323	0	0	1	323	1	323	2.4e-195	676.8	GCF_003480775.1_ASM348077v1_genomic	bsh	bsh
MCKGPBFA_00736	tr|A0A6N2RN78|A0A6N2RN78_ANAHA	99.7	323	1	0	1	323	1	323	3.1e-195	676.4	GCF_003480775.1_ASM348077v1_genomic	bsh	bsh
MCKGPBFA_00736	tr|L1QBV1|L1QBV1_ANAHA	99.7	323	1	0	1	323	1	323	5.2e-195	675.6	GCF_003480775.1_ASM348077v1_genomic	bsh	bsh
MCKGPBFA_00736	tr|A0A1Q2CAU9|A0A1Q2CAU9_ANAHA	99.7	323	1	0	1	323	1	323	6.9e-195	675.2	GCF_003480775.1_ASM348077v1_genomic	bsh	bsh
MCKGPBFA_00736	tr|E5VP64|E5VP64_9FIRM	99.7	323	1	0	1	323	1	323	6.9e-195	675.2	GCF_003480775.1_ASM348077v1_genomic	bsh	bsh
MCKGPBFA_00736	tr|R5Z9B8|R5Z9B8_9FIRM	99.7	323	1	0	1	323	1	323	6.9e-195	675.2	GCF_003480775.1_ASM348077v1_genomic	bsh	bsh
MCKGPBFA_00736	tr|A0A174S307|A0A174S307_ANAHA	99.7	323	1	0	1	323	1	323	8.9e-195	674.9	GCF_003480775.1_ASM348077v1_genomic	bsh	bsh
KJNMABBL_01551	tr|A0A415W1Y4|A0A415W1Y4_9FIRM	100	323	0	0	1	323	1	323	2.4e-195	676.8	GCF_003480825.1_ASM348082v1_genomic	bsh	bsh
KJNMABBL_01551	tr|A0A415Y4A6|A0A415Y4A6_9FIRM	100	323	0	0	1	323	1	323	2.4e-195	676.8	GCF_003480825.1_ASM348082v1_genomic	bsh	bsh
KJNMABBL_01551	tr|A0A417JP01|A0A417JP01_9FIRM	100	323	0	0	1	323	1	323	2.4e-195	676.8	GCF_003480825.1_ASM348082v1_genomic	bsh	bsh
KJNMABBL_01551	tr|A0A417UTY8|A0A417UTY8_9FIRM	100	323	0	0	1	323	1	323	2.4e-195	676.8	GCF_003480825.1_ASM348082v1_genomic	bsh	bsh
KJNMABBL_01551	tr|D4N0V8|D4N0V8_ANAHA	100	323	0	0	1	323	1	323	2.4e-195	676.8	GCF_003480825.1_ASM348082v1_genomic	bsh	bsh
KJNMABBL_01551	tr|A0A6N2RN78|A0A6N2RN78_ANAHA	99.7	323	1	0	1	323	1	323	3.1e-195	676.4	GCF_003480825.1_ASM348082v1_genomic	bsh	bsh
KJNMABBL_01551	tr|L1QBV1|L1QBV1_ANAHA	99.7	323	1	0	1	323	1	323	5.2e-195	675.6	GCF_003480825.1_ASM348082v1_genomic	bsh	bsh
KJNMABBL_01551	tr|A0A1Q2CAU9|A0A1Q2CAU9_ANAHA	99.7	323	1	0	1	323	1	323	6.9e-195	675.2	GCF_003480825.1_ASM348082v1_genomic	bsh	bsh
KJNMABBL_01551	tr|E5VP64|E5VP64_9FIRM	99.7	323	1	0	1	323	1	323	6.9e-195	675.2	GCF_003480825.1_ASM348082v1_genomic	bsh	bsh
KJNMABBL_01551	tr|R5Z9B8|R5Z9B8_9FIRM	99.7	323	1	0	1	323	1	323	6.9e-195	675.2	GCF_003480825.1_ASM348082v1_genomic	bsh	bsh
KJNMABBL_01551	tr|A0A174S307|A0A174S307_ANAHA	99.7	323	1	0	1	323	1	323	8.9e-195	674.9	GCF_003480825.1_ASM348082v1_genomic	bsh	bsh
KJNMABBL_02046	tr|A0A173UXL2|A0A173UXL2_ANAHA	100	325	0	0	1	325	1	325	4.5e-194	672.5	GCF_003480825.1_ASM348082v1_genomic	bsh	bsh
KJNMABBL_02046	tr|A0A173V7R5|A0A173V7R5_9FIRM	100	325	0	0	1	325	1	325	4.5e-194	672.5	GCF_003480825.1_ASM348082v1_genomic	bsh	bsh
KJNMABBL_02046	tr|A0A174D8V8|A0A174D8V8_9FIRM	100	325	0	0	1	325	1	325	4.5e-194	672.5	GCF_003480825.1_ASM348082v1_genomic	bsh	bsh
KJNMABBL_02046	tr|A0A174HSI5|A0A174HSI5_9FIRM	100	325	0	0	1	325	1	325	4.5e-194	672.5	GCF_003480825.1_ASM348082v1_genomic	bsh	bsh
KJNMABBL_02046	tr|A0A1C5TTN1|A0A1C5TTN1_9FIRM	100	325	0	0	1	325	1	325	4.5e-194	672.5	GCF_003480825.1_ASM348082v1_genomic	bsh	bsh
KJNMABBL_02046	tr|A0A1C5U7I7|A0A1C5U7I7_9CLOT	100	325	0	0	1	325	1	325	4.5e-194	672.5	GCF_003480825.1_ASM348082v1_genomic	bsh	bsh
KJNMABBL_02046	tr|A0A1C6BVX3|A0A1C6BVX3_9FIRM	100	325	0	0	1	325	1	325	4.5e-194	672.5	GCF_003480825.1_ASM348082v1_genomic	bsh	bsh
KJNMABBL_02046	tr|A0A1C6FXQ7|A0A1C6FXQ7_9FIRM	100	325	0	0	1	325	1	325	4.5e-194	672.5	GCF_003480825.1_ASM348082v1_genomic	bsh	bsh
KJNMABBL_02046	tr|A0A285PRT2|A0A285PRT2_9FIRM	100	325	0	0	1	325	1	325	4.5e-194	672.5	GCF_003480825.1_ASM348082v1_genomic	bsh	bsh
KJNMABBL_02046	tr|A0A373V9R9|A0A373V9R9_9FIRM	100	325	0	0	1	325	1	325	4.5e-194	672.5	GCF_003480825.1_ASM348082v1_genomic	bsh	bsh
KJNMABBL_02046	tr|A0A374AYZ4|A0A374AYZ4_9FIRM	100	325	0	0	1	325	1	325	4.5e-194	672.5	GCF_003480825.1_ASM348082v1_genomic	bsh	bsh
KJNMABBL_02046	tr|A0A3R6DJG5|A0A3R6DJG5_9FIRM	100	325	0	0	1	325	1	325	4.5e-194	672.5	GCF_003480825.1_ASM348082v1_genomic	bsh	bsh
KJNMABBL_02046	tr|A0A412MA68|A0A412MA68_9FIRM	100	325	0	0	1	325	1	325	4.5e-194	672.5	GCF_003480825.1_ASM348082v1_genomic	bsh	bsh
KJNMABBL_02046	tr|A0A415FJV4|A0A415FJV4_9FIRM	100	325	0	0	1	325	1	325	4.5e-194	672.5	GCF_003480825.1_ASM348082v1_genomic	bsh	bsh
KJNMABBL_02046	tr|A0A415VWX2|A0A415VWX2_9FIRM	100	325	0	0	1	325	1	325	4.5e-194	672.5	GCF_003480825.1_ASM348082v1_genomic	bsh	bsh
KJNMABBL_02046	tr|A0A415Y8U9|A0A415Y8U9_9FIRM	100	325	0	0	1	325	1	325	4.5e-194	672.5	GCF_003480825.1_ASM348082v1_genomic	bsh	bsh
KJNMABBL_02046	tr|A0A417C6D6|A0A417C6D6_9FIRM	100	325	0	0	1	325	1	325	4.5e-194	672.5	GCF_003480825.1_ASM348082v1_genomic	bsh	bsh
KJNMABBL_02046	tr|A0A417URI0|A0A417URI0_9FIRM	100	325	0	0	1	325	1	325	4.5e-194	672.5	GCF_003480825.1_ASM348082v1_genomic	bsh	bsh
KJNMABBL_02046	tr|A0A845KWQ3|A0A845KWQ3_9FIRM	100	325	0	0	1	325	1	325	4.5e-194	672.5	GCF_003480825.1_ASM348082v1_genomic	bsh	bsh
KJNMABBL_02046	tr|A5ZWR0|A5ZWR0_9FIRM	100	325	0	0	1	325	1	325	4.5e-194	672.5	GCF_003480825.1_ASM348082v1_genomic	bsh	bsh
KJNMABBL_02046	tr|A6BGZ5|A6BGZ5_9FIRM	100	325	0	0	1	325	1	325	4.5e-194	672.5	GCF_003480825.1_ASM348082v1_genomic	bsh	bsh
KJNMABBL_02046	tr|C0EW54|C0EW54_9FIRM	100	325	0	0	1	325	1	325	4.5e-194	672.5	GCF_003480825.1_ASM348082v1_genomic	bsh	bsh
KJNMABBL_02046	tr|A0A844GIR0|A0A844GIR0_9FIRM	99.7	325	1	0	1	325	1	325	5.8e-194	672.2	GCF_003480825.1_ASM348082v1_genomic	bsh	bsh
KJNMABBL_02046	tr|A0A1C6IFT3|A0A1C6IFT3_9FIRM	99.7	325	1	0	1	325	1	325	7.6e-194	671.8	GCF_003480825.1_ASM348082v1_genomic	bsh	bsh
KJNMABBL_02046	tr|A0A6N9LK70|A0A6N9LK70_9FIRM	99.7	325	1	0	1	325	1	325	7.6e-194	671.8	GCF_003480825.1_ASM348082v1_genomic	bsh	bsh
KJNMABBL_02046	tr|A0A1C5RZ46|A0A1C5RZ46_9CLOT	99.7	325	1	0	1	325	1	325	1.3e-193	671	GCF_003480825.1_ASM348082v1_genomic	bsh	bsh
KJNMABBL_02046	tr|A0A1C5TMU3|A0A1C5TMU3_9FIRM	99.7	325	1	0	1	325	1	325	1.3e-193	671	GCF_003480825.1_ASM348082v1_genomic	bsh	bsh
KJNMABBL_02046	tr|A0A1C5VAP5|A0A1C5VAP5_9FIRM	99.7	325	1	0	1	325	1	325	1.3e-193	671	GCF_003480825.1_ASM348082v1_genomic	bsh	bsh
KJNMABBL_02046	tr|A0A373IZI9|A0A373IZI9_9FIRM	99.7	325	1	0	1	325	1	325	1.3e-193	671	GCF_003480825.1_ASM348082v1_genomic	bsh	bsh
KJNMABBL_02046	tr|A0A415HK39|A0A415HK39_9FIRM	99.7	325	1	0	1	325	1	325	1.3e-193	671	GCF_003480825.1_ASM348082v1_genomic	bsh	bsh
KJNMABBL_02046	tr|A0A417R5E7|A0A417R5E7_9FIRM	99.7	325	1	0	1	325	1	325	1.3e-193	671	GCF_003480825.1_ASM348082v1_genomic	bsh	bsh
KJNMABBL_02046	tr|A0A6N3AUL3|A0A6N3AUL3_9FIRM	99.7	325	1	0	1	325	1	325	1.3e-193	671	GCF_003480825.1_ASM348082v1_genomic	bsh	bsh
KJNMABBL_02046	tr|A0A173U973|A0A173U973_9FIRM	99.7	325	1	0	1	325	1	325	1.7e-193	670.6	GCF_003480825.1_ASM348082v1_genomic	bsh	bsh
KJNMABBL_02046	tr|A0A1C5REX8|A0A1C5REX8_9FIRM	99.7	325	1	0	1	325	1	325	1.7e-193	670.6	GCF_003480825.1_ASM348082v1_genomic	bsh	bsh
KJNMABBL_02046	tr|A0A1C5UZX7|A0A1C5UZX7_9CLOT	99.7	325	1	0	1	325	1	325	1.7e-193	670.6	GCF_003480825.1_ASM348082v1_genomic	bsh	bsh
KJNMABBL_02046	tr|A0A1C6AVX0|A0A1C6AVX0_9FIRM	99.7	325	1	0	1	325	1	325	1.7e-193	670.6	GCF_003480825.1_ASM348082v1_genomic	bsh	bsh
KJNMABBL_02046	tr|A0A417CDY8|A0A417CDY8_9FIRM	99.7	325	1	0	1	325	1	325	1.7e-193	670.6	GCF_003480825.1_ASM348082v1_genomic	bsh	bsh
KJNMABBL_02046	tr|A0A564WVE5|A0A564WVE5_9FIRM	99.7	325	1	0	1	325	1	325	1.7e-193	670.6	GCF_003480825.1_ASM348082v1_genomic	bsh	bsh
KJNMABBL_02046	tr|A0A416NLT9|A0A416NLT9_9FIRM	99.7	325	1	0	1	325	1	325	2.2e-193	670.2	GCF_003480825.1_ASM348082v1_genomic	bsh	bsh
KJNMABBL_02046	tr|A0A7G9FVJ0|A0A7G9FVJ0_9FIRM	99.7	325	1	0	1	325	1	325	2.2e-193	670.2	GCF_003480825.1_ASM348082v1_genomic	bsh	bsh
KJNMABBL_02046	tr|L1Q414|L1Q414_ANAHA	99.7	325	1	0	1	325	1	325	2.2e-193	670.2	GCF_003480825.1_ASM348082v1_genomic	bsh	bsh
KJNMABBL_02046	tr|A0A174EB34|A0A174EB34_9FIRM	99.7	325	1	0	1	325	1	325	3.8e-193	669.5	GCF_003480825.1_ASM348082v1_genomic	bsh	bsh
KJNMABBL_02046	tr|A0A174GR10|A0A174GR10_9FIRM	99.7	325	1	0	1	325	1	325	3.8e-193	669.5	GCF_003480825.1_ASM348082v1_genomic	bsh	bsh
KJNMABBL_02046	tr|A0A174V5X0|A0A174V5X0_9FIRM	99.7	325	1	0	1	325	1	325	3.8e-193	669.5	GCF_003480825.1_ASM348082v1_genomic	bsh	bsh
KJNMABBL_02046	tr|A0A3E5E3Y9|A0A3E5E3Y9_9FIRM	99.4	325	2	0	1	325	1	325	3.8e-193	669.5	GCF_003480825.1_ASM348082v1_genomic	bsh	bsh
KJNMABBL_02046	tr|A0A1C5ULN3|A0A1C5ULN3_9FIRM	99.4	325	2	0	1	325	1	325	6.5e-193	668.7	GCF_003480825.1_ASM348082v1_genomic	bsh	bsh
KJNMABBL_02046	tr|A0A1G5FIB9|A0A1G5FIB9_9FIRM	99.4	325	2	0	1	325	1	325	6.5e-193	668.7	GCF_003480825.1_ASM348082v1_genomic	bsh	bsh
KJNMABBL_02046	tr|A0A317UFD6|A0A317UFD6_9FIRM	99.4	325	2	0	1	325	1	325	6.5e-193	668.7	GCF_003480825.1_ASM348082v1_genomic	bsh	bsh
KJNMABBL_02046	tr|A0A367FUZ2|A0A367FUZ2_9FIRM	99.4	325	2	0	1	325	1	325	6.5e-193	668.7	GCF_003480825.1_ASM348082v1_genomic	bsh	bsh
KJNMABBL_02046	tr|A0A3R6FU96|A0A3R6FU96_9FIRM	99.7	325	1	0	1	325	1	325	6.5e-193	668.7	GCF_003480825.1_ASM348082v1_genomic	bsh	bsh
KJNMABBL_02046	tr|A0A3R6X451|A0A3R6X451_9CLOT	99.4	325	2	0	1	325	1	325	6.5e-193	668.7	GCF_003480825.1_ASM348082v1_genomic	bsh	bsh
KJNMABBL_02046	tr|A0A6L8TEI6|A0A6L8TEI6_9FIRM	99.4	325	2	0	1	325	1	325	6.5e-193	668.7	GCF_003480825.1_ASM348082v1_genomic	bsh	bsh
KJNMABBL_02046	tr|A0A942WJN2|A0A942WJN2_9FIRM	99.4	325	2	0	1	325	1	325	6.5e-193	668.7	GCF_003480825.1_ASM348082v1_genomic	bsh	bsh
KJNMABBL_02046	tr|A0A1C5M099|A0A1C5M099_9CLOT	99.4	325	2	0	1	325	1	325	8.4e-193	668.3	GCF_003480825.1_ASM348082v1_genomic	bsh	bsh
KJNMABBL_02046	tr|A0A3R6N0X3|A0A3R6N0X3_9CLOT	99.4	325	2	0	1	325	1	325	8.4e-193	668.3	GCF_003480825.1_ASM348082v1_genomic	bsh	bsh
KJNMABBL_02046	tr|K1RSL9|K1RSL9_9ZZZZ	100	322	0	0	1	322	1	322	3.2e-192	666.4	GCF_003480825.1_ASM348082v1_genomic	bsh	bsh
NBKPIGMC_01517	tr|A0A415W1Y4|A0A415W1Y4_9FIRM	99.7	323	1	0	1	323	1	323	2.6e-194	673.3	GCF_003481105.1_ASM348110v1_genomic	bsh	bsh
NBKPIGMC_01517	tr|A0A415Y4A6|A0A415Y4A6_9FIRM	99.7	323	1	0	1	323	1	323	2.6e-194	673.3	GCF_003481105.1_ASM348110v1_genomic	bsh	bsh
NBKPIGMC_01517	tr|A0A417JP01|A0A417JP01_9FIRM	99.7	323	1	0	1	323	1	323	2.6e-194	673.3	GCF_003481105.1_ASM348110v1_genomic	bsh	bsh
NBKPIGMC_01517	tr|A0A417UTY8|A0A417UTY8_9FIRM	99.7	323	1	0	1	323	1	323	2.6e-194	673.3	GCF_003481105.1_ASM348110v1_genomic	bsh	bsh
NBKPIGMC_01517	tr|D4N0V8|D4N0V8_ANAHA	99.7	323	1	0	1	323	1	323	2.6e-194	673.3	GCF_003481105.1_ASM348110v1_genomic	bsh	bsh
NBKPIGMC_01517	tr|A0A6N2RN78|A0A6N2RN78_ANAHA	99.4	323	2	0	1	323	1	323	3.4e-194	672.9	GCF_003481105.1_ASM348110v1_genomic	bsh	bsh
NBKPIGMC_01517	tr|L1QBV1|L1QBV1_ANAHA	99.4	323	2	0	1	323	1	323	5.8e-194	672.2	GCF_003481105.1_ASM348110v1_genomic	bsh	bsh
NBKPIGMC_01517	tr|A0A1Q2CAU9|A0A1Q2CAU9_ANAHA	99.4	323	2	0	1	323	1	323	7.6e-194	671.8	GCF_003481105.1_ASM348110v1_genomic	bsh	bsh
NBKPIGMC_01517	tr|E5VP64|E5VP64_9FIRM	99.4	323	2	0	1	323	1	323	7.6e-194	671.8	GCF_003481105.1_ASM348110v1_genomic	bsh	bsh
NBKPIGMC_01517	tr|R5Z9B8|R5Z9B8_9FIRM	99.4	323	2	0	1	323	1	323	7.6e-194	671.8	GCF_003481105.1_ASM348110v1_genomic	bsh	bsh
NBKPIGMC_01517	tr|A0A174S307|A0A174S307_ANAHA	99.4	323	2	0	1	323	1	323	9.9e-194	671.4	GCF_003481105.1_ASM348110v1_genomic	bsh	bsh
NBKPIGMC_02319	tr|A0A173UXL2|A0A173UXL2_ANAHA	100	325	0	0	1	325	1	325	4.5e-194	672.5	GCF_003481105.1_ASM348110v1_genomic	bsh	bsh
NBKPIGMC_02319	tr|A0A173V7R5|A0A173V7R5_9FIRM	100	325	0	0	1	325	1	325	4.5e-194	672.5	GCF_003481105.1_ASM348110v1_genomic	bsh	bsh
NBKPIGMC_02319	tr|A0A174D8V8|A0A174D8V8_9FIRM	100	325	0	0	1	325	1	325	4.5e-194	672.5	GCF_003481105.1_ASM348110v1_genomic	bsh	bsh
NBKPIGMC_02319	tr|A0A174HSI5|A0A174HSI5_9FIRM	100	325	0	0	1	325	1	325	4.5e-194	672.5	GCF_003481105.1_ASM348110v1_genomic	bsh	bsh
NBKPIGMC_02319	tr|A0A1C5TTN1|A0A1C5TTN1_9FIRM	100	325	0	0	1	325	1	325	4.5e-194	672.5	GCF_003481105.1_ASM348110v1_genomic	bsh	bsh
NBKPIGMC_02319	tr|A0A1C5U7I7|A0A1C5U7I7_9CLOT	100	325	0	0	1	325	1	325	4.5e-194	672.5	GCF_003481105.1_ASM348110v1_genomic	bsh	bsh
NBKPIGMC_02319	tr|A0A1C6BVX3|A0A1C6BVX3_9FIRM	100	325	0	0	1	325	1	325	4.5e-194	672.5	GCF_003481105.1_ASM348110v1_genomic	bsh	bsh
NBKPIGMC_02319	tr|A0A1C6FXQ7|A0A1C6FXQ7_9FIRM	100	325	0	0	1	325	1	325	4.5e-194	672.5	GCF_003481105.1_ASM348110v1_genomic	bsh	bsh
NBKPIGMC_02319	tr|A0A285PRT2|A0A285PRT2_9FIRM	100	325	0	0	1	325	1	325	4.5e-194	672.5	GCF_003481105.1_ASM348110v1_genomic	bsh	bsh
NBKPIGMC_02319	tr|A0A373V9R9|A0A373V9R9_9FIRM	100	325	0	0	1	325	1	325	4.5e-194	672.5	GCF_003481105.1_ASM348110v1_genomic	bsh	bsh
NBKPIGMC_02319	tr|A0A374AYZ4|A0A374AYZ4_9FIRM	100	325	0	0	1	325	1	325	4.5e-194	672.5	GCF_003481105.1_ASM348110v1_genomic	bsh	bsh
NBKPIGMC_02319	tr|A0A3R6DJG5|A0A3R6DJG5_9FIRM	100	325	0	0	1	325	1	325	4.5e-194	672.5	GCF_003481105.1_ASM348110v1_genomic	bsh	bsh
NBKPIGMC_02319	tr|A0A412MA68|A0A412MA68_9FIRM	100	325	0	0	1	325	1	325	4.5e-194	672.5	GCF_003481105.1_ASM348110v1_genomic	bsh	bsh
NBKPIGMC_02319	tr|A0A415FJV4|A0A415FJV4_9FIRM	100	325	0	0	1	325	1	325	4.5e-194	672.5	GCF_003481105.1_ASM348110v1_genomic	bsh	bsh
NBKPIGMC_02319	tr|A0A415VWX2|A0A415VWX2_9FIRM	100	325	0	0	1	325	1	325	4.5e-194	672.5	GCF_003481105.1_ASM348110v1_genomic	bsh	bsh
NBKPIGMC_02319	tr|A0A415Y8U9|A0A415Y8U9_9FIRM	100	325	0	0	1	325	1	325	4.5e-194	672.5	GCF_003481105.1_ASM348110v1_genomic	bsh	bsh
NBKPIGMC_02319	tr|A0A417C6D6|A0A417C6D6_9FIRM	100	325	0	0	1	325	1	325	4.5e-194	672.5	GCF_003481105.1_ASM348110v1_genomic	bsh	bsh
NBKPIGMC_02319	tr|A0A417URI0|A0A417URI0_9FIRM	100	325	0	0	1	325	1	325	4.5e-194	672.5	GCF_003481105.1_ASM348110v1_genomic	bsh	bsh
NBKPIGMC_02319	tr|A0A845KWQ3|A0A845KWQ3_9FIRM	100	325	0	0	1	325	1	325	4.5e-194	672.5	GCF_003481105.1_ASM348110v1_genomic	bsh	bsh
NBKPIGMC_02319	tr|A5ZWR0|A5ZWR0_9FIRM	100	325	0	0	1	325	1	325	4.5e-194	672.5	GCF_003481105.1_ASM348110v1_genomic	bsh	bsh
NBKPIGMC_02319	tr|A6BGZ5|A6BGZ5_9FIRM	100	325	0	0	1	325	1	325	4.5e-194	672.5	GCF_003481105.1_ASM348110v1_genomic	bsh	bsh
NBKPIGMC_02319	tr|C0EW54|C0EW54_9FIRM	100	325	0	0	1	325	1	325	4.5e-194	672.5	GCF_003481105.1_ASM348110v1_genomic	bsh	bsh
NBKPIGMC_02319	tr|A0A844GIR0|A0A844GIR0_9FIRM	99.7	325	1	0	1	325	1	325	5.8e-194	672.2	GCF_003481105.1_ASM348110v1_genomic	bsh	bsh
NBKPIGMC_02319	tr|A0A1C6IFT3|A0A1C6IFT3_9FIRM	99.7	325	1	0	1	325	1	325	7.6e-194	671.8	GCF_003481105.1_ASM348110v1_genomic	bsh	bsh
NBKPIGMC_02319	tr|A0A6N9LK70|A0A6N9LK70_9FIRM	99.7	325	1	0	1	325	1	325	7.6e-194	671.8	GCF_003481105.1_ASM348110v1_genomic	bsh	bsh
NBKPIGMC_02319	tr|A0A1C5RZ46|A0A1C5RZ46_9CLOT	99.7	325	1	0	1	325	1	325	1.3e-193	671	GCF_003481105.1_ASM348110v1_genomic	bsh	bsh
NBKPIGMC_02319	tr|A0A1C5TMU3|A0A1C5TMU3_9FIRM	99.7	325	1	0	1	325	1	325	1.3e-193	671	GCF_003481105.1_ASM348110v1_genomic	bsh	bsh
NBKPIGMC_02319	tr|A0A1C5VAP5|A0A1C5VAP5_9FIRM	99.7	325	1	0	1	325	1	325	1.3e-193	671	GCF_003481105.1_ASM348110v1_genomic	bsh	bsh
NBKPIGMC_02319	tr|A0A373IZI9|A0A373IZI9_9FIRM	99.7	325	1	0	1	325	1	325	1.3e-193	671	GCF_003481105.1_ASM348110v1_genomic	bsh	bsh
NBKPIGMC_02319	tr|A0A415HK39|A0A415HK39_9FIRM	99.7	325	1	0	1	325	1	325	1.3e-193	671	GCF_003481105.1_ASM348110v1_genomic	bsh	bsh
NBKPIGMC_02319	tr|A0A417R5E7|A0A417R5E7_9FIRM	99.7	325	1	0	1	325	1	325	1.3e-193	671	GCF_003481105.1_ASM348110v1_genomic	bsh	bsh
NBKPIGMC_02319	tr|A0A6N3AUL3|A0A6N3AUL3_9FIRM	99.7	325	1	0	1	325	1	325	1.3e-193	671	GCF_003481105.1_ASM348110v1_genomic	bsh	bsh
NBKPIGMC_02319	tr|A0A173U973|A0A173U973_9FIRM	99.7	325	1	0	1	325	1	325	1.7e-193	670.6	GCF_003481105.1_ASM348110v1_genomic	bsh	bsh
NBKPIGMC_02319	tr|A0A1C5REX8|A0A1C5REX8_9FIRM	99.7	325	1	0	1	325	1	325	1.7e-193	670.6	GCF_003481105.1_ASM348110v1_genomic	bsh	bsh
NBKPIGMC_02319	tr|A0A1C5UZX7|A0A1C5UZX7_9CLOT	99.7	325	1	0	1	325	1	325	1.7e-193	670.6	GCF_003481105.1_ASM348110v1_genomic	bsh	bsh
NBKPIGMC_02319	tr|A0A1C6AVX0|A0A1C6AVX0_9FIRM	99.7	325	1	0	1	325	1	325	1.7e-193	670.6	GCF_003481105.1_ASM348110v1_genomic	bsh	bsh
NBKPIGMC_02319	tr|A0A417CDY8|A0A417CDY8_9FIRM	99.7	325	1	0	1	325	1	325	1.7e-193	670.6	GCF_003481105.1_ASM348110v1_genomic	bsh	bsh
NBKPIGMC_02319	tr|A0A564WVE5|A0A564WVE5_9FIRM	99.7	325	1	0	1	325	1	325	1.7e-193	670.6	GCF_003481105.1_ASM348110v1_genomic	bsh	bsh
NBKPIGMC_02319	tr|A0A416NLT9|A0A416NLT9_9FIRM	99.7	325	1	0	1	325	1	325	2.2e-193	670.2	GCF_003481105.1_ASM348110v1_genomic	bsh	bsh
NBKPIGMC_02319	tr|A0A7G9FVJ0|A0A7G9FVJ0_9FIRM	99.7	325	1	0	1	325	1	325	2.2e-193	670.2	GCF_003481105.1_ASM348110v1_genomic	bsh	bsh
NBKPIGMC_02319	tr|L1Q414|L1Q414_ANAHA	99.7	325	1	0	1	325	1	325	2.2e-193	670.2	GCF_003481105.1_ASM348110v1_genomic	bsh	bsh
NBKPIGMC_02319	tr|A0A174EB34|A0A174EB34_9FIRM	99.7	325	1	0	1	325	1	325	3.8e-193	669.5	GCF_003481105.1_ASM348110v1_genomic	bsh	bsh
NBKPIGMC_02319	tr|A0A174GR10|A0A174GR10_9FIRM	99.7	325	1	0	1	325	1	325	3.8e-193	669.5	GCF_003481105.1_ASM348110v1_genomic	bsh	bsh
NBKPIGMC_02319	tr|A0A174V5X0|A0A174V5X0_9FIRM	99.7	325	1	0	1	325	1	325	3.8e-193	669.5	GCF_003481105.1_ASM348110v1_genomic	bsh	bsh
NBKPIGMC_02319	tr|A0A3E5E3Y9|A0A3E5E3Y9_9FIRM	99.4	325	2	0	1	325	1	325	3.8e-193	669.5	GCF_003481105.1_ASM348110v1_genomic	bsh	bsh
NBKPIGMC_02319	tr|A0A1C5ULN3|A0A1C5ULN3_9FIRM	99.4	325	2	0	1	325	1	325	6.5e-193	668.7	GCF_003481105.1_ASM348110v1_genomic	bsh	bsh
NBKPIGMC_02319	tr|A0A1G5FIB9|A0A1G5FIB9_9FIRM	99.4	325	2	0	1	325	1	325	6.5e-193	668.7	GCF_003481105.1_ASM348110v1_genomic	bsh	bsh
NBKPIGMC_02319	tr|A0A317UFD6|A0A317UFD6_9FIRM	99.4	325	2	0	1	325	1	325	6.5e-193	668.7	GCF_003481105.1_ASM348110v1_genomic	bsh	bsh
NBKPIGMC_02319	tr|A0A367FUZ2|A0A367FUZ2_9FIRM	99.4	325	2	0	1	325	1	325	6.5e-193	668.7	GCF_003481105.1_ASM348110v1_genomic	bsh	bsh
NBKPIGMC_02319	tr|A0A3R6FU96|A0A3R6FU96_9FIRM	99.7	325	1	0	1	325	1	325	6.5e-193	668.7	GCF_003481105.1_ASM348110v1_genomic	bsh	bsh
NBKPIGMC_02319	tr|A0A3R6X451|A0A3R6X451_9CLOT	99.4	325	2	0	1	325	1	325	6.5e-193	668.7	GCF_003481105.1_ASM348110v1_genomic	bsh	bsh
NBKPIGMC_02319	tr|A0A6L8TEI6|A0A6L8TEI6_9FIRM	99.4	325	2	0	1	325	1	325	6.5e-193	668.7	GCF_003481105.1_ASM348110v1_genomic	bsh	bsh
NBKPIGMC_02319	tr|A0A942WJN2|A0A942WJN2_9FIRM	99.4	325	2	0	1	325	1	325	6.5e-193	668.7	GCF_003481105.1_ASM348110v1_genomic	bsh	bsh
NBKPIGMC_02319	tr|A0A1C5M099|A0A1C5M099_9CLOT	99.4	325	2	0	1	325	1	325	8.4e-193	668.3	GCF_003481105.1_ASM348110v1_genomic	bsh	bsh
NBKPIGMC_02319	tr|A0A3R6N0X3|A0A3R6N0X3_9CLOT	99.4	325	2	0	1	325	1	325	8.4e-193	668.3	GCF_003481105.1_ASM348110v1_genomic	bsh	bsh
NBKPIGMC_02319	tr|K1RSL9|K1RSL9_9ZZZZ	100	322	0	0	1	322	1	322	3.2e-192	666.4	GCF_003481105.1_ASM348110v1_genomic	bsh	bsh
LNILJCCL_01541	tr|A0A415W1Y4|A0A415W1Y4_9FIRM	100	323	0	0	1	323	1	323	2.4e-195	676.8	GCF_003481805.1_ASM348180v1_genomic	bsh	bsh
LNILJCCL_01541	tr|A0A415Y4A6|A0A415Y4A6_9FIRM	100	323	0	0	1	323	1	323	2.4e-195	676.8	GCF_003481805.1_ASM348180v1_genomic	bsh	bsh
LNILJCCL_01541	tr|A0A417JP01|A0A417JP01_9FIRM	100	323	0	0	1	323	1	323	2.4e-195	676.8	GCF_003481805.1_ASM348180v1_genomic	bsh	bsh
LNILJCCL_01541	tr|A0A417UTY8|A0A417UTY8_9FIRM	100	323	0	0	1	323	1	323	2.4e-195	676.8	GCF_003481805.1_ASM348180v1_genomic	bsh	bsh
LNILJCCL_01541	tr|D4N0V8|D4N0V8_ANAHA	100	323	0	0	1	323	1	323	2.4e-195	676.8	GCF_003481805.1_ASM348180v1_genomic	bsh	bsh
LNILJCCL_01541	tr|A0A6N2RN78|A0A6N2RN78_ANAHA	99.7	323	1	0	1	323	1	323	3.1e-195	676.4	GCF_003481805.1_ASM348180v1_genomic	bsh	bsh
LNILJCCL_01541	tr|L1QBV1|L1QBV1_ANAHA	99.7	323	1	0	1	323	1	323	5.2e-195	675.6	GCF_003481805.1_ASM348180v1_genomic	bsh	bsh
LNILJCCL_01541	tr|A0A1Q2CAU9|A0A1Q2CAU9_ANAHA	99.7	323	1	0	1	323	1	323	6.9e-195	675.2	GCF_003481805.1_ASM348180v1_genomic	bsh	bsh
LNILJCCL_01541	tr|E5VP64|E5VP64_9FIRM	99.7	323	1	0	1	323	1	323	6.9e-195	675.2	GCF_003481805.1_ASM348180v1_genomic	bsh	bsh
LNILJCCL_01541	tr|R5Z9B8|R5Z9B8_9FIRM	99.7	323	1	0	1	323	1	323	6.9e-195	675.2	GCF_003481805.1_ASM348180v1_genomic	bsh	bsh
LNILJCCL_01541	tr|A0A174S307|A0A174S307_ANAHA	99.7	323	1	0	1	323	1	323	8.9e-195	674.9	GCF_003481805.1_ASM348180v1_genomic	bsh	bsh
LNILJCCL_02293	tr|A0A173UXL2|A0A173UXL2_ANAHA	100	325	0	0	1	325	1	325	4.5e-194	672.5	GCF_003481805.1_ASM348180v1_genomic	bsh	bsh
LNILJCCL_02293	tr|A0A173V7R5|A0A173V7R5_9FIRM	100	325	0	0	1	325	1	325	4.5e-194	672.5	GCF_003481805.1_ASM348180v1_genomic	bsh	bsh
LNILJCCL_02293	tr|A0A174D8V8|A0A174D8V8_9FIRM	100	325	0	0	1	325	1	325	4.5e-194	672.5	GCF_003481805.1_ASM348180v1_genomic	bsh	bsh
LNILJCCL_02293	tr|A0A174HSI5|A0A174HSI5_9FIRM	100	325	0	0	1	325	1	325	4.5e-194	672.5	GCF_003481805.1_ASM348180v1_genomic	bsh	bsh
LNILJCCL_02293	tr|A0A1C5TTN1|A0A1C5TTN1_9FIRM	100	325	0	0	1	325	1	325	4.5e-194	672.5	GCF_003481805.1_ASM348180v1_genomic	bsh	bsh
LNILJCCL_02293	tr|A0A1C5U7I7|A0A1C5U7I7_9CLOT	100	325	0	0	1	325	1	325	4.5e-194	672.5	GCF_003481805.1_ASM348180v1_genomic	bsh	bsh
LNILJCCL_02293	tr|A0A1C6BVX3|A0A1C6BVX3_9FIRM	100	325	0	0	1	325	1	325	4.5e-194	672.5	GCF_003481805.1_ASM348180v1_genomic	bsh	bsh
LNILJCCL_02293	tr|A0A1C6FXQ7|A0A1C6FXQ7_9FIRM	100	325	0	0	1	325	1	325	4.5e-194	672.5	GCF_003481805.1_ASM348180v1_genomic	bsh	bsh
LNILJCCL_02293	tr|A0A285PRT2|A0A285PRT2_9FIRM	100	325	0	0	1	325	1	325	4.5e-194	672.5	GCF_003481805.1_ASM348180v1_genomic	bsh	bsh
LNILJCCL_02293	tr|A0A373V9R9|A0A373V9R9_9FIRM	100	325	0	0	1	325	1	325	4.5e-194	672.5	GCF_003481805.1_ASM348180v1_genomic	bsh	bsh
LNILJCCL_02293	tr|A0A374AYZ4|A0A374AYZ4_9FIRM	100	325	0	0	1	325	1	325	4.5e-194	672.5	GCF_003481805.1_ASM348180v1_genomic	bsh	bsh
LNILJCCL_02293	tr|A0A3R6DJG5|A0A3R6DJG5_9FIRM	100	325	0	0	1	325	1	325	4.5e-194	672.5	GCF_003481805.1_ASM348180v1_genomic	bsh	bsh
LNILJCCL_02293	tr|A0A412MA68|A0A412MA68_9FIRM	100	325	0	0	1	325	1	325	4.5e-194	672.5	GCF_003481805.1_ASM348180v1_genomic	bsh	bsh
LNILJCCL_02293	tr|A0A415FJV4|A0A415FJV4_9FIRM	100	325	0	0	1	325	1	325	4.5e-194	672.5	GCF_003481805.1_ASM348180v1_genomic	bsh	bsh
LNILJCCL_02293	tr|A0A415VWX2|A0A415VWX2_9FIRM	100	325	0	0	1	325	1	325	4.5e-194	672.5	GCF_003481805.1_ASM348180v1_genomic	bsh	bsh
LNILJCCL_02293	tr|A0A415Y8U9|A0A415Y8U9_9FIRM	100	325	0	0	1	325	1	325	4.5e-194	672.5	GCF_003481805.1_ASM348180v1_genomic	bsh	bsh
LNILJCCL_02293	tr|A0A417C6D6|A0A417C6D6_9FIRM	100	325	0	0	1	325	1	325	4.5e-194	672.5	GCF_003481805.1_ASM348180v1_genomic	bsh	bsh
LNILJCCL_02293	tr|A0A417URI0|A0A417URI0_9FIRM	100	325	0	0	1	325	1	325	4.5e-194	672.5	GCF_003481805.1_ASM348180v1_genomic	bsh	bsh
LNILJCCL_02293	tr|A0A845KWQ3|A0A845KWQ3_9FIRM	100	325	0	0	1	325	1	325	4.5e-194	672.5	GCF_003481805.1_ASM348180v1_genomic	bsh	bsh
LNILJCCL_02293	tr|A5ZWR0|A5ZWR0_9FIRM	100	325	0	0	1	325	1	325	4.5e-194	672.5	GCF_003481805.1_ASM348180v1_genomic	bsh	bsh
LNILJCCL_02293	tr|A6BGZ5|A6BGZ5_9FIRM	100	325	0	0	1	325	1	325	4.5e-194	672.5	GCF_003481805.1_ASM348180v1_genomic	bsh	bsh
LNILJCCL_02293	tr|C0EW54|C0EW54_9FIRM	100	325	0	0	1	325	1	325	4.5e-194	672.5	GCF_003481805.1_ASM348180v1_genomic	bsh	bsh
LNILJCCL_02293	tr|A0A844GIR0|A0A844GIR0_9FIRM	99.7	325	1	0	1	325	1	325	5.8e-194	672.2	GCF_003481805.1_ASM348180v1_genomic	bsh	bsh
LNILJCCL_02293	tr|A0A1C6IFT3|A0A1C6IFT3_9FIRM	99.7	325	1	0	1	325	1	325	7.6e-194	671.8	GCF_003481805.1_ASM348180v1_genomic	bsh	bsh
LNILJCCL_02293	tr|A0A6N9LK70|A0A6N9LK70_9FIRM	99.7	325	1	0	1	325	1	325	7.6e-194	671.8	GCF_003481805.1_ASM348180v1_genomic	bsh	bsh
LNILJCCL_02293	tr|A0A1C5RZ46|A0A1C5RZ46_9CLOT	99.7	325	1	0	1	325	1	325	1.3e-193	671	GCF_003481805.1_ASM348180v1_genomic	bsh	bsh
LNILJCCL_02293	tr|A0A1C5TMU3|A0A1C5TMU3_9FIRM	99.7	325	1	0	1	325	1	325	1.3e-193	671	GCF_003481805.1_ASM348180v1_genomic	bsh	bsh
LNILJCCL_02293	tr|A0A1C5VAP5|A0A1C5VAP5_9FIRM	99.7	325	1	0	1	325	1	325	1.3e-193	671	GCF_003481805.1_ASM348180v1_genomic	bsh	bsh
LNILJCCL_02293	tr|A0A373IZI9|A0A373IZI9_9FIRM	99.7	325	1	0	1	325	1	325	1.3e-193	671	GCF_003481805.1_ASM348180v1_genomic	bsh	bsh
LNILJCCL_02293	tr|A0A415HK39|A0A415HK39_9FIRM	99.7	325	1	0	1	325	1	325	1.3e-193	671	GCF_003481805.1_ASM348180v1_genomic	bsh	bsh
LNILJCCL_02293	tr|A0A417R5E7|A0A417R5E7_9FIRM	99.7	325	1	0	1	325	1	325	1.3e-193	671	GCF_003481805.1_ASM348180v1_genomic	bsh	bsh
LNILJCCL_02293	tr|A0A6N3AUL3|A0A6N3AUL3_9FIRM	99.7	325	1	0	1	325	1	325	1.3e-193	671	GCF_003481805.1_ASM348180v1_genomic	bsh	bsh
LNILJCCL_02293	tr|A0A173U973|A0A173U973_9FIRM	99.7	325	1	0	1	325	1	325	1.7e-193	670.6	GCF_003481805.1_ASM348180v1_genomic	bsh	bsh
LNILJCCL_02293	tr|A0A1C5REX8|A0A1C5REX8_9FIRM	99.7	325	1	0	1	325	1	325	1.7e-193	670.6	GCF_003481805.1_ASM348180v1_genomic	bsh	bsh
LNILJCCL_02293	tr|A0A1C5UZX7|A0A1C5UZX7_9CLOT	99.7	325	1	0	1	325	1	325	1.7e-193	670.6	GCF_003481805.1_ASM348180v1_genomic	bsh	bsh
LNILJCCL_02293	tr|A0A1C6AVX0|A0A1C6AVX0_9FIRM	99.7	325	1	0	1	325	1	325	1.7e-193	670.6	GCF_003481805.1_ASM348180v1_genomic	bsh	bsh
LNILJCCL_02293	tr|A0A417CDY8|A0A417CDY8_9FIRM	99.7	325	1	0	1	325	1	325	1.7e-193	670.6	GCF_003481805.1_ASM348180v1_genomic	bsh	bsh
LNILJCCL_02293	tr|A0A564WVE5|A0A564WVE5_9FIRM	99.7	325	1	0	1	325	1	325	1.7e-193	670.6	GCF_003481805.1_ASM348180v1_genomic	bsh	bsh
LNILJCCL_02293	tr|A0A416NLT9|A0A416NLT9_9FIRM	99.7	325	1	0	1	325	1	325	2.2e-193	670.2	GCF_003481805.1_ASM348180v1_genomic	bsh	bsh
LNILJCCL_02293	tr|A0A7G9FVJ0|A0A7G9FVJ0_9FIRM	99.7	325	1	0	1	325	1	325	2.2e-193	670.2	GCF_003481805.1_ASM348180v1_genomic	bsh	bsh
LNILJCCL_02293	tr|L1Q414|L1Q414_ANAHA	99.7	325	1	0	1	325	1	325	2.2e-193	670.2	GCF_003481805.1_ASM348180v1_genomic	bsh	bsh
LNILJCCL_02293	tr|A0A174EB34|A0A174EB34_9FIRM	99.7	325	1	0	1	325	1	325	3.8e-193	669.5	GCF_003481805.1_ASM348180v1_genomic	bsh	bsh
LNILJCCL_02293	tr|A0A174GR10|A0A174GR10_9FIRM	99.7	325	1	0	1	325	1	325	3.8e-193	669.5	GCF_003481805.1_ASM348180v1_genomic	bsh	bsh
LNILJCCL_02293	tr|A0A174V5X0|A0A174V5X0_9FIRM	99.7	325	1	0	1	325	1	325	3.8e-193	669.5	GCF_003481805.1_ASM348180v1_genomic	bsh	bsh
LNILJCCL_02293	tr|A0A3E5E3Y9|A0A3E5E3Y9_9FIRM	99.4	325	2	0	1	325	1	325	3.8e-193	669.5	GCF_003481805.1_ASM348180v1_genomic	bsh	bsh
LNILJCCL_02293	tr|A0A1C5ULN3|A0A1C5ULN3_9FIRM	99.4	325	2	0	1	325	1	325	6.5e-193	668.7	GCF_003481805.1_ASM348180v1_genomic	bsh	bsh
LNILJCCL_02293	tr|A0A1G5FIB9|A0A1G5FIB9_9FIRM	99.4	325	2	0	1	325	1	325	6.5e-193	668.7	GCF_003481805.1_ASM348180v1_genomic	bsh	bsh
LNILJCCL_02293	tr|A0A317UFD6|A0A317UFD6_9FIRM	99.4	325	2	0	1	325	1	325	6.5e-193	668.7	GCF_003481805.1_ASM348180v1_genomic	bsh	bsh
LNILJCCL_02293	tr|A0A367FUZ2|A0A367FUZ2_9FIRM	99.4	325	2	0	1	325	1	325	6.5e-193	668.7	GCF_003481805.1_ASM348180v1_genomic	bsh	bsh
LNILJCCL_02293	tr|A0A3R6FU96|A0A3R6FU96_9FIRM	99.7	325	1	0	1	325	1	325	6.5e-193	668.7	GCF_003481805.1_ASM348180v1_genomic	bsh	bsh
LNILJCCL_02293	tr|A0A3R6X451|A0A3R6X451_9CLOT	99.4	325	2	0	1	325	1	325	6.5e-193	668.7	GCF_003481805.1_ASM348180v1_genomic	bsh	bsh
LNILJCCL_02293	tr|A0A6L8TEI6|A0A6L8TEI6_9FIRM	99.4	325	2	0	1	325	1	325	6.5e-193	668.7	GCF_003481805.1_ASM348180v1_genomic	bsh	bsh
LNILJCCL_02293	tr|A0A942WJN2|A0A942WJN2_9FIRM	99.4	325	2	0	1	325	1	325	6.5e-193	668.7	GCF_003481805.1_ASM348180v1_genomic	bsh	bsh
LNILJCCL_02293	tr|A0A1C5M099|A0A1C5M099_9CLOT	99.4	325	2	0	1	325	1	325	8.4e-193	668.3	GCF_003481805.1_ASM348180v1_genomic	bsh	bsh
LNILJCCL_02293	tr|A0A3R6N0X3|A0A3R6N0X3_9CLOT	99.4	325	2	0	1	325	1	325	8.4e-193	668.3	GCF_003481805.1_ASM348180v1_genomic	bsh	bsh
LNILJCCL_02293	tr|K1RSL9|K1RSL9_9ZZZZ	100	322	0	0	1	322	1	322	3.2e-192	666.4	GCF_003481805.1_ASM348180v1_genomic	bsh	bsh
PFDPBJPF_02163	tr|A0A4P8ICW8|A0A4P8ICW8_9FIRM	99.5	367	2	0	4	370	1	367	8.1e-200	691.8	GCF_005280655.1_ASM528065v1_genomic	bsh	bsh
PFDPBJPF_02211	tr|A0A4V1EGD2|A0A4V1EGD2_9FIRM	100	331	0	0	1	331	1	331	4.4e-197	682.6	GCF_005280655.1_ASM528065v1_genomic	bsh	bsh
AMDOHACK_01039	tr|A0A1Q2CAU9|A0A1Q2CAU9_ANAHA	100	323	0	0	1	323	1	323	2.4e-195	676.8	GCF_008416325.1_ASM841632v1_genomic	bsh	bsh
AMDOHACK_01039	tr|A0A415W1Y4|A0A415W1Y4_9FIRM	99.7	323	1	0	1	323	1	323	8.9e-195	674.9	GCF_008416325.1_ASM841632v1_genomic	bsh	bsh
AMDOHACK_01039	tr|A0A415Y4A6|A0A415Y4A6_9FIRM	99.7	323	1	0	1	323	1	323	8.9e-195	674.9	GCF_008416325.1_ASM841632v1_genomic	bsh	bsh
AMDOHACK_01039	tr|A0A417JP01|A0A417JP01_9FIRM	99.7	323	1	0	1	323	1	323	8.9e-195	674.9	GCF_008416325.1_ASM841632v1_genomic	bsh	bsh
AMDOHACK_01039	tr|A0A417UTY8|A0A417UTY8_9FIRM	99.7	323	1	0	1	323	1	323	8.9e-195	674.9	GCF_008416325.1_ASM841632v1_genomic	bsh	bsh
AMDOHACK_01039	tr|D4N0V8|D4N0V8_ANAHA	99.7	323	1	0	1	323	1	323	8.9e-195	674.9	GCF_008416325.1_ASM841632v1_genomic	bsh	bsh
AMDOHACK_01039	tr|A0A6N2RN78|A0A6N2RN78_ANAHA	99.4	323	2	0	1	323	1	323	1.2e-194	674.5	GCF_008416325.1_ASM841632v1_genomic	bsh	bsh
AMDOHACK_01039	tr|L1QBV1|L1QBV1_ANAHA	99.4	323	2	0	1	323	1	323	2e-194	673.7	GCF_008416325.1_ASM841632v1_genomic	bsh	bsh
AMDOHACK_01039	tr|E5VP64|E5VP64_9FIRM	99.4	323	2	0	1	323	1	323	2.6e-194	673.3	GCF_008416325.1_ASM841632v1_genomic	bsh	bsh
AMDOHACK_01039	tr|R5Z9B8|R5Z9B8_9FIRM	99.4	323	2	0	1	323	1	323	2.6e-194	673.3	GCF_008416325.1_ASM841632v1_genomic	bsh	bsh
AMDOHACK_01039	tr|A0A174S307|A0A174S307_ANAHA	99.4	323	2	0	1	323	1	323	3.4e-194	672.9	GCF_008416325.1_ASM841632v1_genomic	bsh	bsh
EGFDKNMG_01233	tr|A0A415W1Y4|A0A415W1Y4_9FIRM	100	323	0	0	1	323	1	323	2.4e-195	676.8	GCF_013302355.1_ASM1330235v1_genomic	bsh	bsh
EGFDKNMG_01233	tr|A0A415Y4A6|A0A415Y4A6_9FIRM	100	323	0	0	1	323	1	323	2.4e-195	676.8	GCF_013302355.1_ASM1330235v1_genomic	bsh	bsh
EGFDKNMG_01233	tr|A0A417JP01|A0A417JP01_9FIRM	100	323	0	0	1	323	1	323	2.4e-195	676.8	GCF_013302355.1_ASM1330235v1_genomic	bsh	bsh
EGFDKNMG_01233	tr|A0A417UTY8|A0A417UTY8_9FIRM	100	323	0	0	1	323	1	323	2.4e-195	676.8	GCF_013302355.1_ASM1330235v1_genomic	bsh	bsh
EGFDKNMG_01233	tr|D4N0V8|D4N0V8_ANAHA	100	323	0	0	1	323	1	323	2.4e-195	676.8	GCF_013302355.1_ASM1330235v1_genomic	bsh	bsh
EGFDKNMG_01233	tr|A0A6N2RN78|A0A6N2RN78_ANAHA	99.7	323	1	0	1	323	1	323	3.1e-195	676.4	GCF_013302355.1_ASM1330235v1_genomic	bsh	bsh
EGFDKNMG_01233	tr|L1QBV1|L1QBV1_ANAHA	99.7	323	1	0	1	323	1	323	5.2e-195	675.6	GCF_013302355.1_ASM1330235v1_genomic	bsh	bsh
EGFDKNMG_01233	tr|A0A1Q2CAU9|A0A1Q2CAU9_ANAHA	99.7	323	1	0	1	323	1	323	6.9e-195	675.2	GCF_013302355.1_ASM1330235v1_genomic	bsh	bsh
EGFDKNMG_01233	tr|E5VP64|E5VP64_9FIRM	99.7	323	1	0	1	323	1	323	6.9e-195	675.2	GCF_013302355.1_ASM1330235v1_genomic	bsh	bsh
EGFDKNMG_01233	tr|R5Z9B8|R5Z9B8_9FIRM	99.7	323	1	0	1	323	1	323	6.9e-195	675.2	GCF_013302355.1_ASM1330235v1_genomic	bsh	bsh
EGFDKNMG_01233	tr|A0A174S307|A0A174S307_ANAHA	99.7	323	1	0	1	323	1	323	8.9e-195	674.9	GCF_013302355.1_ASM1330235v1_genomic	bsh	bsh
EGFDKNMG_02297	tr|A0A173UXL2|A0A173UXL2_ANAHA	100	325	0	0	1	325	1	325	4.5e-194	672.5	GCF_013302355.1_ASM1330235v1_genomic	bsh	bsh
EGFDKNMG_02297	tr|A0A173V7R5|A0A173V7R5_9FIRM	100	325	0	0	1	325	1	325	4.5e-194	672.5	GCF_013302355.1_ASM1330235v1_genomic	bsh	bsh
EGFDKNMG_02297	tr|A0A174D8V8|A0A174D8V8_9FIRM	100	325	0	0	1	325	1	325	4.5e-194	672.5	GCF_013302355.1_ASM1330235v1_genomic	bsh	bsh
EGFDKNMG_02297	tr|A0A174HSI5|A0A174HSI5_9FIRM	100	325	0	0	1	325	1	325	4.5e-194	672.5	GCF_013302355.1_ASM1330235v1_genomic	bsh	bsh
EGFDKNMG_02297	tr|A0A1C5TTN1|A0A1C5TTN1_9FIRM	100	325	0	0	1	325	1	325	4.5e-194	672.5	GCF_013302355.1_ASM1330235v1_genomic	bsh	bsh
EGFDKNMG_02297	tr|A0A1C5U7I7|A0A1C5U7I7_9CLOT	100	325	0	0	1	325	1	325	4.5e-194	672.5	GCF_013302355.1_ASM1330235v1_genomic	bsh	bsh
EGFDKNMG_02297	tr|A0A1C6BVX3|A0A1C6BVX3_9FIRM	100	325	0	0	1	325	1	325	4.5e-194	672.5	GCF_013302355.1_ASM1330235v1_genomic	bsh	bsh
EGFDKNMG_02297	tr|A0A1C6FXQ7|A0A1C6FXQ7_9FIRM	100	325	0	0	1	325	1	325	4.5e-194	672.5	GCF_013302355.1_ASM1330235v1_genomic	bsh	bsh
EGFDKNMG_02297	tr|A0A285PRT2|A0A285PRT2_9FIRM	100	325	0	0	1	325	1	325	4.5e-194	672.5	GCF_013302355.1_ASM1330235v1_genomic	bsh	bsh
EGFDKNMG_02297	tr|A0A373V9R9|A0A373V9R9_9FIRM	100	325	0	0	1	325	1	325	4.5e-194	672.5	GCF_013302355.1_ASM1330235v1_genomic	bsh	bsh
EGFDKNMG_02297	tr|A0A374AYZ4|A0A374AYZ4_9FIRM	100	325	0	0	1	325	1	325	4.5e-194	672.5	GCF_013302355.1_ASM1330235v1_genomic	bsh	bsh
EGFDKNMG_02297	tr|A0A3R6DJG5|A0A3R6DJG5_9FIRM	100	325	0	0	1	325	1	325	4.5e-194	672.5	GCF_013302355.1_ASM1330235v1_genomic	bsh	bsh
EGFDKNMG_02297	tr|A0A412MA68|A0A412MA68_9FIRM	100	325	0	0	1	325	1	325	4.5e-194	672.5	GCF_013302355.1_ASM1330235v1_genomic	bsh	bsh
EGFDKNMG_02297	tr|A0A415FJV4|A0A415FJV4_9FIRM	100	325	0	0	1	325	1	325	4.5e-194	672.5	GCF_013302355.1_ASM1330235v1_genomic	bsh	bsh
EGFDKNMG_02297	tr|A0A415VWX2|A0A415VWX2_9FIRM	100	325	0	0	1	325	1	325	4.5e-194	672.5	GCF_013302355.1_ASM1330235v1_genomic	bsh	bsh
EGFDKNMG_02297	tr|A0A415Y8U9|A0A415Y8U9_9FIRM	100	325	0	0	1	325	1	325	4.5e-194	672.5	GCF_013302355.1_ASM1330235v1_genomic	bsh	bsh
EGFDKNMG_02297	tr|A0A417C6D6|A0A417C6D6_9FIRM	100	325	0	0	1	325	1	325	4.5e-194	672.5	GCF_013302355.1_ASM1330235v1_genomic	bsh	bsh
EGFDKNMG_02297	tr|A0A417URI0|A0A417URI0_9FIRM	100	325	0	0	1	325	1	325	4.5e-194	672.5	GCF_013302355.1_ASM1330235v1_genomic	bsh	bsh
EGFDKNMG_02297	tr|A0A845KWQ3|A0A845KWQ3_9FIRM	100	325	0	0	1	325	1	325	4.5e-194	672.5	GCF_013302355.1_ASM1330235v1_genomic	bsh	bsh
EGFDKNMG_02297	tr|A5ZWR0|A5ZWR0_9FIRM	100	325	0	0	1	325	1	325	4.5e-194	672.5	GCF_013302355.1_ASM1330235v1_genomic	bsh	bsh
EGFDKNMG_02297	tr|A6BGZ5|A6BGZ5_9FIRM	100	325	0	0	1	325	1	325	4.5e-194	672.5	GCF_013302355.1_ASM1330235v1_genomic	bsh	bsh
EGFDKNMG_02297	tr|C0EW54|C0EW54_9FIRM	100	325	0	0	1	325	1	325	4.5e-194	672.5	GCF_013302355.1_ASM1330235v1_genomic	bsh	bsh
EGFDKNMG_02297	tr|A0A844GIR0|A0A844GIR0_9FIRM	99.7	325	1	0	1	325	1	325	5.8e-194	672.2	GCF_013302355.1_ASM1330235v1_genomic	bsh	bsh
EGFDKNMG_02297	tr|A0A1C6IFT3|A0A1C6IFT3_9FIRM	99.7	325	1	0	1	325	1	325	7.6e-194	671.8	GCF_013302355.1_ASM1330235v1_genomic	bsh	bsh
EGFDKNMG_02297	tr|A0A6N9LK70|A0A6N9LK70_9FIRM	99.7	325	1	0	1	325	1	325	7.6e-194	671.8	GCF_013302355.1_ASM1330235v1_genomic	bsh	bsh
EGFDKNMG_02297	tr|A0A1C5RZ46|A0A1C5RZ46_9CLOT	99.7	325	1	0	1	325	1	325	1.3e-193	671	GCF_013302355.1_ASM1330235v1_genomic	bsh	bsh
EGFDKNMG_02297	tr|A0A1C5TMU3|A0A1C5TMU3_9FIRM	99.7	325	1	0	1	325	1	325	1.3e-193	671	GCF_013302355.1_ASM1330235v1_genomic	bsh	bsh
EGFDKNMG_02297	tr|A0A1C5VAP5|A0A1C5VAP5_9FIRM	99.7	325	1	0	1	325	1	325	1.3e-193	671	GCF_013302355.1_ASM1330235v1_genomic	bsh	bsh
EGFDKNMG_02297	tr|A0A373IZI9|A0A373IZI9_9FIRM	99.7	325	1	0	1	325	1	325	1.3e-193	671	GCF_013302355.1_ASM1330235v1_genomic	bsh	bsh
EGFDKNMG_02297	tr|A0A415HK39|A0A415HK39_9FIRM	99.7	325	1	0	1	325	1	325	1.3e-193	671	GCF_013302355.1_ASM1330235v1_genomic	bsh	bsh
EGFDKNMG_02297	tr|A0A417R5E7|A0A417R5E7_9FIRM	99.7	325	1	0	1	325	1	325	1.3e-193	671	GCF_013302355.1_ASM1330235v1_genomic	bsh	bsh
EGFDKNMG_02297	tr|A0A6N3AUL3|A0A6N3AUL3_9FIRM	99.7	325	1	0	1	325	1	325	1.3e-193	671	GCF_013302355.1_ASM1330235v1_genomic	bsh	bsh
EGFDKNMG_02297	tr|A0A173U973|A0A173U973_9FIRM	99.7	325	1	0	1	325	1	325	1.7e-193	670.6	GCF_013302355.1_ASM1330235v1_genomic	bsh	bsh
EGFDKNMG_02297	tr|A0A1C5REX8|A0A1C5REX8_9FIRM	99.7	325	1	0	1	325	1	325	1.7e-193	670.6	GCF_013302355.1_ASM1330235v1_genomic	bsh	bsh
EGFDKNMG_02297	tr|A0A1C5UZX7|A0A1C5UZX7_9CLOT	99.7	325	1	0	1	325	1	325	1.7e-193	670.6	GCF_013302355.1_ASM1330235v1_genomic	bsh	bsh
EGFDKNMG_02297	tr|A0A1C6AVX0|A0A1C6AVX0_9FIRM	99.7	325	1	0	1	325	1	325	1.7e-193	670.6	GCF_013302355.1_ASM1330235v1_genomic	bsh	bsh
EGFDKNMG_02297	tr|A0A417CDY8|A0A417CDY8_9FIRM	99.7	325	1	0	1	325	1	325	1.7e-193	670.6	GCF_013302355.1_ASM1330235v1_genomic	bsh	bsh
EGFDKNMG_02297	tr|A0A564WVE5|A0A564WVE5_9FIRM	99.7	325	1	0	1	325	1	325	1.7e-193	670.6	GCF_013302355.1_ASM1330235v1_genomic	bsh	bsh
EGFDKNMG_02297	tr|A0A416NLT9|A0A416NLT9_9FIRM	99.7	325	1	0	1	325	1	325	2.2e-193	670.2	GCF_013302355.1_ASM1330235v1_genomic	bsh	bsh
EGFDKNMG_02297	tr|A0A7G9FVJ0|A0A7G9FVJ0_9FIRM	99.7	325	1	0	1	325	1	325	2.2e-193	670.2	GCF_013302355.1_ASM1330235v1_genomic	bsh	bsh
EGFDKNMG_02297	tr|L1Q414|L1Q414_ANAHA	99.7	325	1	0	1	325	1	325	2.2e-193	670.2	GCF_013302355.1_ASM1330235v1_genomic	bsh	bsh
EGFDKNMG_02297	tr|A0A174EB34|A0A174EB34_9FIRM	99.7	325	1	0	1	325	1	325	3.8e-193	669.5	GCF_013302355.1_ASM1330235v1_genomic	bsh	bsh
EGFDKNMG_02297	tr|A0A174GR10|A0A174GR10_9FIRM	99.7	325	1	0	1	325	1	325	3.8e-193	669.5	GCF_013302355.1_ASM1330235v1_genomic	bsh	bsh
EGFDKNMG_02297	tr|A0A174V5X0|A0A174V5X0_9FIRM	99.7	325	1	0	1	325	1	325	3.8e-193	669.5	GCF_013302355.1_ASM1330235v1_genomic	bsh	bsh
EGFDKNMG_02297	tr|A0A3E5E3Y9|A0A3E5E3Y9_9FIRM	99.4	325	2	0	1	325	1	325	3.8e-193	669.5	GCF_013302355.1_ASM1330235v1_genomic	bsh	bsh
EGFDKNMG_02297	tr|A0A1C5ULN3|A0A1C5ULN3_9FIRM	99.4	325	2	0	1	325	1	325	6.5e-193	668.7	GCF_013302355.1_ASM1330235v1_genomic	bsh	bsh
EGFDKNMG_02297	tr|A0A1G5FIB9|A0A1G5FIB9_9FIRM	99.4	325	2	0	1	325	1	325	6.5e-193	668.7	GCF_013302355.1_ASM1330235v1_genomic	bsh	bsh
EGFDKNMG_02297	tr|A0A317UFD6|A0A317UFD6_9FIRM	99.4	325	2	0	1	325	1	325	6.5e-193	668.7	GCF_013302355.1_ASM1330235v1_genomic	bsh	bsh
EGFDKNMG_02297	tr|A0A367FUZ2|A0A367FUZ2_9FIRM	99.4	325	2	0	1	325	1	325	6.5e-193	668.7	GCF_013302355.1_ASM1330235v1_genomic	bsh	bsh
EGFDKNMG_02297	tr|A0A3R6FU96|A0A3R6FU96_9FIRM	99.7	325	1	0	1	325	1	325	6.5e-193	668.7	GCF_013302355.1_ASM1330235v1_genomic	bsh	bsh
EGFDKNMG_02297	tr|A0A3R6X451|A0A3R6X451_9CLOT	99.4	325	2	0	1	325	1	325	6.5e-193	668.7	GCF_013302355.1_ASM1330235v1_genomic	bsh	bsh
EGFDKNMG_02297	tr|A0A6L8TEI6|A0A6L8TEI6_9FIRM	99.4	325	2	0	1	325	1	325	6.5e-193	668.7	GCF_013302355.1_ASM1330235v1_genomic	bsh	bsh
EGFDKNMG_02297	tr|A0A942WJN2|A0A942WJN2_9FIRM	99.4	325	2	0	1	325	1	325	6.5e-193	668.7	GCF_013302355.1_ASM1330235v1_genomic	bsh	bsh
EGFDKNMG_02297	tr|A0A1C5M099|A0A1C5M099_9CLOT	99.4	325	2	0	1	325	1	325	8.4e-193	668.3	GCF_013302355.1_ASM1330235v1_genomic	bsh	bsh
EGFDKNMG_02297	tr|A0A3R6N0X3|A0A3R6N0X3_9CLOT	99.4	325	2	0	1	325	1	325	8.4e-193	668.3	GCF_013302355.1_ASM1330235v1_genomic	bsh	bsh
EGFDKNMG_02297	tr|K1RSL9|K1RSL9_9ZZZZ	100	322	0	0	1	322	1	322	3.2e-192	666.4	GCF_013302355.1_ASM1330235v1_genomic	bsh	bsh
HLIEKABP_01136	tr|A0A415W1Y4|A0A415W1Y4_9FIRM	100	323	0	0	1	323	1	323	2.4e-195	676.8	GCF_013302445.1_ASM1330244v1_genomic	bsh	bsh
HLIEKABP_01136	tr|A0A415Y4A6|A0A415Y4A6_9FIRM	100	323	0	0	1	323	1	323	2.4e-195	676.8	GCF_013302445.1_ASM1330244v1_genomic	bsh	bsh
HLIEKABP_01136	tr|A0A417JP01|A0A417JP01_9FIRM	100	323	0	0	1	323	1	323	2.4e-195	676.8	GCF_013302445.1_ASM1330244v1_genomic	bsh	bsh
HLIEKABP_01136	tr|A0A417UTY8|A0A417UTY8_9FIRM	100	323	0	0	1	323	1	323	2.4e-195	676.8	GCF_013302445.1_ASM1330244v1_genomic	bsh	bsh
HLIEKABP_01136	tr|D4N0V8|D4N0V8_ANAHA	100	323	0	0	1	323	1	323	2.4e-195	676.8	GCF_013302445.1_ASM1330244v1_genomic	bsh	bsh
HLIEKABP_01136	tr|A0A6N2RN78|A0A6N2RN78_ANAHA	99.7	323	1	0	1	323	1	323	3.1e-195	676.4	GCF_013302445.1_ASM1330244v1_genomic	bsh	bsh
HLIEKABP_01136	tr|L1QBV1|L1QBV1_ANAHA	99.7	323	1	0	1	323	1	323	5.2e-195	675.6	GCF_013302445.1_ASM1330244v1_genomic	bsh	bsh
HLIEKABP_01136	tr|A0A1Q2CAU9|A0A1Q2CAU9_ANAHA	99.7	323	1	0	1	323	1	323	6.9e-195	675.2	GCF_013302445.1_ASM1330244v1_genomic	bsh	bsh
HLIEKABP_01136	tr|E5VP64|E5VP64_9FIRM	99.7	323	1	0	1	323	1	323	6.9e-195	675.2	GCF_013302445.1_ASM1330244v1_genomic	bsh	bsh
HLIEKABP_01136	tr|R5Z9B8|R5Z9B8_9FIRM	99.7	323	1	0	1	323	1	323	6.9e-195	675.2	GCF_013302445.1_ASM1330244v1_genomic	bsh	bsh
HLIEKABP_01136	tr|A0A174S307|A0A174S307_ANAHA	99.7	323	1	0	1	323	1	323	8.9e-195	674.9	GCF_013302445.1_ASM1330244v1_genomic	bsh	bsh
HLIEKABP_02195	tr|A0A173UXL2|A0A173UXL2_ANAHA	100	325	0	0	1	325	1	325	4.5e-194	672.5	GCF_013302445.1_ASM1330244v1_genomic	bsh	bsh
HLIEKABP_02195	tr|A0A173V7R5|A0A173V7R5_9FIRM	100	325	0	0	1	325	1	325	4.5e-194	672.5	GCF_013302445.1_ASM1330244v1_genomic	bsh	bsh
HLIEKABP_02195	tr|A0A174D8V8|A0A174D8V8_9FIRM	100	325	0	0	1	325	1	325	4.5e-194	672.5	GCF_013302445.1_ASM1330244v1_genomic	bsh	bsh
HLIEKABP_02195	tr|A0A174HSI5|A0A174HSI5_9FIRM	100	325	0	0	1	325	1	325	4.5e-194	672.5	GCF_013302445.1_ASM1330244v1_genomic	bsh	bsh
HLIEKABP_02195	tr|A0A1C5TTN1|A0A1C5TTN1_9FIRM	100	325	0	0	1	325	1	325	4.5e-194	672.5	GCF_013302445.1_ASM1330244v1_genomic	bsh	bsh
HLIEKABP_02195	tr|A0A1C5U7I7|A0A1C5U7I7_9CLOT	100	325	0	0	1	325	1	325	4.5e-194	672.5	GCF_013302445.1_ASM1330244v1_genomic	bsh	bsh
HLIEKABP_02195	tr|A0A1C6BVX3|A0A1C6BVX3_9FIRM	100	325	0	0	1	325	1	325	4.5e-194	672.5	GCF_013302445.1_ASM1330244v1_genomic	bsh	bsh
HLIEKABP_02195	tr|A0A1C6FXQ7|A0A1C6FXQ7_9FIRM	100	325	0	0	1	325	1	325	4.5e-194	672.5	GCF_013302445.1_ASM1330244v1_genomic	bsh	bsh
HLIEKABP_02195	tr|A0A285PRT2|A0A285PRT2_9FIRM	100	325	0	0	1	325	1	325	4.5e-194	672.5	GCF_013302445.1_ASM1330244v1_genomic	bsh	bsh
HLIEKABP_02195	tr|A0A373V9R9|A0A373V9R9_9FIRM	100	325	0	0	1	325	1	325	4.5e-194	672.5	GCF_013302445.1_ASM1330244v1_genomic	bsh	bsh
HLIEKABP_02195	tr|A0A374AYZ4|A0A374AYZ4_9FIRM	100	325	0	0	1	325	1	325	4.5e-194	672.5	GCF_013302445.1_ASM1330244v1_genomic	bsh	bsh
HLIEKABP_02195	tr|A0A3R6DJG5|A0A3R6DJG5_9FIRM	100	325	0	0	1	325	1	325	4.5e-194	672.5	GCF_013302445.1_ASM1330244v1_genomic	bsh	bsh
HLIEKABP_02195	tr|A0A412MA68|A0A412MA68_9FIRM	100	325	0	0	1	325	1	325	4.5e-194	672.5	GCF_013302445.1_ASM1330244v1_genomic	bsh	bsh
HLIEKABP_02195	tr|A0A415FJV4|A0A415FJV4_9FIRM	100	325	0	0	1	325	1	325	4.5e-194	672.5	GCF_013302445.1_ASM1330244v1_genomic	bsh	bsh
HLIEKABP_02195	tr|A0A415VWX2|A0A415VWX2_9FIRM	100	325	0	0	1	325	1	325	4.5e-194	672.5	GCF_013302445.1_ASM1330244v1_genomic	bsh	bsh
HLIEKABP_02195	tr|A0A415Y8U9|A0A415Y8U9_9FIRM	100	325	0	0	1	325	1	325	4.5e-194	672.5	GCF_013302445.1_ASM1330244v1_genomic	bsh	bsh
HLIEKABP_02195	tr|A0A417C6D6|A0A417C6D6_9FIRM	100	325	0	0	1	325	1	325	4.5e-194	672.5	GCF_013302445.1_ASM1330244v1_genomic	bsh	bsh
HLIEKABP_02195	tr|A0A417URI0|A0A417URI0_9FIRM	100	325	0	0	1	325	1	325	4.5e-194	672.5	GCF_013302445.1_ASM1330244v1_genomic	bsh	bsh
HLIEKABP_02195	tr|A0A845KWQ3|A0A845KWQ3_9FIRM	100	325	0	0	1	325	1	325	4.5e-194	672.5	GCF_013302445.1_ASM1330244v1_genomic	bsh	bsh
HLIEKABP_02195	tr|A5ZWR0|A5ZWR0_9FIRM	100	325	0	0	1	325	1	325	4.5e-194	672.5	GCF_013302445.1_ASM1330244v1_genomic	bsh	bsh
HLIEKABP_02195	tr|A6BGZ5|A6BGZ5_9FIRM	100	325	0	0	1	325	1	325	4.5e-194	672.5	GCF_013302445.1_ASM1330244v1_genomic	bsh	bsh
HLIEKABP_02195	tr|C0EW54|C0EW54_9FIRM	100	325	0	0	1	325	1	325	4.5e-194	672.5	GCF_013302445.1_ASM1330244v1_genomic	bsh	bsh
HLIEKABP_02195	tr|A0A844GIR0|A0A844GIR0_9FIRM	99.7	325	1	0	1	325	1	325	5.8e-194	672.2	GCF_013302445.1_ASM1330244v1_genomic	bsh	bsh
HLIEKABP_02195	tr|A0A1C6IFT3|A0A1C6IFT3_9FIRM	99.7	325	1	0	1	325	1	325	7.6e-194	671.8	GCF_013302445.1_ASM1330244v1_genomic	bsh	bsh
HLIEKABP_02195	tr|A0A6N9LK70|A0A6N9LK70_9FIRM	99.7	325	1	0	1	325	1	325	7.6e-194	671.8	GCF_013302445.1_ASM1330244v1_genomic	bsh	bsh
HLIEKABP_02195	tr|A0A1C5RZ46|A0A1C5RZ46_9CLOT	99.7	325	1	0	1	325	1	325	1.3e-193	671	GCF_013302445.1_ASM1330244v1_genomic	bsh	bsh
HLIEKABP_02195	tr|A0A1C5TMU3|A0A1C5TMU3_9FIRM	99.7	325	1	0	1	325	1	325	1.3e-193	671	GCF_013302445.1_ASM1330244v1_genomic	bsh	bsh
HLIEKABP_02195	tr|A0A1C5VAP5|A0A1C5VAP5_9FIRM	99.7	325	1	0	1	325	1	325	1.3e-193	671	GCF_013302445.1_ASM1330244v1_genomic	bsh	bsh
HLIEKABP_02195	tr|A0A373IZI9|A0A373IZI9_9FIRM	99.7	325	1	0	1	325	1	325	1.3e-193	671	GCF_013302445.1_ASM1330244v1_genomic	bsh	bsh
HLIEKABP_02195	tr|A0A415HK39|A0A415HK39_9FIRM	99.7	325	1	0	1	325	1	325	1.3e-193	671	GCF_013302445.1_ASM1330244v1_genomic	bsh	bsh
HLIEKABP_02195	tr|A0A417R5E7|A0A417R5E7_9FIRM	99.7	325	1	0	1	325	1	325	1.3e-193	671	GCF_013302445.1_ASM1330244v1_genomic	bsh	bsh
HLIEKABP_02195	tr|A0A6N3AUL3|A0A6N3AUL3_9FIRM	99.7	325	1	0	1	325	1	325	1.3e-193	671	GCF_013302445.1_ASM1330244v1_genomic	bsh	bsh
HLIEKABP_02195	tr|A0A173U973|A0A173U973_9FIRM	99.7	325	1	0	1	325	1	325	1.7e-193	670.6	GCF_013302445.1_ASM1330244v1_genomic	bsh	bsh
HLIEKABP_02195	tr|A0A1C5REX8|A0A1C5REX8_9FIRM	99.7	325	1	0	1	325	1	325	1.7e-193	670.6	GCF_013302445.1_ASM1330244v1_genomic	bsh	bsh
HLIEKABP_02195	tr|A0A1C5UZX7|A0A1C5UZX7_9CLOT	99.7	325	1	0	1	325	1	325	1.7e-193	670.6	GCF_013302445.1_ASM1330244v1_genomic	bsh	bsh
HLIEKABP_02195	tr|A0A1C6AVX0|A0A1C6AVX0_9FIRM	99.7	325	1	0	1	325	1	325	1.7e-193	670.6	GCF_013302445.1_ASM1330244v1_genomic	bsh	bsh
HLIEKABP_02195	tr|A0A417CDY8|A0A417CDY8_9FIRM	99.7	325	1	0	1	325	1	325	1.7e-193	670.6	GCF_013302445.1_ASM1330244v1_genomic	bsh	bsh
HLIEKABP_02195	tr|A0A564WVE5|A0A564WVE5_9FIRM	99.7	325	1	0	1	325	1	325	1.7e-193	670.6	GCF_013302445.1_ASM1330244v1_genomic	bsh	bsh
HLIEKABP_02195	tr|A0A416NLT9|A0A416NLT9_9FIRM	99.7	325	1	0	1	325	1	325	2.2e-193	670.2	GCF_013302445.1_ASM1330244v1_genomic	bsh	bsh
HLIEKABP_02195	tr|A0A7G9FVJ0|A0A7G9FVJ0_9FIRM	99.7	325	1	0	1	325	1	325	2.2e-193	670.2	GCF_013302445.1_ASM1330244v1_genomic	bsh	bsh
HLIEKABP_02195	tr|L1Q414|L1Q414_ANAHA	99.7	325	1	0	1	325	1	325	2.2e-193	670.2	GCF_013302445.1_ASM1330244v1_genomic	bsh	bsh
HLIEKABP_02195	tr|A0A174EB34|A0A174EB34_9FIRM	99.7	325	1	0	1	325	1	325	3.8e-193	669.5	GCF_013302445.1_ASM1330244v1_genomic	bsh	bsh
HLIEKABP_02195	tr|A0A174GR10|A0A174GR10_9FIRM	99.7	325	1	0	1	325	1	325	3.8e-193	669.5	GCF_013302445.1_ASM1330244v1_genomic	bsh	bsh
HLIEKABP_02195	tr|A0A174V5X0|A0A174V5X0_9FIRM	99.7	325	1	0	1	325	1	325	3.8e-193	669.5	GCF_013302445.1_ASM1330244v1_genomic	bsh	bsh
HLIEKABP_02195	tr|A0A3E5E3Y9|A0A3E5E3Y9_9FIRM	99.4	325	2	0	1	325	1	325	3.8e-193	669.5	GCF_013302445.1_ASM1330244v1_genomic	bsh	bsh
HLIEKABP_02195	tr|A0A1C5ULN3|A0A1C5ULN3_9FIRM	99.4	325	2	0	1	325	1	325	6.5e-193	668.7	GCF_013302445.1_ASM1330244v1_genomic	bsh	bsh
HLIEKABP_02195	tr|A0A1G5FIB9|A0A1G5FIB9_9FIRM	99.4	325	2	0	1	325	1	325	6.5e-193	668.7	GCF_013302445.1_ASM1330244v1_genomic	bsh	bsh
HLIEKABP_02195	tr|A0A317UFD6|A0A317UFD6_9FIRM	99.4	325	2	0	1	325	1	325	6.5e-193	668.7	GCF_013302445.1_ASM1330244v1_genomic	bsh	bsh
HLIEKABP_02195	tr|A0A367FUZ2|A0A367FUZ2_9FIRM	99.4	325	2	0	1	325	1	325	6.5e-193	668.7	GCF_013302445.1_ASM1330244v1_genomic	bsh	bsh
HLIEKABP_02195	tr|A0A3R6FU96|A0A3R6FU96_9FIRM	99.7	325	1	0	1	325	1	325	6.5e-193	668.7	GCF_013302445.1_ASM1330244v1_genomic	bsh	bsh
HLIEKABP_02195	tr|A0A3R6X451|A0A3R6X451_9CLOT	99.4	325	2	0	1	325	1	325	6.5e-193	668.7	GCF_013302445.1_ASM1330244v1_genomic	bsh	bsh
HLIEKABP_02195	tr|A0A6L8TEI6|A0A6L8TEI6_9FIRM	99.4	325	2	0	1	325	1	325	6.5e-193	668.7	GCF_013302445.1_ASM1330244v1_genomic	bsh	bsh
HLIEKABP_02195	tr|A0A942WJN2|A0A942WJN2_9FIRM	99.4	325	2	0	1	325	1	325	6.5e-193	668.7	GCF_013302445.1_ASM1330244v1_genomic	bsh	bsh
HLIEKABP_02195	tr|A0A1C5M099|A0A1C5M099_9CLOT	99.4	325	2	0	1	325	1	325	8.4e-193	668.3	GCF_013302445.1_ASM1330244v1_genomic	bsh	bsh
HLIEKABP_02195	tr|A0A3R6N0X3|A0A3R6N0X3_9CLOT	99.4	325	2	0	1	325	1	325	8.4e-193	668.3	GCF_013302445.1_ASM1330244v1_genomic	bsh	bsh
HLIEKABP_02195	tr|K1RSL9|K1RSL9_9ZZZZ	100	322	0	0	1	322	1	322	3.2e-192	666.4	GCF_013302445.1_ASM1330244v1_genomic	bsh	bsh
JONNAMEE_01127	tr|A0A415W1Y4|A0A415W1Y4_9FIRM	100	323	0	0	1	323	1	323	2.4e-195	676.8	GCF_013302455.1_ASM1330245v1_genomic	bsh	bsh
JONNAMEE_01127	tr|A0A415Y4A6|A0A415Y4A6_9FIRM	100	323	0	0	1	323	1	323	2.4e-195	676.8	GCF_013302455.1_ASM1330245v1_genomic	bsh	bsh
JONNAMEE_01127	tr|A0A417JP01|A0A417JP01_9FIRM	100	323	0	0	1	323	1	323	2.4e-195	676.8	GCF_013302455.1_ASM1330245v1_genomic	bsh	bsh
JONNAMEE_01127	tr|A0A417UTY8|A0A417UTY8_9FIRM	100	323	0	0	1	323	1	323	2.4e-195	676.8	GCF_013302455.1_ASM1330245v1_genomic	bsh	bsh
JONNAMEE_01127	tr|D4N0V8|D4N0V8_ANAHA	100	323	0	0	1	323	1	323	2.4e-195	676.8	GCF_013302455.1_ASM1330245v1_genomic	bsh	bsh
JONNAMEE_01127	tr|A0A6N2RN78|A0A6N2RN78_ANAHA	99.7	323	1	0	1	323	1	323	3.1e-195	676.4	GCF_013302455.1_ASM1330245v1_genomic	bsh	bsh
JONNAMEE_01127	tr|L1QBV1|L1QBV1_ANAHA	99.7	323	1	0	1	323	1	323	5.2e-195	675.6	GCF_013302455.1_ASM1330245v1_genomic	bsh	bsh
JONNAMEE_01127	tr|A0A1Q2CAU9|A0A1Q2CAU9_ANAHA	99.7	323	1	0	1	323	1	323	6.9e-195	675.2	GCF_013302455.1_ASM1330245v1_genomic	bsh	bsh
JONNAMEE_01127	tr|E5VP64|E5VP64_9FIRM	99.7	323	1	0	1	323	1	323	6.9e-195	675.2	GCF_013302455.1_ASM1330245v1_genomic	bsh	bsh
JONNAMEE_01127	tr|R5Z9B8|R5Z9B8_9FIRM	99.7	323	1	0	1	323	1	323	6.9e-195	675.2	GCF_013302455.1_ASM1330245v1_genomic	bsh	bsh
JONNAMEE_01127	tr|A0A174S307|A0A174S307_ANAHA	99.7	323	1	0	1	323	1	323	8.9e-195	674.9	GCF_013302455.1_ASM1330245v1_genomic	bsh	bsh
JONNAMEE_02370	tr|A0A173UXL2|A0A173UXL2_ANAHA	99.4	325	2	0	1	325	1	325	4.9e-193	669.1	GCF_013302455.1_ASM1330245v1_genomic	bsh	bsh
JONNAMEE_02370	tr|A0A173V7R5|A0A173V7R5_9FIRM	99.4	325	2	0	1	325	1	325	4.9e-193	669.1	GCF_013302455.1_ASM1330245v1_genomic	bsh	bsh
JONNAMEE_02370	tr|A0A174D8V8|A0A174D8V8_9FIRM	99.4	325	2	0	1	325	1	325	4.9e-193	669.1	GCF_013302455.1_ASM1330245v1_genomic	bsh	bsh
JONNAMEE_02370	tr|A0A174HSI5|A0A174HSI5_9FIRM	99.4	325	2	0	1	325	1	325	4.9e-193	669.1	GCF_013302455.1_ASM1330245v1_genomic	bsh	bsh
JONNAMEE_02370	tr|A0A1C5TTN1|A0A1C5TTN1_9FIRM	99.4	325	2	0	1	325	1	325	4.9e-193	669.1	GCF_013302455.1_ASM1330245v1_genomic	bsh	bsh
JONNAMEE_02370	tr|A0A1C5U7I7|A0A1C5U7I7_9CLOT	99.4	325	2	0	1	325	1	325	4.9e-193	669.1	GCF_013302455.1_ASM1330245v1_genomic	bsh	bsh
JONNAMEE_02370	tr|A0A1C6BVX3|A0A1C6BVX3_9FIRM	99.4	325	2	0	1	325	1	325	4.9e-193	669.1	GCF_013302455.1_ASM1330245v1_genomic	bsh	bsh
JONNAMEE_02370	tr|A0A1C6FXQ7|A0A1C6FXQ7_9FIRM	99.4	325	2	0	1	325	1	325	4.9e-193	669.1	GCF_013302455.1_ASM1330245v1_genomic	bsh	bsh
JONNAMEE_02370	tr|A0A285PRT2|A0A285PRT2_9FIRM	99.4	325	2	0	1	325	1	325	4.9e-193	669.1	GCF_013302455.1_ASM1330245v1_genomic	bsh	bsh
JONNAMEE_02370	tr|A0A373V9R9|A0A373V9R9_9FIRM	99.4	325	2	0	1	325	1	325	4.9e-193	669.1	GCF_013302455.1_ASM1330245v1_genomic	bsh	bsh
JONNAMEE_02370	tr|A0A374AYZ4|A0A374AYZ4_9FIRM	99.4	325	2	0	1	325	1	325	4.9e-193	669.1	GCF_013302455.1_ASM1330245v1_genomic	bsh	bsh
JONNAMEE_02370	tr|A0A3R6DJG5|A0A3R6DJG5_9FIRM	99.4	325	2	0	1	325	1	325	4.9e-193	669.1	GCF_013302455.1_ASM1330245v1_genomic	bsh	bsh
JONNAMEE_02370	tr|A0A412MA68|A0A412MA68_9FIRM	99.4	325	2	0	1	325	1	325	4.9e-193	669.1	GCF_013302455.1_ASM1330245v1_genomic	bsh	bsh
JONNAMEE_02370	tr|A0A415FJV4|A0A415FJV4_9FIRM	99.4	325	2	0	1	325	1	325	4.9e-193	669.1	GCF_013302455.1_ASM1330245v1_genomic	bsh	bsh
JONNAMEE_02370	tr|A0A415VWX2|A0A415VWX2_9FIRM	99.4	325	2	0	1	325	1	325	4.9e-193	669.1	GCF_013302455.1_ASM1330245v1_genomic	bsh	bsh
JONNAMEE_02370	tr|A0A415Y8U9|A0A415Y8U9_9FIRM	99.4	325	2	0	1	325	1	325	4.9e-193	669.1	GCF_013302455.1_ASM1330245v1_genomic	bsh	bsh
JONNAMEE_02370	tr|A0A417C6D6|A0A417C6D6_9FIRM	99.4	325	2	0	1	325	1	325	4.9e-193	669.1	GCF_013302455.1_ASM1330245v1_genomic	bsh	bsh
JONNAMEE_02370	tr|A0A417URI0|A0A417URI0_9FIRM	99.4	325	2	0	1	325	1	325	4.9e-193	669.1	GCF_013302455.1_ASM1330245v1_genomic	bsh	bsh
JONNAMEE_02370	tr|A0A845KWQ3|A0A845KWQ3_9FIRM	99.4	325	2	0	1	325	1	325	4.9e-193	669.1	GCF_013302455.1_ASM1330245v1_genomic	bsh	bsh
JONNAMEE_02370	tr|A5ZWR0|A5ZWR0_9FIRM	99.4	325	2	0	1	325	1	325	4.9e-193	669.1	GCF_013302455.1_ASM1330245v1_genomic	bsh	bsh
JONNAMEE_02370	tr|A6BGZ5|A6BGZ5_9FIRM	99.4	325	2	0	1	325	1	325	4.9e-193	669.1	GCF_013302455.1_ASM1330245v1_genomic	bsh	bsh
JONNAMEE_02370	tr|C0EW54|C0EW54_9FIRM	99.4	325	2	0	1	325	1	325	4.9e-193	669.1	GCF_013302455.1_ASM1330245v1_genomic	bsh	bsh
JONNAMEE_02370	tr|A0A844GIR0|A0A844GIR0_9FIRM	99.1	325	3	0	1	325	1	325	6.5e-193	668.7	GCF_013302455.1_ASM1330245v1_genomic	bsh	bsh
JONNAMEE_02370	tr|A0A1C6IFT3|A0A1C6IFT3_9FIRM	99.1	325	3	0	1	325	1	325	8.4e-193	668.3	GCF_013302455.1_ASM1330245v1_genomic	bsh	bsh
JONNAMEE_02370	tr|A0A6N9LK70|A0A6N9LK70_9FIRM	99.1	325	3	0	1	325	1	325	8.4e-193	668.3	GCF_013302455.1_ASM1330245v1_genomic	bsh	bsh
JONNAMEE_02370	tr|A0A1C5RZ46|A0A1C5RZ46_9CLOT	99.1	325	3	0	1	325	1	325	1.4e-192	667.5	GCF_013302455.1_ASM1330245v1_genomic	bsh	bsh
JONNAMEE_02370	tr|A0A1C5TMU3|A0A1C5TMU3_9FIRM	99.1	325	3	0	1	325	1	325	1.4e-192	667.5	GCF_013302455.1_ASM1330245v1_genomic	bsh	bsh
JONNAMEE_02370	tr|A0A1C5VAP5|A0A1C5VAP5_9FIRM	99.1	325	3	0	1	325	1	325	1.4e-192	667.5	GCF_013302455.1_ASM1330245v1_genomic	bsh	bsh
JONNAMEE_02370	tr|A0A373IZI9|A0A373IZI9_9FIRM	99.1	325	3	0	1	325	1	325	1.4e-192	667.5	GCF_013302455.1_ASM1330245v1_genomic	bsh	bsh
JONNAMEE_02370	tr|A0A415HK39|A0A415HK39_9FIRM	99.1	325	3	0	1	325	1	325	1.4e-192	667.5	GCF_013302455.1_ASM1330245v1_genomic	bsh	bsh
JONNAMEE_02370	tr|A0A417R5E7|A0A417R5E7_9FIRM	99.1	325	3	0	1	325	1	325	1.4e-192	667.5	GCF_013302455.1_ASM1330245v1_genomic	bsh	bsh
JONNAMEE_02370	tr|A0A6N3AUL3|A0A6N3AUL3_9FIRM	99.1	325	3	0	1	325	1	325	1.4e-192	667.5	GCF_013302455.1_ASM1330245v1_genomic	bsh	bsh
JONNAMEE_02370	tr|A0A173U973|A0A173U973_9FIRM	99.1	325	3	0	1	325	1	325	1.9e-192	667.2	GCF_013302455.1_ASM1330245v1_genomic	bsh	bsh
JONNAMEE_02370	tr|A0A1C5REX8|A0A1C5REX8_9FIRM	99.1	325	3	0	1	325	1	325	1.9e-192	667.2	GCF_013302455.1_ASM1330245v1_genomic	bsh	bsh
JONNAMEE_02370	tr|A0A1C5UZX7|A0A1C5UZX7_9CLOT	99.1	325	3	0	1	325	1	325	1.9e-192	667.2	GCF_013302455.1_ASM1330245v1_genomic	bsh	bsh
JONNAMEE_02370	tr|A0A1C6AVX0|A0A1C6AVX0_9FIRM	99.1	325	3	0	1	325	1	325	1.9e-192	667.2	GCF_013302455.1_ASM1330245v1_genomic	bsh	bsh
JONNAMEE_02370	tr|A0A417CDY8|A0A417CDY8_9FIRM	99.1	325	3	0	1	325	1	325	1.9e-192	667.2	GCF_013302455.1_ASM1330245v1_genomic	bsh	bsh
JONNAMEE_02370	tr|A0A564WVE5|A0A564WVE5_9FIRM	99.1	325	3	0	1	325	1	325	1.9e-192	667.2	GCF_013302455.1_ASM1330245v1_genomic	bsh	bsh
JONNAMEE_02370	tr|A0A416NLT9|A0A416NLT9_9FIRM	99.1	325	3	0	1	325	1	325	2.5e-192	666.8	GCF_013302455.1_ASM1330245v1_genomic	bsh	bsh
JONNAMEE_02370	tr|A0A7G9FVJ0|A0A7G9FVJ0_9FIRM	99.1	325	3	0	1	325	1	325	2.5e-192	666.8	GCF_013302455.1_ASM1330245v1_genomic	bsh	bsh
JONNAMEE_02370	tr|L1Q414|L1Q414_ANAHA	99.1	325	3	0	1	325	1	325	2.5e-192	666.8	GCF_013302455.1_ASM1330245v1_genomic	bsh	bsh
JONNAMEE_02370	tr|A0A174EB34|A0A174EB34_9FIRM	99.1	325	3	0	1	325	1	325	4.2e-192	666	GCF_013302455.1_ASM1330245v1_genomic	bsh	bsh
JONNAMEE_02370	tr|A0A174GR10|A0A174GR10_9FIRM	99.1	325	3	0	1	325	1	325	4.2e-192	666	GCF_013302455.1_ASM1330245v1_genomic	bsh	bsh
JONNAMEE_02370	tr|A0A174V5X0|A0A174V5X0_9FIRM	99.1	325	3	0	1	325	1	325	4.2e-192	666	GCF_013302455.1_ASM1330245v1_genomic	bsh	bsh
JONNAMEE_02370	tr|A0A3E5E3Y9|A0A3E5E3Y9_9FIRM	98.8	325	4	0	1	325	1	325	4.2e-192	666	GCF_013302455.1_ASM1330245v1_genomic	bsh	bsh
JONNAMEE_02370	tr|A0A1C5ULN3|A0A1C5ULN3_9FIRM	98.8	325	4	0	1	325	1	325	7.1e-192	665.2	GCF_013302455.1_ASM1330245v1_genomic	bsh	bsh
JONNAMEE_02370	tr|A0A1G5FIB9|A0A1G5FIB9_9FIRM	98.8	325	4	0	1	325	1	325	7.1e-192	665.2	GCF_013302455.1_ASM1330245v1_genomic	bsh	bsh
JONNAMEE_02370	tr|A0A317UFD6|A0A317UFD6_9FIRM	98.8	325	4	0	1	325	1	325	7.1e-192	665.2	GCF_013302455.1_ASM1330245v1_genomic	bsh	bsh
JONNAMEE_02370	tr|A0A367FUZ2|A0A367FUZ2_9FIRM	98.8	325	4	0	1	325	1	325	7.1e-192	665.2	GCF_013302455.1_ASM1330245v1_genomic	bsh	bsh
JONNAMEE_02370	tr|A0A3R6FU96|A0A3R6FU96_9FIRM	99.1	325	3	0	1	325	1	325	7.1e-192	665.2	GCF_013302455.1_ASM1330245v1_genomic	bsh	bsh
JONNAMEE_02370	tr|A0A3R6X451|A0A3R6X451_9CLOT	98.8	325	4	0	1	325	1	325	7.1e-192	665.2	GCF_013302455.1_ASM1330245v1_genomic	bsh	bsh
JONNAMEE_02370	tr|A0A6L8TEI6|A0A6L8TEI6_9FIRM	98.8	325	4	0	1	325	1	325	7.1e-192	665.2	GCF_013302455.1_ASM1330245v1_genomic	bsh	bsh
JONNAMEE_02370	tr|A0A942WJN2|A0A942WJN2_9FIRM	98.8	325	4	0	1	325	1	325	7.1e-192	665.2	GCF_013302455.1_ASM1330245v1_genomic	bsh	bsh
JONNAMEE_02370	tr|A0A1C5M099|A0A1C5M099_9CLOT	98.8	325	4	0	1	325	1	325	9.3e-192	664.8	GCF_013302455.1_ASM1330245v1_genomic	bsh	bsh
JONNAMEE_02370	tr|A0A3R6N0X3|A0A3R6N0X3_9CLOT	98.8	325	4	0	1	325	1	325	9.3e-192	664.8	GCF_013302455.1_ASM1330245v1_genomic	bsh	bsh
JONNAMEE_02370	tr|K1RSL9|K1RSL9_9ZZZZ	99.4	322	2	0	1	322	1	322	3.5e-191	662.9	GCF_013302455.1_ASM1330245v1_genomic	bsh	bsh
EMIBJJME_01254	tr|A0A173UXL2|A0A173UXL2_ANAHA	100	325	0	0	1	325	1	325	4.5e-194	672.5	GCF_013302465.1_ASM1330246v1_genomic	bsh	bsh
EMIBJJME_01254	tr|A0A173V7R5|A0A173V7R5_9FIRM	100	325	0	0	1	325	1	325	4.5e-194	672.5	GCF_013302465.1_ASM1330246v1_genomic	bsh	bsh
EMIBJJME_01254	tr|A0A174D8V8|A0A174D8V8_9FIRM	100	325	0	0	1	325	1	325	4.5e-194	672.5	GCF_013302465.1_ASM1330246v1_genomic	bsh	bsh
EMIBJJME_01254	tr|A0A174HSI5|A0A174HSI5_9FIRM	100	325	0	0	1	325	1	325	4.5e-194	672.5	GCF_013302465.1_ASM1330246v1_genomic	bsh	bsh
EMIBJJME_01254	tr|A0A1C5TTN1|A0A1C5TTN1_9FIRM	100	325	0	0	1	325	1	325	4.5e-194	672.5	GCF_013302465.1_ASM1330246v1_genomic	bsh	bsh
EMIBJJME_01254	tr|A0A1C5U7I7|A0A1C5U7I7_9CLOT	100	325	0	0	1	325	1	325	4.5e-194	672.5	GCF_013302465.1_ASM1330246v1_genomic	bsh	bsh
EMIBJJME_01254	tr|A0A1C6BVX3|A0A1C6BVX3_9FIRM	100	325	0	0	1	325	1	325	4.5e-194	672.5	GCF_013302465.1_ASM1330246v1_genomic	bsh	bsh
EMIBJJME_01254	tr|A0A1C6FXQ7|A0A1C6FXQ7_9FIRM	100	325	0	0	1	325	1	325	4.5e-194	672.5	GCF_013302465.1_ASM1330246v1_genomic	bsh	bsh
EMIBJJME_01254	tr|A0A285PRT2|A0A285PRT2_9FIRM	100	325	0	0	1	325	1	325	4.5e-194	672.5	GCF_013302465.1_ASM1330246v1_genomic	bsh	bsh
EMIBJJME_01254	tr|A0A373V9R9|A0A373V9R9_9FIRM	100	325	0	0	1	325	1	325	4.5e-194	672.5	GCF_013302465.1_ASM1330246v1_genomic	bsh	bsh
EMIBJJME_01254	tr|A0A374AYZ4|A0A374AYZ4_9FIRM	100	325	0	0	1	325	1	325	4.5e-194	672.5	GCF_013302465.1_ASM1330246v1_genomic	bsh	bsh
EMIBJJME_01254	tr|A0A3R6DJG5|A0A3R6DJG5_9FIRM	100	325	0	0	1	325	1	325	4.5e-194	672.5	GCF_013302465.1_ASM1330246v1_genomic	bsh	bsh
EMIBJJME_01254	tr|A0A412MA68|A0A412MA68_9FIRM	100	325	0	0	1	325	1	325	4.5e-194	672.5	GCF_013302465.1_ASM1330246v1_genomic	bsh	bsh
EMIBJJME_01254	tr|A0A415FJV4|A0A415FJV4_9FIRM	100	325	0	0	1	325	1	325	4.5e-194	672.5	GCF_013302465.1_ASM1330246v1_genomic	bsh	bsh
EMIBJJME_01254	tr|A0A415VWX2|A0A415VWX2_9FIRM	100	325	0	0	1	325	1	325	4.5e-194	672.5	GCF_013302465.1_ASM1330246v1_genomic	bsh	bsh
EMIBJJME_01254	tr|A0A415Y8U9|A0A415Y8U9_9FIRM	100	325	0	0	1	325	1	325	4.5e-194	672.5	GCF_013302465.1_ASM1330246v1_genomic	bsh	bsh
EMIBJJME_01254	tr|A0A417C6D6|A0A417C6D6_9FIRM	100	325	0	0	1	325	1	325	4.5e-194	672.5	GCF_013302465.1_ASM1330246v1_genomic	bsh	bsh
EMIBJJME_01254	tr|A0A417URI0|A0A417URI0_9FIRM	100	325	0	0	1	325	1	325	4.5e-194	672.5	GCF_013302465.1_ASM1330246v1_genomic	bsh	bsh
EMIBJJME_01254	tr|A0A845KWQ3|A0A845KWQ3_9FIRM	100	325	0	0	1	325	1	325	4.5e-194	672.5	GCF_013302465.1_ASM1330246v1_genomic	bsh	bsh
EMIBJJME_01254	tr|A5ZWR0|A5ZWR0_9FIRM	100	325	0	0	1	325	1	325	4.5e-194	672.5	GCF_013302465.1_ASM1330246v1_genomic	bsh	bsh
EMIBJJME_01254	tr|A6BGZ5|A6BGZ5_9FIRM	100	325	0	0	1	325	1	325	4.5e-194	672.5	GCF_013302465.1_ASM1330246v1_genomic	bsh	bsh
EMIBJJME_01254	tr|C0EW54|C0EW54_9FIRM	100	325	0	0	1	325	1	325	4.5e-194	672.5	GCF_013302465.1_ASM1330246v1_genomic	bsh	bsh
EMIBJJME_01254	tr|A0A844GIR0|A0A844GIR0_9FIRM	99.7	325	1	0	1	325	1	325	5.8e-194	672.2	GCF_013302465.1_ASM1330246v1_genomic	bsh	bsh
EMIBJJME_01254	tr|A0A1C6IFT3|A0A1C6IFT3_9FIRM	99.7	325	1	0	1	325	1	325	7.6e-194	671.8	GCF_013302465.1_ASM1330246v1_genomic	bsh	bsh
EMIBJJME_01254	tr|A0A6N9LK70|A0A6N9LK70_9FIRM	99.7	325	1	0	1	325	1	325	7.6e-194	671.8	GCF_013302465.1_ASM1330246v1_genomic	bsh	bsh
EMIBJJME_01254	tr|A0A1C5RZ46|A0A1C5RZ46_9CLOT	99.7	325	1	0	1	325	1	325	1.3e-193	671	GCF_013302465.1_ASM1330246v1_genomic	bsh	bsh
EMIBJJME_01254	tr|A0A1C5TMU3|A0A1C5TMU3_9FIRM	99.7	325	1	0	1	325	1	325	1.3e-193	671	GCF_013302465.1_ASM1330246v1_genomic	bsh	bsh
EMIBJJME_01254	tr|A0A1C5VAP5|A0A1C5VAP5_9FIRM	99.7	325	1	0	1	325	1	325	1.3e-193	671	GCF_013302465.1_ASM1330246v1_genomic	bsh	bsh
EMIBJJME_01254	tr|A0A373IZI9|A0A373IZI9_9FIRM	99.7	325	1	0	1	325	1	325	1.3e-193	671	GCF_013302465.1_ASM1330246v1_genomic	bsh	bsh
EMIBJJME_01254	tr|A0A415HK39|A0A415HK39_9FIRM	99.7	325	1	0	1	325	1	325	1.3e-193	671	GCF_013302465.1_ASM1330246v1_genomic	bsh	bsh
EMIBJJME_01254	tr|A0A417R5E7|A0A417R5E7_9FIRM	99.7	325	1	0	1	325	1	325	1.3e-193	671	GCF_013302465.1_ASM1330246v1_genomic	bsh	bsh
EMIBJJME_01254	tr|A0A6N3AUL3|A0A6N3AUL3_9FIRM	99.7	325	1	0	1	325	1	325	1.3e-193	671	GCF_013302465.1_ASM1330246v1_genomic	bsh	bsh
EMIBJJME_01254	tr|A0A173U973|A0A173U973_9FIRM	99.7	325	1	0	1	325	1	325	1.7e-193	670.6	GCF_013302465.1_ASM1330246v1_genomic	bsh	bsh
EMIBJJME_01254	tr|A0A1C5REX8|A0A1C5REX8_9FIRM	99.7	325	1	0	1	325	1	325	1.7e-193	670.6	GCF_013302465.1_ASM1330246v1_genomic	bsh	bsh
EMIBJJME_01254	tr|A0A1C5UZX7|A0A1C5UZX7_9CLOT	99.7	325	1	0	1	325	1	325	1.7e-193	670.6	GCF_013302465.1_ASM1330246v1_genomic	bsh	bsh
EMIBJJME_01254	tr|A0A1C6AVX0|A0A1C6AVX0_9FIRM	99.7	325	1	0	1	325	1	325	1.7e-193	670.6	GCF_013302465.1_ASM1330246v1_genomic	bsh	bsh
EMIBJJME_01254	tr|A0A417CDY8|A0A417CDY8_9FIRM	99.7	325	1	0	1	325	1	325	1.7e-193	670.6	GCF_013302465.1_ASM1330246v1_genomic	bsh	bsh
EMIBJJME_01254	tr|A0A564WVE5|A0A564WVE5_9FIRM	99.7	325	1	0	1	325	1	325	1.7e-193	670.6	GCF_013302465.1_ASM1330246v1_genomic	bsh	bsh
EMIBJJME_01254	tr|A0A416NLT9|A0A416NLT9_9FIRM	99.7	325	1	0	1	325	1	325	2.2e-193	670.2	GCF_013302465.1_ASM1330246v1_genomic	bsh	bsh
EMIBJJME_01254	tr|A0A7G9FVJ0|A0A7G9FVJ0_9FIRM	99.7	325	1	0	1	325	1	325	2.2e-193	670.2	GCF_013302465.1_ASM1330246v1_genomic	bsh	bsh
EMIBJJME_01254	tr|L1Q414|L1Q414_ANAHA	99.7	325	1	0	1	325	1	325	2.2e-193	670.2	GCF_013302465.1_ASM1330246v1_genomic	bsh	bsh
EMIBJJME_01254	tr|A0A174EB34|A0A174EB34_9FIRM	99.7	325	1	0	1	325	1	325	3.8e-193	669.5	GCF_013302465.1_ASM1330246v1_genomic	bsh	bsh
EMIBJJME_01254	tr|A0A174GR10|A0A174GR10_9FIRM	99.7	325	1	0	1	325	1	325	3.8e-193	669.5	GCF_013302465.1_ASM1330246v1_genomic	bsh	bsh
EMIBJJME_01254	tr|A0A174V5X0|A0A174V5X0_9FIRM	99.7	325	1	0	1	325	1	325	3.8e-193	669.5	GCF_013302465.1_ASM1330246v1_genomic	bsh	bsh
EMIBJJME_01254	tr|A0A3E5E3Y9|A0A3E5E3Y9_9FIRM	99.4	325	2	0	1	325	1	325	3.8e-193	669.5	GCF_013302465.1_ASM1330246v1_genomic	bsh	bsh
EMIBJJME_01254	tr|A0A1C5ULN3|A0A1C5ULN3_9FIRM	99.4	325	2	0	1	325	1	325	6.5e-193	668.7	GCF_013302465.1_ASM1330246v1_genomic	bsh	bsh
EMIBJJME_01254	tr|A0A1G5FIB9|A0A1G5FIB9_9FIRM	99.4	325	2	0	1	325	1	325	6.5e-193	668.7	GCF_013302465.1_ASM1330246v1_genomic	bsh	bsh
EMIBJJME_01254	tr|A0A317UFD6|A0A317UFD6_9FIRM	99.4	325	2	0	1	325	1	325	6.5e-193	668.7	GCF_013302465.1_ASM1330246v1_genomic	bsh	bsh
EMIBJJME_01254	tr|A0A367FUZ2|A0A367FUZ2_9FIRM	99.4	325	2	0	1	325	1	325	6.5e-193	668.7	GCF_013302465.1_ASM1330246v1_genomic	bsh	bsh
EMIBJJME_01254	tr|A0A3R6FU96|A0A3R6FU96_9FIRM	99.7	325	1	0	1	325	1	325	6.5e-193	668.7	GCF_013302465.1_ASM1330246v1_genomic	bsh	bsh
EMIBJJME_01254	tr|A0A3R6X451|A0A3R6X451_9CLOT	99.4	325	2	0	1	325	1	325	6.5e-193	668.7	GCF_013302465.1_ASM1330246v1_genomic	bsh	bsh
EMIBJJME_01254	tr|A0A6L8TEI6|A0A6L8TEI6_9FIRM	99.4	325	2	0	1	325	1	325	6.5e-193	668.7	GCF_013302465.1_ASM1330246v1_genomic	bsh	bsh
EMIBJJME_01254	tr|A0A942WJN2|A0A942WJN2_9FIRM	99.4	325	2	0	1	325	1	325	6.5e-193	668.7	GCF_013302465.1_ASM1330246v1_genomic	bsh	bsh
EMIBJJME_01254	tr|A0A1C5M099|A0A1C5M099_9CLOT	99.4	325	2	0	1	325	1	325	8.4e-193	668.3	GCF_013302465.1_ASM1330246v1_genomic	bsh	bsh
EMIBJJME_01254	tr|A0A3R6N0X3|A0A3R6N0X3_9CLOT	99.4	325	2	0	1	325	1	325	8.4e-193	668.3	GCF_013302465.1_ASM1330246v1_genomic	bsh	bsh
EMIBJJME_01254	tr|K1RSL9|K1RSL9_9ZZZZ	100	322	0	0	1	322	1	322	3.2e-192	666.4	GCF_013302465.1_ASM1330246v1_genomic	bsh	bsh
OPNJLELE_01275	tr|E5VP64|E5VP64_9FIRM	100	323	0	0	1	323	1	323	1.8e-195	677.2	GCF_013302475.1_ASM1330247v1_genomic	bsh	bsh
OPNJLELE_01275	tr|R5Z9B8|R5Z9B8_9FIRM	100	323	0	0	1	323	1	323	1.8e-195	677.2	GCF_013302475.1_ASM1330247v1_genomic	bsh	bsh
OPNJLELE_01275	tr|A0A415W1Y4|A0A415W1Y4_9FIRM	99.7	323	1	0	1	323	1	323	5.2e-195	675.6	GCF_013302475.1_ASM1330247v1_genomic	bsh	bsh
OPNJLELE_01275	tr|A0A415Y4A6|A0A415Y4A6_9FIRM	99.7	323	1	0	1	323	1	323	5.2e-195	675.6	GCF_013302475.1_ASM1330247v1_genomic	bsh	bsh
OPNJLELE_01275	tr|A0A417JP01|A0A417JP01_9FIRM	99.7	323	1	0	1	323	1	323	5.2e-195	675.6	GCF_013302475.1_ASM1330247v1_genomic	bsh	bsh
OPNJLELE_01275	tr|A0A417UTY8|A0A417UTY8_9FIRM	99.7	323	1	0	1	323	1	323	5.2e-195	675.6	GCF_013302475.1_ASM1330247v1_genomic	bsh	bsh
OPNJLELE_01275	tr|D4N0V8|D4N0V8_ANAHA	99.7	323	1	0	1	323	1	323	5.2e-195	675.6	GCF_013302475.1_ASM1330247v1_genomic	bsh	bsh
OPNJLELE_01275	tr|A0A6N2RN78|A0A6N2RN78_ANAHA	99.4	323	2	0	1	323	1	323	6.9e-195	675.2	GCF_013302475.1_ASM1330247v1_genomic	bsh	bsh
OPNJLELE_01275	tr|L1QBV1|L1QBV1_ANAHA	99.4	323	2	0	1	323	1	323	1.2e-194	674.5	GCF_013302475.1_ASM1330247v1_genomic	bsh	bsh
OPNJLELE_01275	tr|A0A1Q2CAU9|A0A1Q2CAU9_ANAHA	99.4	323	2	0	1	323	1	323	1.5e-194	674.1	GCF_013302475.1_ASM1330247v1_genomic	bsh	bsh
OPNJLELE_01275	tr|A0A174S307|A0A174S307_ANAHA	99.4	323	2	0	1	323	1	323	2e-194	673.7	GCF_013302475.1_ASM1330247v1_genomic	bsh	bsh
HFIKEABA_01367	tr|E5VP64|E5VP64_9FIRM	100	323	0	0	1	323	1	323	1.8e-195	677.2	GCF_013302525.1_ASM1330252v1_genomic	bsh	bsh
HFIKEABA_01367	tr|R5Z9B8|R5Z9B8_9FIRM	100	323	0	0	1	323	1	323	1.8e-195	677.2	GCF_013302525.1_ASM1330252v1_genomic	bsh	bsh
HFIKEABA_01367	tr|A0A415W1Y4|A0A415W1Y4_9FIRM	99.7	323	1	0	1	323	1	323	5.2e-195	675.6	GCF_013302525.1_ASM1330252v1_genomic	bsh	bsh
HFIKEABA_01367	tr|A0A415Y4A6|A0A415Y4A6_9FIRM	99.7	323	1	0	1	323	1	323	5.2e-195	675.6	GCF_013302525.1_ASM1330252v1_genomic	bsh	bsh
HFIKEABA_01367	tr|A0A417JP01|A0A417JP01_9FIRM	99.7	323	1	0	1	323	1	323	5.2e-195	675.6	GCF_013302525.1_ASM1330252v1_genomic	bsh	bsh
HFIKEABA_01367	tr|A0A417UTY8|A0A417UTY8_9FIRM	99.7	323	1	0	1	323	1	323	5.2e-195	675.6	GCF_013302525.1_ASM1330252v1_genomic	bsh	bsh
HFIKEABA_01367	tr|D4N0V8|D4N0V8_ANAHA	99.7	323	1	0	1	323	1	323	5.2e-195	675.6	GCF_013302525.1_ASM1330252v1_genomic	bsh	bsh
HFIKEABA_01367	tr|A0A6N2RN78|A0A6N2RN78_ANAHA	99.4	323	2	0	1	323	1	323	6.9e-195	675.2	GCF_013302525.1_ASM1330252v1_genomic	bsh	bsh
HFIKEABA_01367	tr|L1QBV1|L1QBV1_ANAHA	99.4	323	2	0	1	323	1	323	1.2e-194	674.5	GCF_013302525.1_ASM1330252v1_genomic	bsh	bsh
HFIKEABA_01367	tr|A0A1Q2CAU9|A0A1Q2CAU9_ANAHA	99.4	323	2	0	1	323	1	323	1.5e-194	674.1	GCF_013302525.1_ASM1330252v1_genomic	bsh	bsh
HFIKEABA_01367	tr|A0A174S307|A0A174S307_ANAHA	99.4	323	2	0	1	323	1	323	2e-194	673.7	GCF_013302525.1_ASM1330252v1_genomic	bsh	bsh
EKLJFINO_01140	tr|A0A415W1Y4|A0A415W1Y4_9FIRM	100	323	0	0	1	323	1	323	2.4e-195	676.8	GCF_013302545.1_ASM1330254v1_genomic	bsh	bsh
EKLJFINO_01140	tr|A0A415Y4A6|A0A415Y4A6_9FIRM	100	323	0	0	1	323	1	323	2.4e-195	676.8	GCF_013302545.1_ASM1330254v1_genomic	bsh	bsh
EKLJFINO_01140	tr|A0A417JP01|A0A417JP01_9FIRM	100	323	0	0	1	323	1	323	2.4e-195	676.8	GCF_013302545.1_ASM1330254v1_genomic	bsh	bsh
EKLJFINO_01140	tr|A0A417UTY8|A0A417UTY8_9FIRM	100	323	0	0	1	323	1	323	2.4e-195	676.8	GCF_013302545.1_ASM1330254v1_genomic	bsh	bsh
EKLJFINO_01140	tr|D4N0V8|D4N0V8_ANAHA	100	323	0	0	1	323	1	323	2.4e-195	676.8	GCF_013302545.1_ASM1330254v1_genomic	bsh	bsh
EKLJFINO_01140	tr|A0A6N2RN78|A0A6N2RN78_ANAHA	99.7	323	1	0	1	323	1	323	3.1e-195	676.4	GCF_013302545.1_ASM1330254v1_genomic	bsh	bsh
EKLJFINO_01140	tr|L1QBV1|L1QBV1_ANAHA	99.7	323	1	0	1	323	1	323	5.2e-195	675.6	GCF_013302545.1_ASM1330254v1_genomic	bsh	bsh
EKLJFINO_01140	tr|A0A1Q2CAU9|A0A1Q2CAU9_ANAHA	99.7	323	1	0	1	323	1	323	6.9e-195	675.2	GCF_013302545.1_ASM1330254v1_genomic	bsh	bsh
EKLJFINO_01140	tr|E5VP64|E5VP64_9FIRM	99.7	323	1	0	1	323	1	323	6.9e-195	675.2	GCF_013302545.1_ASM1330254v1_genomic	bsh	bsh
EKLJFINO_01140	tr|R5Z9B8|R5Z9B8_9FIRM	99.7	323	1	0	1	323	1	323	6.9e-195	675.2	GCF_013302545.1_ASM1330254v1_genomic	bsh	bsh
EKLJFINO_01140	tr|A0A174S307|A0A174S307_ANAHA	99.7	323	1	0	1	323	1	323	8.9e-195	674.9	GCF_013302545.1_ASM1330254v1_genomic	bsh	bsh
EKLJFINO_02363	tr|A0A173UXL2|A0A173UXL2_ANAHA	99.4	325	2	0	1	325	1	325	4.9e-193	669.1	GCF_013302545.1_ASM1330254v1_genomic	bsh	bsh
EKLJFINO_02363	tr|A0A173V7R5|A0A173V7R5_9FIRM	99.4	325	2	0	1	325	1	325	4.9e-193	669.1	GCF_013302545.1_ASM1330254v1_genomic	bsh	bsh
EKLJFINO_02363	tr|A0A174D8V8|A0A174D8V8_9FIRM	99.4	325	2	0	1	325	1	325	4.9e-193	669.1	GCF_013302545.1_ASM1330254v1_genomic	bsh	bsh
EKLJFINO_02363	tr|A0A174HSI5|A0A174HSI5_9FIRM	99.4	325	2	0	1	325	1	325	4.9e-193	669.1	GCF_013302545.1_ASM1330254v1_genomic	bsh	bsh
EKLJFINO_02363	tr|A0A1C5TTN1|A0A1C5TTN1_9FIRM	99.4	325	2	0	1	325	1	325	4.9e-193	669.1	GCF_013302545.1_ASM1330254v1_genomic	bsh	bsh
EKLJFINO_02363	tr|A0A1C5U7I7|A0A1C5U7I7_9CLOT	99.4	325	2	0	1	325	1	325	4.9e-193	669.1	GCF_013302545.1_ASM1330254v1_genomic	bsh	bsh
EKLJFINO_02363	tr|A0A1C6BVX3|A0A1C6BVX3_9FIRM	99.4	325	2	0	1	325	1	325	4.9e-193	669.1	GCF_013302545.1_ASM1330254v1_genomic	bsh	bsh
EKLJFINO_02363	tr|A0A1C6FXQ7|A0A1C6FXQ7_9FIRM	99.4	325	2	0	1	325	1	325	4.9e-193	669.1	GCF_013302545.1_ASM1330254v1_genomic	bsh	bsh
EKLJFINO_02363	tr|A0A285PRT2|A0A285PRT2_9FIRM	99.4	325	2	0	1	325	1	325	4.9e-193	669.1	GCF_013302545.1_ASM1330254v1_genomic	bsh	bsh
EKLJFINO_02363	tr|A0A373V9R9|A0A373V9R9_9FIRM	99.4	325	2	0	1	325	1	325	4.9e-193	669.1	GCF_013302545.1_ASM1330254v1_genomic	bsh	bsh
EKLJFINO_02363	tr|A0A374AYZ4|A0A374AYZ4_9FIRM	99.4	325	2	0	1	325	1	325	4.9e-193	669.1	GCF_013302545.1_ASM1330254v1_genomic	bsh	bsh
EKLJFINO_02363	tr|A0A3R6DJG5|A0A3R6DJG5_9FIRM	99.4	325	2	0	1	325	1	325	4.9e-193	669.1	GCF_013302545.1_ASM1330254v1_genomic	bsh	bsh
EKLJFINO_02363	tr|A0A412MA68|A0A412MA68_9FIRM	99.4	325	2	0	1	325	1	325	4.9e-193	669.1	GCF_013302545.1_ASM1330254v1_genomic	bsh	bsh
EKLJFINO_02363	tr|A0A415FJV4|A0A415FJV4_9FIRM	99.4	325	2	0	1	325	1	325	4.9e-193	669.1	GCF_013302545.1_ASM1330254v1_genomic	bsh	bsh
EKLJFINO_02363	tr|A0A415VWX2|A0A415VWX2_9FIRM	99.4	325	2	0	1	325	1	325	4.9e-193	669.1	GCF_013302545.1_ASM1330254v1_genomic	bsh	bsh
EKLJFINO_02363	tr|A0A415Y8U9|A0A415Y8U9_9FIRM	99.4	325	2	0	1	325	1	325	4.9e-193	669.1	GCF_013302545.1_ASM1330254v1_genomic	bsh	bsh
EKLJFINO_02363	tr|A0A417C6D6|A0A417C6D6_9FIRM	99.4	325	2	0	1	325	1	325	4.9e-193	669.1	GCF_013302545.1_ASM1330254v1_genomic	bsh	bsh
EKLJFINO_02363	tr|A0A417URI0|A0A417URI0_9FIRM	99.4	325	2	0	1	325	1	325	4.9e-193	669.1	GCF_013302545.1_ASM1330254v1_genomic	bsh	bsh
EKLJFINO_02363	tr|A0A845KWQ3|A0A845KWQ3_9FIRM	99.4	325	2	0	1	325	1	325	4.9e-193	669.1	GCF_013302545.1_ASM1330254v1_genomic	bsh	bsh
EKLJFINO_02363	tr|A5ZWR0|A5ZWR0_9FIRM	99.4	325	2	0	1	325	1	325	4.9e-193	669.1	GCF_013302545.1_ASM1330254v1_genomic	bsh	bsh
EKLJFINO_02363	tr|A6BGZ5|A6BGZ5_9FIRM	99.4	325	2	0	1	325	1	325	4.9e-193	669.1	GCF_013302545.1_ASM1330254v1_genomic	bsh	bsh
EKLJFINO_02363	tr|C0EW54|C0EW54_9FIRM	99.4	325	2	0	1	325	1	325	4.9e-193	669.1	GCF_013302545.1_ASM1330254v1_genomic	bsh	bsh
EKLJFINO_02363	tr|A0A844GIR0|A0A844GIR0_9FIRM	99.1	325	3	0	1	325	1	325	6.5e-193	668.7	GCF_013302545.1_ASM1330254v1_genomic	bsh	bsh
EKLJFINO_02363	tr|A0A1C6IFT3|A0A1C6IFT3_9FIRM	99.1	325	3	0	1	325	1	325	8.4e-193	668.3	GCF_013302545.1_ASM1330254v1_genomic	bsh	bsh
EKLJFINO_02363	tr|A0A6N9LK70|A0A6N9LK70_9FIRM	99.1	325	3	0	1	325	1	325	8.4e-193	668.3	GCF_013302545.1_ASM1330254v1_genomic	bsh	bsh
EKLJFINO_02363	tr|A0A1C5RZ46|A0A1C5RZ46_9CLOT	99.1	325	3	0	1	325	1	325	1.4e-192	667.5	GCF_013302545.1_ASM1330254v1_genomic	bsh	bsh
EKLJFINO_02363	tr|A0A1C5TMU3|A0A1C5TMU3_9FIRM	99.1	325	3	0	1	325	1	325	1.4e-192	667.5	GCF_013302545.1_ASM1330254v1_genomic	bsh	bsh
EKLJFINO_02363	tr|A0A1C5VAP5|A0A1C5VAP5_9FIRM	99.1	325	3	0	1	325	1	325	1.4e-192	667.5	GCF_013302545.1_ASM1330254v1_genomic	bsh	bsh
EKLJFINO_02363	tr|A0A373IZI9|A0A373IZI9_9FIRM	99.1	325	3	0	1	325	1	325	1.4e-192	667.5	GCF_013302545.1_ASM1330254v1_genomic	bsh	bsh
EKLJFINO_02363	tr|A0A415HK39|A0A415HK39_9FIRM	99.1	325	3	0	1	325	1	325	1.4e-192	667.5	GCF_013302545.1_ASM1330254v1_genomic	bsh	bsh
EKLJFINO_02363	tr|A0A417R5E7|A0A417R5E7_9FIRM	99.1	325	3	0	1	325	1	325	1.4e-192	667.5	GCF_013302545.1_ASM1330254v1_genomic	bsh	bsh
EKLJFINO_02363	tr|A0A6N3AUL3|A0A6N3AUL3_9FIRM	99.1	325	3	0	1	325	1	325	1.4e-192	667.5	GCF_013302545.1_ASM1330254v1_genomic	bsh	bsh
EKLJFINO_02363	tr|A0A173U973|A0A173U973_9FIRM	99.1	325	3	0	1	325	1	325	1.9e-192	667.2	GCF_013302545.1_ASM1330254v1_genomic	bsh	bsh
EKLJFINO_02363	tr|A0A1C5REX8|A0A1C5REX8_9FIRM	99.1	325	3	0	1	325	1	325	1.9e-192	667.2	GCF_013302545.1_ASM1330254v1_genomic	bsh	bsh
EKLJFINO_02363	tr|A0A1C5UZX7|A0A1C5UZX7_9CLOT	99.1	325	3	0	1	325	1	325	1.9e-192	667.2	GCF_013302545.1_ASM1330254v1_genomic	bsh	bsh
EKLJFINO_02363	tr|A0A1C6AVX0|A0A1C6AVX0_9FIRM	99.1	325	3	0	1	325	1	325	1.9e-192	667.2	GCF_013302545.1_ASM1330254v1_genomic	bsh	bsh
EKLJFINO_02363	tr|A0A417CDY8|A0A417CDY8_9FIRM	99.1	325	3	0	1	325	1	325	1.9e-192	667.2	GCF_013302545.1_ASM1330254v1_genomic	bsh	bsh
EKLJFINO_02363	tr|A0A564WVE5|A0A564WVE5_9FIRM	99.1	325	3	0	1	325	1	325	1.9e-192	667.2	GCF_013302545.1_ASM1330254v1_genomic	bsh	bsh
EKLJFINO_02363	tr|A0A416NLT9|A0A416NLT9_9FIRM	99.1	325	3	0	1	325	1	325	2.5e-192	666.8	GCF_013302545.1_ASM1330254v1_genomic	bsh	bsh
EKLJFINO_02363	tr|A0A7G9FVJ0|A0A7G9FVJ0_9FIRM	99.1	325	3	0	1	325	1	325	2.5e-192	666.8	GCF_013302545.1_ASM1330254v1_genomic	bsh	bsh
EKLJFINO_02363	tr|L1Q414|L1Q414_ANAHA	99.1	325	3	0	1	325	1	325	2.5e-192	666.8	GCF_013302545.1_ASM1330254v1_genomic	bsh	bsh
EKLJFINO_02363	tr|A0A174EB34|A0A174EB34_9FIRM	99.1	325	3	0	1	325	1	325	4.2e-192	666	GCF_013302545.1_ASM1330254v1_genomic	bsh	bsh
EKLJFINO_02363	tr|A0A174GR10|A0A174GR10_9FIRM	99.1	325	3	0	1	325	1	325	4.2e-192	666	GCF_013302545.1_ASM1330254v1_genomic	bsh	bsh
EKLJFINO_02363	tr|A0A174V5X0|A0A174V5X0_9FIRM	99.1	325	3	0	1	325	1	325	4.2e-192	666	GCF_013302545.1_ASM1330254v1_genomic	bsh	bsh
EKLJFINO_02363	tr|A0A3E5E3Y9|A0A3E5E3Y9_9FIRM	98.8	325	4	0	1	325	1	325	4.2e-192	666	GCF_013302545.1_ASM1330254v1_genomic	bsh	bsh
EKLJFINO_02363	tr|A0A1C5ULN3|A0A1C5ULN3_9FIRM	98.8	325	4	0	1	325	1	325	7.1e-192	665.2	GCF_013302545.1_ASM1330254v1_genomic	bsh	bsh
EKLJFINO_02363	tr|A0A1G5FIB9|A0A1G5FIB9_9FIRM	98.8	325	4	0	1	325	1	325	7.1e-192	665.2	GCF_013302545.1_ASM1330254v1_genomic	bsh	bsh
EKLJFINO_02363	tr|A0A317UFD6|A0A317UFD6_9FIRM	98.8	325	4	0	1	325	1	325	7.1e-192	665.2	GCF_013302545.1_ASM1330254v1_genomic	bsh	bsh
EKLJFINO_02363	tr|A0A367FUZ2|A0A367FUZ2_9FIRM	98.8	325	4	0	1	325	1	325	7.1e-192	665.2	GCF_013302545.1_ASM1330254v1_genomic	bsh	bsh
EKLJFINO_02363	tr|A0A3R6FU96|A0A3R6FU96_9FIRM	99.1	325	3	0	1	325	1	325	7.1e-192	665.2	GCF_013302545.1_ASM1330254v1_genomic	bsh	bsh
EKLJFINO_02363	tr|A0A3R6X451|A0A3R6X451_9CLOT	98.8	325	4	0	1	325	1	325	7.1e-192	665.2	GCF_013302545.1_ASM1330254v1_genomic	bsh	bsh
EKLJFINO_02363	tr|A0A6L8TEI6|A0A6L8TEI6_9FIRM	98.8	325	4	0	1	325	1	325	7.1e-192	665.2	GCF_013302545.1_ASM1330254v1_genomic	bsh	bsh
EKLJFINO_02363	tr|A0A942WJN2|A0A942WJN2_9FIRM	98.8	325	4	0	1	325	1	325	7.1e-192	665.2	GCF_013302545.1_ASM1330254v1_genomic	bsh	bsh
EKLJFINO_02363	tr|A0A1C5M099|A0A1C5M099_9CLOT	98.8	325	4	0	1	325	1	325	9.3e-192	664.8	GCF_013302545.1_ASM1330254v1_genomic	bsh	bsh
EKLJFINO_02363	tr|A0A3R6N0X3|A0A3R6N0X3_9CLOT	98.8	325	4	0	1	325	1	325	9.3e-192	664.8	GCF_013302545.1_ASM1330254v1_genomic	bsh	bsh
EKLJFINO_02363	tr|K1RSL9|K1RSL9_9ZZZZ	99.4	322	2	0	1	322	1	322	3.5e-191	662.9	GCF_013302545.1_ASM1330254v1_genomic	bsh	bsh
CGGOBLDE_01085	tr|A0A415W1Y4|A0A415W1Y4_9FIRM	100	323	0	0	1	323	1	323	2.4e-195	676.8	GCF_013302555.1_ASM1330255v1_genomic	bsh	bsh
CGGOBLDE_01085	tr|A0A415Y4A6|A0A415Y4A6_9FIRM	100	323	0	0	1	323	1	323	2.4e-195	676.8	GCF_013302555.1_ASM1330255v1_genomic	bsh	bsh
CGGOBLDE_01085	tr|A0A417JP01|A0A417JP01_9FIRM	100	323	0	0	1	323	1	323	2.4e-195	676.8	GCF_013302555.1_ASM1330255v1_genomic	bsh	bsh
CGGOBLDE_01085	tr|A0A417UTY8|A0A417UTY8_9FIRM	100	323	0	0	1	323	1	323	2.4e-195	676.8	GCF_013302555.1_ASM1330255v1_genomic	bsh	bsh
CGGOBLDE_01085	tr|D4N0V8|D4N0V8_ANAHA	100	323	0	0	1	323	1	323	2.4e-195	676.8	GCF_013302555.1_ASM1330255v1_genomic	bsh	bsh
CGGOBLDE_01085	tr|A0A6N2RN78|A0A6N2RN78_ANAHA	99.7	323	1	0	1	323	1	323	3.1e-195	676.4	GCF_013302555.1_ASM1330255v1_genomic	bsh	bsh
CGGOBLDE_01085	tr|L1QBV1|L1QBV1_ANAHA	99.7	323	1	0	1	323	1	323	5.2e-195	675.6	GCF_013302555.1_ASM1330255v1_genomic	bsh	bsh
CGGOBLDE_01085	tr|A0A1Q2CAU9|A0A1Q2CAU9_ANAHA	99.7	323	1	0	1	323	1	323	6.9e-195	675.2	GCF_013302555.1_ASM1330255v1_genomic	bsh	bsh
CGGOBLDE_01085	tr|E5VP64|E5VP64_9FIRM	99.7	323	1	0	1	323	1	323	6.9e-195	675.2	GCF_013302555.1_ASM1330255v1_genomic	bsh	bsh
CGGOBLDE_01085	tr|R5Z9B8|R5Z9B8_9FIRM	99.7	323	1	0	1	323	1	323	6.9e-195	675.2	GCF_013302555.1_ASM1330255v1_genomic	bsh	bsh
CGGOBLDE_01085	tr|A0A174S307|A0A174S307_ANAHA	99.7	323	1	0	1	323	1	323	8.9e-195	674.9	GCF_013302555.1_ASM1330255v1_genomic	bsh	bsh
CFLOBBPJ_01165	tr|A0A415W1Y4|A0A415W1Y4_9FIRM	100	323	0	0	1	323	1	323	2.4e-195	676.8	GCF_013302565.1_ASM1330256v1_genomic	bsh	bsh
CFLOBBPJ_01165	tr|A0A415Y4A6|A0A415Y4A6_9FIRM	100	323	0	0	1	323	1	323	2.4e-195	676.8	GCF_013302565.1_ASM1330256v1_genomic	bsh	bsh
CFLOBBPJ_01165	tr|A0A417JP01|A0A417JP01_9FIRM	100	323	0	0	1	323	1	323	2.4e-195	676.8	GCF_013302565.1_ASM1330256v1_genomic	bsh	bsh
CFLOBBPJ_01165	tr|A0A417UTY8|A0A417UTY8_9FIRM	100	323	0	0	1	323	1	323	2.4e-195	676.8	GCF_013302565.1_ASM1330256v1_genomic	bsh	bsh
CFLOBBPJ_01165	tr|D4N0V8|D4N0V8_ANAHA	100	323	0	0	1	323	1	323	2.4e-195	676.8	GCF_013302565.1_ASM1330256v1_genomic	bsh	bsh
CFLOBBPJ_01165	tr|A0A6N2RN78|A0A6N2RN78_ANAHA	99.7	323	1	0	1	323	1	323	3.1e-195	676.4	GCF_013302565.1_ASM1330256v1_genomic	bsh	bsh
CFLOBBPJ_01165	tr|L1QBV1|L1QBV1_ANAHA	99.7	323	1	0	1	323	1	323	5.2e-195	675.6	GCF_013302565.1_ASM1330256v1_genomic	bsh	bsh
CFLOBBPJ_01165	tr|A0A1Q2CAU9|A0A1Q2CAU9_ANAHA	99.7	323	1	0	1	323	1	323	6.9e-195	675.2	GCF_013302565.1_ASM1330256v1_genomic	bsh	bsh
CFLOBBPJ_01165	tr|E5VP64|E5VP64_9FIRM	99.7	323	1	0	1	323	1	323	6.9e-195	675.2	GCF_013302565.1_ASM1330256v1_genomic	bsh	bsh
CFLOBBPJ_01165	tr|R5Z9B8|R5Z9B8_9FIRM	99.7	323	1	0	1	323	1	323	6.9e-195	675.2	GCF_013302565.1_ASM1330256v1_genomic	bsh	bsh
CFLOBBPJ_01165	tr|A0A174S307|A0A174S307_ANAHA	99.7	323	1	0	1	323	1	323	8.9e-195	674.9	GCF_013302565.1_ASM1330256v1_genomic	bsh	bsh
CNJAGMEN_01307	tr|A0A415W1Y4|A0A415W1Y4_9FIRM	100	323	0	0	1	323	1	323	2.4e-195	676.8	GCF_013302595.1_ASM1330259v1_genomic	bsh	bsh
CNJAGMEN_01307	tr|A0A415Y4A6|A0A415Y4A6_9FIRM	100	323	0	0	1	323	1	323	2.4e-195	676.8	GCF_013302595.1_ASM1330259v1_genomic	bsh	bsh
CNJAGMEN_01307	tr|A0A417JP01|A0A417JP01_9FIRM	100	323	0	0	1	323	1	323	2.4e-195	676.8	GCF_013302595.1_ASM1330259v1_genomic	bsh	bsh
CNJAGMEN_01307	tr|A0A417UTY8|A0A417UTY8_9FIRM	100	323	0	0	1	323	1	323	2.4e-195	676.8	GCF_013302595.1_ASM1330259v1_genomic	bsh	bsh
CNJAGMEN_01307	tr|D4N0V8|D4N0V8_ANAHA	100	323	0	0	1	323	1	323	2.4e-195	676.8	GCF_013302595.1_ASM1330259v1_genomic	bsh	bsh
CNJAGMEN_01307	tr|A0A6N2RN78|A0A6N2RN78_ANAHA	99.7	323	1	0	1	323	1	323	3.1e-195	676.4	GCF_013302595.1_ASM1330259v1_genomic	bsh	bsh
CNJAGMEN_01307	tr|L1QBV1|L1QBV1_ANAHA	99.7	323	1	0	1	323	1	323	5.2e-195	675.6	GCF_013302595.1_ASM1330259v1_genomic	bsh	bsh
CNJAGMEN_01307	tr|A0A1Q2CAU9|A0A1Q2CAU9_ANAHA	99.7	323	1	0	1	323	1	323	6.9e-195	675.2	GCF_013302595.1_ASM1330259v1_genomic	bsh	bsh
CNJAGMEN_01307	tr|E5VP64|E5VP64_9FIRM	99.7	323	1	0	1	323	1	323	6.9e-195	675.2	GCF_013302595.1_ASM1330259v1_genomic	bsh	bsh
CNJAGMEN_01307	tr|R5Z9B8|R5Z9B8_9FIRM	99.7	323	1	0	1	323	1	323	6.9e-195	675.2	GCF_013302595.1_ASM1330259v1_genomic	bsh	bsh
CNJAGMEN_01307	tr|A0A174S307|A0A174S307_ANAHA	99.7	323	1	0	1	323	1	323	8.9e-195	674.9	GCF_013302595.1_ASM1330259v1_genomic	bsh	bsh
BPMFDCLE_01278	tr|A0A415W1Y4|A0A415W1Y4_9FIRM	100	323	0	0	1	323	1	323	2.4e-195	676.8	GCF_013302605.1_ASM1330260v1_genomic	bsh	bsh
BPMFDCLE_01278	tr|A0A415Y4A6|A0A415Y4A6_9FIRM	100	323	0	0	1	323	1	323	2.4e-195	676.8	GCF_013302605.1_ASM1330260v1_genomic	bsh	bsh
BPMFDCLE_01278	tr|A0A417JP01|A0A417JP01_9FIRM	100	323	0	0	1	323	1	323	2.4e-195	676.8	GCF_013302605.1_ASM1330260v1_genomic	bsh	bsh
BPMFDCLE_01278	tr|A0A417UTY8|A0A417UTY8_9FIRM	100	323	0	0	1	323	1	323	2.4e-195	676.8	GCF_013302605.1_ASM1330260v1_genomic	bsh	bsh
BPMFDCLE_01278	tr|D4N0V8|D4N0V8_ANAHA	100	323	0	0	1	323	1	323	2.4e-195	676.8	GCF_013302605.1_ASM1330260v1_genomic	bsh	bsh
BPMFDCLE_01278	tr|A0A6N2RN78|A0A6N2RN78_ANAHA	99.7	323	1	0	1	323	1	323	3.1e-195	676.4	GCF_013302605.1_ASM1330260v1_genomic	bsh	bsh
BPMFDCLE_01278	tr|L1QBV1|L1QBV1_ANAHA	99.7	323	1	0	1	323	1	323	5.2e-195	675.6	GCF_013302605.1_ASM1330260v1_genomic	bsh	bsh
BPMFDCLE_01278	tr|A0A1Q2CAU9|A0A1Q2CAU9_ANAHA	99.7	323	1	0	1	323	1	323	6.9e-195	675.2	GCF_013302605.1_ASM1330260v1_genomic	bsh	bsh
BPMFDCLE_01278	tr|E5VP64|E5VP64_9FIRM	99.7	323	1	0	1	323	1	323	6.9e-195	675.2	GCF_013302605.1_ASM1330260v1_genomic	bsh	bsh
BPMFDCLE_01278	tr|R5Z9B8|R5Z9B8_9FIRM	99.7	323	1	0	1	323	1	323	6.9e-195	675.2	GCF_013302605.1_ASM1330260v1_genomic	bsh	bsh
BPMFDCLE_01278	tr|A0A174S307|A0A174S307_ANAHA	99.7	323	1	0	1	323	1	323	8.9e-195	674.9	GCF_013302605.1_ASM1330260v1_genomic	bsh	bsh
PBOEODCG_01241	tr|A0A1Q2CAU9|A0A1Q2CAU9_ANAHA	100	323	0	0	1	323	1	323	2.4e-195	676.8	GCF_013302645.1_ASM1330264v1_genomic	bsh	bsh
PBOEODCG_01241	tr|A0A415W1Y4|A0A415W1Y4_9FIRM	99.7	323	1	0	1	323	1	323	8.9e-195	674.9	GCF_013302645.1_ASM1330264v1_genomic	bsh	bsh
PBOEODCG_01241	tr|A0A415Y4A6|A0A415Y4A6_9FIRM	99.7	323	1	0	1	323	1	323	8.9e-195	674.9	GCF_013302645.1_ASM1330264v1_genomic	bsh	bsh
PBOEODCG_01241	tr|A0A417JP01|A0A417JP01_9FIRM	99.7	323	1	0	1	323	1	323	8.9e-195	674.9	GCF_013302645.1_ASM1330264v1_genomic	bsh	bsh
PBOEODCG_01241	tr|A0A417UTY8|A0A417UTY8_9FIRM	99.7	323	1	0	1	323	1	323	8.9e-195	674.9	GCF_013302645.1_ASM1330264v1_genomic	bsh	bsh
PBOEODCG_01241	tr|D4N0V8|D4N0V8_ANAHA	99.7	323	1	0	1	323	1	323	8.9e-195	674.9	GCF_013302645.1_ASM1330264v1_genomic	bsh	bsh
PBOEODCG_01241	tr|A0A6N2RN78|A0A6N2RN78_ANAHA	99.4	323	2	0	1	323	1	323	1.2e-194	674.5	GCF_013302645.1_ASM1330264v1_genomic	bsh	bsh
PBOEODCG_01241	tr|L1QBV1|L1QBV1_ANAHA	99.4	323	2	0	1	323	1	323	2e-194	673.7	GCF_013302645.1_ASM1330264v1_genomic	bsh	bsh
PBOEODCG_01241	tr|E5VP64|E5VP64_9FIRM	99.4	323	2	0	1	323	1	323	2.6e-194	673.3	GCF_013302645.1_ASM1330264v1_genomic	bsh	bsh
PBOEODCG_01241	tr|R5Z9B8|R5Z9B8_9FIRM	99.4	323	2	0	1	323	1	323	2.6e-194	673.3	GCF_013302645.1_ASM1330264v1_genomic	bsh	bsh
PBOEODCG_01241	tr|A0A174S307|A0A174S307_ANAHA	99.4	323	2	0	1	323	1	323	3.4e-194	672.9	GCF_013302645.1_ASM1330264v1_genomic	bsh	bsh
PDPFBEPF_01456	tr|A0A1Q2CAU9|A0A1Q2CAU9_ANAHA	100	323	0	0	1	323	1	323	2.4e-195	676.8	GCF_013302665.1_ASM1330266v1_genomic	bsh	bsh
PDPFBEPF_01456	tr|A0A415W1Y4|A0A415W1Y4_9FIRM	99.7	323	1	0	1	323	1	323	8.9e-195	674.9	GCF_013302665.1_ASM1330266v1_genomic	bsh	bsh
PDPFBEPF_01456	tr|A0A415Y4A6|A0A415Y4A6_9FIRM	99.7	323	1	0	1	323	1	323	8.9e-195	674.9	GCF_013302665.1_ASM1330266v1_genomic	bsh	bsh
PDPFBEPF_01456	tr|A0A417JP01|A0A417JP01_9FIRM	99.7	323	1	0	1	323	1	323	8.9e-195	674.9	GCF_013302665.1_ASM1330266v1_genomic	bsh	bsh
PDPFBEPF_01456	tr|A0A417UTY8|A0A417UTY8_9FIRM	99.7	323	1	0	1	323	1	323	8.9e-195	674.9	GCF_013302665.1_ASM1330266v1_genomic	bsh	bsh
PDPFBEPF_01456	tr|D4N0V8|D4N0V8_ANAHA	99.7	323	1	0	1	323	1	323	8.9e-195	674.9	GCF_013302665.1_ASM1330266v1_genomic	bsh	bsh
PDPFBEPF_01456	tr|A0A6N2RN78|A0A6N2RN78_ANAHA	99.4	323	2	0	1	323	1	323	1.2e-194	674.5	GCF_013302665.1_ASM1330266v1_genomic	bsh	bsh
PDPFBEPF_01456	tr|L1QBV1|L1QBV1_ANAHA	99.4	323	2	0	1	323	1	323	2e-194	673.7	GCF_013302665.1_ASM1330266v1_genomic	bsh	bsh
PDPFBEPF_01456	tr|E5VP64|E5VP64_9FIRM	99.4	323	2	0	1	323	1	323	2.6e-194	673.3	GCF_013302665.1_ASM1330266v1_genomic	bsh	bsh
PDPFBEPF_01456	tr|R5Z9B8|R5Z9B8_9FIRM	99.4	323	2	0	1	323	1	323	2.6e-194	673.3	GCF_013302665.1_ASM1330266v1_genomic	bsh	bsh
PDPFBEPF_01456	tr|A0A174S307|A0A174S307_ANAHA	99.4	323	2	0	1	323	1	323	3.4e-194	672.9	GCF_013302665.1_ASM1330266v1_genomic	bsh	bsh
AMFMHKFD_01014	tr|A0A1Q2CAU9|A0A1Q2CAU9_ANAHA	100	323	0	0	1	323	1	323	2.4e-195	676.8	GCF_013302675.1_ASM1330267v1_genomic	bsh	bsh
AMFMHKFD_01014	tr|A0A415W1Y4|A0A415W1Y4_9FIRM	99.7	323	1	0	1	323	1	323	8.9e-195	674.9	GCF_013302675.1_ASM1330267v1_genomic	bsh	bsh
AMFMHKFD_01014	tr|A0A415Y4A6|A0A415Y4A6_9FIRM	99.7	323	1	0	1	323	1	323	8.9e-195	674.9	GCF_013302675.1_ASM1330267v1_genomic	bsh	bsh
AMFMHKFD_01014	tr|A0A417JP01|A0A417JP01_9FIRM	99.7	323	1	0	1	323	1	323	8.9e-195	674.9	GCF_013302675.1_ASM1330267v1_genomic	bsh	bsh
AMFMHKFD_01014	tr|A0A417UTY8|A0A417UTY8_9FIRM	99.7	323	1	0	1	323	1	323	8.9e-195	674.9	GCF_013302675.1_ASM1330267v1_genomic	bsh	bsh
AMFMHKFD_01014	tr|D4N0V8|D4N0V8_ANAHA	99.7	323	1	0	1	323	1	323	8.9e-195	674.9	GCF_013302675.1_ASM1330267v1_genomic	bsh	bsh
AMFMHKFD_01014	tr|A0A6N2RN78|A0A6N2RN78_ANAHA	99.4	323	2	0	1	323	1	323	1.2e-194	674.5	GCF_013302675.1_ASM1330267v1_genomic	bsh	bsh
AMFMHKFD_01014	tr|L1QBV1|L1QBV1_ANAHA	99.4	323	2	0	1	323	1	323	2e-194	673.7	GCF_013302675.1_ASM1330267v1_genomic	bsh	bsh
AMFMHKFD_01014	tr|E5VP64|E5VP64_9FIRM	99.4	323	2	0	1	323	1	323	2.6e-194	673.3	GCF_013302675.1_ASM1330267v1_genomic	bsh	bsh
AMFMHKFD_01014	tr|R5Z9B8|R5Z9B8_9FIRM	99.4	323	2	0	1	323	1	323	2.6e-194	673.3	GCF_013302675.1_ASM1330267v1_genomic	bsh	bsh
AMFMHKFD_01014	tr|A0A174S307|A0A174S307_ANAHA	99.4	323	2	0	1	323	1	323	3.4e-194	672.9	GCF_013302675.1_ASM1330267v1_genomic	bsh	bsh
NOEHOIPN_01196	tr|A0A1Q2CAU9|A0A1Q2CAU9_ANAHA	100	323	0	0	1	323	1	323	2.4e-195	676.8	GCF_013302685.1_ASM1330268v1_genomic	bsh	bsh
NOEHOIPN_01196	tr|A0A415W1Y4|A0A415W1Y4_9FIRM	99.7	323	1	0	1	323	1	323	8.9e-195	674.9	GCF_013302685.1_ASM1330268v1_genomic	bsh	bsh
NOEHOIPN_01196	tr|A0A415Y4A6|A0A415Y4A6_9FIRM	99.7	323	1	0	1	323	1	323	8.9e-195	674.9	GCF_013302685.1_ASM1330268v1_genomic	bsh	bsh
NOEHOIPN_01196	tr|A0A417JP01|A0A417JP01_9FIRM	99.7	323	1	0	1	323	1	323	8.9e-195	674.9	GCF_013302685.1_ASM1330268v1_genomic	bsh	bsh
NOEHOIPN_01196	tr|A0A417UTY8|A0A417UTY8_9FIRM	99.7	323	1	0	1	323	1	323	8.9e-195	674.9	GCF_013302685.1_ASM1330268v1_genomic	bsh	bsh
NOEHOIPN_01196	tr|D4N0V8|D4N0V8_ANAHA	99.7	323	1	0	1	323	1	323	8.9e-195	674.9	GCF_013302685.1_ASM1330268v1_genomic	bsh	bsh
NOEHOIPN_01196	tr|A0A6N2RN78|A0A6N2RN78_ANAHA	99.4	323	2	0	1	323	1	323	1.2e-194	674.5	GCF_013302685.1_ASM1330268v1_genomic	bsh	bsh
NOEHOIPN_01196	tr|L1QBV1|L1QBV1_ANAHA	99.4	323	2	0	1	323	1	323	2e-194	673.7	GCF_013302685.1_ASM1330268v1_genomic	bsh	bsh
NOEHOIPN_01196	tr|E5VP64|E5VP64_9FIRM	99.4	323	2	0	1	323	1	323	2.6e-194	673.3	GCF_013302685.1_ASM1330268v1_genomic	bsh	bsh
NOEHOIPN_01196	tr|R5Z9B8|R5Z9B8_9FIRM	99.4	323	2	0	1	323	1	323	2.6e-194	673.3	GCF_013302685.1_ASM1330268v1_genomic	bsh	bsh
NOEHOIPN_01196	tr|A0A174S307|A0A174S307_ANAHA	99.4	323	2	0	1	323	1	323	3.4e-194	672.9	GCF_013302685.1_ASM1330268v1_genomic	bsh	bsh
GKONJLLH_01145	tr|A0A415W1Y4|A0A415W1Y4_9FIRM	100	323	0	0	1	323	1	323	2.4e-195	676.8	GCF_013302715.1_ASM1330271v1_genomic	bsh	bsh
GKONJLLH_01145	tr|A0A415Y4A6|A0A415Y4A6_9FIRM	100	323	0	0	1	323	1	323	2.4e-195	676.8	GCF_013302715.1_ASM1330271v1_genomic	bsh	bsh
GKONJLLH_01145	tr|A0A417JP01|A0A417JP01_9FIRM	100	323	0	0	1	323	1	323	2.4e-195	676.8	GCF_013302715.1_ASM1330271v1_genomic	bsh	bsh
GKONJLLH_01145	tr|A0A417UTY8|A0A417UTY8_9FIRM	100	323	0	0	1	323	1	323	2.4e-195	676.8	GCF_013302715.1_ASM1330271v1_genomic	bsh	bsh
GKONJLLH_01145	tr|D4N0V8|D4N0V8_ANAHA	100	323	0	0	1	323	1	323	2.4e-195	676.8	GCF_013302715.1_ASM1330271v1_genomic	bsh	bsh
GKONJLLH_01145	tr|A0A6N2RN78|A0A6N2RN78_ANAHA	99.7	323	1	0	1	323	1	323	3.1e-195	676.4	GCF_013302715.1_ASM1330271v1_genomic	bsh	bsh
GKONJLLH_01145	tr|L1QBV1|L1QBV1_ANAHA	99.7	323	1	0	1	323	1	323	5.2e-195	675.6	GCF_013302715.1_ASM1330271v1_genomic	bsh	bsh
GKONJLLH_01145	tr|A0A1Q2CAU9|A0A1Q2CAU9_ANAHA	99.7	323	1	0	1	323	1	323	6.9e-195	675.2	GCF_013302715.1_ASM1330271v1_genomic	bsh	bsh
GKONJLLH_01145	tr|E5VP64|E5VP64_9FIRM	99.7	323	1	0	1	323	1	323	6.9e-195	675.2	GCF_013302715.1_ASM1330271v1_genomic	bsh	bsh
GKONJLLH_01145	tr|R5Z9B8|R5Z9B8_9FIRM	99.7	323	1	0	1	323	1	323	6.9e-195	675.2	GCF_013302715.1_ASM1330271v1_genomic	bsh	bsh
GKONJLLH_01145	tr|A0A174S307|A0A174S307_ANAHA	99.7	323	1	0	1	323	1	323	8.9e-195	674.9	GCF_013302715.1_ASM1330271v1_genomic	bsh	bsh
JHAHNFPD_00951	tr|A0A415W1Y4|A0A415W1Y4_9FIRM	100	323	0	0	1	323	1	323	2.4e-195	676.8	GCF_013302745.1_ASM1330274v1_genomic	bsh	bsh
JHAHNFPD_00951	tr|A0A415Y4A6|A0A415Y4A6_9FIRM	100	323	0	0	1	323	1	323	2.4e-195	676.8	GCF_013302745.1_ASM1330274v1_genomic	bsh	bsh
JHAHNFPD_00951	tr|A0A417JP01|A0A417JP01_9FIRM	100	323	0	0	1	323	1	323	2.4e-195	676.8	GCF_013302745.1_ASM1330274v1_genomic	bsh	bsh
JHAHNFPD_00951	tr|A0A417UTY8|A0A417UTY8_9FIRM	100	323	0	0	1	323	1	323	2.4e-195	676.8	GCF_013302745.1_ASM1330274v1_genomic	bsh	bsh
JHAHNFPD_00951	tr|D4N0V8|D4N0V8_ANAHA	100	323	0	0	1	323	1	323	2.4e-195	676.8	GCF_013302745.1_ASM1330274v1_genomic	bsh	bsh
JHAHNFPD_00951	tr|A0A6N2RN78|A0A6N2RN78_ANAHA	99.7	323	1	0	1	323	1	323	3.1e-195	676.4	GCF_013302745.1_ASM1330274v1_genomic	bsh	bsh
JHAHNFPD_00951	tr|L1QBV1|L1QBV1_ANAHA	99.7	323	1	0	1	323	1	323	5.2e-195	675.6	GCF_013302745.1_ASM1330274v1_genomic	bsh	bsh
JHAHNFPD_00951	tr|A0A1Q2CAU9|A0A1Q2CAU9_ANAHA	99.7	323	1	0	1	323	1	323	6.9e-195	675.2	GCF_013302745.1_ASM1330274v1_genomic	bsh	bsh
JHAHNFPD_00951	tr|E5VP64|E5VP64_9FIRM	99.7	323	1	0	1	323	1	323	6.9e-195	675.2	GCF_013302745.1_ASM1330274v1_genomic	bsh	bsh
JHAHNFPD_00951	tr|R5Z9B8|R5Z9B8_9FIRM	99.7	323	1	0	1	323	1	323	6.9e-195	675.2	GCF_013302745.1_ASM1330274v1_genomic	bsh	bsh
JHAHNFPD_00951	tr|A0A174S307|A0A174S307_ANAHA	99.7	323	1	0	1	323	1	323	8.9e-195	674.9	GCF_013302745.1_ASM1330274v1_genomic	bsh	bsh
JHAHNFPD_01653	tr|A0A173UXL2|A0A173UXL2_ANAHA	100	325	0	0	1	325	1	325	4.5e-194	672.5	GCF_013302745.1_ASM1330274v1_genomic	bsh	bsh
JHAHNFPD_01653	tr|A0A173V7R5|A0A173V7R5_9FIRM	100	325	0	0	1	325	1	325	4.5e-194	672.5	GCF_013302745.1_ASM1330274v1_genomic	bsh	bsh
JHAHNFPD_01653	tr|A0A174D8V8|A0A174D8V8_9FIRM	100	325	0	0	1	325	1	325	4.5e-194	672.5	GCF_013302745.1_ASM1330274v1_genomic	bsh	bsh
JHAHNFPD_01653	tr|A0A174HSI5|A0A174HSI5_9FIRM	100	325	0	0	1	325	1	325	4.5e-194	672.5	GCF_013302745.1_ASM1330274v1_genomic	bsh	bsh
JHAHNFPD_01653	tr|A0A1C5TTN1|A0A1C5TTN1_9FIRM	100	325	0	0	1	325	1	325	4.5e-194	672.5	GCF_013302745.1_ASM1330274v1_genomic	bsh	bsh
JHAHNFPD_01653	tr|A0A1C5U7I7|A0A1C5U7I7_9CLOT	100	325	0	0	1	325	1	325	4.5e-194	672.5	GCF_013302745.1_ASM1330274v1_genomic	bsh	bsh
JHAHNFPD_01653	tr|A0A1C6BVX3|A0A1C6BVX3_9FIRM	100	325	0	0	1	325	1	325	4.5e-194	672.5	GCF_013302745.1_ASM1330274v1_genomic	bsh	bsh
JHAHNFPD_01653	tr|A0A1C6FXQ7|A0A1C6FXQ7_9FIRM	100	325	0	0	1	325	1	325	4.5e-194	672.5	GCF_013302745.1_ASM1330274v1_genomic	bsh	bsh
JHAHNFPD_01653	tr|A0A285PRT2|A0A285PRT2_9FIRM	100	325	0	0	1	325	1	325	4.5e-194	672.5	GCF_013302745.1_ASM1330274v1_genomic	bsh	bsh
JHAHNFPD_01653	tr|A0A373V9R9|A0A373V9R9_9FIRM	100	325	0	0	1	325	1	325	4.5e-194	672.5	GCF_013302745.1_ASM1330274v1_genomic	bsh	bsh
JHAHNFPD_01653	tr|A0A374AYZ4|A0A374AYZ4_9FIRM	100	325	0	0	1	325	1	325	4.5e-194	672.5	GCF_013302745.1_ASM1330274v1_genomic	bsh	bsh
JHAHNFPD_01653	tr|A0A3R6DJG5|A0A3R6DJG5_9FIRM	100	325	0	0	1	325	1	325	4.5e-194	672.5	GCF_013302745.1_ASM1330274v1_genomic	bsh	bsh
JHAHNFPD_01653	tr|A0A412MA68|A0A412MA68_9FIRM	100	325	0	0	1	325	1	325	4.5e-194	672.5	GCF_013302745.1_ASM1330274v1_genomic	bsh	bsh
JHAHNFPD_01653	tr|A0A415FJV4|A0A415FJV4_9FIRM	100	325	0	0	1	325	1	325	4.5e-194	672.5	GCF_013302745.1_ASM1330274v1_genomic	bsh	bsh
JHAHNFPD_01653	tr|A0A415VWX2|A0A415VWX2_9FIRM	100	325	0	0	1	325	1	325	4.5e-194	672.5	GCF_013302745.1_ASM1330274v1_genomic	bsh	bsh
JHAHNFPD_01653	tr|A0A415Y8U9|A0A415Y8U9_9FIRM	100	325	0	0	1	325	1	325	4.5e-194	672.5	GCF_013302745.1_ASM1330274v1_genomic	bsh	bsh
JHAHNFPD_01653	tr|A0A417C6D6|A0A417C6D6_9FIRM	100	325	0	0	1	325	1	325	4.5e-194	672.5	GCF_013302745.1_ASM1330274v1_genomic	bsh	bsh
JHAHNFPD_01653	tr|A0A417URI0|A0A417URI0_9FIRM	100	325	0	0	1	325	1	325	4.5e-194	672.5	GCF_013302745.1_ASM1330274v1_genomic	bsh	bsh
JHAHNFPD_01653	tr|A0A845KWQ3|A0A845KWQ3_9FIRM	100	325	0	0	1	325	1	325	4.5e-194	672.5	GCF_013302745.1_ASM1330274v1_genomic	bsh	bsh
JHAHNFPD_01653	tr|A5ZWR0|A5ZWR0_9FIRM	100	325	0	0	1	325	1	325	4.5e-194	672.5	GCF_013302745.1_ASM1330274v1_genomic	bsh	bsh
JHAHNFPD_01653	tr|A6BGZ5|A6BGZ5_9FIRM	100	325	0	0	1	325	1	325	4.5e-194	672.5	GCF_013302745.1_ASM1330274v1_genomic	bsh	bsh
JHAHNFPD_01653	tr|C0EW54|C0EW54_9FIRM	100	325	0	0	1	325	1	325	4.5e-194	672.5	GCF_013302745.1_ASM1330274v1_genomic	bsh	bsh
JHAHNFPD_01653	tr|A0A844GIR0|A0A844GIR0_9FIRM	99.7	325	1	0	1	325	1	325	5.8e-194	672.2	GCF_013302745.1_ASM1330274v1_genomic	bsh	bsh
JHAHNFPD_01653	tr|A0A1C6IFT3|A0A1C6IFT3_9FIRM	99.7	325	1	0	1	325	1	325	7.6e-194	671.8	GCF_013302745.1_ASM1330274v1_genomic	bsh	bsh
JHAHNFPD_01653	tr|A0A6N9LK70|A0A6N9LK70_9FIRM	99.7	325	1	0	1	325	1	325	7.6e-194	671.8	GCF_013302745.1_ASM1330274v1_genomic	bsh	bsh
JHAHNFPD_01653	tr|A0A1C5RZ46|A0A1C5RZ46_9CLOT	99.7	325	1	0	1	325	1	325	1.3e-193	671	GCF_013302745.1_ASM1330274v1_genomic	bsh	bsh
JHAHNFPD_01653	tr|A0A1C5TMU3|A0A1C5TMU3_9FIRM	99.7	325	1	0	1	325	1	325	1.3e-193	671	GCF_013302745.1_ASM1330274v1_genomic	bsh	bsh
JHAHNFPD_01653	tr|A0A1C5VAP5|A0A1C5VAP5_9FIRM	99.7	325	1	0	1	325	1	325	1.3e-193	671	GCF_013302745.1_ASM1330274v1_genomic	bsh	bsh
JHAHNFPD_01653	tr|A0A373IZI9|A0A373IZI9_9FIRM	99.7	325	1	0	1	325	1	325	1.3e-193	671	GCF_013302745.1_ASM1330274v1_genomic	bsh	bsh
JHAHNFPD_01653	tr|A0A415HK39|A0A415HK39_9FIRM	99.7	325	1	0	1	325	1	325	1.3e-193	671	GCF_013302745.1_ASM1330274v1_genomic	bsh	bsh
JHAHNFPD_01653	tr|A0A417R5E7|A0A417R5E7_9FIRM	99.7	325	1	0	1	325	1	325	1.3e-193	671	GCF_013302745.1_ASM1330274v1_genomic	bsh	bsh
JHAHNFPD_01653	tr|A0A6N3AUL3|A0A6N3AUL3_9FIRM	99.7	325	1	0	1	325	1	325	1.3e-193	671	GCF_013302745.1_ASM1330274v1_genomic	bsh	bsh
JHAHNFPD_01653	tr|A0A173U973|A0A173U973_9FIRM	99.7	325	1	0	1	325	1	325	1.7e-193	670.6	GCF_013302745.1_ASM1330274v1_genomic	bsh	bsh
JHAHNFPD_01653	tr|A0A1C5REX8|A0A1C5REX8_9FIRM	99.7	325	1	0	1	325	1	325	1.7e-193	670.6	GCF_013302745.1_ASM1330274v1_genomic	bsh	bsh
JHAHNFPD_01653	tr|A0A1C5UZX7|A0A1C5UZX7_9CLOT	99.7	325	1	0	1	325	1	325	1.7e-193	670.6	GCF_013302745.1_ASM1330274v1_genomic	bsh	bsh
JHAHNFPD_01653	tr|A0A1C6AVX0|A0A1C6AVX0_9FIRM	99.7	325	1	0	1	325	1	325	1.7e-193	670.6	GCF_013302745.1_ASM1330274v1_genomic	bsh	bsh
JHAHNFPD_01653	tr|A0A417CDY8|A0A417CDY8_9FIRM	99.7	325	1	0	1	325	1	325	1.7e-193	670.6	GCF_013302745.1_ASM1330274v1_genomic	bsh	bsh
JHAHNFPD_01653	tr|A0A564WVE5|A0A564WVE5_9FIRM	99.7	325	1	0	1	325	1	325	1.7e-193	670.6	GCF_013302745.1_ASM1330274v1_genomic	bsh	bsh
JHAHNFPD_01653	tr|A0A416NLT9|A0A416NLT9_9FIRM	99.7	325	1	0	1	325	1	325	2.2e-193	670.2	GCF_013302745.1_ASM1330274v1_genomic	bsh	bsh
JHAHNFPD_01653	tr|A0A7G9FVJ0|A0A7G9FVJ0_9FIRM	99.7	325	1	0	1	325	1	325	2.2e-193	670.2	GCF_013302745.1_ASM1330274v1_genomic	bsh	bsh
JHAHNFPD_01653	tr|L1Q414|L1Q414_ANAHA	99.7	325	1	0	1	325	1	325	2.2e-193	670.2	GCF_013302745.1_ASM1330274v1_genomic	bsh	bsh
JHAHNFPD_01653	tr|A0A174EB34|A0A174EB34_9FIRM	99.7	325	1	0	1	325	1	325	3.8e-193	669.5	GCF_013302745.1_ASM1330274v1_genomic	bsh	bsh
JHAHNFPD_01653	tr|A0A174GR10|A0A174GR10_9FIRM	99.7	325	1	0	1	325	1	325	3.8e-193	669.5	GCF_013302745.1_ASM1330274v1_genomic	bsh	bsh
JHAHNFPD_01653	tr|A0A174V5X0|A0A174V5X0_9FIRM	99.7	325	1	0	1	325	1	325	3.8e-193	669.5	GCF_013302745.1_ASM1330274v1_genomic	bsh	bsh
JHAHNFPD_01653	tr|A0A3E5E3Y9|A0A3E5E3Y9_9FIRM	99.4	325	2	0	1	325	1	325	3.8e-193	669.5	GCF_013302745.1_ASM1330274v1_genomic	bsh	bsh
JHAHNFPD_01653	tr|A0A1C5ULN3|A0A1C5ULN3_9FIRM	99.4	325	2	0	1	325	1	325	6.5e-193	668.7	GCF_013302745.1_ASM1330274v1_genomic	bsh	bsh
JHAHNFPD_01653	tr|A0A1G5FIB9|A0A1G5FIB9_9FIRM	99.4	325	2	0	1	325	1	325	6.5e-193	668.7	GCF_013302745.1_ASM1330274v1_genomic	bsh	bsh
JHAHNFPD_01653	tr|A0A317UFD6|A0A317UFD6_9FIRM	99.4	325	2	0	1	325	1	325	6.5e-193	668.7	GCF_013302745.1_ASM1330274v1_genomic	bsh	bsh
JHAHNFPD_01653	tr|A0A367FUZ2|A0A367FUZ2_9FIRM	99.4	325	2	0	1	325	1	325	6.5e-193	668.7	GCF_013302745.1_ASM1330274v1_genomic	bsh	bsh
JHAHNFPD_01653	tr|A0A3R6FU96|A0A3R6FU96_9FIRM	99.7	325	1	0	1	325	1	325	6.5e-193	668.7	GCF_013302745.1_ASM1330274v1_genomic	bsh	bsh
JHAHNFPD_01653	tr|A0A3R6X451|A0A3R6X451_9CLOT	99.4	325	2	0	1	325	1	325	6.5e-193	668.7	GCF_013302745.1_ASM1330274v1_genomic	bsh	bsh
JHAHNFPD_01653	tr|A0A6L8TEI6|A0A6L8TEI6_9FIRM	99.4	325	2	0	1	325	1	325	6.5e-193	668.7	GCF_013302745.1_ASM1330274v1_genomic	bsh	bsh
JHAHNFPD_01653	tr|A0A942WJN2|A0A942WJN2_9FIRM	99.4	325	2	0	1	325	1	325	6.5e-193	668.7	GCF_013302745.1_ASM1330274v1_genomic	bsh	bsh
JHAHNFPD_01653	tr|A0A1C5M099|A0A1C5M099_9CLOT	99.4	325	2	0	1	325	1	325	8.4e-193	668.3	GCF_013302745.1_ASM1330274v1_genomic	bsh	bsh
JHAHNFPD_01653	tr|A0A3R6N0X3|A0A3R6N0X3_9CLOT	99.4	325	2	0	1	325	1	325	8.4e-193	668.3	GCF_013302745.1_ASM1330274v1_genomic	bsh	bsh
JHAHNFPD_01653	tr|K1RSL9|K1RSL9_9ZZZZ	100	322	0	0	1	322	1	322	3.2e-192	666.4	GCF_013302745.1_ASM1330274v1_genomic	bsh	bsh
GDEOMAJN_00622	tr|A0A415W1Y4|A0A415W1Y4_9FIRM	100	323	0	0	1	323	1	323	2.4e-195	676.8	GCF_013302755.1_ASM1330275v1_genomic	bsh	bsh
GDEOMAJN_00622	tr|A0A415Y4A6|A0A415Y4A6_9FIRM	100	323	0	0	1	323	1	323	2.4e-195	676.8	GCF_013302755.1_ASM1330275v1_genomic	bsh	bsh
GDEOMAJN_00622	tr|A0A417JP01|A0A417JP01_9FIRM	100	323	0	0	1	323	1	323	2.4e-195	676.8	GCF_013302755.1_ASM1330275v1_genomic	bsh	bsh
GDEOMAJN_00622	tr|A0A417UTY8|A0A417UTY8_9FIRM	100	323	0	0	1	323	1	323	2.4e-195	676.8	GCF_013302755.1_ASM1330275v1_genomic	bsh	bsh
GDEOMAJN_00622	tr|D4N0V8|D4N0V8_ANAHA	100	323	0	0	1	323	1	323	2.4e-195	676.8	GCF_013302755.1_ASM1330275v1_genomic	bsh	bsh
GDEOMAJN_00622	tr|A0A6N2RN78|A0A6N2RN78_ANAHA	99.7	323	1	0	1	323	1	323	3.1e-195	676.4	GCF_013302755.1_ASM1330275v1_genomic	bsh	bsh
GDEOMAJN_00622	tr|L1QBV1|L1QBV1_ANAHA	99.7	323	1	0	1	323	1	323	5.2e-195	675.6	GCF_013302755.1_ASM1330275v1_genomic	bsh	bsh
GDEOMAJN_00622	tr|A0A1Q2CAU9|A0A1Q2CAU9_ANAHA	99.7	323	1	0	1	323	1	323	6.9e-195	675.2	GCF_013302755.1_ASM1330275v1_genomic	bsh	bsh
GDEOMAJN_00622	tr|E5VP64|E5VP64_9FIRM	99.7	323	1	0	1	323	1	323	6.9e-195	675.2	GCF_013302755.1_ASM1330275v1_genomic	bsh	bsh
GDEOMAJN_00622	tr|R5Z9B8|R5Z9B8_9FIRM	99.7	323	1	0	1	323	1	323	6.9e-195	675.2	GCF_013302755.1_ASM1330275v1_genomic	bsh	bsh
GDEOMAJN_00622	tr|A0A174S307|A0A174S307_ANAHA	99.7	323	1	0	1	323	1	323	8.9e-195	674.9	GCF_013302755.1_ASM1330275v1_genomic	bsh	bsh
MBKEJNJN_01185	tr|A0A415W1Y4|A0A415W1Y4_9FIRM	100	323	0	0	1	323	1	323	2.4e-195	676.8	GCF_013302785.1_ASM1330278v1_genomic	bsh	bsh
MBKEJNJN_01185	tr|A0A415Y4A6|A0A415Y4A6_9FIRM	100	323	0	0	1	323	1	323	2.4e-195	676.8	GCF_013302785.1_ASM1330278v1_genomic	bsh	bsh
MBKEJNJN_01185	tr|A0A417JP01|A0A417JP01_9FIRM	100	323	0	0	1	323	1	323	2.4e-195	676.8	GCF_013302785.1_ASM1330278v1_genomic	bsh	bsh
MBKEJNJN_01185	tr|A0A417UTY8|A0A417UTY8_9FIRM	100	323	0	0	1	323	1	323	2.4e-195	676.8	GCF_013302785.1_ASM1330278v1_genomic	bsh	bsh
MBKEJNJN_01185	tr|D4N0V8|D4N0V8_ANAHA	100	323	0	0	1	323	1	323	2.4e-195	676.8	GCF_013302785.1_ASM1330278v1_genomic	bsh	bsh
MBKEJNJN_01185	tr|A0A6N2RN78|A0A6N2RN78_ANAHA	99.7	323	1	0	1	323	1	323	3.1e-195	676.4	GCF_013302785.1_ASM1330278v1_genomic	bsh	bsh
MBKEJNJN_01185	tr|L1QBV1|L1QBV1_ANAHA	99.7	323	1	0	1	323	1	323	5.2e-195	675.6	GCF_013302785.1_ASM1330278v1_genomic	bsh	bsh
MBKEJNJN_01185	tr|A0A1Q2CAU9|A0A1Q2CAU9_ANAHA	99.7	323	1	0	1	323	1	323	6.9e-195	675.2	GCF_013302785.1_ASM1330278v1_genomic	bsh	bsh
MBKEJNJN_01185	tr|E5VP64|E5VP64_9FIRM	99.7	323	1	0	1	323	1	323	6.9e-195	675.2	GCF_013302785.1_ASM1330278v1_genomic	bsh	bsh
MBKEJNJN_01185	tr|R5Z9B8|R5Z9B8_9FIRM	99.7	323	1	0	1	323	1	323	6.9e-195	675.2	GCF_013302785.1_ASM1330278v1_genomic	bsh	bsh
MBKEJNJN_01185	tr|A0A174S307|A0A174S307_ANAHA	99.7	323	1	0	1	323	1	323	8.9e-195	674.9	GCF_013302785.1_ASM1330278v1_genomic	bsh	bsh
MBKEJNJN_01654	tr|A0A173UXL2|A0A173UXL2_ANAHA	100	325	0	0	1	325	1	325	4.5e-194	672.5	GCF_013302785.1_ASM1330278v1_genomic	bsh	bsh
MBKEJNJN_01654	tr|A0A173V7R5|A0A173V7R5_9FIRM	100	325	0	0	1	325	1	325	4.5e-194	672.5	GCF_013302785.1_ASM1330278v1_genomic	bsh	bsh
MBKEJNJN_01654	tr|A0A174D8V8|A0A174D8V8_9FIRM	100	325	0	0	1	325	1	325	4.5e-194	672.5	GCF_013302785.1_ASM1330278v1_genomic	bsh	bsh
MBKEJNJN_01654	tr|A0A174HSI5|A0A174HSI5_9FIRM	100	325	0	0	1	325	1	325	4.5e-194	672.5	GCF_013302785.1_ASM1330278v1_genomic	bsh	bsh
MBKEJNJN_01654	tr|A0A1C5TTN1|A0A1C5TTN1_9FIRM	100	325	0	0	1	325	1	325	4.5e-194	672.5	GCF_013302785.1_ASM1330278v1_genomic	bsh	bsh
MBKEJNJN_01654	tr|A0A1C5U7I7|A0A1C5U7I7_9CLOT	100	325	0	0	1	325	1	325	4.5e-194	672.5	GCF_013302785.1_ASM1330278v1_genomic	bsh	bsh
MBKEJNJN_01654	tr|A0A1C6BVX3|A0A1C6BVX3_9FIRM	100	325	0	0	1	325	1	325	4.5e-194	672.5	GCF_013302785.1_ASM1330278v1_genomic	bsh	bsh
MBKEJNJN_01654	tr|A0A1C6FXQ7|A0A1C6FXQ7_9FIRM	100	325	0	0	1	325	1	325	4.5e-194	672.5	GCF_013302785.1_ASM1330278v1_genomic	bsh	bsh
MBKEJNJN_01654	tr|A0A285PRT2|A0A285PRT2_9FIRM	100	325	0	0	1	325	1	325	4.5e-194	672.5	GCF_013302785.1_ASM1330278v1_genomic	bsh	bsh
MBKEJNJN_01654	tr|A0A373V9R9|A0A373V9R9_9FIRM	100	325	0	0	1	325	1	325	4.5e-194	672.5	GCF_013302785.1_ASM1330278v1_genomic	bsh	bsh
MBKEJNJN_01654	tr|A0A374AYZ4|A0A374AYZ4_9FIRM	100	325	0	0	1	325	1	325	4.5e-194	672.5	GCF_013302785.1_ASM1330278v1_genomic	bsh	bsh
MBKEJNJN_01654	tr|A0A3R6DJG5|A0A3R6DJG5_9FIRM	100	325	0	0	1	325	1	325	4.5e-194	672.5	GCF_013302785.1_ASM1330278v1_genomic	bsh	bsh
MBKEJNJN_01654	tr|A0A412MA68|A0A412MA68_9FIRM	100	325	0	0	1	325	1	325	4.5e-194	672.5	GCF_013302785.1_ASM1330278v1_genomic	bsh	bsh
MBKEJNJN_01654	tr|A0A415FJV4|A0A415FJV4_9FIRM	100	325	0	0	1	325	1	325	4.5e-194	672.5	GCF_013302785.1_ASM1330278v1_genomic	bsh	bsh
MBKEJNJN_01654	tr|A0A415VWX2|A0A415VWX2_9FIRM	100	325	0	0	1	325	1	325	4.5e-194	672.5	GCF_013302785.1_ASM1330278v1_genomic	bsh	bsh
MBKEJNJN_01654	tr|A0A415Y8U9|A0A415Y8U9_9FIRM	100	325	0	0	1	325	1	325	4.5e-194	672.5	GCF_013302785.1_ASM1330278v1_genomic	bsh	bsh
MBKEJNJN_01654	tr|A0A417C6D6|A0A417C6D6_9FIRM	100	325	0	0	1	325	1	325	4.5e-194	672.5	GCF_013302785.1_ASM1330278v1_genomic	bsh	bsh
MBKEJNJN_01654	tr|A0A417URI0|A0A417URI0_9FIRM	100	325	0	0	1	325	1	325	4.5e-194	672.5	GCF_013302785.1_ASM1330278v1_genomic	bsh	bsh
MBKEJNJN_01654	tr|A0A845KWQ3|A0A845KWQ3_9FIRM	100	325	0	0	1	325	1	325	4.5e-194	672.5	GCF_013302785.1_ASM1330278v1_genomic	bsh	bsh
MBKEJNJN_01654	tr|A5ZWR0|A5ZWR0_9FIRM	100	325	0	0	1	325	1	325	4.5e-194	672.5	GCF_013302785.1_ASM1330278v1_genomic	bsh	bsh
MBKEJNJN_01654	tr|A6BGZ5|A6BGZ5_9FIRM	100	325	0	0	1	325	1	325	4.5e-194	672.5	GCF_013302785.1_ASM1330278v1_genomic	bsh	bsh
MBKEJNJN_01654	tr|C0EW54|C0EW54_9FIRM	100	325	0	0	1	325	1	325	4.5e-194	672.5	GCF_013302785.1_ASM1330278v1_genomic	bsh	bsh
MBKEJNJN_01654	tr|A0A844GIR0|A0A844GIR0_9FIRM	99.7	325	1	0	1	325	1	325	5.8e-194	672.2	GCF_013302785.1_ASM1330278v1_genomic	bsh	bsh
MBKEJNJN_01654	tr|A0A1C6IFT3|A0A1C6IFT3_9FIRM	99.7	325	1	0	1	325	1	325	7.6e-194	671.8	GCF_013302785.1_ASM1330278v1_genomic	bsh	bsh
MBKEJNJN_01654	tr|A0A6N9LK70|A0A6N9LK70_9FIRM	99.7	325	1	0	1	325	1	325	7.6e-194	671.8	GCF_013302785.1_ASM1330278v1_genomic	bsh	bsh
MBKEJNJN_01654	tr|A0A1C5RZ46|A0A1C5RZ46_9CLOT	99.7	325	1	0	1	325	1	325	1.3e-193	671	GCF_013302785.1_ASM1330278v1_genomic	bsh	bsh
MBKEJNJN_01654	tr|A0A1C5TMU3|A0A1C5TMU3_9FIRM	99.7	325	1	0	1	325	1	325	1.3e-193	671	GCF_013302785.1_ASM1330278v1_genomic	bsh	bsh
MBKEJNJN_01654	tr|A0A1C5VAP5|A0A1C5VAP5_9FIRM	99.7	325	1	0	1	325	1	325	1.3e-193	671	GCF_013302785.1_ASM1330278v1_genomic	bsh	bsh
MBKEJNJN_01654	tr|A0A373IZI9|A0A373IZI9_9FIRM	99.7	325	1	0	1	325	1	325	1.3e-193	671	GCF_013302785.1_ASM1330278v1_genomic	bsh	bsh
MBKEJNJN_01654	tr|A0A415HK39|A0A415HK39_9FIRM	99.7	325	1	0	1	325	1	325	1.3e-193	671	GCF_013302785.1_ASM1330278v1_genomic	bsh	bsh
MBKEJNJN_01654	tr|A0A417R5E7|A0A417R5E7_9FIRM	99.7	325	1	0	1	325	1	325	1.3e-193	671	GCF_013302785.1_ASM1330278v1_genomic	bsh	bsh
MBKEJNJN_01654	tr|A0A6N3AUL3|A0A6N3AUL3_9FIRM	99.7	325	1	0	1	325	1	325	1.3e-193	671	GCF_013302785.1_ASM1330278v1_genomic	bsh	bsh
MBKEJNJN_01654	tr|A0A173U973|A0A173U973_9FIRM	99.7	325	1	0	1	325	1	325	1.7e-193	670.6	GCF_013302785.1_ASM1330278v1_genomic	bsh	bsh
MBKEJNJN_01654	tr|A0A1C5REX8|A0A1C5REX8_9FIRM	99.7	325	1	0	1	325	1	325	1.7e-193	670.6	GCF_013302785.1_ASM1330278v1_genomic	bsh	bsh
MBKEJNJN_01654	tr|A0A1C5UZX7|A0A1C5UZX7_9CLOT	99.7	325	1	0	1	325	1	325	1.7e-193	670.6	GCF_013302785.1_ASM1330278v1_genomic	bsh	bsh
MBKEJNJN_01654	tr|A0A1C6AVX0|A0A1C6AVX0_9FIRM	99.7	325	1	0	1	325	1	325	1.7e-193	670.6	GCF_013302785.1_ASM1330278v1_genomic	bsh	bsh
MBKEJNJN_01654	tr|A0A417CDY8|A0A417CDY8_9FIRM	99.7	325	1	0	1	325	1	325	1.7e-193	670.6	GCF_013302785.1_ASM1330278v1_genomic	bsh	bsh
MBKEJNJN_01654	tr|A0A564WVE5|A0A564WVE5_9FIRM	99.7	325	1	0	1	325	1	325	1.7e-193	670.6	GCF_013302785.1_ASM1330278v1_genomic	bsh	bsh
MBKEJNJN_01654	tr|A0A416NLT9|A0A416NLT9_9FIRM	99.7	325	1	0	1	325	1	325	2.2e-193	670.2	GCF_013302785.1_ASM1330278v1_genomic	bsh	bsh
MBKEJNJN_01654	tr|A0A7G9FVJ0|A0A7G9FVJ0_9FIRM	99.7	325	1	0	1	325	1	325	2.2e-193	670.2	GCF_013302785.1_ASM1330278v1_genomic	bsh	bsh
MBKEJNJN_01654	tr|L1Q414|L1Q414_ANAHA	99.7	325	1	0	1	325	1	325	2.2e-193	670.2	GCF_013302785.1_ASM1330278v1_genomic	bsh	bsh
MBKEJNJN_01654	tr|A0A174EB34|A0A174EB34_9FIRM	99.7	325	1	0	1	325	1	325	3.8e-193	669.5	GCF_013302785.1_ASM1330278v1_genomic	bsh	bsh
MBKEJNJN_01654	tr|A0A174GR10|A0A174GR10_9FIRM	99.7	325	1	0	1	325	1	325	3.8e-193	669.5	GCF_013302785.1_ASM1330278v1_genomic	bsh	bsh
MBKEJNJN_01654	tr|A0A174V5X0|A0A174V5X0_9FIRM	99.7	325	1	0	1	325	1	325	3.8e-193	669.5	GCF_013302785.1_ASM1330278v1_genomic	bsh	bsh
MBKEJNJN_01654	tr|A0A3E5E3Y9|A0A3E5E3Y9_9FIRM	99.4	325	2	0	1	325	1	325	3.8e-193	669.5	GCF_013302785.1_ASM1330278v1_genomic	bsh	bsh
MBKEJNJN_01654	tr|A0A1C5ULN3|A0A1C5ULN3_9FIRM	99.4	325	2	0	1	325	1	325	6.5e-193	668.7	GCF_013302785.1_ASM1330278v1_genomic	bsh	bsh
MBKEJNJN_01654	tr|A0A1G5FIB9|A0A1G5FIB9_9FIRM	99.4	325	2	0	1	325	1	325	6.5e-193	668.7	GCF_013302785.1_ASM1330278v1_genomic	bsh	bsh
MBKEJNJN_01654	tr|A0A317UFD6|A0A317UFD6_9FIRM	99.4	325	2	0	1	325	1	325	6.5e-193	668.7	GCF_013302785.1_ASM1330278v1_genomic	bsh	bsh
MBKEJNJN_01654	tr|A0A367FUZ2|A0A367FUZ2_9FIRM	99.4	325	2	0	1	325	1	325	6.5e-193	668.7	GCF_013302785.1_ASM1330278v1_genomic	bsh	bsh
MBKEJNJN_01654	tr|A0A3R6FU96|A0A3R6FU96_9FIRM	99.7	325	1	0	1	325	1	325	6.5e-193	668.7	GCF_013302785.1_ASM1330278v1_genomic	bsh	bsh
MBKEJNJN_01654	tr|A0A3R6X451|A0A3R6X451_9CLOT	99.4	325	2	0	1	325	1	325	6.5e-193	668.7	GCF_013302785.1_ASM1330278v1_genomic	bsh	bsh
MBKEJNJN_01654	tr|A0A6L8TEI6|A0A6L8TEI6_9FIRM	99.4	325	2	0	1	325	1	325	6.5e-193	668.7	GCF_013302785.1_ASM1330278v1_genomic	bsh	bsh
MBKEJNJN_01654	tr|A0A942WJN2|A0A942WJN2_9FIRM	99.4	325	2	0	1	325	1	325	6.5e-193	668.7	GCF_013302785.1_ASM1330278v1_genomic	bsh	bsh
MBKEJNJN_01654	tr|A0A1C5M099|A0A1C5M099_9CLOT	99.4	325	2	0	1	325	1	325	8.4e-193	668.3	GCF_013302785.1_ASM1330278v1_genomic	bsh	bsh
MBKEJNJN_01654	tr|A0A3R6N0X3|A0A3R6N0X3_9CLOT	99.4	325	2	0	1	325	1	325	8.4e-193	668.3	GCF_013302785.1_ASM1330278v1_genomic	bsh	bsh
MBKEJNJN_01654	tr|K1RSL9|K1RSL9_9ZZZZ	100	322	0	0	1	322	1	322	3.2e-192	666.4	GCF_013302785.1_ASM1330278v1_genomic	bsh	bsh
OPKLNLBG_01353	tr|A0A415W1Y4|A0A415W1Y4_9FIRM	100	323	0	0	1	323	1	323	2.4e-195	676.8	GCF_013302795.1_ASM1330279v1_genomic	bsh	bsh
OPKLNLBG_01353	tr|A0A415Y4A6|A0A415Y4A6_9FIRM	100	323	0	0	1	323	1	323	2.4e-195	676.8	GCF_013302795.1_ASM1330279v1_genomic	bsh	bsh
OPKLNLBG_01353	tr|A0A417JP01|A0A417JP01_9FIRM	100	323	0	0	1	323	1	323	2.4e-195	676.8	GCF_013302795.1_ASM1330279v1_genomic	bsh	bsh
OPKLNLBG_01353	tr|A0A417UTY8|A0A417UTY8_9FIRM	100	323	0	0	1	323	1	323	2.4e-195	676.8	GCF_013302795.1_ASM1330279v1_genomic	bsh	bsh
OPKLNLBG_01353	tr|D4N0V8|D4N0V8_ANAHA	100	323	0	0	1	323	1	323	2.4e-195	676.8	GCF_013302795.1_ASM1330279v1_genomic	bsh	bsh
OPKLNLBG_01353	tr|A0A6N2RN78|A0A6N2RN78_ANAHA	99.7	323	1	0	1	323	1	323	3.1e-195	676.4	GCF_013302795.1_ASM1330279v1_genomic	bsh	bsh
OPKLNLBG_01353	tr|L1QBV1|L1QBV1_ANAHA	99.7	323	1	0	1	323	1	323	5.2e-195	675.6	GCF_013302795.1_ASM1330279v1_genomic	bsh	bsh
OPKLNLBG_01353	tr|A0A1Q2CAU9|A0A1Q2CAU9_ANAHA	99.7	323	1	0	1	323	1	323	6.9e-195	675.2	GCF_013302795.1_ASM1330279v1_genomic	bsh	bsh
OPKLNLBG_01353	tr|E5VP64|E5VP64_9FIRM	99.7	323	1	0	1	323	1	323	6.9e-195	675.2	GCF_013302795.1_ASM1330279v1_genomic	bsh	bsh
OPKLNLBG_01353	tr|R5Z9B8|R5Z9B8_9FIRM	99.7	323	1	0	1	323	1	323	6.9e-195	675.2	GCF_013302795.1_ASM1330279v1_genomic	bsh	bsh
OPKLNLBG_01353	tr|A0A174S307|A0A174S307_ANAHA	99.7	323	1	0	1	323	1	323	8.9e-195	674.9	GCF_013302795.1_ASM1330279v1_genomic	bsh	bsh
JGHPJKMJ_00526	tr|A0A415W1Y4|A0A415W1Y4_9FIRM	100	323	0	0	1	323	1	323	2.4e-195	676.8	GCF_013302815.1_ASM1330281v1_genomic	bsh	bsh
JGHPJKMJ_00526	tr|A0A415Y4A6|A0A415Y4A6_9FIRM	100	323	0	0	1	323	1	323	2.4e-195	676.8	GCF_013302815.1_ASM1330281v1_genomic	bsh	bsh
JGHPJKMJ_00526	tr|A0A417JP01|A0A417JP01_9FIRM	100	323	0	0	1	323	1	323	2.4e-195	676.8	GCF_013302815.1_ASM1330281v1_genomic	bsh	bsh
JGHPJKMJ_00526	tr|A0A417UTY8|A0A417UTY8_9FIRM	100	323	0	0	1	323	1	323	2.4e-195	676.8	GCF_013302815.1_ASM1330281v1_genomic	bsh	bsh
JGHPJKMJ_00526	tr|D4N0V8|D4N0V8_ANAHA	100	323	0	0	1	323	1	323	2.4e-195	676.8	GCF_013302815.1_ASM1330281v1_genomic	bsh	bsh
JGHPJKMJ_00526	tr|A0A6N2RN78|A0A6N2RN78_ANAHA	99.7	323	1	0	1	323	1	323	3.1e-195	676.4	GCF_013302815.1_ASM1330281v1_genomic	bsh	bsh
JGHPJKMJ_00526	tr|L1QBV1|L1QBV1_ANAHA	99.7	323	1	0	1	323	1	323	5.2e-195	675.6	GCF_013302815.1_ASM1330281v1_genomic	bsh	bsh
JGHPJKMJ_00526	tr|A0A1Q2CAU9|A0A1Q2CAU9_ANAHA	99.7	323	1	0	1	323	1	323	6.9e-195	675.2	GCF_013302815.1_ASM1330281v1_genomic	bsh	bsh
JGHPJKMJ_00526	tr|E5VP64|E5VP64_9FIRM	99.7	323	1	0	1	323	1	323	6.9e-195	675.2	GCF_013302815.1_ASM1330281v1_genomic	bsh	bsh
JGHPJKMJ_00526	tr|R5Z9B8|R5Z9B8_9FIRM	99.7	323	1	0	1	323	1	323	6.9e-195	675.2	GCF_013302815.1_ASM1330281v1_genomic	bsh	bsh
JGHPJKMJ_00526	tr|A0A174S307|A0A174S307_ANAHA	99.7	323	1	0	1	323	1	323	8.9e-195	674.9	GCF_013302815.1_ASM1330281v1_genomic	bsh	bsh
BNIKGBIE_00357	tr|A0A415W1Y4|A0A415W1Y4_9FIRM	100	323	0	0	1	323	1	323	2.4e-195	676.8	GCF_013302845.1_ASM1330284v1_genomic	bsh	bsh
BNIKGBIE_00357	tr|A0A415Y4A6|A0A415Y4A6_9FIRM	100	323	0	0	1	323	1	323	2.4e-195	676.8	GCF_013302845.1_ASM1330284v1_genomic	bsh	bsh
BNIKGBIE_00357	tr|A0A417JP01|A0A417JP01_9FIRM	100	323	0	0	1	323	1	323	2.4e-195	676.8	GCF_013302845.1_ASM1330284v1_genomic	bsh	bsh
BNIKGBIE_00357	tr|A0A417UTY8|A0A417UTY8_9FIRM	100	323	0	0	1	323	1	323	2.4e-195	676.8	GCF_013302845.1_ASM1330284v1_genomic	bsh	bsh
BNIKGBIE_00357	tr|D4N0V8|D4N0V8_ANAHA	100	323	0	0	1	323	1	323	2.4e-195	676.8	GCF_013302845.1_ASM1330284v1_genomic	bsh	bsh
BNIKGBIE_00357	tr|A0A6N2RN78|A0A6N2RN78_ANAHA	99.7	323	1	0	1	323	1	323	3.1e-195	676.4	GCF_013302845.1_ASM1330284v1_genomic	bsh	bsh
BNIKGBIE_00357	tr|L1QBV1|L1QBV1_ANAHA	99.7	323	1	0	1	323	1	323	5.2e-195	675.6	GCF_013302845.1_ASM1330284v1_genomic	bsh	bsh
BNIKGBIE_00357	tr|A0A1Q2CAU9|A0A1Q2CAU9_ANAHA	99.7	323	1	0	1	323	1	323	6.9e-195	675.2	GCF_013302845.1_ASM1330284v1_genomic	bsh	bsh
BNIKGBIE_00357	tr|E5VP64|E5VP64_9FIRM	99.7	323	1	0	1	323	1	323	6.9e-195	675.2	GCF_013302845.1_ASM1330284v1_genomic	bsh	bsh
BNIKGBIE_00357	tr|R5Z9B8|R5Z9B8_9FIRM	99.7	323	1	0	1	323	1	323	6.9e-195	675.2	GCF_013302845.1_ASM1330284v1_genomic	bsh	bsh
BNIKGBIE_00357	tr|A0A174S307|A0A174S307_ANAHA	99.7	323	1	0	1	323	1	323	8.9e-195	674.9	GCF_013302845.1_ASM1330284v1_genomic	bsh	bsh
BNIKGBIE_02519	tr|A0A173UXL2|A0A173UXL2_ANAHA	100	325	0	0	1	325	1	325	4.5e-194	672.5	GCF_013302845.1_ASM1330284v1_genomic	bsh	bsh
BNIKGBIE_02519	tr|A0A173V7R5|A0A173V7R5_9FIRM	100	325	0	0	1	325	1	325	4.5e-194	672.5	GCF_013302845.1_ASM1330284v1_genomic	bsh	bsh
BNIKGBIE_02519	tr|A0A174D8V8|A0A174D8V8_9FIRM	100	325	0	0	1	325	1	325	4.5e-194	672.5	GCF_013302845.1_ASM1330284v1_genomic	bsh	bsh
BNIKGBIE_02519	tr|A0A174HSI5|A0A174HSI5_9FIRM	100	325	0	0	1	325	1	325	4.5e-194	672.5	GCF_013302845.1_ASM1330284v1_genomic	bsh	bsh
BNIKGBIE_02519	tr|A0A1C5TTN1|A0A1C5TTN1_9FIRM	100	325	0	0	1	325	1	325	4.5e-194	672.5	GCF_013302845.1_ASM1330284v1_genomic	bsh	bsh
BNIKGBIE_02519	tr|A0A1C5U7I7|A0A1C5U7I7_9CLOT	100	325	0	0	1	325	1	325	4.5e-194	672.5	GCF_013302845.1_ASM1330284v1_genomic	bsh	bsh
BNIKGBIE_02519	tr|A0A1C6BVX3|A0A1C6BVX3_9FIRM	100	325	0	0	1	325	1	325	4.5e-194	672.5	GCF_013302845.1_ASM1330284v1_genomic	bsh	bsh
BNIKGBIE_02519	tr|A0A1C6FXQ7|A0A1C6FXQ7_9FIRM	100	325	0	0	1	325	1	325	4.5e-194	672.5	GCF_013302845.1_ASM1330284v1_genomic	bsh	bsh
BNIKGBIE_02519	tr|A0A285PRT2|A0A285PRT2_9FIRM	100	325	0	0	1	325	1	325	4.5e-194	672.5	GCF_013302845.1_ASM1330284v1_genomic	bsh	bsh
BNIKGBIE_02519	tr|A0A373V9R9|A0A373V9R9_9FIRM	100	325	0	0	1	325	1	325	4.5e-194	672.5	GCF_013302845.1_ASM1330284v1_genomic	bsh	bsh
BNIKGBIE_02519	tr|A0A374AYZ4|A0A374AYZ4_9FIRM	100	325	0	0	1	325	1	325	4.5e-194	672.5	GCF_013302845.1_ASM1330284v1_genomic	bsh	bsh
BNIKGBIE_02519	tr|A0A3R6DJG5|A0A3R6DJG5_9FIRM	100	325	0	0	1	325	1	325	4.5e-194	672.5	GCF_013302845.1_ASM1330284v1_genomic	bsh	bsh
BNIKGBIE_02519	tr|A0A412MA68|A0A412MA68_9FIRM	100	325	0	0	1	325	1	325	4.5e-194	672.5	GCF_013302845.1_ASM1330284v1_genomic	bsh	bsh
BNIKGBIE_02519	tr|A0A415FJV4|A0A415FJV4_9FIRM	100	325	0	0	1	325	1	325	4.5e-194	672.5	GCF_013302845.1_ASM1330284v1_genomic	bsh	bsh
BNIKGBIE_02519	tr|A0A415VWX2|A0A415VWX2_9FIRM	100	325	0	0	1	325	1	325	4.5e-194	672.5	GCF_013302845.1_ASM1330284v1_genomic	bsh	bsh
BNIKGBIE_02519	tr|A0A415Y8U9|A0A415Y8U9_9FIRM	100	325	0	0	1	325	1	325	4.5e-194	672.5	GCF_013302845.1_ASM1330284v1_genomic	bsh	bsh
BNIKGBIE_02519	tr|A0A417C6D6|A0A417C6D6_9FIRM	100	325	0	0	1	325	1	325	4.5e-194	672.5	GCF_013302845.1_ASM1330284v1_genomic	bsh	bsh
BNIKGBIE_02519	tr|A0A417URI0|A0A417URI0_9FIRM	100	325	0	0	1	325	1	325	4.5e-194	672.5	GCF_013302845.1_ASM1330284v1_genomic	bsh	bsh
BNIKGBIE_02519	tr|A0A845KWQ3|A0A845KWQ3_9FIRM	100	325	0	0	1	325	1	325	4.5e-194	672.5	GCF_013302845.1_ASM1330284v1_genomic	bsh	bsh
BNIKGBIE_02519	tr|A5ZWR0|A5ZWR0_9FIRM	100	325	0	0	1	325	1	325	4.5e-194	672.5	GCF_013302845.1_ASM1330284v1_genomic	bsh	bsh
BNIKGBIE_02519	tr|A6BGZ5|A6BGZ5_9FIRM	100	325	0	0	1	325	1	325	4.5e-194	672.5	GCF_013302845.1_ASM1330284v1_genomic	bsh	bsh
BNIKGBIE_02519	tr|C0EW54|C0EW54_9FIRM	100	325	0	0	1	325	1	325	4.5e-194	672.5	GCF_013302845.1_ASM1330284v1_genomic	bsh	bsh
BNIKGBIE_02519	tr|A0A844GIR0|A0A844GIR0_9FIRM	99.7	325	1	0	1	325	1	325	5.8e-194	672.2	GCF_013302845.1_ASM1330284v1_genomic	bsh	bsh
BNIKGBIE_02519	tr|A0A1C6IFT3|A0A1C6IFT3_9FIRM	99.7	325	1	0	1	325	1	325	7.6e-194	671.8	GCF_013302845.1_ASM1330284v1_genomic	bsh	bsh
BNIKGBIE_02519	tr|A0A6N9LK70|A0A6N9LK70_9FIRM	99.7	325	1	0	1	325	1	325	7.6e-194	671.8	GCF_013302845.1_ASM1330284v1_genomic	bsh	bsh
BNIKGBIE_02519	tr|A0A1C5RZ46|A0A1C5RZ46_9CLOT	99.7	325	1	0	1	325	1	325	1.3e-193	671	GCF_013302845.1_ASM1330284v1_genomic	bsh	bsh
BNIKGBIE_02519	tr|A0A1C5TMU3|A0A1C5TMU3_9FIRM	99.7	325	1	0	1	325	1	325	1.3e-193	671	GCF_013302845.1_ASM1330284v1_genomic	bsh	bsh
BNIKGBIE_02519	tr|A0A1C5VAP5|A0A1C5VAP5_9FIRM	99.7	325	1	0	1	325	1	325	1.3e-193	671	GCF_013302845.1_ASM1330284v1_genomic	bsh	bsh
BNIKGBIE_02519	tr|A0A373IZI9|A0A373IZI9_9FIRM	99.7	325	1	0	1	325	1	325	1.3e-193	671	GCF_013302845.1_ASM1330284v1_genomic	bsh	bsh
BNIKGBIE_02519	tr|A0A415HK39|A0A415HK39_9FIRM	99.7	325	1	0	1	325	1	325	1.3e-193	671	GCF_013302845.1_ASM1330284v1_genomic	bsh	bsh
BNIKGBIE_02519	tr|A0A417R5E7|A0A417R5E7_9FIRM	99.7	325	1	0	1	325	1	325	1.3e-193	671	GCF_013302845.1_ASM1330284v1_genomic	bsh	bsh
BNIKGBIE_02519	tr|A0A6N3AUL3|A0A6N3AUL3_9FIRM	99.7	325	1	0	1	325	1	325	1.3e-193	671	GCF_013302845.1_ASM1330284v1_genomic	bsh	bsh
BNIKGBIE_02519	tr|A0A173U973|A0A173U973_9FIRM	99.7	325	1	0	1	325	1	325	1.7e-193	670.6	GCF_013302845.1_ASM1330284v1_genomic	bsh	bsh
BNIKGBIE_02519	tr|A0A1C5REX8|A0A1C5REX8_9FIRM	99.7	325	1	0	1	325	1	325	1.7e-193	670.6	GCF_013302845.1_ASM1330284v1_genomic	bsh	bsh
BNIKGBIE_02519	tr|A0A1C5UZX7|A0A1C5UZX7_9CLOT	99.7	325	1	0	1	325	1	325	1.7e-193	670.6	GCF_013302845.1_ASM1330284v1_genomic	bsh	bsh
BNIKGBIE_02519	tr|A0A1C6AVX0|A0A1C6AVX0_9FIRM	99.7	325	1	0	1	325	1	325	1.7e-193	670.6	GCF_013302845.1_ASM1330284v1_genomic	bsh	bsh
BNIKGBIE_02519	tr|A0A417CDY8|A0A417CDY8_9FIRM	99.7	325	1	0	1	325	1	325	1.7e-193	670.6	GCF_013302845.1_ASM1330284v1_genomic	bsh	bsh
BNIKGBIE_02519	tr|A0A564WVE5|A0A564WVE5_9FIRM	99.7	325	1	0	1	325	1	325	1.7e-193	670.6	GCF_013302845.1_ASM1330284v1_genomic	bsh	bsh
BNIKGBIE_02519	tr|A0A416NLT9|A0A416NLT9_9FIRM	99.7	325	1	0	1	325	1	325	2.2e-193	670.2	GCF_013302845.1_ASM1330284v1_genomic	bsh	bsh
BNIKGBIE_02519	tr|A0A7G9FVJ0|A0A7G9FVJ0_9FIRM	99.7	325	1	0	1	325	1	325	2.2e-193	670.2	GCF_013302845.1_ASM1330284v1_genomic	bsh	bsh
BNIKGBIE_02519	tr|L1Q414|L1Q414_ANAHA	99.7	325	1	0	1	325	1	325	2.2e-193	670.2	GCF_013302845.1_ASM1330284v1_genomic	bsh	bsh
BNIKGBIE_02519	tr|A0A174EB34|A0A174EB34_9FIRM	99.7	325	1	0	1	325	1	325	3.8e-193	669.5	GCF_013302845.1_ASM1330284v1_genomic	bsh	bsh
BNIKGBIE_02519	tr|A0A174GR10|A0A174GR10_9FIRM	99.7	325	1	0	1	325	1	325	3.8e-193	669.5	GCF_013302845.1_ASM1330284v1_genomic	bsh	bsh
BNIKGBIE_02519	tr|A0A174V5X0|A0A174V5X0_9FIRM	99.7	325	1	0	1	325	1	325	3.8e-193	669.5	GCF_013302845.1_ASM1330284v1_genomic	bsh	bsh
BNIKGBIE_02519	tr|A0A3E5E3Y9|A0A3E5E3Y9_9FIRM	99.4	325	2	0	1	325	1	325	3.8e-193	669.5	GCF_013302845.1_ASM1330284v1_genomic	bsh	bsh
BNIKGBIE_02519	tr|A0A1C5ULN3|A0A1C5ULN3_9FIRM	99.4	325	2	0	1	325	1	325	6.5e-193	668.7	GCF_013302845.1_ASM1330284v1_genomic	bsh	bsh
BNIKGBIE_02519	tr|A0A1G5FIB9|A0A1G5FIB9_9FIRM	99.4	325	2	0	1	325	1	325	6.5e-193	668.7	GCF_013302845.1_ASM1330284v1_genomic	bsh	bsh
BNIKGBIE_02519	tr|A0A317UFD6|A0A317UFD6_9FIRM	99.4	325	2	0	1	325	1	325	6.5e-193	668.7	GCF_013302845.1_ASM1330284v1_genomic	bsh	bsh
BNIKGBIE_02519	tr|A0A367FUZ2|A0A367FUZ2_9FIRM	99.4	325	2	0	1	325	1	325	6.5e-193	668.7	GCF_013302845.1_ASM1330284v1_genomic	bsh	bsh
BNIKGBIE_02519	tr|A0A3R6FU96|A0A3R6FU96_9FIRM	99.7	325	1	0	1	325	1	325	6.5e-193	668.7	GCF_013302845.1_ASM1330284v1_genomic	bsh	bsh
BNIKGBIE_02519	tr|A0A3R6X451|A0A3R6X451_9CLOT	99.4	325	2	0	1	325	1	325	6.5e-193	668.7	GCF_013302845.1_ASM1330284v1_genomic	bsh	bsh
BNIKGBIE_02519	tr|A0A6L8TEI6|A0A6L8TEI6_9FIRM	99.4	325	2	0	1	325	1	325	6.5e-193	668.7	GCF_013302845.1_ASM1330284v1_genomic	bsh	bsh
BNIKGBIE_02519	tr|A0A942WJN2|A0A942WJN2_9FIRM	99.4	325	2	0	1	325	1	325	6.5e-193	668.7	GCF_013302845.1_ASM1330284v1_genomic	bsh	bsh
BNIKGBIE_02519	tr|A0A1C5M099|A0A1C5M099_9CLOT	99.4	325	2	0	1	325	1	325	8.4e-193	668.3	GCF_013302845.1_ASM1330284v1_genomic	bsh	bsh
BNIKGBIE_02519	tr|A0A3R6N0X3|A0A3R6N0X3_9CLOT	99.4	325	2	0	1	325	1	325	8.4e-193	668.3	GCF_013302845.1_ASM1330284v1_genomic	bsh	bsh
BNIKGBIE_02519	tr|K1RSL9|K1RSL9_9ZZZZ	100	322	0	0	1	322	1	322	3.2e-192	666.4	GCF_013302845.1_ASM1330284v1_genomic	bsh	bsh
LODAONLG_00377	tr|A0A415W1Y4|A0A415W1Y4_9FIRM	100	323	0	0	1	323	1	323	2.4e-195	676.8	GCF_013302855.1_ASM1330285v1_genomic	bsh	bsh
LODAONLG_00377	tr|A0A415Y4A6|A0A415Y4A6_9FIRM	100	323	0	0	1	323	1	323	2.4e-195	676.8	GCF_013302855.1_ASM1330285v1_genomic	bsh	bsh
LODAONLG_00377	tr|A0A417JP01|A0A417JP01_9FIRM	100	323	0	0	1	323	1	323	2.4e-195	676.8	GCF_013302855.1_ASM1330285v1_genomic	bsh	bsh
LODAONLG_00377	tr|A0A417UTY8|A0A417UTY8_9FIRM	100	323	0	0	1	323	1	323	2.4e-195	676.8	GCF_013302855.1_ASM1330285v1_genomic	bsh	bsh
LODAONLG_00377	tr|D4N0V8|D4N0V8_ANAHA	100	323	0	0	1	323	1	323	2.4e-195	676.8	GCF_013302855.1_ASM1330285v1_genomic	bsh	bsh
LODAONLG_00377	tr|A0A6N2RN78|A0A6N2RN78_ANAHA	99.7	323	1	0	1	323	1	323	3.1e-195	676.4	GCF_013302855.1_ASM1330285v1_genomic	bsh	bsh
LODAONLG_00377	tr|L1QBV1|L1QBV1_ANAHA	99.7	323	1	0	1	323	1	323	5.2e-195	675.6	GCF_013302855.1_ASM1330285v1_genomic	bsh	bsh
LODAONLG_00377	tr|A0A1Q2CAU9|A0A1Q2CAU9_ANAHA	99.7	323	1	0	1	323	1	323	6.9e-195	675.2	GCF_013302855.1_ASM1330285v1_genomic	bsh	bsh
LODAONLG_00377	tr|E5VP64|E5VP64_9FIRM	99.7	323	1	0	1	323	1	323	6.9e-195	675.2	GCF_013302855.1_ASM1330285v1_genomic	bsh	bsh
LODAONLG_00377	tr|R5Z9B8|R5Z9B8_9FIRM	99.7	323	1	0	1	323	1	323	6.9e-195	675.2	GCF_013302855.1_ASM1330285v1_genomic	bsh	bsh
LODAONLG_00377	tr|A0A174S307|A0A174S307_ANAHA	99.7	323	1	0	1	323	1	323	8.9e-195	674.9	GCF_013302855.1_ASM1330285v1_genomic	bsh	bsh
LODAONLG_02665	tr|A0A174LEB1|A0A174LEB1_9FIRM	100	329	0	0	1	329	1	329	4.7e-183	636	GCF_013302855.1_ASM1330285v1_genomic	bsh	bsh
LODAONLG_02665	tr|A0A1C5MW64|A0A1C5MW64_9FIRM	100	329	0	0	1	329	1	329	4.7e-183	636	GCF_013302855.1_ASM1330285v1_genomic	bsh	bsh
LODAONLG_02665	tr|A0A3E3DPE3|A0A3E3DPE3_9CLOT	100	329	0	0	1	329	1	329	4.7e-183	636	GCF_013302855.1_ASM1330285v1_genomic	bsh	bsh
LODAONLG_02665	tr|A0A3E5E3G7|A0A3E5E3G7_9FIRM	100	329	0	0	1	329	1	329	4.7e-183	636	GCF_013302855.1_ASM1330285v1_genomic	bsh	bsh
LODAONLG_02665	tr|A0A413R900|A0A413R900_9FIRM	100	329	0	0	1	329	1	329	4.7e-183	636	GCF_013302855.1_ASM1330285v1_genomic	bsh	bsh
LODAONLG_02665	tr|A0AA91HJ27|A0AA91HJ27_9FIRM	100	329	0	0	1	329	1	329	4.7e-183	636	GCF_013302855.1_ASM1330285v1_genomic	bsh	bsh
LODAONLG_02665	tr|A5ZA20|A5ZA20_9FIRM	100	329	0	0	1	329	1	329	4.7e-183	636	GCF_013302855.1_ASM1330285v1_genomic	bsh	bsh
LODAONLG_02665	tr|C0B656|C0B656_9FIRM	100	329	0	0	1	329	1	329	4.7e-183	636	GCF_013302855.1_ASM1330285v1_genomic	bsh	bsh
LODAONLG_02665	tr|D4S2E5|D4S2E5_9FIRM	100	329	0	0	1	329	1	329	4.7e-183	636	GCF_013302855.1_ASM1330285v1_genomic	bsh	bsh
LODAONLG_02665	tr|A0A174BD78|A0A174BD78_9FIRM	99.1	329	3	0	1	329	1	329	6.1e-183	635.6	GCF_013302855.1_ASM1330285v1_genomic	bsh	bsh
LODAONLG_02665	tr|A0A1C5WLC3|A0A1C5WLC3_9FIRM	99.1	329	3	0	1	329	1	329	6.1e-183	635.6	GCF_013302855.1_ASM1330285v1_genomic	bsh	bsh
LODAONLG_02665	tr|A0A3E4GNL0|A0A3E4GNL0_9FIRM	99.7	329	1	0	1	329	1	329	1e-182	634.8	GCF_013302855.1_ASM1330285v1_genomic	bsh	bsh
LODAONLG_02665	tr|A0A494ZI36|A0A494ZI36_9FIRM	99.7	329	1	0	1	329	1	329	2.3e-182	633.6	GCF_013302855.1_ASM1330285v1_genomic	bsh	bsh
LODAONLG_02665	tr|A0A4Q8TNC8|A0A4Q8TNC8_9FIRM	99.7	329	1	0	1	329	1	329	2.3e-182	633.6	GCF_013302855.1_ASM1330285v1_genomic	bsh	bsh
LODAONLG_02665	tr|A0A0M6X0D7|A0A0M6X0D7_9FIRM	99.4	329	2	0	1	329	1	329	6.8e-182	632.1	GCF_013302855.1_ASM1330285v1_genomic	bsh	bsh
LODAONLG_02665	tr|C0FVR9|C0FVR9_9FIRM	99.4	329	2	0	1	329	1	329	6.8e-182	632.1	GCF_013302855.1_ASM1330285v1_genomic	bsh	bsh
LODAONLG_02665	tr|A0A1C5SY29|A0A1C5SY29_9FIRM	99.4	329	2	0	1	329	1	329	1.5e-181	630.9	GCF_013302855.1_ASM1330285v1_genomic	bsh	bsh
LODAONLG_02665	tr|A0A5S4V7Z4|A0A5S4V7Z4_9FIRM	99.4	329	2	0	1	329	1	329	2e-181	630.6	GCF_013302855.1_ASM1330285v1_genomic	bsh	bsh
LODAONLG_02665	tr|A0A9W6CEU8|A0A9W6CEU8_9FIRM	99.1	329	3	0	1	329	1	329	2e-181	630.6	GCF_013302855.1_ASM1330285v1_genomic	bsh	bsh
LODAONLG_02665	tr|A0A9X3HG95|A0A9X3HG95_RUMGN	99.1	329	3	0	1	329	1	329	2e-181	630.6	GCF_013302855.1_ASM1330285v1_genomic	bsh	bsh
LODAONLG_02861	tr|A0A173UXL2|A0A173UXL2_ANAHA	100	325	0	0	1	325	1	325	4.5e-194	672.5	GCF_013302855.1_ASM1330285v1_genomic	bsh	bsh
LODAONLG_02861	tr|A0A173V7R5|A0A173V7R5_9FIRM	100	325	0	0	1	325	1	325	4.5e-194	672.5	GCF_013302855.1_ASM1330285v1_genomic	bsh	bsh
LODAONLG_02861	tr|A0A174D8V8|A0A174D8V8_9FIRM	100	325	0	0	1	325	1	325	4.5e-194	672.5	GCF_013302855.1_ASM1330285v1_genomic	bsh	bsh
LODAONLG_02861	tr|A0A174HSI5|A0A174HSI5_9FIRM	100	325	0	0	1	325	1	325	4.5e-194	672.5	GCF_013302855.1_ASM1330285v1_genomic	bsh	bsh
LODAONLG_02861	tr|A0A1C5TTN1|A0A1C5TTN1_9FIRM	100	325	0	0	1	325	1	325	4.5e-194	672.5	GCF_013302855.1_ASM1330285v1_genomic	bsh	bsh
LODAONLG_02861	tr|A0A1C5U7I7|A0A1C5U7I7_9CLOT	100	325	0	0	1	325	1	325	4.5e-194	672.5	GCF_013302855.1_ASM1330285v1_genomic	bsh	bsh
LODAONLG_02861	tr|A0A1C6BVX3|A0A1C6BVX3_9FIRM	100	325	0	0	1	325	1	325	4.5e-194	672.5	GCF_013302855.1_ASM1330285v1_genomic	bsh	bsh
LODAONLG_02861	tr|A0A1C6FXQ7|A0A1C6FXQ7_9FIRM	100	325	0	0	1	325	1	325	4.5e-194	672.5	GCF_013302855.1_ASM1330285v1_genomic	bsh	bsh
LODAONLG_02861	tr|A0A285PRT2|A0A285PRT2_9FIRM	100	325	0	0	1	325	1	325	4.5e-194	672.5	GCF_013302855.1_ASM1330285v1_genomic	bsh	bsh
LODAONLG_02861	tr|A0A373V9R9|A0A373V9R9_9FIRM	100	325	0	0	1	325	1	325	4.5e-194	672.5	GCF_013302855.1_ASM1330285v1_genomic	bsh	bsh
LODAONLG_02861	tr|A0A374AYZ4|A0A374AYZ4_9FIRM	100	325	0	0	1	325	1	325	4.5e-194	672.5	GCF_013302855.1_ASM1330285v1_genomic	bsh	bsh
LODAONLG_02861	tr|A0A3R6DJG5|A0A3R6DJG5_9FIRM	100	325	0	0	1	325	1	325	4.5e-194	672.5	GCF_013302855.1_ASM1330285v1_genomic	bsh	bsh
LODAONLG_02861	tr|A0A412MA68|A0A412MA68_9FIRM	100	325	0	0	1	325	1	325	4.5e-194	672.5	GCF_013302855.1_ASM1330285v1_genomic	bsh	bsh
LODAONLG_02861	tr|A0A415FJV4|A0A415FJV4_9FIRM	100	325	0	0	1	325	1	325	4.5e-194	672.5	GCF_013302855.1_ASM1330285v1_genomic	bsh	bsh
LODAONLG_02861	tr|A0A415VWX2|A0A415VWX2_9FIRM	100	325	0	0	1	325	1	325	4.5e-194	672.5	GCF_013302855.1_ASM1330285v1_genomic	bsh	bsh
LODAONLG_02861	tr|A0A415Y8U9|A0A415Y8U9_9FIRM	100	325	0	0	1	325	1	325	4.5e-194	672.5	GCF_013302855.1_ASM1330285v1_genomic	bsh	bsh
LODAONLG_02861	tr|A0A417C6D6|A0A417C6D6_9FIRM	100	325	0	0	1	325	1	325	4.5e-194	672.5	GCF_013302855.1_ASM1330285v1_genomic	bsh	bsh
LODAONLG_02861	tr|A0A417URI0|A0A417URI0_9FIRM	100	325	0	0	1	325	1	325	4.5e-194	672.5	GCF_013302855.1_ASM1330285v1_genomic	bsh	bsh
LODAONLG_02861	tr|A0A845KWQ3|A0A845KWQ3_9FIRM	100	325	0	0	1	325	1	325	4.5e-194	672.5	GCF_013302855.1_ASM1330285v1_genomic	bsh	bsh
LODAONLG_02861	tr|A5ZWR0|A5ZWR0_9FIRM	100	325	0	0	1	325	1	325	4.5e-194	672.5	GCF_013302855.1_ASM1330285v1_genomic	bsh	bsh
LODAONLG_02861	tr|A6BGZ5|A6BGZ5_9FIRM	100	325	0	0	1	325	1	325	4.5e-194	672.5	GCF_013302855.1_ASM1330285v1_genomic	bsh	bsh
LODAONLG_02861	tr|C0EW54|C0EW54_9FIRM	100	325	0	0	1	325	1	325	4.5e-194	672.5	GCF_013302855.1_ASM1330285v1_genomic	bsh	bsh
LODAONLG_02861	tr|A0A844GIR0|A0A844GIR0_9FIRM	99.7	325	1	0	1	325	1	325	5.8e-194	672.2	GCF_013302855.1_ASM1330285v1_genomic	bsh	bsh
LODAONLG_02861	tr|A0A1C6IFT3|A0A1C6IFT3_9FIRM	99.7	325	1	0	1	325	1	325	7.6e-194	671.8	GCF_013302855.1_ASM1330285v1_genomic	bsh	bsh
LODAONLG_02861	tr|A0A6N9LK70|A0A6N9LK70_9FIRM	99.7	325	1	0	1	325	1	325	7.6e-194	671.8	GCF_013302855.1_ASM1330285v1_genomic	bsh	bsh
LODAONLG_02861	tr|A0A1C5RZ46|A0A1C5RZ46_9CLOT	99.7	325	1	0	1	325	1	325	1.3e-193	671	GCF_013302855.1_ASM1330285v1_genomic	bsh	bsh
LODAONLG_02861	tr|A0A1C5TMU3|A0A1C5TMU3_9FIRM	99.7	325	1	0	1	325	1	325	1.3e-193	671	GCF_013302855.1_ASM1330285v1_genomic	bsh	bsh
LODAONLG_02861	tr|A0A1C5VAP5|A0A1C5VAP5_9FIRM	99.7	325	1	0	1	325	1	325	1.3e-193	671	GCF_013302855.1_ASM1330285v1_genomic	bsh	bsh
LODAONLG_02861	tr|A0A373IZI9|A0A373IZI9_9FIRM	99.7	325	1	0	1	325	1	325	1.3e-193	671	GCF_013302855.1_ASM1330285v1_genomic	bsh	bsh
LODAONLG_02861	tr|A0A415HK39|A0A415HK39_9FIRM	99.7	325	1	0	1	325	1	325	1.3e-193	671	GCF_013302855.1_ASM1330285v1_genomic	bsh	bsh
LODAONLG_02861	tr|A0A417R5E7|A0A417R5E7_9FIRM	99.7	325	1	0	1	325	1	325	1.3e-193	671	GCF_013302855.1_ASM1330285v1_genomic	bsh	bsh
LODAONLG_02861	tr|A0A6N3AUL3|A0A6N3AUL3_9FIRM	99.7	325	1	0	1	325	1	325	1.3e-193	671	GCF_013302855.1_ASM1330285v1_genomic	bsh	bsh
LODAONLG_02861	tr|A0A173U973|A0A173U973_9FIRM	99.7	325	1	0	1	325	1	325	1.7e-193	670.6	GCF_013302855.1_ASM1330285v1_genomic	bsh	bsh
LODAONLG_02861	tr|A0A1C5REX8|A0A1C5REX8_9FIRM	99.7	325	1	0	1	325	1	325	1.7e-193	670.6	GCF_013302855.1_ASM1330285v1_genomic	bsh	bsh
LODAONLG_02861	tr|A0A1C5UZX7|A0A1C5UZX7_9CLOT	99.7	325	1	0	1	325	1	325	1.7e-193	670.6	GCF_013302855.1_ASM1330285v1_genomic	bsh	bsh
LODAONLG_02861	tr|A0A1C6AVX0|A0A1C6AVX0_9FIRM	99.7	325	1	0	1	325	1	325	1.7e-193	670.6	GCF_013302855.1_ASM1330285v1_genomic	bsh	bsh
LODAONLG_02861	tr|A0A417CDY8|A0A417CDY8_9FIRM	99.7	325	1	0	1	325	1	325	1.7e-193	670.6	GCF_013302855.1_ASM1330285v1_genomic	bsh	bsh
LODAONLG_02861	tr|A0A564WVE5|A0A564WVE5_9FIRM	99.7	325	1	0	1	325	1	325	1.7e-193	670.6	GCF_013302855.1_ASM1330285v1_genomic	bsh	bsh
LODAONLG_02861	tr|A0A416NLT9|A0A416NLT9_9FIRM	99.7	325	1	0	1	325	1	325	2.2e-193	670.2	GCF_013302855.1_ASM1330285v1_genomic	bsh	bsh
LODAONLG_02861	tr|A0A7G9FVJ0|A0A7G9FVJ0_9FIRM	99.7	325	1	0	1	325	1	325	2.2e-193	670.2	GCF_013302855.1_ASM1330285v1_genomic	bsh	bsh
LODAONLG_02861	tr|L1Q414|L1Q414_ANAHA	99.7	325	1	0	1	325	1	325	2.2e-193	670.2	GCF_013302855.1_ASM1330285v1_genomic	bsh	bsh
LODAONLG_02861	tr|A0A174EB34|A0A174EB34_9FIRM	99.7	325	1	0	1	325	1	325	3.8e-193	669.5	GCF_013302855.1_ASM1330285v1_genomic	bsh	bsh
LODAONLG_02861	tr|A0A174GR10|A0A174GR10_9FIRM	99.7	325	1	0	1	325	1	325	3.8e-193	669.5	GCF_013302855.1_ASM1330285v1_genomic	bsh	bsh
LODAONLG_02861	tr|A0A174V5X0|A0A174V5X0_9FIRM	99.7	325	1	0	1	325	1	325	3.8e-193	669.5	GCF_013302855.1_ASM1330285v1_genomic	bsh	bsh
LODAONLG_02861	tr|A0A3E5E3Y9|A0A3E5E3Y9_9FIRM	99.4	325	2	0	1	325	1	325	3.8e-193	669.5	GCF_013302855.1_ASM1330285v1_genomic	bsh	bsh
LODAONLG_02861	tr|A0A1C5ULN3|A0A1C5ULN3_9FIRM	99.4	325	2	0	1	325	1	325	6.5e-193	668.7	GCF_013302855.1_ASM1330285v1_genomic	bsh	bsh
LODAONLG_02861	tr|A0A1G5FIB9|A0A1G5FIB9_9FIRM	99.4	325	2	0	1	325	1	325	6.5e-193	668.7	GCF_013302855.1_ASM1330285v1_genomic	bsh	bsh
LODAONLG_02861	tr|A0A317UFD6|A0A317UFD6_9FIRM	99.4	325	2	0	1	325	1	325	6.5e-193	668.7	GCF_013302855.1_ASM1330285v1_genomic	bsh	bsh
LODAONLG_02861	tr|A0A367FUZ2|A0A367FUZ2_9FIRM	99.4	325	2	0	1	325	1	325	6.5e-193	668.7	GCF_013302855.1_ASM1330285v1_genomic	bsh	bsh
LODAONLG_02861	tr|A0A3R6FU96|A0A3R6FU96_9FIRM	99.7	325	1	0	1	325	1	325	6.5e-193	668.7	GCF_013302855.1_ASM1330285v1_genomic	bsh	bsh
LODAONLG_02861	tr|A0A3R6X451|A0A3R6X451_9CLOT	99.4	325	2	0	1	325	1	325	6.5e-193	668.7	GCF_013302855.1_ASM1330285v1_genomic	bsh	bsh
LODAONLG_02861	tr|A0A6L8TEI6|A0A6L8TEI6_9FIRM	99.4	325	2	0	1	325	1	325	6.5e-193	668.7	GCF_013302855.1_ASM1330285v1_genomic	bsh	bsh
LODAONLG_02861	tr|A0A942WJN2|A0A942WJN2_9FIRM	99.4	325	2	0	1	325	1	325	6.5e-193	668.7	GCF_013302855.1_ASM1330285v1_genomic	bsh	bsh
LODAONLG_02861	tr|A0A1C5M099|A0A1C5M099_9CLOT	99.4	325	2	0	1	325	1	325	8.4e-193	668.3	GCF_013302855.1_ASM1330285v1_genomic	bsh	bsh
LODAONLG_02861	tr|A0A3R6N0X3|A0A3R6N0X3_9CLOT	99.4	325	2	0	1	325	1	325	8.4e-193	668.3	GCF_013302855.1_ASM1330285v1_genomic	bsh	bsh
LODAONLG_02861	tr|K1RSL9|K1RSL9_9ZZZZ	100	322	0	0	1	322	1	322	3.2e-192	666.4	GCF_013302855.1_ASM1330285v1_genomic	bsh	bsh
BAOEOFND_00540	tr|A0A415W1Y4|A0A415W1Y4_9FIRM	100	323	0	0	1	323	1	323	2.4e-195	676.8	GCF_013303175.1_ASM1330317v1_genomic	bsh	bsh
BAOEOFND_00540	tr|A0A415Y4A6|A0A415Y4A6_9FIRM	100	323	0	0	1	323	1	323	2.4e-195	676.8	GCF_013303175.1_ASM1330317v1_genomic	bsh	bsh
BAOEOFND_00540	tr|A0A417JP01|A0A417JP01_9FIRM	100	323	0	0	1	323	1	323	2.4e-195	676.8	GCF_013303175.1_ASM1330317v1_genomic	bsh	bsh
BAOEOFND_00540	tr|A0A417UTY8|A0A417UTY8_9FIRM	100	323	0	0	1	323	1	323	2.4e-195	676.8	GCF_013303175.1_ASM1330317v1_genomic	bsh	bsh
BAOEOFND_00540	tr|D4N0V8|D4N0V8_ANAHA	100	323	0	0	1	323	1	323	2.4e-195	676.8	GCF_013303175.1_ASM1330317v1_genomic	bsh	bsh
BAOEOFND_00540	tr|A0A6N2RN78|A0A6N2RN78_ANAHA	99.7	323	1	0	1	323	1	323	3.1e-195	676.4	GCF_013303175.1_ASM1330317v1_genomic	bsh	bsh
BAOEOFND_00540	tr|L1QBV1|L1QBV1_ANAHA	99.7	323	1	0	1	323	1	323	5.2e-195	675.6	GCF_013303175.1_ASM1330317v1_genomic	bsh	bsh
BAOEOFND_00540	tr|A0A1Q2CAU9|A0A1Q2CAU9_ANAHA	99.7	323	1	0	1	323	1	323	6.9e-195	675.2	GCF_013303175.1_ASM1330317v1_genomic	bsh	bsh
BAOEOFND_00540	tr|E5VP64|E5VP64_9FIRM	99.7	323	1	0	1	323	1	323	6.9e-195	675.2	GCF_013303175.1_ASM1330317v1_genomic	bsh	bsh
BAOEOFND_00540	tr|R5Z9B8|R5Z9B8_9FIRM	99.7	323	1	0	1	323	1	323	6.9e-195	675.2	GCF_013303175.1_ASM1330317v1_genomic	bsh	bsh
BAOEOFND_00540	tr|A0A174S307|A0A174S307_ANAHA	99.7	323	1	0	1	323	1	323	8.9e-195	674.9	GCF_013303175.1_ASM1330317v1_genomic	bsh	bsh
BAOEOFND_02685	tr|A0A174LEB1|A0A174LEB1_9FIRM	100	329	0	0	1	329	1	329	4.7e-183	636	GCF_013303175.1_ASM1330317v1_genomic	bsh	bsh
BAOEOFND_02685	tr|A0A1C5MW64|A0A1C5MW64_9FIRM	100	329	0	0	1	329	1	329	4.7e-183	636	GCF_013303175.1_ASM1330317v1_genomic	bsh	bsh
BAOEOFND_02685	tr|A0A3E3DPE3|A0A3E3DPE3_9CLOT	100	329	0	0	1	329	1	329	4.7e-183	636	GCF_013303175.1_ASM1330317v1_genomic	bsh	bsh
BAOEOFND_02685	tr|A0A3E5E3G7|A0A3E5E3G7_9FIRM	100	329	0	0	1	329	1	329	4.7e-183	636	GCF_013303175.1_ASM1330317v1_genomic	bsh	bsh
BAOEOFND_02685	tr|A0A413R900|A0A413R900_9FIRM	100	329	0	0	1	329	1	329	4.7e-183	636	GCF_013303175.1_ASM1330317v1_genomic	bsh	bsh
BAOEOFND_02685	tr|A0AA91HJ27|A0AA91HJ27_9FIRM	100	329	0	0	1	329	1	329	4.7e-183	636	GCF_013303175.1_ASM1330317v1_genomic	bsh	bsh
BAOEOFND_02685	tr|A5ZA20|A5ZA20_9FIRM	100	329	0	0	1	329	1	329	4.7e-183	636	GCF_013303175.1_ASM1330317v1_genomic	bsh	bsh
BAOEOFND_02685	tr|C0B656|C0B656_9FIRM	100	329	0	0	1	329	1	329	4.7e-183	636	GCF_013303175.1_ASM1330317v1_genomic	bsh	bsh
BAOEOFND_02685	tr|D4S2E5|D4S2E5_9FIRM	100	329	0	0	1	329	1	329	4.7e-183	636	GCF_013303175.1_ASM1330317v1_genomic	bsh	bsh
BAOEOFND_02685	tr|A0A174BD78|A0A174BD78_9FIRM	99.1	329	3	0	1	329	1	329	6.1e-183	635.6	GCF_013303175.1_ASM1330317v1_genomic	bsh	bsh
BAOEOFND_02685	tr|A0A1C5WLC3|A0A1C5WLC3_9FIRM	99.1	329	3	0	1	329	1	329	6.1e-183	635.6	GCF_013303175.1_ASM1330317v1_genomic	bsh	bsh
BAOEOFND_02685	tr|A0A3E4GNL0|A0A3E4GNL0_9FIRM	99.7	329	1	0	1	329	1	329	1e-182	634.8	GCF_013303175.1_ASM1330317v1_genomic	bsh	bsh
BAOEOFND_02685	tr|A0A494ZI36|A0A494ZI36_9FIRM	99.7	329	1	0	1	329	1	329	2.3e-182	633.6	GCF_013303175.1_ASM1330317v1_genomic	bsh	bsh
BAOEOFND_02685	tr|A0A4Q8TNC8|A0A4Q8TNC8_9FIRM	99.7	329	1	0	1	329	1	329	2.3e-182	633.6	GCF_013303175.1_ASM1330317v1_genomic	bsh	bsh
BAOEOFND_02685	tr|A0A0M6X0D7|A0A0M6X0D7_9FIRM	99.4	329	2	0	1	329	1	329	6.8e-182	632.1	GCF_013303175.1_ASM1330317v1_genomic	bsh	bsh
BAOEOFND_02685	tr|C0FVR9|C0FVR9_9FIRM	99.4	329	2	0	1	329	1	329	6.8e-182	632.1	GCF_013303175.1_ASM1330317v1_genomic	bsh	bsh
BAOEOFND_02685	tr|A0A1C5SY29|A0A1C5SY29_9FIRM	99.4	329	2	0	1	329	1	329	1.5e-181	630.9	GCF_013303175.1_ASM1330317v1_genomic	bsh	bsh
BAOEOFND_02685	tr|A0A5S4V7Z4|A0A5S4V7Z4_9FIRM	99.4	329	2	0	1	329	1	329	2e-181	630.6	GCF_013303175.1_ASM1330317v1_genomic	bsh	bsh
BAOEOFND_02685	tr|A0A9W6CEU8|A0A9W6CEU8_9FIRM	99.1	329	3	0	1	329	1	329	2e-181	630.6	GCF_013303175.1_ASM1330317v1_genomic	bsh	bsh
BAOEOFND_02685	tr|A0A9X3HG95|A0A9X3HG95_RUMGN	99.1	329	3	0	1	329	1	329	2e-181	630.6	GCF_013303175.1_ASM1330317v1_genomic	bsh	bsh
BAOEOFND_02881	tr|A0A173UXL2|A0A173UXL2_ANAHA	100	325	0	0	1	325	1	325	4.5e-194	672.5	GCF_013303175.1_ASM1330317v1_genomic	bsh	bsh
BAOEOFND_02881	tr|A0A173V7R5|A0A173V7R5_9FIRM	100	325	0	0	1	325	1	325	4.5e-194	672.5	GCF_013303175.1_ASM1330317v1_genomic	bsh	bsh
BAOEOFND_02881	tr|A0A174D8V8|A0A174D8V8_9FIRM	100	325	0	0	1	325	1	325	4.5e-194	672.5	GCF_013303175.1_ASM1330317v1_genomic	bsh	bsh
BAOEOFND_02881	tr|A0A174HSI5|A0A174HSI5_9FIRM	100	325	0	0	1	325	1	325	4.5e-194	672.5	GCF_013303175.1_ASM1330317v1_genomic	bsh	bsh
BAOEOFND_02881	tr|A0A1C5TTN1|A0A1C5TTN1_9FIRM	100	325	0	0	1	325	1	325	4.5e-194	672.5	GCF_013303175.1_ASM1330317v1_genomic	bsh	bsh
BAOEOFND_02881	tr|A0A1C5U7I7|A0A1C5U7I7_9CLOT	100	325	0	0	1	325	1	325	4.5e-194	672.5	GCF_013303175.1_ASM1330317v1_genomic	bsh	bsh
BAOEOFND_02881	tr|A0A1C6BVX3|A0A1C6BVX3_9FIRM	100	325	0	0	1	325	1	325	4.5e-194	672.5	GCF_013303175.1_ASM1330317v1_genomic	bsh	bsh
BAOEOFND_02881	tr|A0A1C6FXQ7|A0A1C6FXQ7_9FIRM	100	325	0	0	1	325	1	325	4.5e-194	672.5	GCF_013303175.1_ASM1330317v1_genomic	bsh	bsh
BAOEOFND_02881	tr|A0A285PRT2|A0A285PRT2_9FIRM	100	325	0	0	1	325	1	325	4.5e-194	672.5	GCF_013303175.1_ASM1330317v1_genomic	bsh	bsh
BAOEOFND_02881	tr|A0A373V9R9|A0A373V9R9_9FIRM	100	325	0	0	1	325	1	325	4.5e-194	672.5	GCF_013303175.1_ASM1330317v1_genomic	bsh	bsh
BAOEOFND_02881	tr|A0A374AYZ4|A0A374AYZ4_9FIRM	100	325	0	0	1	325	1	325	4.5e-194	672.5	GCF_013303175.1_ASM1330317v1_genomic	bsh	bsh
BAOEOFND_02881	tr|A0A3R6DJG5|A0A3R6DJG5_9FIRM	100	325	0	0	1	325	1	325	4.5e-194	672.5	GCF_013303175.1_ASM1330317v1_genomic	bsh	bsh
BAOEOFND_02881	tr|A0A412MA68|A0A412MA68_9FIRM	100	325	0	0	1	325	1	325	4.5e-194	672.5	GCF_013303175.1_ASM1330317v1_genomic	bsh	bsh
BAOEOFND_02881	tr|A0A415FJV4|A0A415FJV4_9FIRM	100	325	0	0	1	325	1	325	4.5e-194	672.5	GCF_013303175.1_ASM1330317v1_genomic	bsh	bsh
BAOEOFND_02881	tr|A0A415VWX2|A0A415VWX2_9FIRM	100	325	0	0	1	325	1	325	4.5e-194	672.5	GCF_013303175.1_ASM1330317v1_genomic	bsh	bsh
BAOEOFND_02881	tr|A0A415Y8U9|A0A415Y8U9_9FIRM	100	325	0	0	1	325	1	325	4.5e-194	672.5	GCF_013303175.1_ASM1330317v1_genomic	bsh	bsh
BAOEOFND_02881	tr|A0A417C6D6|A0A417C6D6_9FIRM	100	325	0	0	1	325	1	325	4.5e-194	672.5	GCF_013303175.1_ASM1330317v1_genomic	bsh	bsh
BAOEOFND_02881	tr|A0A417URI0|A0A417URI0_9FIRM	100	325	0	0	1	325	1	325	4.5e-194	672.5	GCF_013303175.1_ASM1330317v1_genomic	bsh	bsh
BAOEOFND_02881	tr|A0A845KWQ3|A0A845KWQ3_9FIRM	100	325	0	0	1	325	1	325	4.5e-194	672.5	GCF_013303175.1_ASM1330317v1_genomic	bsh	bsh
BAOEOFND_02881	tr|A5ZWR0|A5ZWR0_9FIRM	100	325	0	0	1	325	1	325	4.5e-194	672.5	GCF_013303175.1_ASM1330317v1_genomic	bsh	bsh
BAOEOFND_02881	tr|A6BGZ5|A6BGZ5_9FIRM	100	325	0	0	1	325	1	325	4.5e-194	672.5	GCF_013303175.1_ASM1330317v1_genomic	bsh	bsh
BAOEOFND_02881	tr|C0EW54|C0EW54_9FIRM	100	325	0	0	1	325	1	325	4.5e-194	672.5	GCF_013303175.1_ASM1330317v1_genomic	bsh	bsh
BAOEOFND_02881	tr|A0A844GIR0|A0A844GIR0_9FIRM	99.7	325	1	0	1	325	1	325	5.8e-194	672.2	GCF_013303175.1_ASM1330317v1_genomic	bsh	bsh
BAOEOFND_02881	tr|A0A1C6IFT3|A0A1C6IFT3_9FIRM	99.7	325	1	0	1	325	1	325	7.6e-194	671.8	GCF_013303175.1_ASM1330317v1_genomic	bsh	bsh
BAOEOFND_02881	tr|A0A6N9LK70|A0A6N9LK70_9FIRM	99.7	325	1	0	1	325	1	325	7.6e-194	671.8	GCF_013303175.1_ASM1330317v1_genomic	bsh	bsh
BAOEOFND_02881	tr|A0A1C5RZ46|A0A1C5RZ46_9CLOT	99.7	325	1	0	1	325	1	325	1.3e-193	671	GCF_013303175.1_ASM1330317v1_genomic	bsh	bsh
BAOEOFND_02881	tr|A0A1C5TMU3|A0A1C5TMU3_9FIRM	99.7	325	1	0	1	325	1	325	1.3e-193	671	GCF_013303175.1_ASM1330317v1_genomic	bsh	bsh
BAOEOFND_02881	tr|A0A1C5VAP5|A0A1C5VAP5_9FIRM	99.7	325	1	0	1	325	1	325	1.3e-193	671	GCF_013303175.1_ASM1330317v1_genomic	bsh	bsh
BAOEOFND_02881	tr|A0A373IZI9|A0A373IZI9_9FIRM	99.7	325	1	0	1	325	1	325	1.3e-193	671	GCF_013303175.1_ASM1330317v1_genomic	bsh	bsh
BAOEOFND_02881	tr|A0A415HK39|A0A415HK39_9FIRM	99.7	325	1	0	1	325	1	325	1.3e-193	671	GCF_013303175.1_ASM1330317v1_genomic	bsh	bsh
BAOEOFND_02881	tr|A0A417R5E7|A0A417R5E7_9FIRM	99.7	325	1	0	1	325	1	325	1.3e-193	671	GCF_013303175.1_ASM1330317v1_genomic	bsh	bsh
BAOEOFND_02881	tr|A0A6N3AUL3|A0A6N3AUL3_9FIRM	99.7	325	1	0	1	325	1	325	1.3e-193	671	GCF_013303175.1_ASM1330317v1_genomic	bsh	bsh
BAOEOFND_02881	tr|A0A173U973|A0A173U973_9FIRM	99.7	325	1	0	1	325	1	325	1.7e-193	670.6	GCF_013303175.1_ASM1330317v1_genomic	bsh	bsh
BAOEOFND_02881	tr|A0A1C5REX8|A0A1C5REX8_9FIRM	99.7	325	1	0	1	325	1	325	1.7e-193	670.6	GCF_013303175.1_ASM1330317v1_genomic	bsh	bsh
BAOEOFND_02881	tr|A0A1C5UZX7|A0A1C5UZX7_9CLOT	99.7	325	1	0	1	325	1	325	1.7e-193	670.6	GCF_013303175.1_ASM1330317v1_genomic	bsh	bsh
BAOEOFND_02881	tr|A0A1C6AVX0|A0A1C6AVX0_9FIRM	99.7	325	1	0	1	325	1	325	1.7e-193	670.6	GCF_013303175.1_ASM1330317v1_genomic	bsh	bsh
BAOEOFND_02881	tr|A0A417CDY8|A0A417CDY8_9FIRM	99.7	325	1	0	1	325	1	325	1.7e-193	670.6	GCF_013303175.1_ASM1330317v1_genomic	bsh	bsh
BAOEOFND_02881	tr|A0A564WVE5|A0A564WVE5_9FIRM	99.7	325	1	0	1	325	1	325	1.7e-193	670.6	GCF_013303175.1_ASM1330317v1_genomic	bsh	bsh
BAOEOFND_02881	tr|A0A416NLT9|A0A416NLT9_9FIRM	99.7	325	1	0	1	325	1	325	2.2e-193	670.2	GCF_013303175.1_ASM1330317v1_genomic	bsh	bsh
BAOEOFND_02881	tr|A0A7G9FVJ0|A0A7G9FVJ0_9FIRM	99.7	325	1	0	1	325	1	325	2.2e-193	670.2	GCF_013303175.1_ASM1330317v1_genomic	bsh	bsh
BAOEOFND_02881	tr|L1Q414|L1Q414_ANAHA	99.7	325	1	0	1	325	1	325	2.2e-193	670.2	GCF_013303175.1_ASM1330317v1_genomic	bsh	bsh
BAOEOFND_02881	tr|A0A174EB34|A0A174EB34_9FIRM	99.7	325	1	0	1	325	1	325	3.8e-193	669.5	GCF_013303175.1_ASM1330317v1_genomic	bsh	bsh
BAOEOFND_02881	tr|A0A174GR10|A0A174GR10_9FIRM	99.7	325	1	0	1	325	1	325	3.8e-193	669.5	GCF_013303175.1_ASM1330317v1_genomic	bsh	bsh
BAOEOFND_02881	tr|A0A174V5X0|A0A174V5X0_9FIRM	99.7	325	1	0	1	325	1	325	3.8e-193	669.5	GCF_013303175.1_ASM1330317v1_genomic	bsh	bsh
BAOEOFND_02881	tr|A0A3E5E3Y9|A0A3E5E3Y9_9FIRM	99.4	325	2	0	1	325	1	325	3.8e-193	669.5	GCF_013303175.1_ASM1330317v1_genomic	bsh	bsh
BAOEOFND_02881	tr|A0A1C5ULN3|A0A1C5ULN3_9FIRM	99.4	325	2	0	1	325	1	325	6.5e-193	668.7	GCF_013303175.1_ASM1330317v1_genomic	bsh	bsh
BAOEOFND_02881	tr|A0A1G5FIB9|A0A1G5FIB9_9FIRM	99.4	325	2	0	1	325	1	325	6.5e-193	668.7	GCF_013303175.1_ASM1330317v1_genomic	bsh	bsh
BAOEOFND_02881	tr|A0A317UFD6|A0A317UFD6_9FIRM	99.4	325	2	0	1	325	1	325	6.5e-193	668.7	GCF_013303175.1_ASM1330317v1_genomic	bsh	bsh
BAOEOFND_02881	tr|A0A367FUZ2|A0A367FUZ2_9FIRM	99.4	325	2	0	1	325	1	325	6.5e-193	668.7	GCF_013303175.1_ASM1330317v1_genomic	bsh	bsh
BAOEOFND_02881	tr|A0A3R6FU96|A0A3R6FU96_9FIRM	99.7	325	1	0	1	325	1	325	6.5e-193	668.7	GCF_013303175.1_ASM1330317v1_genomic	bsh	bsh
BAOEOFND_02881	tr|A0A3R6X451|A0A3R6X451_9CLOT	99.4	325	2	0	1	325	1	325	6.5e-193	668.7	GCF_013303175.1_ASM1330317v1_genomic	bsh	bsh
BAOEOFND_02881	tr|A0A6L8TEI6|A0A6L8TEI6_9FIRM	99.4	325	2	0	1	325	1	325	6.5e-193	668.7	GCF_013303175.1_ASM1330317v1_genomic	bsh	bsh
BAOEOFND_02881	tr|A0A942WJN2|A0A942WJN2_9FIRM	99.4	325	2	0	1	325	1	325	6.5e-193	668.7	GCF_013303175.1_ASM1330317v1_genomic	bsh	bsh
BAOEOFND_02881	tr|A0A1C5M099|A0A1C5M099_9CLOT	99.4	325	2	0	1	325	1	325	8.4e-193	668.3	GCF_013303175.1_ASM1330317v1_genomic	bsh	bsh
BAOEOFND_02881	tr|A0A3R6N0X3|A0A3R6N0X3_9CLOT	99.4	325	2	0	1	325	1	325	8.4e-193	668.3	GCF_013303175.1_ASM1330317v1_genomic	bsh	bsh
BAOEOFND_02881	tr|K1RSL9|K1RSL9_9ZZZZ	100	322	0	0	1	322	1	322	3.2e-192	666.4	GCF_013303175.1_ASM1330317v1_genomic	bsh	bsh
EBNLJOOF_01208	tr|A0A174S307|A0A174S307_ANAHA	100	323	0	0	1	323	1	323	3.1e-195	676.4	GCF_013303185.1_ASM1330318v1_genomic	bsh	bsh
EBNLJOOF_01208	tr|A0A415W1Y4|A0A415W1Y4_9FIRM	99.7	323	1	0	1	323	1	323	1.2e-194	674.5	GCF_013303185.1_ASM1330318v1_genomic	bsh	bsh
EBNLJOOF_01208	tr|A0A415Y4A6|A0A415Y4A6_9FIRM	99.7	323	1	0	1	323	1	323	1.2e-194	674.5	GCF_013303185.1_ASM1330318v1_genomic	bsh	bsh
EBNLJOOF_01208	tr|A0A417JP01|A0A417JP01_9FIRM	99.7	323	1	0	1	323	1	323	1.2e-194	674.5	GCF_013303185.1_ASM1330318v1_genomic	bsh	bsh
EBNLJOOF_01208	tr|A0A417UTY8|A0A417UTY8_9FIRM	99.7	323	1	0	1	323	1	323	1.2e-194	674.5	GCF_013303185.1_ASM1330318v1_genomic	bsh	bsh
EBNLJOOF_01208	tr|D4N0V8|D4N0V8_ANAHA	99.7	323	1	0	1	323	1	323	1.2e-194	674.5	GCF_013303185.1_ASM1330318v1_genomic	bsh	bsh
EBNLJOOF_01208	tr|A0A6N2RN78|A0A6N2RN78_ANAHA	99.4	323	2	0	1	323	1	323	1.5e-194	674.1	GCF_013303185.1_ASM1330318v1_genomic	bsh	bsh
EBNLJOOF_01208	tr|L1QBV1|L1QBV1_ANAHA	99.4	323	2	0	1	323	1	323	2.6e-194	673.3	GCF_013303185.1_ASM1330318v1_genomic	bsh	bsh
EBNLJOOF_01208	tr|A0A1Q2CAU9|A0A1Q2CAU9_ANAHA	99.4	323	2	0	1	323	1	323	3.4e-194	672.9	GCF_013303185.1_ASM1330318v1_genomic	bsh	bsh
EBNLJOOF_01208	tr|E5VP64|E5VP64_9FIRM	99.4	323	2	0	1	323	1	323	3.4e-194	672.9	GCF_013303185.1_ASM1330318v1_genomic	bsh	bsh
EBNLJOOF_01208	tr|R5Z9B8|R5Z9B8_9FIRM	99.4	323	2	0	1	323	1	323	3.4e-194	672.9	GCF_013303185.1_ASM1330318v1_genomic	bsh	bsh
EBNLJOOF_01993	tr|A0A173UXL2|A0A173UXL2_ANAHA	100	281	0	0	1	281	45	325	1.3e-165	577.8	GCF_013303185.1_ASM1330318v1_genomic	bsh	bsh
EBNLJOOF_01993	tr|A0A173V7R5|A0A173V7R5_9FIRM	100	281	0	0	1	281	45	325	1.3e-165	577.8	GCF_013303185.1_ASM1330318v1_genomic	bsh	bsh
EBNLJOOF_01993	tr|A0A174D8V8|A0A174D8V8_9FIRM	100	281	0	0	1	281	45	325	1.3e-165	577.8	GCF_013303185.1_ASM1330318v1_genomic	bsh	bsh
EBNLJOOF_01993	tr|A0A174HSI5|A0A174HSI5_9FIRM	100	281	0	0	1	281	45	325	1.3e-165	577.8	GCF_013303185.1_ASM1330318v1_genomic	bsh	bsh
EBNLJOOF_01993	tr|A0A1C5TMU3|A0A1C5TMU3_9FIRM	100	281	0	0	1	281	45	325	1.3e-165	577.8	GCF_013303185.1_ASM1330318v1_genomic	bsh	bsh
EBNLJOOF_01993	tr|A0A1C5TTN1|A0A1C5TTN1_9FIRM	100	281	0	0	1	281	45	325	1.3e-165	577.8	GCF_013303185.1_ASM1330318v1_genomic	bsh	bsh
EBNLJOOF_01993	tr|A0A1C5U7I7|A0A1C5U7I7_9CLOT	100	281	0	0	1	281	45	325	1.3e-165	577.8	GCF_013303185.1_ASM1330318v1_genomic	bsh	bsh
EBNLJOOF_01993	tr|A0A1C5UZX7|A0A1C5UZX7_9CLOT	100	281	0	0	1	281	45	325	1.3e-165	577.8	GCF_013303185.1_ASM1330318v1_genomic	bsh	bsh
EBNLJOOF_01993	tr|A0A1C6BVX3|A0A1C6BVX3_9FIRM	100	281	0	0	1	281	45	325	1.3e-165	577.8	GCF_013303185.1_ASM1330318v1_genomic	bsh	bsh
EBNLJOOF_01993	tr|A0A1C6FXQ7|A0A1C6FXQ7_9FIRM	100	281	0	0	1	281	45	325	1.3e-165	577.8	GCF_013303185.1_ASM1330318v1_genomic	bsh	bsh
EBNLJOOF_01993	tr|A0A285PRT2|A0A285PRT2_9FIRM	100	281	0	0	1	281	45	325	1.3e-165	577.8	GCF_013303185.1_ASM1330318v1_genomic	bsh	bsh
EBNLJOOF_01993	tr|A0A373V9R9|A0A373V9R9_9FIRM	100	281	0	0	1	281	45	325	1.3e-165	577.8	GCF_013303185.1_ASM1330318v1_genomic	bsh	bsh
EBNLJOOF_01993	tr|A0A374AYZ4|A0A374AYZ4_9FIRM	100	281	0	0	1	281	45	325	1.3e-165	577.8	GCF_013303185.1_ASM1330318v1_genomic	bsh	bsh
EBNLJOOF_01993	tr|A0A3R6DJG5|A0A3R6DJG5_9FIRM	100	281	0	0	1	281	45	325	1.3e-165	577.8	GCF_013303185.1_ASM1330318v1_genomic	bsh	bsh
EBNLJOOF_01993	tr|A0A412MA68|A0A412MA68_9FIRM	100	281	0	0	1	281	45	325	1.3e-165	577.8	GCF_013303185.1_ASM1330318v1_genomic	bsh	bsh
EBNLJOOF_01993	tr|A0A415FJV4|A0A415FJV4_9FIRM	100	281	0	0	1	281	45	325	1.3e-165	577.8	GCF_013303185.1_ASM1330318v1_genomic	bsh	bsh
EBNLJOOF_01993	tr|A0A415VWX2|A0A415VWX2_9FIRM	100	281	0	0	1	281	45	325	1.3e-165	577.8	GCF_013303185.1_ASM1330318v1_genomic	bsh	bsh
EBNLJOOF_01993	tr|A0A415Y8U9|A0A415Y8U9_9FIRM	100	281	0	0	1	281	45	325	1.3e-165	577.8	GCF_013303185.1_ASM1330318v1_genomic	bsh	bsh
EBNLJOOF_01993	tr|A0A416NLT9|A0A416NLT9_9FIRM	100	281	0	0	1	281	45	325	1.3e-165	577.8	GCF_013303185.1_ASM1330318v1_genomic	bsh	bsh
EBNLJOOF_01993	tr|A0A417C6D6|A0A417C6D6_9FIRM	100	281	0	0	1	281	45	325	1.3e-165	577.8	GCF_013303185.1_ASM1330318v1_genomic	bsh	bsh
EBNLJOOF_01993	tr|A0A417URI0|A0A417URI0_9FIRM	100	281	0	0	1	281	45	325	1.3e-165	577.8	GCF_013303185.1_ASM1330318v1_genomic	bsh	bsh
EBNLJOOF_01993	tr|A0A6N3AUL3|A0A6N3AUL3_9FIRM	100	281	0	0	1	281	45	325	1.3e-165	577.8	GCF_013303185.1_ASM1330318v1_genomic	bsh	bsh
EBNLJOOF_01993	tr|A0A7G9FVJ0|A0A7G9FVJ0_9FIRM	100	281	0	0	1	281	45	325	1.3e-165	577.8	GCF_013303185.1_ASM1330318v1_genomic	bsh	bsh
EBNLJOOF_01993	tr|A0A845KWQ3|A0A845KWQ3_9FIRM	100	281	0	0	1	281	45	325	1.3e-165	577.8	GCF_013303185.1_ASM1330318v1_genomic	bsh	bsh
EBNLJOOF_01993	tr|A5ZWR0|A5ZWR0_9FIRM	100	281	0	0	1	281	45	325	1.3e-165	577.8	GCF_013303185.1_ASM1330318v1_genomic	bsh	bsh
EBNLJOOF_01993	tr|A6BGZ5|A6BGZ5_9FIRM	100	281	0	0	1	281	45	325	1.3e-165	577.8	GCF_013303185.1_ASM1330318v1_genomic	bsh	bsh
EBNLJOOF_01993	tr|C0EW54|C0EW54_9FIRM	100	281	0	0	1	281	45	325	1.3e-165	577.8	GCF_013303185.1_ASM1330318v1_genomic	bsh	bsh
EBNLJOOF_01993	tr|A0A844GIR0|A0A844GIR0_9FIRM	99.6	281	1	0	1	281	45	325	1.7e-165	577.4	GCF_013303185.1_ASM1330318v1_genomic	bsh	bsh
EBNLJOOF_01993	tr|A0A1C6IFT3|A0A1C6IFT3_9FIRM	99.6	281	1	0	1	281	45	325	2.2e-165	577	GCF_013303185.1_ASM1330318v1_genomic	bsh	bsh
EBNLJOOF_01993	tr|A0A6N9LK70|A0A6N9LK70_9FIRM	99.6	281	1	0	1	281	45	325	2.2e-165	577	GCF_013303185.1_ASM1330318v1_genomic	bsh	bsh
EBNLJOOF_01993	tr|A0A1C5ULN3|A0A1C5ULN3_9FIRM	99.6	281	1	0	1	281	45	325	2.9e-165	576.6	GCF_013303185.1_ASM1330318v1_genomic	bsh	bsh
EBNLJOOF_01993	tr|A0A1G5FIB9|A0A1G5FIB9_9FIRM	99.6	281	1	0	1	281	45	325	2.9e-165	576.6	GCF_013303185.1_ASM1330318v1_genomic	bsh	bsh
EBNLJOOF_01993	tr|A0A317UFD6|A0A317UFD6_9FIRM	99.6	281	1	0	1	281	45	325	2.9e-165	576.6	GCF_013303185.1_ASM1330318v1_genomic	bsh	bsh
EBNLJOOF_01993	tr|A0A367FUZ2|A0A367FUZ2_9FIRM	99.6	281	1	0	1	281	45	325	2.9e-165	576.6	GCF_013303185.1_ASM1330318v1_genomic	bsh	bsh
EBNLJOOF_01993	tr|A0A6L8TEI6|A0A6L8TEI6_9FIRM	99.6	281	1	0	1	281	45	325	2.9e-165	576.6	GCF_013303185.1_ASM1330318v1_genomic	bsh	bsh
EBNLJOOF_01993	tr|A0A942WJN2|A0A942WJN2_9FIRM	99.6	281	1	0	1	281	45	325	2.9e-165	576.6	GCF_013303185.1_ASM1330318v1_genomic	bsh	bsh
EBNLJOOF_01993	tr|A0A1C5RZ46|A0A1C5RZ46_9CLOT	99.6	281	1	0	1	281	45	325	3.8e-165	576.2	GCF_013303185.1_ASM1330318v1_genomic	bsh	bsh
EBNLJOOF_01993	tr|A0A1C5VAP5|A0A1C5VAP5_9FIRM	99.6	281	1	0	1	281	45	325	3.8e-165	576.2	GCF_013303185.1_ASM1330318v1_genomic	bsh	bsh
EBNLJOOF_01993	tr|A0A373IZI9|A0A373IZI9_9FIRM	99.6	281	1	0	1	281	45	325	3.8e-165	576.2	GCF_013303185.1_ASM1330318v1_genomic	bsh	bsh
EBNLJOOF_01993	tr|A0A3E5E3Y9|A0A3E5E3Y9_9FIRM	99.6	281	1	0	1	281	45	325	3.8e-165	576.2	GCF_013303185.1_ASM1330318v1_genomic	bsh	bsh
EBNLJOOF_01993	tr|A0A415HK39|A0A415HK39_9FIRM	99.6	281	1	0	1	281	45	325	3.8e-165	576.2	GCF_013303185.1_ASM1330318v1_genomic	bsh	bsh
EBNLJOOF_01993	tr|A0A417R5E7|A0A417R5E7_9FIRM	99.6	281	1	0	1	281	45	325	3.8e-165	576.2	GCF_013303185.1_ASM1330318v1_genomic	bsh	bsh
EBNLJOOF_01993	tr|A0A173U973|A0A173U973_9FIRM	99.6	281	1	0	1	281	45	325	4.9e-165	575.9	GCF_013303185.1_ASM1330318v1_genomic	bsh	bsh
EBNLJOOF_01993	tr|A0A1C5REX8|A0A1C5REX8_9FIRM	99.6	281	1	0	1	281	45	325	4.9e-165	575.9	GCF_013303185.1_ASM1330318v1_genomic	bsh	bsh
EBNLJOOF_01993	tr|A0A1C6AVX0|A0A1C6AVX0_9FIRM	99.6	281	1	0	1	281	45	325	4.9e-165	575.9	GCF_013303185.1_ASM1330318v1_genomic	bsh	bsh
EBNLJOOF_01993	tr|A0A417CDY8|A0A417CDY8_9FIRM	99.6	281	1	0	1	281	45	325	4.9e-165	575.9	GCF_013303185.1_ASM1330318v1_genomic	bsh	bsh
EBNLJOOF_01993	tr|A0A564WVE5|A0A564WVE5_9FIRM	99.6	281	1	0	1	281	45	325	4.9e-165	575.9	GCF_013303185.1_ASM1330318v1_genomic	bsh	bsh
EBNLJOOF_01993	tr|L1Q414|L1Q414_ANAHA	99.6	281	1	0	1	281	45	325	6.4e-165	575.5	GCF_013303185.1_ASM1330318v1_genomic	bsh	bsh
EBNLJOOF_01993	tr|D8FI15|D8FI15_9FIRM	99.3	281	2	0	1	281	45	325	8.4e-165	575.1	GCF_013303185.1_ASM1330318v1_genomic	bsh	bsh
EBNLJOOF_01993	tr|A0A174EB34|A0A174EB34_9FIRM	99.6	281	1	0	1	281	45	325	1.1e-164	574.7	GCF_013303185.1_ASM1330318v1_genomic	bsh	bsh
EBNLJOOF_01993	tr|A0A174GR10|A0A174GR10_9FIRM	99.6	281	1	0	1	281	45	325	1.1e-164	574.7	GCF_013303185.1_ASM1330318v1_genomic	bsh	bsh
EBNLJOOF_01993	tr|A0A174V5X0|A0A174V5X0_9FIRM	99.6	281	1	0	1	281	45	325	1.1e-164	574.7	GCF_013303185.1_ASM1330318v1_genomic	bsh	bsh
EBNLJOOF_01993	tr|A0A3R6FU96|A0A3R6FU96_9FIRM	99.6	281	1	0	1	281	45	325	1.9e-164	573.9	GCF_013303185.1_ASM1330318v1_genomic	bsh	bsh
EBNLJOOF_01993	tr|A0A3R6X451|A0A3R6X451_9CLOT	99.3	281	2	0	1	281	45	325	1.9e-164	573.9	GCF_013303185.1_ASM1330318v1_genomic	bsh	bsh
EBNLJOOF_01993	tr|A0A1C5M099|A0A1C5M099_9CLOT	99.3	281	2	0	1	281	45	325	2.4e-164	573.5	GCF_013303185.1_ASM1330318v1_genomic	bsh	bsh
EBNLJOOF_01993	tr|A0A3R6N0X3|A0A3R6N0X3_9CLOT	99.3	281	2	0	1	281	45	325	2.4e-164	573.5	GCF_013303185.1_ASM1330318v1_genomic	bsh	bsh
EBNLJOOF_01993	tr|A0A9X8GQM4|A0A9X8GQM4_9FIRM	98.9	281	3	0	1	281	45	325	2.4e-164	573.5	GCF_013303185.1_ASM1330318v1_genomic	bsh	bsh
EBNLJOOF_01994	tr|A0A173U973|A0A173U973_9FIRM	100	32	0	0	1	32	1	32	1.6e-14	72.8	GCF_013303185.1_ASM1330318v1_genomic	bsh	bsh
EBNLJOOF_01994	tr|A0A173UXL2|A0A173UXL2_ANAHA	100	32	0	0	1	32	1	32	1.6e-14	72.8	GCF_013303185.1_ASM1330318v1_genomic	bsh	bsh
EBNLJOOF_01994	tr|A0A173V7R5|A0A173V7R5_9FIRM	100	32	0	0	1	32	1	32	1.6e-14	72.8	GCF_013303185.1_ASM1330318v1_genomic	bsh	bsh
EBNLJOOF_01994	tr|A0A174D8V8|A0A174D8V8_9FIRM	100	32	0	0	1	32	1	32	1.6e-14	72.8	GCF_013303185.1_ASM1330318v1_genomic	bsh	bsh
EBNLJOOF_01994	tr|A0A174EB34|A0A174EB34_9FIRM	100	32	0	0	1	32	1	32	1.6e-14	72.8	GCF_013303185.1_ASM1330318v1_genomic	bsh	bsh
EBNLJOOF_01994	tr|A0A174GR10|A0A174GR10_9FIRM	100	32	0	0	1	32	1	32	1.6e-14	72.8	GCF_013303185.1_ASM1330318v1_genomic	bsh	bsh
EBNLJOOF_01994	tr|A0A174HSI5|A0A174HSI5_9FIRM	100	32	0	0	1	32	1	32	1.6e-14	72.8	GCF_013303185.1_ASM1330318v1_genomic	bsh	bsh
EBNLJOOF_01994	tr|A0A174V5X0|A0A174V5X0_9FIRM	100	32	0	0	1	32	1	32	1.6e-14	72.8	GCF_013303185.1_ASM1330318v1_genomic	bsh	bsh
EBNLJOOF_01994	tr|A0A1C5KYY2|A0A1C5KYY2_9CLOT	100	32	0	0	1	32	1	32	1.6e-14	72.8	GCF_013303185.1_ASM1330318v1_genomic	bsh	bsh
EBNLJOOF_01994	tr|A0A1C5M099|A0A1C5M099_9CLOT	100	32	0	0	1	32	1	32	1.6e-14	72.8	GCF_013303185.1_ASM1330318v1_genomic	bsh	bsh
EBNLJOOF_01994	tr|A0A1C5REX8|A0A1C5REX8_9FIRM	100	32	0	0	1	32	1	32	1.6e-14	72.8	GCF_013303185.1_ASM1330318v1_genomic	bsh	bsh
EBNLJOOF_01994	tr|A0A1C5RZ46|A0A1C5RZ46_9CLOT	100	32	0	0	1	32	1	32	1.6e-14	72.8	GCF_013303185.1_ASM1330318v1_genomic	bsh	bsh
EBNLJOOF_01994	tr|A0A1C5SWR5|A0A1C5SWR5_9CLOT	100	32	0	0	1	32	1	32	1.6e-14	72.8	GCF_013303185.1_ASM1330318v1_genomic	bsh	bsh
EBNLJOOF_01994	tr|A0A1C5TTN1|A0A1C5TTN1_9FIRM	100	32	0	0	1	32	1	32	1.6e-14	72.8	GCF_013303185.1_ASM1330318v1_genomic	bsh	bsh
EBNLJOOF_01994	tr|A0A1C5U7I7|A0A1C5U7I7_9CLOT	100	32	0	0	1	32	1	32	1.6e-14	72.8	GCF_013303185.1_ASM1330318v1_genomic	bsh	bsh
EBNLJOOF_01994	tr|A0A1C5ULN3|A0A1C5ULN3_9FIRM	100	32	0	0	1	32	1	32	1.6e-14	72.8	GCF_013303185.1_ASM1330318v1_genomic	bsh	bsh
EBNLJOOF_01994	tr|A0A1C5UZX7|A0A1C5UZX7_9CLOT	100	32	0	0	1	32	1	32	1.6e-14	72.8	GCF_013303185.1_ASM1330318v1_genomic	bsh	bsh
EBNLJOOF_01994	tr|A0A1C5VAP5|A0A1C5VAP5_9FIRM	100	32	0	0	1	32	1	32	1.6e-14	72.8	GCF_013303185.1_ASM1330318v1_genomic	bsh	bsh
EBNLJOOF_01994	tr|A0A1C6AVX0|A0A1C6AVX0_9FIRM	100	32	0	0	1	32	1	32	1.6e-14	72.8	GCF_013303185.1_ASM1330318v1_genomic	bsh	bsh
EBNLJOOF_01994	tr|A0A1C6BVX3|A0A1C6BVX3_9FIRM	100	32	0	0	1	32	1	32	1.6e-14	72.8	GCF_013303185.1_ASM1330318v1_genomic	bsh	bsh
EBNLJOOF_01994	tr|A0A1C6E918|A0A1C6E918_9CLOT	100	32	0	0	1	32	1	32	1.6e-14	72.8	GCF_013303185.1_ASM1330318v1_genomic	bsh	bsh
EBNLJOOF_01994	tr|A0A1C6FXQ7|A0A1C6FXQ7_9FIRM	100	32	0	0	1	32	1	32	1.6e-14	72.8	GCF_013303185.1_ASM1330318v1_genomic	bsh	bsh
EBNLJOOF_01994	tr|A0A1C6IFT3|A0A1C6IFT3_9FIRM	100	32	0	0	1	32	1	32	1.6e-14	72.8	GCF_013303185.1_ASM1330318v1_genomic	bsh	bsh
EBNLJOOF_01994	tr|A0A1G5FIB9|A0A1G5FIB9_9FIRM	100	32	0	0	1	32	1	32	1.6e-14	72.8	GCF_013303185.1_ASM1330318v1_genomic	bsh	bsh
EBNLJOOF_01994	tr|A0A285PRT2|A0A285PRT2_9FIRM	100	32	0	0	1	32	1	32	1.6e-14	72.8	GCF_013303185.1_ASM1330318v1_genomic	bsh	bsh
EBNLJOOF_01994	tr|A0A2N5NEG8|A0A2N5NEG8_RUMGN	100	32	0	0	1	32	1	32	1.6e-14	72.8	GCF_013303185.1_ASM1330318v1_genomic	bsh	bsh
EBNLJOOF_01994	tr|A0A316RZZ6|A0A316RZZ6_9FIRM	100	32	0	0	1	32	1	32	1.6e-14	72.8	GCF_013303185.1_ASM1330318v1_genomic	bsh	bsh
EBNLJOOF_01994	tr|A0A317UFD6|A0A317UFD6_9FIRM	100	32	0	0	1	32	1	32	1.6e-14	72.8	GCF_013303185.1_ASM1330318v1_genomic	bsh	bsh
EBNLJOOF_01994	tr|A0A367FUZ2|A0A367FUZ2_9FIRM	100	32	0	0	1	32	1	32	1.6e-14	72.8	GCF_013303185.1_ASM1330318v1_genomic	bsh	bsh
EBNLJOOF_01994	tr|A0A373IZI9|A0A373IZI9_9FIRM	100	32	0	0	1	32	1	32	1.6e-14	72.8	GCF_013303185.1_ASM1330318v1_genomic	bsh	bsh
EBNLJOOF_01994	tr|A0A373V9R9|A0A373V9R9_9FIRM	100	32	0	0	1	32	1	32	1.6e-14	72.8	GCF_013303185.1_ASM1330318v1_genomic	bsh	bsh
EBNLJOOF_01994	tr|A0A374AYZ4|A0A374AYZ4_9FIRM	100	32	0	0	1	32	1	32	1.6e-14	72.8	GCF_013303185.1_ASM1330318v1_genomic	bsh	bsh
EBNLJOOF_01994	tr|A0A3A6FRD9|A0A3A6FRD9_9FIRM	100	32	0	0	1	32	1	32	1.6e-14	72.8	GCF_013303185.1_ASM1330318v1_genomic	bsh	bsh
EBNLJOOF_01994	tr|A0A3R6DJG5|A0A3R6DJG5_9FIRM	100	32	0	0	1	32	1	32	1.6e-14	72.8	GCF_013303185.1_ASM1330318v1_genomic	bsh	bsh
EBNLJOOF_01994	tr|A0A3R6FU96|A0A3R6FU96_9FIRM	100	32	0	0	1	32	1	32	1.6e-14	72.8	GCF_013303185.1_ASM1330318v1_genomic	bsh	bsh
EBNLJOOF_01994	tr|A0A3R6K169|A0A3R6K169_9CLOT	100	32	0	0	1	32	1	32	1.6e-14	72.8	GCF_013303185.1_ASM1330318v1_genomic	bsh	bsh
EBNLJOOF_01994	tr|A0A3R6N0X3|A0A3R6N0X3_9CLOT	100	32	0	0	1	32	1	32	1.6e-14	72.8	GCF_013303185.1_ASM1330318v1_genomic	bsh	bsh
EBNLJOOF_01994	tr|A0A3R6R564|A0A3R6R564_9CLOT	100	32	0	0	1	32	1	32	1.6e-14	72.8	GCF_013303185.1_ASM1330318v1_genomic	bsh	bsh
EBNLJOOF_01994	tr|A0A3R6X451|A0A3R6X451_9CLOT	100	32	0	0	1	32	1	32	1.6e-14	72.8	GCF_013303185.1_ASM1330318v1_genomic	bsh	bsh
EBNLJOOF_01994	tr|A0A3R6Y669|A0A3R6Y669_9CLOT	100	32	0	0	1	32	1	32	1.6e-14	72.8	GCF_013303185.1_ASM1330318v1_genomic	bsh	bsh
EBNLJOOF_01994	tr|A0A412MA68|A0A412MA68_9FIRM	100	32	0	0	1	32	1	32	1.6e-14	72.8	GCF_013303185.1_ASM1330318v1_genomic	bsh	bsh
EBNLJOOF_01994	tr|A0A415FJV4|A0A415FJV4_9FIRM	100	32	0	0	1	32	1	32	1.6e-14	72.8	GCF_013303185.1_ASM1330318v1_genomic	bsh	bsh
EBNLJOOF_01994	tr|A0A415HK39|A0A415HK39_9FIRM	100	32	0	0	1	32	1	32	1.6e-14	72.8	GCF_013303185.1_ASM1330318v1_genomic	bsh	bsh
EBNLJOOF_01994	tr|A0A415VWX2|A0A415VWX2_9FIRM	100	32	0	0	1	32	1	32	1.6e-14	72.8	GCF_013303185.1_ASM1330318v1_genomic	bsh	bsh
EBNLJOOF_01994	tr|A0A415Y8U9|A0A415Y8U9_9FIRM	100	32	0	0	1	32	1	32	1.6e-14	72.8	GCF_013303185.1_ASM1330318v1_genomic	bsh	bsh
EBNLJOOF_01994	tr|A0A416JTV4|A0A416JTV4_9FIRM	100	32	0	0	1	32	1	32	1.6e-14	72.8	GCF_013303185.1_ASM1330318v1_genomic	bsh	bsh
EBNLJOOF_01994	tr|A0A417AD06|A0A417AD06_9CLOT	100	32	0	0	1	32	1	32	1.6e-14	72.8	GCF_013303185.1_ASM1330318v1_genomic	bsh	bsh
EBNLJOOF_01994	tr|A0A417C6D6|A0A417C6D6_9FIRM	100	32	0	0	1	32	1	32	1.6e-14	72.8	GCF_013303185.1_ASM1330318v1_genomic	bsh	bsh
EBNLJOOF_01994	tr|A0A417CDY8|A0A417CDY8_9FIRM	100	32	0	0	1	32	1	32	1.6e-14	72.8	GCF_013303185.1_ASM1330318v1_genomic	bsh	bsh
EBNLJOOF_01994	tr|A0A417R5E7|A0A417R5E7_9FIRM	100	32	0	0	1	32	1	32	1.6e-14	72.8	GCF_013303185.1_ASM1330318v1_genomic	bsh	bsh
EBNLJOOF_01994	tr|A0A417U371|A0A417U371_9FIRM	100	32	0	0	1	32	1	32	1.6e-14	72.8	GCF_013303185.1_ASM1330318v1_genomic	bsh	bsh
EBNLJOOF_01994	tr|A0A417URI0|A0A417URI0_9FIRM	100	32	0	0	1	32	1	32	1.6e-14	72.8	GCF_013303185.1_ASM1330318v1_genomic	bsh	bsh
EBNLJOOF_01994	tr|A0A564WVE5|A0A564WVE5_9FIRM	100	32	0	0	1	32	1	32	1.6e-14	72.8	GCF_013303185.1_ASM1330318v1_genomic	bsh	bsh
EBNLJOOF_01994	tr|A0A6L8TEI6|A0A6L8TEI6_9FIRM	100	32	0	0	1	32	1	32	1.6e-14	72.8	GCF_013303185.1_ASM1330318v1_genomic	bsh	bsh
EBNLJOOF_01994	tr|A0A6N3GQG8|A0A6N3GQG8_RUMGN	100	32	0	0	1	32	1	32	1.6e-14	72.8	GCF_013303185.1_ASM1330318v1_genomic	bsh	bsh
EBNLJOOF_01994	tr|A0A6N9LK70|A0A6N9LK70_9FIRM	100	32	0	0	1	32	1	32	1.6e-14	72.8	GCF_013303185.1_ASM1330318v1_genomic	bsh	bsh
EBNLJOOF_01994	tr|A0A7G5MZB0|A0A7G5MZB0_9FIRM	100	32	0	0	1	32	1	32	1.6e-14	72.8	GCF_013303185.1_ASM1330318v1_genomic	bsh	bsh
EBNLJOOF_01994	tr|A0A829NL13|A0A829NL13_RUMGN	100	32	0	0	1	32	1	32	1.6e-14	72.8	GCF_013303185.1_ASM1330318v1_genomic	bsh	bsh
EBNLJOOF_01994	tr|A0A844GIR0|A0A844GIR0_9FIRM	100	32	0	0	1	32	1	32	1.6e-14	72.8	GCF_013303185.1_ASM1330318v1_genomic	bsh	bsh
EBNLJOOF_01994	tr|A0A845KWQ3|A0A845KWQ3_9FIRM	100	32	0	0	1	32	1	32	1.6e-14	72.8	GCF_013303185.1_ASM1330318v1_genomic	bsh	bsh
EBNLJOOF_01994	tr|A0A8T4JTV9|A0A8T4JTV9_9FIRM	100	32	0	0	1	32	1	32	1.6e-14	72.8	GCF_013303185.1_ASM1330318v1_genomic	bsh	bsh
EBNLJOOF_01994	tr|A0A923LFC4|A0A923LFC4_9FIRM	100	32	0	0	1	32	1	32	1.6e-14	72.8	GCF_013303185.1_ASM1330318v1_genomic	bsh	bsh
EBNLJOOF_01994	tr|A0A942WJN2|A0A942WJN2_9FIRM	100	32	0	0	1	32	1	32	1.6e-14	72.8	GCF_013303185.1_ASM1330318v1_genomic	bsh	bsh
EBNLJOOF_01994	tr|A0A9X8GQM4|A0A9X8GQM4_9FIRM	100	32	0	0	1	32	1	32	1.6e-14	72.8	GCF_013303185.1_ASM1330318v1_genomic	bsh	bsh
EBNLJOOF_01994	tr|A5ZWR0|A5ZWR0_9FIRM	100	32	0	0	1	32	1	32	1.6e-14	72.8	GCF_013303185.1_ASM1330318v1_genomic	bsh	bsh
EBNLJOOF_01994	tr|A6BGZ5|A6BGZ5_9FIRM	100	32	0	0	1	32	1	32	1.6e-14	72.8	GCF_013303185.1_ASM1330318v1_genomic	bsh	bsh
EBNLJOOF_01994	tr|A7AYV0|A7AYV0_RUMGV	100	32	0	0	1	32	1	32	1.6e-14	72.8	GCF_013303185.1_ASM1330318v1_genomic	bsh	bsh
EBNLJOOF_01994	tr|C0EW54|C0EW54_9FIRM	100	32	0	0	1	32	1	32	1.6e-14	72.8	GCF_013303185.1_ASM1330318v1_genomic	bsh	bsh
EBNLJOOF_01994	tr|F3AU77|F3AU77_9FIRM	100	32	0	0	1	32	1	32	1.6e-14	72.8	GCF_013303185.1_ASM1330318v1_genomic	bsh	bsh
EBNLJOOF_01994	tr|F7JVM0|F7JVM0_9FIRM	100	32	0	0	1	32	1	32	1.6e-14	72.8	GCF_013303185.1_ASM1330318v1_genomic	bsh	bsh
EBNLJOOF_01994	tr|K1RSL9|K1RSL9_9ZZZZ	100	32	0	0	1	32	1	32	1.6e-14	72.8	GCF_013303185.1_ASM1330318v1_genomic	bsh	bsh
EBNLJOOF_01994	tr|L1Q414|L1Q414_ANAHA	100	32	0	0	1	32	1	32	1.6e-14	72.8	GCF_013303185.1_ASM1330318v1_genomic	bsh	bsh
EBNLJOOF_01994	tr|U2D571|U2D571_9FIRM	100	32	0	0	1	32	3	34	1.6e-14	72.8	GCF_013303185.1_ASM1330318v1_genomic	bsh	bsh
MEADLIFI_01009	tr|A0A415W1Y4|A0A415W1Y4_9FIRM	100	323	0	0	1	323	1	323	2.4e-195	676.8	GCF_013303225.1_ASM1330322v1_genomic	bsh	bsh
MEADLIFI_01009	tr|A0A415Y4A6|A0A415Y4A6_9FIRM	100	323	0	0	1	323	1	323	2.4e-195	676.8	GCF_013303225.1_ASM1330322v1_genomic	bsh	bsh
MEADLIFI_01009	tr|A0A417JP01|A0A417JP01_9FIRM	100	323	0	0	1	323	1	323	2.4e-195	676.8	GCF_013303225.1_ASM1330322v1_genomic	bsh	bsh
MEADLIFI_01009	tr|A0A417UTY8|A0A417UTY8_9FIRM	100	323	0	0	1	323	1	323	2.4e-195	676.8	GCF_013303225.1_ASM1330322v1_genomic	bsh	bsh
MEADLIFI_01009	tr|D4N0V8|D4N0V8_ANAHA	100	323	0	0	1	323	1	323	2.4e-195	676.8	GCF_013303225.1_ASM1330322v1_genomic	bsh	bsh
MEADLIFI_01009	tr|A0A6N2RN78|A0A6N2RN78_ANAHA	99.7	323	1	0	1	323	1	323	3.1e-195	676.4	GCF_013303225.1_ASM1330322v1_genomic	bsh	bsh
MEADLIFI_01009	tr|L1QBV1|L1QBV1_ANAHA	99.7	323	1	0	1	323	1	323	5.2e-195	675.6	GCF_013303225.1_ASM1330322v1_genomic	bsh	bsh
MEADLIFI_01009	tr|A0A1Q2CAU9|A0A1Q2CAU9_ANAHA	99.7	323	1	0	1	323	1	323	6.9e-195	675.2	GCF_013303225.1_ASM1330322v1_genomic	bsh	bsh
MEADLIFI_01009	tr|E5VP64|E5VP64_9FIRM	99.7	323	1	0	1	323	1	323	6.9e-195	675.2	GCF_013303225.1_ASM1330322v1_genomic	bsh	bsh
MEADLIFI_01009	tr|R5Z9B8|R5Z9B8_9FIRM	99.7	323	1	0	1	323	1	323	6.9e-195	675.2	GCF_013303225.1_ASM1330322v1_genomic	bsh	bsh
MEADLIFI_01009	tr|A0A174S307|A0A174S307_ANAHA	99.7	323	1	0	1	323	1	323	8.9e-195	674.9	GCF_013303225.1_ASM1330322v1_genomic	bsh	bsh
MEADLIFI_02548	tr|A0A173UXL2|A0A173UXL2_ANAHA	99.4	325	2	0	1	325	1	325	4.9e-193	669.1	GCF_013303225.1_ASM1330322v1_genomic	bsh	bsh
MEADLIFI_02548	tr|A0A173V7R5|A0A173V7R5_9FIRM	99.4	325	2	0	1	325	1	325	4.9e-193	669.1	GCF_013303225.1_ASM1330322v1_genomic	bsh	bsh
MEADLIFI_02548	tr|A0A174D8V8|A0A174D8V8_9FIRM	99.4	325	2	0	1	325	1	325	4.9e-193	669.1	GCF_013303225.1_ASM1330322v1_genomic	bsh	bsh
MEADLIFI_02548	tr|A0A174HSI5|A0A174HSI5_9FIRM	99.4	325	2	0	1	325	1	325	4.9e-193	669.1	GCF_013303225.1_ASM1330322v1_genomic	bsh	bsh
MEADLIFI_02548	tr|A0A1C5TTN1|A0A1C5TTN1_9FIRM	99.4	325	2	0	1	325	1	325	4.9e-193	669.1	GCF_013303225.1_ASM1330322v1_genomic	bsh	bsh
MEADLIFI_02548	tr|A0A1C5U7I7|A0A1C5U7I7_9CLOT	99.4	325	2	0	1	325	1	325	4.9e-193	669.1	GCF_013303225.1_ASM1330322v1_genomic	bsh	bsh
MEADLIFI_02548	tr|A0A1C6BVX3|A0A1C6BVX3_9FIRM	99.4	325	2	0	1	325	1	325	4.9e-193	669.1	GCF_013303225.1_ASM1330322v1_genomic	bsh	bsh
MEADLIFI_02548	tr|A0A1C6FXQ7|A0A1C6FXQ7_9FIRM	99.4	325	2	0	1	325	1	325	4.9e-193	669.1	GCF_013303225.1_ASM1330322v1_genomic	bsh	bsh
MEADLIFI_02548	tr|A0A285PRT2|A0A285PRT2_9FIRM	99.4	325	2	0	1	325	1	325	4.9e-193	669.1	GCF_013303225.1_ASM1330322v1_genomic	bsh	bsh
MEADLIFI_02548	tr|A0A373V9R9|A0A373V9R9_9FIRM	99.4	325	2	0	1	325	1	325	4.9e-193	669.1	GCF_013303225.1_ASM1330322v1_genomic	bsh	bsh
MEADLIFI_02548	tr|A0A374AYZ4|A0A374AYZ4_9FIRM	99.4	325	2	0	1	325	1	325	4.9e-193	669.1	GCF_013303225.1_ASM1330322v1_genomic	bsh	bsh
MEADLIFI_02548	tr|A0A3R6DJG5|A0A3R6DJG5_9FIRM	99.4	325	2	0	1	325	1	325	4.9e-193	669.1	GCF_013303225.1_ASM1330322v1_genomic	bsh	bsh
MEADLIFI_02548	tr|A0A412MA68|A0A412MA68_9FIRM	99.4	325	2	0	1	325	1	325	4.9e-193	669.1	GCF_013303225.1_ASM1330322v1_genomic	bsh	bsh
MEADLIFI_02548	tr|A0A415FJV4|A0A415FJV4_9FIRM	99.4	325	2	0	1	325	1	325	4.9e-193	669.1	GCF_013303225.1_ASM1330322v1_genomic	bsh	bsh
MEADLIFI_02548	tr|A0A415VWX2|A0A415VWX2_9FIRM	99.4	325	2	0	1	325	1	325	4.9e-193	669.1	GCF_013303225.1_ASM1330322v1_genomic	bsh	bsh
MEADLIFI_02548	tr|A0A415Y8U9|A0A415Y8U9_9FIRM	99.4	325	2	0	1	325	1	325	4.9e-193	669.1	GCF_013303225.1_ASM1330322v1_genomic	bsh	bsh
MEADLIFI_02548	tr|A0A417C6D6|A0A417C6D6_9FIRM	99.4	325	2	0	1	325	1	325	4.9e-193	669.1	GCF_013303225.1_ASM1330322v1_genomic	bsh	bsh
MEADLIFI_02548	tr|A0A417URI0|A0A417URI0_9FIRM	99.4	325	2	0	1	325	1	325	4.9e-193	669.1	GCF_013303225.1_ASM1330322v1_genomic	bsh	bsh
MEADLIFI_02548	tr|A0A845KWQ3|A0A845KWQ3_9FIRM	99.4	325	2	0	1	325	1	325	4.9e-193	669.1	GCF_013303225.1_ASM1330322v1_genomic	bsh	bsh
MEADLIFI_02548	tr|A5ZWR0|A5ZWR0_9FIRM	99.4	325	2	0	1	325	1	325	4.9e-193	669.1	GCF_013303225.1_ASM1330322v1_genomic	bsh	bsh
MEADLIFI_02548	tr|A6BGZ5|A6BGZ5_9FIRM	99.4	325	2	0	1	325	1	325	4.9e-193	669.1	GCF_013303225.1_ASM1330322v1_genomic	bsh	bsh
MEADLIFI_02548	tr|C0EW54|C0EW54_9FIRM	99.4	325	2	0	1	325	1	325	4.9e-193	669.1	GCF_013303225.1_ASM1330322v1_genomic	bsh	bsh
MEADLIFI_02548	tr|A0A844GIR0|A0A844GIR0_9FIRM	99.1	325	3	0	1	325	1	325	6.5e-193	668.7	GCF_013303225.1_ASM1330322v1_genomic	bsh	bsh
MEADLIFI_02548	tr|A0A1C6IFT3|A0A1C6IFT3_9FIRM	99.1	325	3	0	1	325	1	325	8.4e-193	668.3	GCF_013303225.1_ASM1330322v1_genomic	bsh	bsh
MEADLIFI_02548	tr|A0A6N9LK70|A0A6N9LK70_9FIRM	99.1	325	3	0	1	325	1	325	8.4e-193	668.3	GCF_013303225.1_ASM1330322v1_genomic	bsh	bsh
MEADLIFI_02548	tr|A0A1C5RZ46|A0A1C5RZ46_9CLOT	99.1	325	3	0	1	325	1	325	1.4e-192	667.5	GCF_013303225.1_ASM1330322v1_genomic	bsh	bsh
MEADLIFI_02548	tr|A0A1C5TMU3|A0A1C5TMU3_9FIRM	99.1	325	3	0	1	325	1	325	1.4e-192	667.5	GCF_013303225.1_ASM1330322v1_genomic	bsh	bsh
MEADLIFI_02548	tr|A0A1C5VAP5|A0A1C5VAP5_9FIRM	99.1	325	3	0	1	325	1	325	1.4e-192	667.5	GCF_013303225.1_ASM1330322v1_genomic	bsh	bsh
MEADLIFI_02548	tr|A0A373IZI9|A0A373IZI9_9FIRM	99.1	325	3	0	1	325	1	325	1.4e-192	667.5	GCF_013303225.1_ASM1330322v1_genomic	bsh	bsh
MEADLIFI_02548	tr|A0A415HK39|A0A415HK39_9FIRM	99.1	325	3	0	1	325	1	325	1.4e-192	667.5	GCF_013303225.1_ASM1330322v1_genomic	bsh	bsh
MEADLIFI_02548	tr|A0A417R5E7|A0A417R5E7_9FIRM	99.1	325	3	0	1	325	1	325	1.4e-192	667.5	GCF_013303225.1_ASM1330322v1_genomic	bsh	bsh
MEADLIFI_02548	tr|A0A6N3AUL3|A0A6N3AUL3_9FIRM	99.1	325	3	0	1	325	1	325	1.4e-192	667.5	GCF_013303225.1_ASM1330322v1_genomic	bsh	bsh
MEADLIFI_02548	tr|A0A173U973|A0A173U973_9FIRM	99.1	325	3	0	1	325	1	325	1.9e-192	667.2	GCF_013303225.1_ASM1330322v1_genomic	bsh	bsh
MEADLIFI_02548	tr|A0A1C5REX8|A0A1C5REX8_9FIRM	99.1	325	3	0	1	325	1	325	1.9e-192	667.2	GCF_013303225.1_ASM1330322v1_genomic	bsh	bsh
MEADLIFI_02548	tr|A0A1C5UZX7|A0A1C5UZX7_9CLOT	99.1	325	3	0	1	325	1	325	1.9e-192	667.2	GCF_013303225.1_ASM1330322v1_genomic	bsh	bsh
MEADLIFI_02548	tr|A0A1C6AVX0|A0A1C6AVX0_9FIRM	99.1	325	3	0	1	325	1	325	1.9e-192	667.2	GCF_013303225.1_ASM1330322v1_genomic	bsh	bsh
MEADLIFI_02548	tr|A0A417CDY8|A0A417CDY8_9FIRM	99.1	325	3	0	1	325	1	325	1.9e-192	667.2	GCF_013303225.1_ASM1330322v1_genomic	bsh	bsh
MEADLIFI_02548	tr|A0A564WVE5|A0A564WVE5_9FIRM	99.1	325	3	0	1	325	1	325	1.9e-192	667.2	GCF_013303225.1_ASM1330322v1_genomic	bsh	bsh
MEADLIFI_02548	tr|A0A416NLT9|A0A416NLT9_9FIRM	99.1	325	3	0	1	325	1	325	2.5e-192	666.8	GCF_013303225.1_ASM1330322v1_genomic	bsh	bsh
MEADLIFI_02548	tr|A0A7G9FVJ0|A0A7G9FVJ0_9FIRM	99.1	325	3	0	1	325	1	325	2.5e-192	666.8	GCF_013303225.1_ASM1330322v1_genomic	bsh	bsh
MEADLIFI_02548	tr|L1Q414|L1Q414_ANAHA	99.1	325	3	0	1	325	1	325	2.5e-192	666.8	GCF_013303225.1_ASM1330322v1_genomic	bsh	bsh
MEADLIFI_02548	tr|A0A174EB34|A0A174EB34_9FIRM	99.1	325	3	0	1	325	1	325	4.2e-192	666	GCF_013303225.1_ASM1330322v1_genomic	bsh	bsh
MEADLIFI_02548	tr|A0A174GR10|A0A174GR10_9FIRM	99.1	325	3	0	1	325	1	325	4.2e-192	666	GCF_013303225.1_ASM1330322v1_genomic	bsh	bsh
MEADLIFI_02548	tr|A0A174V5X0|A0A174V5X0_9FIRM	99.1	325	3	0	1	325	1	325	4.2e-192	666	GCF_013303225.1_ASM1330322v1_genomic	bsh	bsh
MEADLIFI_02548	tr|A0A3E5E3Y9|A0A3E5E3Y9_9FIRM	98.8	325	4	0	1	325	1	325	4.2e-192	666	GCF_013303225.1_ASM1330322v1_genomic	bsh	bsh
MEADLIFI_02548	tr|A0A1C5ULN3|A0A1C5ULN3_9FIRM	98.8	325	4	0	1	325	1	325	7.1e-192	665.2	GCF_013303225.1_ASM1330322v1_genomic	bsh	bsh
MEADLIFI_02548	tr|A0A1G5FIB9|A0A1G5FIB9_9FIRM	98.8	325	4	0	1	325	1	325	7.1e-192	665.2	GCF_013303225.1_ASM1330322v1_genomic	bsh	bsh
MEADLIFI_02548	tr|A0A317UFD6|A0A317UFD6_9FIRM	98.8	325	4	0	1	325	1	325	7.1e-192	665.2	GCF_013303225.1_ASM1330322v1_genomic	bsh	bsh
MEADLIFI_02548	tr|A0A367FUZ2|A0A367FUZ2_9FIRM	98.8	325	4	0	1	325	1	325	7.1e-192	665.2	GCF_013303225.1_ASM1330322v1_genomic	bsh	bsh
MEADLIFI_02548	tr|A0A3R6FU96|A0A3R6FU96_9FIRM	99.1	325	3	0	1	325	1	325	7.1e-192	665.2	GCF_013303225.1_ASM1330322v1_genomic	bsh	bsh
MEADLIFI_02548	tr|A0A3R6X451|A0A3R6X451_9CLOT	98.8	325	4	0	1	325	1	325	7.1e-192	665.2	GCF_013303225.1_ASM1330322v1_genomic	bsh	bsh
MEADLIFI_02548	tr|A0A6L8TEI6|A0A6L8TEI6_9FIRM	98.8	325	4	0	1	325	1	325	7.1e-192	665.2	GCF_013303225.1_ASM1330322v1_genomic	bsh	bsh
MEADLIFI_02548	tr|A0A942WJN2|A0A942WJN2_9FIRM	98.8	325	4	0	1	325	1	325	7.1e-192	665.2	GCF_013303225.1_ASM1330322v1_genomic	bsh	bsh
MEADLIFI_02548	tr|A0A1C5M099|A0A1C5M099_9CLOT	98.8	325	4	0	1	325	1	325	9.3e-192	664.8	GCF_013303225.1_ASM1330322v1_genomic	bsh	bsh
MEADLIFI_02548	tr|A0A3R6N0X3|A0A3R6N0X3_9CLOT	98.8	325	4	0	1	325	1	325	9.3e-192	664.8	GCF_013303225.1_ASM1330322v1_genomic	bsh	bsh
MEADLIFI_02548	tr|K1RSL9|K1RSL9_9ZZZZ	99.4	322	2	0	1	322	1	322	3.5e-191	662.9	GCF_013303225.1_ASM1330322v1_genomic	bsh	bsh
PELCBIIC_00514	tr|A0A415W1Y4|A0A415W1Y4_9FIRM	99.7	323	1	0	1	323	1	323	2.6e-194	673.3	GCF_013304505.1_ASM1330450v1_genomic	bsh	bsh
PELCBIIC_00514	tr|A0A415Y4A6|A0A415Y4A6_9FIRM	99.7	323	1	0	1	323	1	323	2.6e-194	673.3	GCF_013304505.1_ASM1330450v1_genomic	bsh	bsh
PELCBIIC_00514	tr|A0A417JP01|A0A417JP01_9FIRM	99.7	323	1	0	1	323	1	323	2.6e-194	673.3	GCF_013304505.1_ASM1330450v1_genomic	bsh	bsh
PELCBIIC_00514	tr|A0A417UTY8|A0A417UTY8_9FIRM	99.7	323	1	0	1	323	1	323	2.6e-194	673.3	GCF_013304505.1_ASM1330450v1_genomic	bsh	bsh
PELCBIIC_00514	tr|D4N0V8|D4N0V8_ANAHA	99.7	323	1	0	1	323	1	323	2.6e-194	673.3	GCF_013304505.1_ASM1330450v1_genomic	bsh	bsh
PELCBIIC_00514	tr|A0A6N2RN78|A0A6N2RN78_ANAHA	99.4	323	2	0	1	323	1	323	3.4e-194	672.9	GCF_013304505.1_ASM1330450v1_genomic	bsh	bsh
PELCBIIC_00514	tr|L1QBV1|L1QBV1_ANAHA	99.4	323	2	0	1	323	1	323	5.8e-194	672.2	GCF_013304505.1_ASM1330450v1_genomic	bsh	bsh
PELCBIIC_00514	tr|A0A1Q2CAU9|A0A1Q2CAU9_ANAHA	99.4	323	2	0	1	323	1	323	7.6e-194	671.8	GCF_013304505.1_ASM1330450v1_genomic	bsh	bsh
PELCBIIC_00514	tr|E5VP64|E5VP64_9FIRM	99.4	323	2	0	1	323	1	323	7.6e-194	671.8	GCF_013304505.1_ASM1330450v1_genomic	bsh	bsh
PELCBIIC_00514	tr|R5Z9B8|R5Z9B8_9FIRM	99.4	323	2	0	1	323	1	323	7.6e-194	671.8	GCF_013304505.1_ASM1330450v1_genomic	bsh	bsh
PELCBIIC_00514	tr|A0A174S307|A0A174S307_ANAHA	99.4	323	2	0	1	323	1	323	9.9e-194	671.4	GCF_013304505.1_ASM1330450v1_genomic	bsh	bsh
KCCNKEMN_01306	tr|A0A415W1Y4|A0A415W1Y4_9FIRM	100	323	0	0	1	323	1	323	2.4e-195	676.8	GCF_013304555.1_ASM1330455v1_genomic	bsh	bsh
KCCNKEMN_01306	tr|A0A415Y4A6|A0A415Y4A6_9FIRM	100	323	0	0	1	323	1	323	2.4e-195	676.8	GCF_013304555.1_ASM1330455v1_genomic	bsh	bsh
KCCNKEMN_01306	tr|A0A417JP01|A0A417JP01_9FIRM	100	323	0	0	1	323	1	323	2.4e-195	676.8	GCF_013304555.1_ASM1330455v1_genomic	bsh	bsh
KCCNKEMN_01306	tr|A0A417UTY8|A0A417UTY8_9FIRM	100	323	0	0	1	323	1	323	2.4e-195	676.8	GCF_013304555.1_ASM1330455v1_genomic	bsh	bsh
KCCNKEMN_01306	tr|D4N0V8|D4N0V8_ANAHA	100	323	0	0	1	323	1	323	2.4e-195	676.8	GCF_013304555.1_ASM1330455v1_genomic	bsh	bsh
KCCNKEMN_01306	tr|A0A6N2RN78|A0A6N2RN78_ANAHA	99.7	323	1	0	1	323	1	323	3.1e-195	676.4	GCF_013304555.1_ASM1330455v1_genomic	bsh	bsh
KCCNKEMN_01306	tr|L1QBV1|L1QBV1_ANAHA	99.7	323	1	0	1	323	1	323	5.2e-195	675.6	GCF_013304555.1_ASM1330455v1_genomic	bsh	bsh
KCCNKEMN_01306	tr|A0A1Q2CAU9|A0A1Q2CAU9_ANAHA	99.7	323	1	0	1	323	1	323	6.9e-195	675.2	GCF_013304555.1_ASM1330455v1_genomic	bsh	bsh
KCCNKEMN_01306	tr|E5VP64|E5VP64_9FIRM	99.7	323	1	0	1	323	1	323	6.9e-195	675.2	GCF_013304555.1_ASM1330455v1_genomic	bsh	bsh
KCCNKEMN_01306	tr|R5Z9B8|R5Z9B8_9FIRM	99.7	323	1	0	1	323	1	323	6.9e-195	675.2	GCF_013304555.1_ASM1330455v1_genomic	bsh	bsh
KCCNKEMN_01306	tr|A0A174S307|A0A174S307_ANAHA	99.7	323	1	0	1	323	1	323	8.9e-195	674.9	GCF_013304555.1_ASM1330455v1_genomic	bsh	bsh
BDIBMIHG_01384	tr|A0A6N2SP25|A0A6N2SP25_9FIRM	100	329	0	0	1	329	1	329	6.1e-199	688.7	GCF_014131675.1_ASM1413167v1_genomic	bsh	bsh
BDIBMIHG_01384	tr|B0MC37|B0MC37_ANACD	100	329	0	0	1	329	4	332	6.1e-199	688.7	GCF_014131675.1_ASM1413167v1_genomic	bsh	bsh
BDIBMIHG_01384	tr|A0A374AUU7|A0A374AUU7_9FIRM	99.7	329	1	0	1	329	1	329	4e-198	686	GCF_014131675.1_ASM1413167v1_genomic	bsh	bsh
BDIBMIHG_02198	tr|A0A1H3BS51|A0A1H3BS51_EUBBA	62.9	364	135	0	1	364	1	364	1.4e-138	488.4	GCF_014131675.1_ASM1413167v1_genomic	bsh	bsh
NPHNFAPN_02439	tr|A0A2N0UR24|A0A2N0UR24_9FIRM	78.1	196	43	0	2	197	150	345	2.8e-90	327	GCF_014290215.1_ASM1429021v1_genomic	bsh	bsh
NPHNFAPN_02915	tr|A0A2N0UR24|A0A2N0UR24_9FIRM	78	346	75	1	1	345	1	346	1.9e-166	580.9	GCF_014290215.1_ASM1429021v1_genomic	bsh	bsh
MNMGKBAP_01307	tr|A0A1H3BS51|A0A1H3BS51_EUBBA	62.9	364	135	0	1	364	1	364	1.4e-138	488.4	GCF_014467075.1_ASM1446707v1_genomic	bsh	bsh
MNMGKBAP_02121	tr|A0A6N2SP25|A0A6N2SP25_9FIRM	100	329	0	0	1	329	1	329	6.1e-199	688.7	GCF_014467075.1_ASM1446707v1_genomic	bsh	bsh
MNMGKBAP_02121	tr|B0MC37|B0MC37_ANACD	100	329	0	0	1	329	4	332	6.1e-199	688.7	GCF_014467075.1_ASM1446707v1_genomic	bsh	bsh
MNMGKBAP_02121	tr|A0A374AUU7|A0A374AUU7_9FIRM	99.7	329	1	0	1	329	1	329	4e-198	686	GCF_014467075.1_ASM1446707v1_genomic	bsh	bsh
FIMAFPCP_01375	tr|A0A415W1Y4|A0A415W1Y4_9FIRM	100	323	0	0	1	323	1	323	2.4e-195	676.8	GCF_015554695.1_ASM1555469v1_genomic	bsh	bsh
FIMAFPCP_01375	tr|A0A415Y4A6|A0A415Y4A6_9FIRM	100	323	0	0	1	323	1	323	2.4e-195	676.8	GCF_015554695.1_ASM1555469v1_genomic	bsh	bsh
FIMAFPCP_01375	tr|A0A417JP01|A0A417JP01_9FIRM	100	323	0	0	1	323	1	323	2.4e-195	676.8	GCF_015554695.1_ASM1555469v1_genomic	bsh	bsh
FIMAFPCP_01375	tr|A0A417UTY8|A0A417UTY8_9FIRM	100	323	0	0	1	323	1	323	2.4e-195	676.8	GCF_015554695.1_ASM1555469v1_genomic	bsh	bsh
FIMAFPCP_01375	tr|D4N0V8|D4N0V8_ANAHA	100	323	0	0	1	323	1	323	2.4e-195	676.8	GCF_015554695.1_ASM1555469v1_genomic	bsh	bsh
FIMAFPCP_01375	tr|A0A6N2RN78|A0A6N2RN78_ANAHA	99.7	323	1	0	1	323	1	323	3.1e-195	676.4	GCF_015554695.1_ASM1555469v1_genomic	bsh	bsh
FIMAFPCP_01375	tr|L1QBV1|L1QBV1_ANAHA	99.7	323	1	0	1	323	1	323	5.2e-195	675.6	GCF_015554695.1_ASM1555469v1_genomic	bsh	bsh
FIMAFPCP_01375	tr|A0A1Q2CAU9|A0A1Q2CAU9_ANAHA	99.7	323	1	0	1	323	1	323	6.9e-195	675.2	GCF_015554695.1_ASM1555469v1_genomic	bsh	bsh
FIMAFPCP_01375	tr|E5VP64|E5VP64_9FIRM	99.7	323	1	0	1	323	1	323	6.9e-195	675.2	GCF_015554695.1_ASM1555469v1_genomic	bsh	bsh
FIMAFPCP_01375	tr|R5Z9B8|R5Z9B8_9FIRM	99.7	323	1	0	1	323	1	323	6.9e-195	675.2	GCF_015554695.1_ASM1555469v1_genomic	bsh	bsh
FIMAFPCP_01375	tr|A0A174S307|A0A174S307_ANAHA	99.7	323	1	0	1	323	1	323	8.9e-195	674.9	GCF_015554695.1_ASM1555469v1_genomic	bsh	bsh
FIMAFPCP_02525	tr|A0A381KLW9|A0A381KLW9_CLODI	98.3	231	4	0	1	231	1	231	3.1e-133	469.9	GCF_015554695.1_ASM1555469v1_genomic	bsh	bsh
EFNOLNOC_02737	tr|A0A916VDJ9|A0A916VDJ9_9FIRM	100	360	0	0	1	360	1	360	3.6e-221	762.7	GCF_016586355.1_ASM1658635v1_genomic	bsh	bsh
AOFLGCOF_01402	tr|A0A415W1Y4|A0A415W1Y4_9FIRM	100	323	0	0	1	323	1	323	2.4e-195	676.8	GCF_017776395.1_ASM1777639v1_genomic	bsh	bsh
AOFLGCOF_01402	tr|A0A415Y4A6|A0A415Y4A6_9FIRM	100	323	0	0	1	323	1	323	2.4e-195	676.8	GCF_017776395.1_ASM1777639v1_genomic	bsh	bsh
AOFLGCOF_01402	tr|A0A417JP01|A0A417JP01_9FIRM	100	323	0	0	1	323	1	323	2.4e-195	676.8	GCF_017776395.1_ASM1777639v1_genomic	bsh	bsh
AOFLGCOF_01402	tr|A0A417UTY8|A0A417UTY8_9FIRM	100	323	0	0	1	323	1	323	2.4e-195	676.8	GCF_017776395.1_ASM1777639v1_genomic	bsh	bsh
AOFLGCOF_01402	tr|D4N0V8|D4N0V8_ANAHA	100	323	0	0	1	323	1	323	2.4e-195	676.8	GCF_017776395.1_ASM1777639v1_genomic	bsh	bsh
AOFLGCOF_01402	tr|A0A6N2RN78|A0A6N2RN78_ANAHA	99.7	323	1	0	1	323	1	323	3.1e-195	676.4	GCF_017776395.1_ASM1777639v1_genomic	bsh	bsh
AOFLGCOF_01402	tr|L1QBV1|L1QBV1_ANAHA	99.7	323	1	0	1	323	1	323	5.2e-195	675.6	GCF_017776395.1_ASM1777639v1_genomic	bsh	bsh
AOFLGCOF_01402	tr|A0A1Q2CAU9|A0A1Q2CAU9_ANAHA	99.7	323	1	0	1	323	1	323	6.9e-195	675.2	GCF_017776395.1_ASM1777639v1_genomic	bsh	bsh
AOFLGCOF_01402	tr|E5VP64|E5VP64_9FIRM	99.7	323	1	0	1	323	1	323	6.9e-195	675.2	GCF_017776395.1_ASM1777639v1_genomic	bsh	bsh
AOFLGCOF_01402	tr|R5Z9B8|R5Z9B8_9FIRM	99.7	323	1	0	1	323	1	323	6.9e-195	675.2	GCF_017776395.1_ASM1777639v1_genomic	bsh	bsh
AOFLGCOF_01402	tr|A0A174S307|A0A174S307_ANAHA	99.7	323	1	0	1	323	1	323	8.9e-195	674.9	GCF_017776395.1_ASM1777639v1_genomic	bsh	bsh
AOFLGCOF_01877	tr|A0A173UXL2|A0A173UXL2_ANAHA	100	325	0	0	1	325	1	325	4.5e-194	672.5	GCF_017776395.1_ASM1777639v1_genomic	bsh	bsh
AOFLGCOF_01877	tr|A0A173V7R5|A0A173V7R5_9FIRM	100	325	0	0	1	325	1	325	4.5e-194	672.5	GCF_017776395.1_ASM1777639v1_genomic	bsh	bsh
AOFLGCOF_01877	tr|A0A174D8V8|A0A174D8V8_9FIRM	100	325	0	0	1	325	1	325	4.5e-194	672.5	GCF_017776395.1_ASM1777639v1_genomic	bsh	bsh
AOFLGCOF_01877	tr|A0A174HSI5|A0A174HSI5_9FIRM	100	325	0	0	1	325	1	325	4.5e-194	672.5	GCF_017776395.1_ASM1777639v1_genomic	bsh	bsh
AOFLGCOF_01877	tr|A0A1C5TTN1|A0A1C5TTN1_9FIRM	100	325	0	0	1	325	1	325	4.5e-194	672.5	GCF_017776395.1_ASM1777639v1_genomic	bsh	bsh
AOFLGCOF_01877	tr|A0A1C5U7I7|A0A1C5U7I7_9CLOT	100	325	0	0	1	325	1	325	4.5e-194	672.5	GCF_017776395.1_ASM1777639v1_genomic	bsh	bsh
AOFLGCOF_01877	tr|A0A1C6BVX3|A0A1C6BVX3_9FIRM	100	325	0	0	1	325	1	325	4.5e-194	672.5	GCF_017776395.1_ASM1777639v1_genomic	bsh	bsh
AOFLGCOF_01877	tr|A0A1C6FXQ7|A0A1C6FXQ7_9FIRM	100	325	0	0	1	325	1	325	4.5e-194	672.5	GCF_017776395.1_ASM1777639v1_genomic	bsh	bsh
AOFLGCOF_01877	tr|A0A285PRT2|A0A285PRT2_9FIRM	100	325	0	0	1	325	1	325	4.5e-194	672.5	GCF_017776395.1_ASM1777639v1_genomic	bsh	bsh
AOFLGCOF_01877	tr|A0A373V9R9|A0A373V9R9_9FIRM	100	325	0	0	1	325	1	325	4.5e-194	672.5	GCF_017776395.1_ASM1777639v1_genomic	bsh	bsh
AOFLGCOF_01877	tr|A0A374AYZ4|A0A374AYZ4_9FIRM	100	325	0	0	1	325	1	325	4.5e-194	672.5	GCF_017776395.1_ASM1777639v1_genomic	bsh	bsh
AOFLGCOF_01877	tr|A0A3R6DJG5|A0A3R6DJG5_9FIRM	100	325	0	0	1	325	1	325	4.5e-194	672.5	GCF_017776395.1_ASM1777639v1_genomic	bsh	bsh
AOFLGCOF_01877	tr|A0A412MA68|A0A412MA68_9FIRM	100	325	0	0	1	325	1	325	4.5e-194	672.5	GCF_017776395.1_ASM1777639v1_genomic	bsh	bsh
AOFLGCOF_01877	tr|A0A415FJV4|A0A415FJV4_9FIRM	100	325	0	0	1	325	1	325	4.5e-194	672.5	GCF_017776395.1_ASM1777639v1_genomic	bsh	bsh
AOFLGCOF_01877	tr|A0A415VWX2|A0A415VWX2_9FIRM	100	325	0	0	1	325	1	325	4.5e-194	672.5	GCF_017776395.1_ASM1777639v1_genomic	bsh	bsh
AOFLGCOF_01877	tr|A0A415Y8U9|A0A415Y8U9_9FIRM	100	325	0	0	1	325	1	325	4.5e-194	672.5	GCF_017776395.1_ASM1777639v1_genomic	bsh	bsh
AOFLGCOF_01877	tr|A0A417C6D6|A0A417C6D6_9FIRM	100	325	0	0	1	325	1	325	4.5e-194	672.5	GCF_017776395.1_ASM1777639v1_genomic	bsh	bsh
AOFLGCOF_01877	tr|A0A417URI0|A0A417URI0_9FIRM	100	325	0	0	1	325	1	325	4.5e-194	672.5	GCF_017776395.1_ASM1777639v1_genomic	bsh	bsh
AOFLGCOF_01877	tr|A0A845KWQ3|A0A845KWQ3_9FIRM	100	325	0	0	1	325	1	325	4.5e-194	672.5	GCF_017776395.1_ASM1777639v1_genomic	bsh	bsh
AOFLGCOF_01877	tr|A5ZWR0|A5ZWR0_9FIRM	100	325	0	0	1	325	1	325	4.5e-194	672.5	GCF_017776395.1_ASM1777639v1_genomic	bsh	bsh
AOFLGCOF_01877	tr|A6BGZ5|A6BGZ5_9FIRM	100	325	0	0	1	325	1	325	4.5e-194	672.5	GCF_017776395.1_ASM1777639v1_genomic	bsh	bsh
AOFLGCOF_01877	tr|C0EW54|C0EW54_9FIRM	100	325	0	0	1	325	1	325	4.5e-194	672.5	GCF_017776395.1_ASM1777639v1_genomic	bsh	bsh
AOFLGCOF_01877	tr|A0A844GIR0|A0A844GIR0_9FIRM	99.7	325	1	0	1	325	1	325	5.8e-194	672.2	GCF_017776395.1_ASM1777639v1_genomic	bsh	bsh
AOFLGCOF_01877	tr|A0A1C6IFT3|A0A1C6IFT3_9FIRM	99.7	325	1	0	1	325	1	325	7.6e-194	671.8	GCF_017776395.1_ASM1777639v1_genomic	bsh	bsh
AOFLGCOF_01877	tr|A0A6N9LK70|A0A6N9LK70_9FIRM	99.7	325	1	0	1	325	1	325	7.6e-194	671.8	GCF_017776395.1_ASM1777639v1_genomic	bsh	bsh
AOFLGCOF_01877	tr|A0A1C5RZ46|A0A1C5RZ46_9CLOT	99.7	325	1	0	1	325	1	325	1.3e-193	671	GCF_017776395.1_ASM1777639v1_genomic	bsh	bsh
AOFLGCOF_01877	tr|A0A1C5TMU3|A0A1C5TMU3_9FIRM	99.7	325	1	0	1	325	1	325	1.3e-193	671	GCF_017776395.1_ASM1777639v1_genomic	bsh	bsh
AOFLGCOF_01877	tr|A0A1C5VAP5|A0A1C5VAP5_9FIRM	99.7	325	1	0	1	325	1	325	1.3e-193	671	GCF_017776395.1_ASM1777639v1_genomic	bsh	bsh
AOFLGCOF_01877	tr|A0A373IZI9|A0A373IZI9_9FIRM	99.7	325	1	0	1	325	1	325	1.3e-193	671	GCF_017776395.1_ASM1777639v1_genomic	bsh	bsh
AOFLGCOF_01877	tr|A0A415HK39|A0A415HK39_9FIRM	99.7	325	1	0	1	325	1	325	1.3e-193	671	GCF_017776395.1_ASM1777639v1_genomic	bsh	bsh
AOFLGCOF_01877	tr|A0A417R5E7|A0A417R5E7_9FIRM	99.7	325	1	0	1	325	1	325	1.3e-193	671	GCF_017776395.1_ASM1777639v1_genomic	bsh	bsh
AOFLGCOF_01877	tr|A0A6N3AUL3|A0A6N3AUL3_9FIRM	99.7	325	1	0	1	325	1	325	1.3e-193	671	GCF_017776395.1_ASM1777639v1_genomic	bsh	bsh
AOFLGCOF_01877	tr|A0A173U973|A0A173U973_9FIRM	99.7	325	1	0	1	325	1	325	1.7e-193	670.6	GCF_017776395.1_ASM1777639v1_genomic	bsh	bsh
AOFLGCOF_01877	tr|A0A1C5REX8|A0A1C5REX8_9FIRM	99.7	325	1	0	1	325	1	325	1.7e-193	670.6	GCF_017776395.1_ASM1777639v1_genomic	bsh	bsh
AOFLGCOF_01877	tr|A0A1C5UZX7|A0A1C5UZX7_9CLOT	99.7	325	1	0	1	325	1	325	1.7e-193	670.6	GCF_017776395.1_ASM1777639v1_genomic	bsh	bsh
AOFLGCOF_01877	tr|A0A1C6AVX0|A0A1C6AVX0_9FIRM	99.7	325	1	0	1	325	1	325	1.7e-193	670.6	GCF_017776395.1_ASM1777639v1_genomic	bsh	bsh
AOFLGCOF_01877	tr|A0A417CDY8|A0A417CDY8_9FIRM	99.7	325	1	0	1	325	1	325	1.7e-193	670.6	GCF_017776395.1_ASM1777639v1_genomic	bsh	bsh
AOFLGCOF_01877	tr|A0A564WVE5|A0A564WVE5_9FIRM	99.7	325	1	0	1	325	1	325	1.7e-193	670.6	GCF_017776395.1_ASM1777639v1_genomic	bsh	bsh
AOFLGCOF_01877	tr|A0A416NLT9|A0A416NLT9_9FIRM	99.7	325	1	0	1	325	1	325	2.2e-193	670.2	GCF_017776395.1_ASM1777639v1_genomic	bsh	bsh
AOFLGCOF_01877	tr|A0A7G9FVJ0|A0A7G9FVJ0_9FIRM	99.7	325	1	0	1	325	1	325	2.2e-193	670.2	GCF_017776395.1_ASM1777639v1_genomic	bsh	bsh
AOFLGCOF_01877	tr|L1Q414|L1Q414_ANAHA	99.7	325	1	0	1	325	1	325	2.2e-193	670.2	GCF_017776395.1_ASM1777639v1_genomic	bsh	bsh
AOFLGCOF_01877	tr|A0A174EB34|A0A174EB34_9FIRM	99.7	325	1	0	1	325	1	325	3.8e-193	669.5	GCF_017776395.1_ASM1777639v1_genomic	bsh	bsh
AOFLGCOF_01877	tr|A0A174GR10|A0A174GR10_9FIRM	99.7	325	1	0	1	325	1	325	3.8e-193	669.5	GCF_017776395.1_ASM1777639v1_genomic	bsh	bsh
AOFLGCOF_01877	tr|A0A174V5X0|A0A174V5X0_9FIRM	99.7	325	1	0	1	325	1	325	3.8e-193	669.5	GCF_017776395.1_ASM1777639v1_genomic	bsh	bsh
AOFLGCOF_01877	tr|A0A3E5E3Y9|A0A3E5E3Y9_9FIRM	99.4	325	2	0	1	325	1	325	3.8e-193	669.5	GCF_017776395.1_ASM1777639v1_genomic	bsh	bsh
AOFLGCOF_01877	tr|A0A1C5ULN3|A0A1C5ULN3_9FIRM	99.4	325	2	0	1	325	1	325	6.5e-193	668.7	GCF_017776395.1_ASM1777639v1_genomic	bsh	bsh
AOFLGCOF_01877	tr|A0A1G5FIB9|A0A1G5FIB9_9FIRM	99.4	325	2	0	1	325	1	325	6.5e-193	668.7	GCF_017776395.1_ASM1777639v1_genomic	bsh	bsh
AOFLGCOF_01877	tr|A0A317UFD6|A0A317UFD6_9FIRM	99.4	325	2	0	1	325	1	325	6.5e-193	668.7	GCF_017776395.1_ASM1777639v1_genomic	bsh	bsh
AOFLGCOF_01877	tr|A0A367FUZ2|A0A367FUZ2_9FIRM	99.4	325	2	0	1	325	1	325	6.5e-193	668.7	GCF_017776395.1_ASM1777639v1_genomic	bsh	bsh
AOFLGCOF_01877	tr|A0A3R6FU96|A0A3R6FU96_9FIRM	99.7	325	1	0	1	325	1	325	6.5e-193	668.7	GCF_017776395.1_ASM1777639v1_genomic	bsh	bsh
AOFLGCOF_01877	tr|A0A3R6X451|A0A3R6X451_9CLOT	99.4	325	2	0	1	325	1	325	6.5e-193	668.7	GCF_017776395.1_ASM1777639v1_genomic	bsh	bsh
AOFLGCOF_01877	tr|A0A6L8TEI6|A0A6L8TEI6_9FIRM	99.4	325	2	0	1	325	1	325	6.5e-193	668.7	GCF_017776395.1_ASM1777639v1_genomic	bsh	bsh
AOFLGCOF_01877	tr|A0A942WJN2|A0A942WJN2_9FIRM	99.4	325	2	0	1	325	1	325	6.5e-193	668.7	GCF_017776395.1_ASM1777639v1_genomic	bsh	bsh
AOFLGCOF_01877	tr|A0A1C5M099|A0A1C5M099_9CLOT	99.4	325	2	0	1	325	1	325	8.4e-193	668.3	GCF_017776395.1_ASM1777639v1_genomic	bsh	bsh
AOFLGCOF_01877	tr|A0A3R6N0X3|A0A3R6N0X3_9CLOT	99.4	325	2	0	1	325	1	325	8.4e-193	668.3	GCF_017776395.1_ASM1777639v1_genomic	bsh	bsh
AOFLGCOF_01877	tr|K1RSL9|K1RSL9_9ZZZZ	100	322	0	0	1	322	1	322	3.2e-192	666.4	GCF_017776395.1_ASM1777639v1_genomic	bsh	bsh
LBKPHDGB_01405	tr|A0A415W1Y4|A0A415W1Y4_9FIRM	100	323	0	0	1	323	1	323	2.4e-195	676.8	GCF_017776445.1_ASM1777644v1_genomic	bsh	bsh
LBKPHDGB_01405	tr|A0A415Y4A6|A0A415Y4A6_9FIRM	100	323	0	0	1	323	1	323	2.4e-195	676.8	GCF_017776445.1_ASM1777644v1_genomic	bsh	bsh
LBKPHDGB_01405	tr|A0A417JP01|A0A417JP01_9FIRM	100	323	0	0	1	323	1	323	2.4e-195	676.8	GCF_017776445.1_ASM1777644v1_genomic	bsh	bsh
LBKPHDGB_01405	tr|A0A417UTY8|A0A417UTY8_9FIRM	100	323	0	0	1	323	1	323	2.4e-195	676.8	GCF_017776445.1_ASM1777644v1_genomic	bsh	bsh
LBKPHDGB_01405	tr|D4N0V8|D4N0V8_ANAHA	100	323	0	0	1	323	1	323	2.4e-195	676.8	GCF_017776445.1_ASM1777644v1_genomic	bsh	bsh
LBKPHDGB_01405	tr|A0A6N2RN78|A0A6N2RN78_ANAHA	99.7	323	1	0	1	323	1	323	3.1e-195	676.4	GCF_017776445.1_ASM1777644v1_genomic	bsh	bsh
LBKPHDGB_01405	tr|L1QBV1|L1QBV1_ANAHA	99.7	323	1	0	1	323	1	323	5.2e-195	675.6	GCF_017776445.1_ASM1777644v1_genomic	bsh	bsh
LBKPHDGB_01405	tr|A0A1Q2CAU9|A0A1Q2CAU9_ANAHA	99.7	323	1	0	1	323	1	323	6.9e-195	675.2	GCF_017776445.1_ASM1777644v1_genomic	bsh	bsh
LBKPHDGB_01405	tr|E5VP64|E5VP64_9FIRM	99.7	323	1	0	1	323	1	323	6.9e-195	675.2	GCF_017776445.1_ASM1777644v1_genomic	bsh	bsh
LBKPHDGB_01405	tr|R5Z9B8|R5Z9B8_9FIRM	99.7	323	1	0	1	323	1	323	6.9e-195	675.2	GCF_017776445.1_ASM1777644v1_genomic	bsh	bsh
LBKPHDGB_01405	tr|A0A174S307|A0A174S307_ANAHA	99.7	323	1	0	1	323	1	323	8.9e-195	674.9	GCF_017776445.1_ASM1777644v1_genomic	bsh	bsh
LBKPHDGB_02335	tr|A0A173UXL2|A0A173UXL2_ANAHA	100	325	0	0	1	325	1	325	4.5e-194	672.5	GCF_017776445.1_ASM1777644v1_genomic	bsh	bsh
LBKPHDGB_02335	tr|A0A173V7R5|A0A173V7R5_9FIRM	100	325	0	0	1	325	1	325	4.5e-194	672.5	GCF_017776445.1_ASM1777644v1_genomic	bsh	bsh
LBKPHDGB_02335	tr|A0A174D8V8|A0A174D8V8_9FIRM	100	325	0	0	1	325	1	325	4.5e-194	672.5	GCF_017776445.1_ASM1777644v1_genomic	bsh	bsh
LBKPHDGB_02335	tr|A0A174HSI5|A0A174HSI5_9FIRM	100	325	0	0	1	325	1	325	4.5e-194	672.5	GCF_017776445.1_ASM1777644v1_genomic	bsh	bsh
LBKPHDGB_02335	tr|A0A1C5TTN1|A0A1C5TTN1_9FIRM	100	325	0	0	1	325	1	325	4.5e-194	672.5	GCF_017776445.1_ASM1777644v1_genomic	bsh	bsh
LBKPHDGB_02335	tr|A0A1C5U7I7|A0A1C5U7I7_9CLOT	100	325	0	0	1	325	1	325	4.5e-194	672.5	GCF_017776445.1_ASM1777644v1_genomic	bsh	bsh
LBKPHDGB_02335	tr|A0A1C6BVX3|A0A1C6BVX3_9FIRM	100	325	0	0	1	325	1	325	4.5e-194	672.5	GCF_017776445.1_ASM1777644v1_genomic	bsh	bsh
LBKPHDGB_02335	tr|A0A1C6FXQ7|A0A1C6FXQ7_9FIRM	100	325	0	0	1	325	1	325	4.5e-194	672.5	GCF_017776445.1_ASM1777644v1_genomic	bsh	bsh
LBKPHDGB_02335	tr|A0A285PRT2|A0A285PRT2_9FIRM	100	325	0	0	1	325	1	325	4.5e-194	672.5	GCF_017776445.1_ASM1777644v1_genomic	bsh	bsh
LBKPHDGB_02335	tr|A0A373V9R9|A0A373V9R9_9FIRM	100	325	0	0	1	325	1	325	4.5e-194	672.5	GCF_017776445.1_ASM1777644v1_genomic	bsh	bsh
LBKPHDGB_02335	tr|A0A374AYZ4|A0A374AYZ4_9FIRM	100	325	0	0	1	325	1	325	4.5e-194	672.5	GCF_017776445.1_ASM1777644v1_genomic	bsh	bsh
LBKPHDGB_02335	tr|A0A3R6DJG5|A0A3R6DJG5_9FIRM	100	325	0	0	1	325	1	325	4.5e-194	672.5	GCF_017776445.1_ASM1777644v1_genomic	bsh	bsh
LBKPHDGB_02335	tr|A0A412MA68|A0A412MA68_9FIRM	100	325	0	0	1	325	1	325	4.5e-194	672.5	GCF_017776445.1_ASM1777644v1_genomic	bsh	bsh
LBKPHDGB_02335	tr|A0A415FJV4|A0A415FJV4_9FIRM	100	325	0	0	1	325	1	325	4.5e-194	672.5	GCF_017776445.1_ASM1777644v1_genomic	bsh	bsh
LBKPHDGB_02335	tr|A0A415VWX2|A0A415VWX2_9FIRM	100	325	0	0	1	325	1	325	4.5e-194	672.5	GCF_017776445.1_ASM1777644v1_genomic	bsh	bsh
LBKPHDGB_02335	tr|A0A415Y8U9|A0A415Y8U9_9FIRM	100	325	0	0	1	325	1	325	4.5e-194	672.5	GCF_017776445.1_ASM1777644v1_genomic	bsh	bsh
LBKPHDGB_02335	tr|A0A417C6D6|A0A417C6D6_9FIRM	100	325	0	0	1	325	1	325	4.5e-194	672.5	GCF_017776445.1_ASM1777644v1_genomic	bsh	bsh
LBKPHDGB_02335	tr|A0A417URI0|A0A417URI0_9FIRM	100	325	0	0	1	325	1	325	4.5e-194	672.5	GCF_017776445.1_ASM1777644v1_genomic	bsh	bsh
LBKPHDGB_02335	tr|A0A845KWQ3|A0A845KWQ3_9FIRM	100	325	0	0	1	325	1	325	4.5e-194	672.5	GCF_017776445.1_ASM1777644v1_genomic	bsh	bsh
LBKPHDGB_02335	tr|A5ZWR0|A5ZWR0_9FIRM	100	325	0	0	1	325	1	325	4.5e-194	672.5	GCF_017776445.1_ASM1777644v1_genomic	bsh	bsh
LBKPHDGB_02335	tr|A6BGZ5|A6BGZ5_9FIRM	100	325	0	0	1	325	1	325	4.5e-194	672.5	GCF_017776445.1_ASM1777644v1_genomic	bsh	bsh
LBKPHDGB_02335	tr|C0EW54|C0EW54_9FIRM	100	325	0	0	1	325	1	325	4.5e-194	672.5	GCF_017776445.1_ASM1777644v1_genomic	bsh	bsh
LBKPHDGB_02335	tr|A0A844GIR0|A0A844GIR0_9FIRM	99.7	325	1	0	1	325	1	325	5.8e-194	672.2	GCF_017776445.1_ASM1777644v1_genomic	bsh	bsh
LBKPHDGB_02335	tr|A0A1C6IFT3|A0A1C6IFT3_9FIRM	99.7	325	1	0	1	325	1	325	7.6e-194	671.8	GCF_017776445.1_ASM1777644v1_genomic	bsh	bsh
LBKPHDGB_02335	tr|A0A6N9LK70|A0A6N9LK70_9FIRM	99.7	325	1	0	1	325	1	325	7.6e-194	671.8	GCF_017776445.1_ASM1777644v1_genomic	bsh	bsh
LBKPHDGB_02335	tr|A0A1C5RZ46|A0A1C5RZ46_9CLOT	99.7	325	1	0	1	325	1	325	1.3e-193	671	GCF_017776445.1_ASM1777644v1_genomic	bsh	bsh
LBKPHDGB_02335	tr|A0A1C5TMU3|A0A1C5TMU3_9FIRM	99.7	325	1	0	1	325	1	325	1.3e-193	671	GCF_017776445.1_ASM1777644v1_genomic	bsh	bsh
LBKPHDGB_02335	tr|A0A1C5VAP5|A0A1C5VAP5_9FIRM	99.7	325	1	0	1	325	1	325	1.3e-193	671	GCF_017776445.1_ASM1777644v1_genomic	bsh	bsh
LBKPHDGB_02335	tr|A0A373IZI9|A0A373IZI9_9FIRM	99.7	325	1	0	1	325	1	325	1.3e-193	671	GCF_017776445.1_ASM1777644v1_genomic	bsh	bsh
LBKPHDGB_02335	tr|A0A415HK39|A0A415HK39_9FIRM	99.7	325	1	0	1	325	1	325	1.3e-193	671	GCF_017776445.1_ASM1777644v1_genomic	bsh	bsh
LBKPHDGB_02335	tr|A0A417R5E7|A0A417R5E7_9FIRM	99.7	325	1	0	1	325	1	325	1.3e-193	671	GCF_017776445.1_ASM1777644v1_genomic	bsh	bsh
LBKPHDGB_02335	tr|A0A6N3AUL3|A0A6N3AUL3_9FIRM	99.7	325	1	0	1	325	1	325	1.3e-193	671	GCF_017776445.1_ASM1777644v1_genomic	bsh	bsh
LBKPHDGB_02335	tr|A0A173U973|A0A173U973_9FIRM	99.7	325	1	0	1	325	1	325	1.7e-193	670.6	GCF_017776445.1_ASM1777644v1_genomic	bsh	bsh
LBKPHDGB_02335	tr|A0A1C5REX8|A0A1C5REX8_9FIRM	99.7	325	1	0	1	325	1	325	1.7e-193	670.6	GCF_017776445.1_ASM1777644v1_genomic	bsh	bsh
LBKPHDGB_02335	tr|A0A1C5UZX7|A0A1C5UZX7_9CLOT	99.7	325	1	0	1	325	1	325	1.7e-193	670.6	GCF_017776445.1_ASM1777644v1_genomic	bsh	bsh
LBKPHDGB_02335	tr|A0A1C6AVX0|A0A1C6AVX0_9FIRM	99.7	325	1	0	1	325	1	325	1.7e-193	670.6	GCF_017776445.1_ASM1777644v1_genomic	bsh	bsh
LBKPHDGB_02335	tr|A0A417CDY8|A0A417CDY8_9FIRM	99.7	325	1	0	1	325	1	325	1.7e-193	670.6	GCF_017776445.1_ASM1777644v1_genomic	bsh	bsh
LBKPHDGB_02335	tr|A0A564WVE5|A0A564WVE5_9FIRM	99.7	325	1	0	1	325	1	325	1.7e-193	670.6	GCF_017776445.1_ASM1777644v1_genomic	bsh	bsh
LBKPHDGB_02335	tr|A0A416NLT9|A0A416NLT9_9FIRM	99.7	325	1	0	1	325	1	325	2.2e-193	670.2	GCF_017776445.1_ASM1777644v1_genomic	bsh	bsh
LBKPHDGB_02335	tr|A0A7G9FVJ0|A0A7G9FVJ0_9FIRM	99.7	325	1	0	1	325	1	325	2.2e-193	670.2	GCF_017776445.1_ASM1777644v1_genomic	bsh	bsh
LBKPHDGB_02335	tr|L1Q414|L1Q414_ANAHA	99.7	325	1	0	1	325	1	325	2.2e-193	670.2	GCF_017776445.1_ASM1777644v1_genomic	bsh	bsh
LBKPHDGB_02335	tr|A0A174EB34|A0A174EB34_9FIRM	99.7	325	1	0	1	325	1	325	3.8e-193	669.5	GCF_017776445.1_ASM1777644v1_genomic	bsh	bsh
LBKPHDGB_02335	tr|A0A174GR10|A0A174GR10_9FIRM	99.7	325	1	0	1	325	1	325	3.8e-193	669.5	GCF_017776445.1_ASM1777644v1_genomic	bsh	bsh
LBKPHDGB_02335	tr|A0A174V5X0|A0A174V5X0_9FIRM	99.7	325	1	0	1	325	1	325	3.8e-193	669.5	GCF_017776445.1_ASM1777644v1_genomic	bsh	bsh
LBKPHDGB_02335	tr|A0A3E5E3Y9|A0A3E5E3Y9_9FIRM	99.4	325	2	0	1	325	1	325	3.8e-193	669.5	GCF_017776445.1_ASM1777644v1_genomic	bsh	bsh
LBKPHDGB_02335	tr|A0A1C5ULN3|A0A1C5ULN3_9FIRM	99.4	325	2	0	1	325	1	325	6.5e-193	668.7	GCF_017776445.1_ASM1777644v1_genomic	bsh	bsh
LBKPHDGB_02335	tr|A0A1G5FIB9|A0A1G5FIB9_9FIRM	99.4	325	2	0	1	325	1	325	6.5e-193	668.7	GCF_017776445.1_ASM1777644v1_genomic	bsh	bsh
LBKPHDGB_02335	tr|A0A317UFD6|A0A317UFD6_9FIRM	99.4	325	2	0	1	325	1	325	6.5e-193	668.7	GCF_017776445.1_ASM1777644v1_genomic	bsh	bsh
LBKPHDGB_02335	tr|A0A367FUZ2|A0A367FUZ2_9FIRM	99.4	325	2	0	1	325	1	325	6.5e-193	668.7	GCF_017776445.1_ASM1777644v1_genomic	bsh	bsh
LBKPHDGB_02335	tr|A0A3R6FU96|A0A3R6FU96_9FIRM	99.7	325	1	0	1	325	1	325	6.5e-193	668.7	GCF_017776445.1_ASM1777644v1_genomic	bsh	bsh
LBKPHDGB_02335	tr|A0A3R6X451|A0A3R6X451_9CLOT	99.4	325	2	0	1	325	1	325	6.5e-193	668.7	GCF_017776445.1_ASM1777644v1_genomic	bsh	bsh
LBKPHDGB_02335	tr|A0A6L8TEI6|A0A6L8TEI6_9FIRM	99.4	325	2	0	1	325	1	325	6.5e-193	668.7	GCF_017776445.1_ASM1777644v1_genomic	bsh	bsh
LBKPHDGB_02335	tr|A0A942WJN2|A0A942WJN2_9FIRM	99.4	325	2	0	1	325	1	325	6.5e-193	668.7	GCF_017776445.1_ASM1777644v1_genomic	bsh	bsh
LBKPHDGB_02335	tr|A0A1C5M099|A0A1C5M099_9CLOT	99.4	325	2	0	1	325	1	325	8.4e-193	668.3	GCF_017776445.1_ASM1777644v1_genomic	bsh	bsh
LBKPHDGB_02335	tr|A0A3R6N0X3|A0A3R6N0X3_9CLOT	99.4	325	2	0	1	325	1	325	8.4e-193	668.3	GCF_017776445.1_ASM1777644v1_genomic	bsh	bsh
LBKPHDGB_02335	tr|K1RSL9|K1RSL9_9ZZZZ	100	322	0	0	1	322	1	322	3.2e-192	666.4	GCF_017776445.1_ASM1777644v1_genomic	bsh	bsh
FIHOGCNH_00528	tr|A0A415W1Y4|A0A415W1Y4_9FIRM	100	323	0	0	1	323	1	323	2.4e-195	676.8	GCF_017776475.1_ASM1777647v1_genomic	bsh	bsh
FIHOGCNH_00528	tr|A0A415Y4A6|A0A415Y4A6_9FIRM	100	323	0	0	1	323	1	323	2.4e-195	676.8	GCF_017776475.1_ASM1777647v1_genomic	bsh	bsh
FIHOGCNH_00528	tr|A0A417JP01|A0A417JP01_9FIRM	100	323	0	0	1	323	1	323	2.4e-195	676.8	GCF_017776475.1_ASM1777647v1_genomic	bsh	bsh
FIHOGCNH_00528	tr|A0A417UTY8|A0A417UTY8_9FIRM	100	323	0	0	1	323	1	323	2.4e-195	676.8	GCF_017776475.1_ASM1777647v1_genomic	bsh	bsh
FIHOGCNH_00528	tr|D4N0V8|D4N0V8_ANAHA	100	323	0	0	1	323	1	323	2.4e-195	676.8	GCF_017776475.1_ASM1777647v1_genomic	bsh	bsh
FIHOGCNH_00528	tr|A0A6N2RN78|A0A6N2RN78_ANAHA	99.7	323	1	0	1	323	1	323	3.1e-195	676.4	GCF_017776475.1_ASM1777647v1_genomic	bsh	bsh
FIHOGCNH_00528	tr|L1QBV1|L1QBV1_ANAHA	99.7	323	1	0	1	323	1	323	5.2e-195	675.6	GCF_017776475.1_ASM1777647v1_genomic	bsh	bsh
FIHOGCNH_00528	tr|A0A1Q2CAU9|A0A1Q2CAU9_ANAHA	99.7	323	1	0	1	323	1	323	6.9e-195	675.2	GCF_017776475.1_ASM1777647v1_genomic	bsh	bsh
FIHOGCNH_00528	tr|E5VP64|E5VP64_9FIRM	99.7	323	1	0	1	323	1	323	6.9e-195	675.2	GCF_017776475.1_ASM1777647v1_genomic	bsh	bsh
FIHOGCNH_00528	tr|R5Z9B8|R5Z9B8_9FIRM	99.7	323	1	0	1	323	1	323	6.9e-195	675.2	GCF_017776475.1_ASM1777647v1_genomic	bsh	bsh
FIHOGCNH_00528	tr|A0A174S307|A0A174S307_ANAHA	99.7	323	1	0	1	323	1	323	8.9e-195	674.9	GCF_017776475.1_ASM1777647v1_genomic	bsh	bsh
FIHOGCNH_02025	tr|A0A173UXL2|A0A173UXL2_ANAHA	99.7	325	1	0	1	325	1	325	2.2e-193	670.2	GCF_017776475.1_ASM1777647v1_genomic	bsh	bsh
FIHOGCNH_02025	tr|A0A173V7R5|A0A173V7R5_9FIRM	99.7	325	1	0	1	325	1	325	2.2e-193	670.2	GCF_017776475.1_ASM1777647v1_genomic	bsh	bsh
FIHOGCNH_02025	tr|A0A174D8V8|A0A174D8V8_9FIRM	99.7	325	1	0	1	325	1	325	2.2e-193	670.2	GCF_017776475.1_ASM1777647v1_genomic	bsh	bsh
FIHOGCNH_02025	tr|A0A174HSI5|A0A174HSI5_9FIRM	99.7	325	1	0	1	325	1	325	2.2e-193	670.2	GCF_017776475.1_ASM1777647v1_genomic	bsh	bsh
FIHOGCNH_02025	tr|A0A1C5TTN1|A0A1C5TTN1_9FIRM	99.7	325	1	0	1	325	1	325	2.2e-193	670.2	GCF_017776475.1_ASM1777647v1_genomic	bsh	bsh
FIHOGCNH_02025	tr|A0A1C5U7I7|A0A1C5U7I7_9CLOT	99.7	325	1	0	1	325	1	325	2.2e-193	670.2	GCF_017776475.1_ASM1777647v1_genomic	bsh	bsh
FIHOGCNH_02025	tr|A0A1C6BVX3|A0A1C6BVX3_9FIRM	99.7	325	1	0	1	325	1	325	2.2e-193	670.2	GCF_017776475.1_ASM1777647v1_genomic	bsh	bsh
FIHOGCNH_02025	tr|A0A1C6FXQ7|A0A1C6FXQ7_9FIRM	99.7	325	1	0	1	325	1	325	2.2e-193	670.2	GCF_017776475.1_ASM1777647v1_genomic	bsh	bsh
FIHOGCNH_02025	tr|A0A285PRT2|A0A285PRT2_9FIRM	99.7	325	1	0	1	325	1	325	2.2e-193	670.2	GCF_017776475.1_ASM1777647v1_genomic	bsh	bsh
FIHOGCNH_02025	tr|A0A373V9R9|A0A373V9R9_9FIRM	99.7	325	1	0	1	325	1	325	2.2e-193	670.2	GCF_017776475.1_ASM1777647v1_genomic	bsh	bsh
FIHOGCNH_02025	tr|A0A374AYZ4|A0A374AYZ4_9FIRM	99.7	325	1	0	1	325	1	325	2.2e-193	670.2	GCF_017776475.1_ASM1777647v1_genomic	bsh	bsh
FIHOGCNH_02025	tr|A0A3R6DJG5|A0A3R6DJG5_9FIRM	99.7	325	1	0	1	325	1	325	2.2e-193	670.2	GCF_017776475.1_ASM1777647v1_genomic	bsh	bsh
FIHOGCNH_02025	tr|A0A412MA68|A0A412MA68_9FIRM	99.7	325	1	0	1	325	1	325	2.2e-193	670.2	GCF_017776475.1_ASM1777647v1_genomic	bsh	bsh
FIHOGCNH_02025	tr|A0A415FJV4|A0A415FJV4_9FIRM	99.7	325	1	0	1	325	1	325	2.2e-193	670.2	GCF_017776475.1_ASM1777647v1_genomic	bsh	bsh
FIHOGCNH_02025	tr|A0A415VWX2|A0A415VWX2_9FIRM	99.7	325	1	0	1	325	1	325	2.2e-193	670.2	GCF_017776475.1_ASM1777647v1_genomic	bsh	bsh
FIHOGCNH_02025	tr|A0A415Y8U9|A0A415Y8U9_9FIRM	99.7	325	1	0	1	325	1	325	2.2e-193	670.2	GCF_017776475.1_ASM1777647v1_genomic	bsh	bsh
FIHOGCNH_02025	tr|A0A417C6D6|A0A417C6D6_9FIRM	99.7	325	1	0	1	325	1	325	2.2e-193	670.2	GCF_017776475.1_ASM1777647v1_genomic	bsh	bsh
FIHOGCNH_02025	tr|A0A417URI0|A0A417URI0_9FIRM	99.7	325	1	0	1	325	1	325	2.2e-193	670.2	GCF_017776475.1_ASM1777647v1_genomic	bsh	bsh
FIHOGCNH_02025	tr|A0A845KWQ3|A0A845KWQ3_9FIRM	99.7	325	1	0	1	325	1	325	2.2e-193	670.2	GCF_017776475.1_ASM1777647v1_genomic	bsh	bsh
FIHOGCNH_02025	tr|A5ZWR0|A5ZWR0_9FIRM	99.7	325	1	0	1	325	1	325	2.2e-193	670.2	GCF_017776475.1_ASM1777647v1_genomic	bsh	bsh
FIHOGCNH_02025	tr|A6BGZ5|A6BGZ5_9FIRM	99.7	325	1	0	1	325	1	325	2.2e-193	670.2	GCF_017776475.1_ASM1777647v1_genomic	bsh	bsh
FIHOGCNH_02025	tr|C0EW54|C0EW54_9FIRM	99.7	325	1	0	1	325	1	325	2.2e-193	670.2	GCF_017776475.1_ASM1777647v1_genomic	bsh	bsh
FIHOGCNH_02025	tr|A0A844GIR0|A0A844GIR0_9FIRM	99.4	325	2	0	1	325	1	325	2.9e-193	669.8	GCF_017776475.1_ASM1777647v1_genomic	bsh	bsh
FIHOGCNH_02025	tr|A0A1C6IFT3|A0A1C6IFT3_9FIRM	99.4	325	2	0	1	325	1	325	3.8e-193	669.5	GCF_017776475.1_ASM1777647v1_genomic	bsh	bsh
FIHOGCNH_02025	tr|A0A6N9LK70|A0A6N9LK70_9FIRM	99.4	325	2	0	1	325	1	325	3.8e-193	669.5	GCF_017776475.1_ASM1777647v1_genomic	bsh	bsh
FIHOGCNH_02025	tr|A0A1C5RZ46|A0A1C5RZ46_9CLOT	99.4	325	2	0	1	325	1	325	6.5e-193	668.7	GCF_017776475.1_ASM1777647v1_genomic	bsh	bsh
FIHOGCNH_02025	tr|A0A1C5TMU3|A0A1C5TMU3_9FIRM	99.4	325	2	0	1	325	1	325	6.5e-193	668.7	GCF_017776475.1_ASM1777647v1_genomic	bsh	bsh
FIHOGCNH_02025	tr|A0A1C5VAP5|A0A1C5VAP5_9FIRM	99.4	325	2	0	1	325	1	325	6.5e-193	668.7	GCF_017776475.1_ASM1777647v1_genomic	bsh	bsh
FIHOGCNH_02025	tr|A0A373IZI9|A0A373IZI9_9FIRM	99.4	325	2	0	1	325	1	325	6.5e-193	668.7	GCF_017776475.1_ASM1777647v1_genomic	bsh	bsh
FIHOGCNH_02025	tr|A0A415HK39|A0A415HK39_9FIRM	99.4	325	2	0	1	325	1	325	6.5e-193	668.7	GCF_017776475.1_ASM1777647v1_genomic	bsh	bsh
FIHOGCNH_02025	tr|A0A417R5E7|A0A417R5E7_9FIRM	99.4	325	2	0	1	325	1	325	6.5e-193	668.7	GCF_017776475.1_ASM1777647v1_genomic	bsh	bsh
FIHOGCNH_02025	tr|A0A6N3AUL3|A0A6N3AUL3_9FIRM	99.4	325	2	0	1	325	1	325	6.5e-193	668.7	GCF_017776475.1_ASM1777647v1_genomic	bsh	bsh
FIHOGCNH_02025	tr|A0A173U973|A0A173U973_9FIRM	99.4	325	2	0	1	325	1	325	8.4e-193	668.3	GCF_017776475.1_ASM1777647v1_genomic	bsh	bsh
FIHOGCNH_02025	tr|A0A1C5REX8|A0A1C5REX8_9FIRM	99.4	325	2	0	1	325	1	325	8.4e-193	668.3	GCF_017776475.1_ASM1777647v1_genomic	bsh	bsh
FIHOGCNH_02025	tr|A0A1C5UZX7|A0A1C5UZX7_9CLOT	99.4	325	2	0	1	325	1	325	8.4e-193	668.3	GCF_017776475.1_ASM1777647v1_genomic	bsh	bsh
FIHOGCNH_02025	tr|A0A1C6AVX0|A0A1C6AVX0_9FIRM	99.4	325	2	0	1	325	1	325	8.4e-193	668.3	GCF_017776475.1_ASM1777647v1_genomic	bsh	bsh
FIHOGCNH_02025	tr|A0A417CDY8|A0A417CDY8_9FIRM	99.4	325	2	0	1	325	1	325	8.4e-193	668.3	GCF_017776475.1_ASM1777647v1_genomic	bsh	bsh
FIHOGCNH_02025	tr|A0A564WVE5|A0A564WVE5_9FIRM	99.4	325	2	0	1	325	1	325	8.4e-193	668.3	GCF_017776475.1_ASM1777647v1_genomic	bsh	bsh
FIHOGCNH_02025	tr|A0A416NLT9|A0A416NLT9_9FIRM	99.4	325	2	0	1	325	1	325	1.1e-192	667.9	GCF_017776475.1_ASM1777647v1_genomic	bsh	bsh
FIHOGCNH_02025	tr|A0A7G9FVJ0|A0A7G9FVJ0_9FIRM	99.4	325	2	0	1	325	1	325	1.1e-192	667.9	GCF_017776475.1_ASM1777647v1_genomic	bsh	bsh
FIHOGCNH_02025	tr|L1Q414|L1Q414_ANAHA	99.4	325	2	0	1	325	1	325	1.1e-192	667.9	GCF_017776475.1_ASM1777647v1_genomic	bsh	bsh
FIHOGCNH_02025	tr|A0A174EB34|A0A174EB34_9FIRM	99.4	325	2	0	1	325	1	325	1.9e-192	667.2	GCF_017776475.1_ASM1777647v1_genomic	bsh	bsh
FIHOGCNH_02025	tr|A0A174GR10|A0A174GR10_9FIRM	99.4	325	2	0	1	325	1	325	1.9e-192	667.2	GCF_017776475.1_ASM1777647v1_genomic	bsh	bsh
FIHOGCNH_02025	tr|A0A174V5X0|A0A174V5X0_9FIRM	99.4	325	2	0	1	325	1	325	1.9e-192	667.2	GCF_017776475.1_ASM1777647v1_genomic	bsh	bsh
FIHOGCNH_02025	tr|A0A3E5E3Y9|A0A3E5E3Y9_9FIRM	99.1	325	3	0	1	325	1	325	1.9e-192	667.2	GCF_017776475.1_ASM1777647v1_genomic	bsh	bsh
FIHOGCNH_02025	tr|A0A1C5ULN3|A0A1C5ULN3_9FIRM	99.1	325	3	0	1	325	1	325	3.2e-192	666.4	GCF_017776475.1_ASM1777647v1_genomic	bsh	bsh
FIHOGCNH_02025	tr|A0A1G5FIB9|A0A1G5FIB9_9FIRM	99.1	325	3	0	1	325	1	325	3.2e-192	666.4	GCF_017776475.1_ASM1777647v1_genomic	bsh	bsh
FIHOGCNH_02025	tr|A0A317UFD6|A0A317UFD6_9FIRM	99.1	325	3	0	1	325	1	325	3.2e-192	666.4	GCF_017776475.1_ASM1777647v1_genomic	bsh	bsh
FIHOGCNH_02025	tr|A0A367FUZ2|A0A367FUZ2_9FIRM	99.1	325	3	0	1	325	1	325	3.2e-192	666.4	GCF_017776475.1_ASM1777647v1_genomic	bsh	bsh
FIHOGCNH_02025	tr|A0A3R6FU96|A0A3R6FU96_9FIRM	99.4	325	2	0	1	325	1	325	3.2e-192	666.4	GCF_017776475.1_ASM1777647v1_genomic	bsh	bsh
FIHOGCNH_02025	tr|A0A3R6X451|A0A3R6X451_9CLOT	99.1	325	3	0	1	325	1	325	3.2e-192	666.4	GCF_017776475.1_ASM1777647v1_genomic	bsh	bsh
FIHOGCNH_02025	tr|A0A6L8TEI6|A0A6L8TEI6_9FIRM	99.1	325	3	0	1	325	1	325	3.2e-192	666.4	GCF_017776475.1_ASM1777647v1_genomic	bsh	bsh
FIHOGCNH_02025	tr|A0A942WJN2|A0A942WJN2_9FIRM	99.1	325	3	0	1	325	1	325	3.2e-192	666.4	GCF_017776475.1_ASM1777647v1_genomic	bsh	bsh
FIHOGCNH_02025	tr|A0A1C5M099|A0A1C5M099_9CLOT	99.1	325	3	0	1	325	1	325	4.2e-192	666	GCF_017776475.1_ASM1777647v1_genomic	bsh	bsh
FIHOGCNH_02025	tr|A0A3R6N0X3|A0A3R6N0X3_9CLOT	99.1	325	3	0	1	325	1	325	4.2e-192	666	GCF_017776475.1_ASM1777647v1_genomic	bsh	bsh
FIHOGCNH_02025	tr|K1RSL9|K1RSL9_9ZZZZ	99.7	322	1	0	1	322	1	322	1.6e-191	664.1	GCF_017776475.1_ASM1777647v1_genomic	bsh	bsh
FJMMAGOF_02025	tr|A0A374ALM4|A0A374ALM4_9FIRM	99.1	323	3	0	1	323	1	323	7.8e-191	661.8	GCF_018223505.1_ASM1822350v1_genomic	bsh	bsh
HNBDCEJE_02642	tr|A0A174S307|A0A174S307_ANAHA	100	323	0	0	1	323	1	323	3.1e-195	676.4	GCF_018786105.1_ASM1878610v1_genomic	bsh	bsh
HNBDCEJE_02642	tr|A0A415W1Y4|A0A415W1Y4_9FIRM	99.7	323	1	0	1	323	1	323	1.2e-194	674.5	GCF_018786105.1_ASM1878610v1_genomic	bsh	bsh
HNBDCEJE_02642	tr|A0A415Y4A6|A0A415Y4A6_9FIRM	99.7	323	1	0	1	323	1	323	1.2e-194	674.5	GCF_018786105.1_ASM1878610v1_genomic	bsh	bsh
HNBDCEJE_02642	tr|A0A417JP01|A0A417JP01_9FIRM	99.7	323	1	0	1	323	1	323	1.2e-194	674.5	GCF_018786105.1_ASM1878610v1_genomic	bsh	bsh
HNBDCEJE_02642	tr|A0A417UTY8|A0A417UTY8_9FIRM	99.7	323	1	0	1	323	1	323	1.2e-194	674.5	GCF_018786105.1_ASM1878610v1_genomic	bsh	bsh
HNBDCEJE_02642	tr|D4N0V8|D4N0V8_ANAHA	99.7	323	1	0	1	323	1	323	1.2e-194	674.5	GCF_018786105.1_ASM1878610v1_genomic	bsh	bsh
HNBDCEJE_02642	tr|A0A6N2RN78|A0A6N2RN78_ANAHA	99.4	323	2	0	1	323	1	323	1.5e-194	674.1	GCF_018786105.1_ASM1878610v1_genomic	bsh	bsh
HNBDCEJE_02642	tr|L1QBV1|L1QBV1_ANAHA	99.4	323	2	0	1	323	1	323	2.6e-194	673.3	GCF_018786105.1_ASM1878610v1_genomic	bsh	bsh
HNBDCEJE_02642	tr|A0A1Q2CAU9|A0A1Q2CAU9_ANAHA	99.4	323	2	0	1	323	1	323	3.4e-194	672.9	GCF_018786105.1_ASM1878610v1_genomic	bsh	bsh
HNBDCEJE_02642	tr|E5VP64|E5VP64_9FIRM	99.4	323	2	0	1	323	1	323	3.4e-194	672.9	GCF_018786105.1_ASM1878610v1_genomic	bsh	bsh
HNBDCEJE_02642	tr|R5Z9B8|R5Z9B8_9FIRM	99.4	323	2	0	1	323	1	323	3.4e-194	672.9	GCF_018786105.1_ASM1878610v1_genomic	bsh	bsh
PJECCCLI_00905	tr|A0A415W1Y4|A0A415W1Y4_9FIRM	99.4	323	2	0	1	323	1	323	3.4e-194	672.9	GCF_018786145.1_ASM1878614v1_genomic	bsh	bsh
PJECCCLI_00905	tr|A0A415Y4A6|A0A415Y4A6_9FIRM	99.4	323	2	0	1	323	1	323	3.4e-194	672.9	GCF_018786145.1_ASM1878614v1_genomic	bsh	bsh
PJECCCLI_00905	tr|A0A417JP01|A0A417JP01_9FIRM	99.4	323	2	0	1	323	1	323	3.4e-194	672.9	GCF_018786145.1_ASM1878614v1_genomic	bsh	bsh
PJECCCLI_00905	tr|A0A417UTY8|A0A417UTY8_9FIRM	99.4	323	2	0	1	323	1	323	3.4e-194	672.9	GCF_018786145.1_ASM1878614v1_genomic	bsh	bsh
PJECCCLI_00905	tr|D4N0V8|D4N0V8_ANAHA	99.4	323	2	0	1	323	1	323	3.4e-194	672.9	GCF_018786145.1_ASM1878614v1_genomic	bsh	bsh
PJECCCLI_00905	tr|A0A6N2RN78|A0A6N2RN78_ANAHA	99.1	323	3	0	1	323	1	323	4.4e-194	672.5	GCF_018786145.1_ASM1878614v1_genomic	bsh	bsh
PJECCCLI_00905	tr|L1QBV1|L1QBV1_ANAHA	99.1	323	3	0	1	323	1	323	7.6e-194	671.8	GCF_018786145.1_ASM1878614v1_genomic	bsh	bsh
PJECCCLI_00905	tr|A0A1Q2CAU9|A0A1Q2CAU9_ANAHA	99.1	323	3	0	1	323	1	323	9.9e-194	671.4	GCF_018786145.1_ASM1878614v1_genomic	bsh	bsh
PJECCCLI_00905	tr|E5VP64|E5VP64_9FIRM	99.1	323	3	0	1	323	1	323	9.9e-194	671.4	GCF_018786145.1_ASM1878614v1_genomic	bsh	bsh
PJECCCLI_00905	tr|R5Z9B8|R5Z9B8_9FIRM	99.1	323	3	0	1	323	1	323	9.9e-194	671.4	GCF_018786145.1_ASM1878614v1_genomic	bsh	bsh
PJECCCLI_00905	tr|A0A174S307|A0A174S307_ANAHA	99.1	323	3	0	1	323	1	323	1.3e-193	671	GCF_018786145.1_ASM1878614v1_genomic	bsh	bsh
PJECCCLI_02111	tr|A0A173UXL2|A0A173UXL2_ANAHA	100	325	0	0	1	325	1	325	4.5e-194	672.5	GCF_018786145.1_ASM1878614v1_genomic	bsh	bsh
PJECCCLI_02111	tr|A0A173V7R5|A0A173V7R5_9FIRM	100	325	0	0	1	325	1	325	4.5e-194	672.5	GCF_018786145.1_ASM1878614v1_genomic	bsh	bsh
PJECCCLI_02111	tr|A0A174D8V8|A0A174D8V8_9FIRM	100	325	0	0	1	325	1	325	4.5e-194	672.5	GCF_018786145.1_ASM1878614v1_genomic	bsh	bsh
PJECCCLI_02111	tr|A0A174HSI5|A0A174HSI5_9FIRM	100	325	0	0	1	325	1	325	4.5e-194	672.5	GCF_018786145.1_ASM1878614v1_genomic	bsh	bsh
PJECCCLI_02111	tr|A0A1C5TTN1|A0A1C5TTN1_9FIRM	100	325	0	0	1	325	1	325	4.5e-194	672.5	GCF_018786145.1_ASM1878614v1_genomic	bsh	bsh
PJECCCLI_02111	tr|A0A1C5U7I7|A0A1C5U7I7_9CLOT	100	325	0	0	1	325	1	325	4.5e-194	672.5	GCF_018786145.1_ASM1878614v1_genomic	bsh	bsh
PJECCCLI_02111	tr|A0A1C6BVX3|A0A1C6BVX3_9FIRM	100	325	0	0	1	325	1	325	4.5e-194	672.5	GCF_018786145.1_ASM1878614v1_genomic	bsh	bsh
PJECCCLI_02111	tr|A0A1C6FXQ7|A0A1C6FXQ7_9FIRM	100	325	0	0	1	325	1	325	4.5e-194	672.5	GCF_018786145.1_ASM1878614v1_genomic	bsh	bsh
PJECCCLI_02111	tr|A0A285PRT2|A0A285PRT2_9FIRM	100	325	0	0	1	325	1	325	4.5e-194	672.5	GCF_018786145.1_ASM1878614v1_genomic	bsh	bsh
PJECCCLI_02111	tr|A0A373V9R9|A0A373V9R9_9FIRM	100	325	0	0	1	325	1	325	4.5e-194	672.5	GCF_018786145.1_ASM1878614v1_genomic	bsh	bsh
PJECCCLI_02111	tr|A0A374AYZ4|A0A374AYZ4_9FIRM	100	325	0	0	1	325	1	325	4.5e-194	672.5	GCF_018786145.1_ASM1878614v1_genomic	bsh	bsh
PJECCCLI_02111	tr|A0A3R6DJG5|A0A3R6DJG5_9FIRM	100	325	0	0	1	325	1	325	4.5e-194	672.5	GCF_018786145.1_ASM1878614v1_genomic	bsh	bsh
PJECCCLI_02111	tr|A0A412MA68|A0A412MA68_9FIRM	100	325	0	0	1	325	1	325	4.5e-194	672.5	GCF_018786145.1_ASM1878614v1_genomic	bsh	bsh
PJECCCLI_02111	tr|A0A415FJV4|A0A415FJV4_9FIRM	100	325	0	0	1	325	1	325	4.5e-194	672.5	GCF_018786145.1_ASM1878614v1_genomic	bsh	bsh
PJECCCLI_02111	tr|A0A415VWX2|A0A415VWX2_9FIRM	100	325	0	0	1	325	1	325	4.5e-194	672.5	GCF_018786145.1_ASM1878614v1_genomic	bsh	bsh
PJECCCLI_02111	tr|A0A415Y8U9|A0A415Y8U9_9FIRM	100	325	0	0	1	325	1	325	4.5e-194	672.5	GCF_018786145.1_ASM1878614v1_genomic	bsh	bsh
PJECCCLI_02111	tr|A0A417C6D6|A0A417C6D6_9FIRM	100	325	0	0	1	325	1	325	4.5e-194	672.5	GCF_018786145.1_ASM1878614v1_genomic	bsh	bsh
PJECCCLI_02111	tr|A0A417URI0|A0A417URI0_9FIRM	100	325	0	0	1	325	1	325	4.5e-194	672.5	GCF_018786145.1_ASM1878614v1_genomic	bsh	bsh
PJECCCLI_02111	tr|A0A845KWQ3|A0A845KWQ3_9FIRM	100	325	0	0	1	325	1	325	4.5e-194	672.5	GCF_018786145.1_ASM1878614v1_genomic	bsh	bsh
PJECCCLI_02111	tr|A5ZWR0|A5ZWR0_9FIRM	100	325	0	0	1	325	1	325	4.5e-194	672.5	GCF_018786145.1_ASM1878614v1_genomic	bsh	bsh
PJECCCLI_02111	tr|A6BGZ5|A6BGZ5_9FIRM	100	325	0	0	1	325	1	325	4.5e-194	672.5	GCF_018786145.1_ASM1878614v1_genomic	bsh	bsh
PJECCCLI_02111	tr|C0EW54|C0EW54_9FIRM	100	325	0	0	1	325	1	325	4.5e-194	672.5	GCF_018786145.1_ASM1878614v1_genomic	bsh	bsh
PJECCCLI_02111	tr|A0A844GIR0|A0A844GIR0_9FIRM	99.7	325	1	0	1	325	1	325	5.8e-194	672.2	GCF_018786145.1_ASM1878614v1_genomic	bsh	bsh
PJECCCLI_02111	tr|A0A1C6IFT3|A0A1C6IFT3_9FIRM	99.7	325	1	0	1	325	1	325	7.6e-194	671.8	GCF_018786145.1_ASM1878614v1_genomic	bsh	bsh
PJECCCLI_02111	tr|A0A6N9LK70|A0A6N9LK70_9FIRM	99.7	325	1	0	1	325	1	325	7.6e-194	671.8	GCF_018786145.1_ASM1878614v1_genomic	bsh	bsh
PJECCCLI_02111	tr|A0A1C5RZ46|A0A1C5RZ46_9CLOT	99.7	325	1	0	1	325	1	325	1.3e-193	671	GCF_018786145.1_ASM1878614v1_genomic	bsh	bsh
PJECCCLI_02111	tr|A0A1C5TMU3|A0A1C5TMU3_9FIRM	99.7	325	1	0	1	325	1	325	1.3e-193	671	GCF_018786145.1_ASM1878614v1_genomic	bsh	bsh
PJECCCLI_02111	tr|A0A1C5VAP5|A0A1C5VAP5_9FIRM	99.7	325	1	0	1	325	1	325	1.3e-193	671	GCF_018786145.1_ASM1878614v1_genomic	bsh	bsh
PJECCCLI_02111	tr|A0A373IZI9|A0A373IZI9_9FIRM	99.7	325	1	0	1	325	1	325	1.3e-193	671	GCF_018786145.1_ASM1878614v1_genomic	bsh	bsh
PJECCCLI_02111	tr|A0A415HK39|A0A415HK39_9FIRM	99.7	325	1	0	1	325	1	325	1.3e-193	671	GCF_018786145.1_ASM1878614v1_genomic	bsh	bsh
PJECCCLI_02111	tr|A0A417R5E7|A0A417R5E7_9FIRM	99.7	325	1	0	1	325	1	325	1.3e-193	671	GCF_018786145.1_ASM1878614v1_genomic	bsh	bsh
PJECCCLI_02111	tr|A0A6N3AUL3|A0A6N3AUL3_9FIRM	99.7	325	1	0	1	325	1	325	1.3e-193	671	GCF_018786145.1_ASM1878614v1_genomic	bsh	bsh
PJECCCLI_02111	tr|A0A173U973|A0A173U973_9FIRM	99.7	325	1	0	1	325	1	325	1.7e-193	670.6	GCF_018786145.1_ASM1878614v1_genomic	bsh	bsh
PJECCCLI_02111	tr|A0A1C5REX8|A0A1C5REX8_9FIRM	99.7	325	1	0	1	325	1	325	1.7e-193	670.6	GCF_018786145.1_ASM1878614v1_genomic	bsh	bsh
PJECCCLI_02111	tr|A0A1C5UZX7|A0A1C5UZX7_9CLOT	99.7	325	1	0	1	325	1	325	1.7e-193	670.6	GCF_018786145.1_ASM1878614v1_genomic	bsh	bsh
PJECCCLI_02111	tr|A0A1C6AVX0|A0A1C6AVX0_9FIRM	99.7	325	1	0	1	325	1	325	1.7e-193	670.6	GCF_018786145.1_ASM1878614v1_genomic	bsh	bsh
PJECCCLI_02111	tr|A0A417CDY8|A0A417CDY8_9FIRM	99.7	325	1	0	1	325	1	325	1.7e-193	670.6	GCF_018786145.1_ASM1878614v1_genomic	bsh	bsh
PJECCCLI_02111	tr|A0A564WVE5|A0A564WVE5_9FIRM	99.7	325	1	0	1	325	1	325	1.7e-193	670.6	GCF_018786145.1_ASM1878614v1_genomic	bsh	bsh
PJECCCLI_02111	tr|A0A416NLT9|A0A416NLT9_9FIRM	99.7	325	1	0	1	325	1	325	2.2e-193	670.2	GCF_018786145.1_ASM1878614v1_genomic	bsh	bsh
PJECCCLI_02111	tr|A0A7G9FVJ0|A0A7G9FVJ0_9FIRM	99.7	325	1	0	1	325	1	325	2.2e-193	670.2	GCF_018786145.1_ASM1878614v1_genomic	bsh	bsh
PJECCCLI_02111	tr|L1Q414|L1Q414_ANAHA	99.7	325	1	0	1	325	1	325	2.2e-193	670.2	GCF_018786145.1_ASM1878614v1_genomic	bsh	bsh
PJECCCLI_02111	tr|A0A174EB34|A0A174EB34_9FIRM	99.7	325	1	0	1	325	1	325	3.8e-193	669.5	GCF_018786145.1_ASM1878614v1_genomic	bsh	bsh
PJECCCLI_02111	tr|A0A174GR10|A0A174GR10_9FIRM	99.7	325	1	0	1	325	1	325	3.8e-193	669.5	GCF_018786145.1_ASM1878614v1_genomic	bsh	bsh
PJECCCLI_02111	tr|A0A174V5X0|A0A174V5X0_9FIRM	99.7	325	1	0	1	325	1	325	3.8e-193	669.5	GCF_018786145.1_ASM1878614v1_genomic	bsh	bsh
PJECCCLI_02111	tr|A0A3E5E3Y9|A0A3E5E3Y9_9FIRM	99.4	325	2	0	1	325	1	325	3.8e-193	669.5	GCF_018786145.1_ASM1878614v1_genomic	bsh	bsh
PJECCCLI_02111	tr|A0A1C5ULN3|A0A1C5ULN3_9FIRM	99.4	325	2	0	1	325	1	325	6.5e-193	668.7	GCF_018786145.1_ASM1878614v1_genomic	bsh	bsh
PJECCCLI_02111	tr|A0A1G5FIB9|A0A1G5FIB9_9FIRM	99.4	325	2	0	1	325	1	325	6.5e-193	668.7	GCF_018786145.1_ASM1878614v1_genomic	bsh	bsh
PJECCCLI_02111	tr|A0A317UFD6|A0A317UFD6_9FIRM	99.4	325	2	0	1	325	1	325	6.5e-193	668.7	GCF_018786145.1_ASM1878614v1_genomic	bsh	bsh
PJECCCLI_02111	tr|A0A367FUZ2|A0A367FUZ2_9FIRM	99.4	325	2	0	1	325	1	325	6.5e-193	668.7	GCF_018786145.1_ASM1878614v1_genomic	bsh	bsh
PJECCCLI_02111	tr|A0A3R6FU96|A0A3R6FU96_9FIRM	99.7	325	1	0	1	325	1	325	6.5e-193	668.7	GCF_018786145.1_ASM1878614v1_genomic	bsh	bsh
PJECCCLI_02111	tr|A0A3R6X451|A0A3R6X451_9CLOT	99.4	325	2	0	1	325	1	325	6.5e-193	668.7	GCF_018786145.1_ASM1878614v1_genomic	bsh	bsh
PJECCCLI_02111	tr|A0A6L8TEI6|A0A6L8TEI6_9FIRM	99.4	325	2	0	1	325	1	325	6.5e-193	668.7	GCF_018786145.1_ASM1878614v1_genomic	bsh	bsh
PJECCCLI_02111	tr|A0A942WJN2|A0A942WJN2_9FIRM	99.4	325	2	0	1	325	1	325	6.5e-193	668.7	GCF_018786145.1_ASM1878614v1_genomic	bsh	bsh
PJECCCLI_02111	tr|A0A1C5M099|A0A1C5M099_9CLOT	99.4	325	2	0	1	325	1	325	8.4e-193	668.3	GCF_018786145.1_ASM1878614v1_genomic	bsh	bsh
PJECCCLI_02111	tr|A0A3R6N0X3|A0A3R6N0X3_9CLOT	99.4	325	2	0	1	325	1	325	8.4e-193	668.3	GCF_018786145.1_ASM1878614v1_genomic	bsh	bsh
PJECCCLI_02111	tr|K1RSL9|K1RSL9_9ZZZZ	100	322	0	0	1	322	1	322	3.2e-192	666.4	GCF_018786145.1_ASM1878614v1_genomic	bsh	bsh
BKDKBNHJ_02441	tr|A0A374ALM4|A0A374ALM4_9FIRM	99.1	323	3	0	1	323	1	323	1.3e-190	661	GCF_018786165.1_ASM1878616v1_genomic	bsh	bsh
CENNCKIL_01067	tr|A0A351R4J7|A0A351R4J7_9FIRM	73.1	324	87	0	1	324	1	324	2.2e-145	510.8	GCF_018918155.1_ASM1891815v1_genomic	bsh	bsh
CENNCKIL_01067	tr|A0A3B9DCP6|A0A3B9DCP6_9FIRM	72.8	324	88	0	1	324	1	324	5e-145	509.6	GCF_018918155.1_ASM1891815v1_genomic	bsh	bsh
CENNCKIL_01067	tr|A0A0M6WH75|A0A0M6WH75_9FIRM	72.5	324	89	0	1	324	1	324	8.5e-145	508.8	GCF_018918155.1_ASM1891815v1_genomic	bsh	bsh
CENNCKIL_01067	tr|A0A173RY76|A0A173RY76_9FIRM	72.2	324	90	0	1	324	1	324	1.9e-144	507.7	GCF_018918155.1_ASM1891815v1_genomic	bsh	bsh
CENNCKIL_01067	tr|A0A1C6CBS2|A0A1C6CBS2_9FIRM	72.8	324	88	0	1	324	1	324	2.5e-144	507.3	GCF_018918155.1_ASM1891815v1_genomic	bsh	bsh
CENNCKIL_01067	tr|A0A173S778|A0A173S778_9FIRM	72.8	324	88	0	1	324	1	324	7.2e-144	505.8	GCF_018918155.1_ASM1891815v1_genomic	bsh	bsh
LKKNDKGL_02865	tr|A0A6N2SP25|A0A6N2SP25_9FIRM	100	329	0	0	1	329	1	329	6.1e-199	688.7	GCF_900624715.1_81B4_genomic	bsh	bsh
LKKNDKGL_02865	tr|B0MC37|B0MC37_ANACD	100	329	0	0	1	329	4	332	6.1e-199	688.7	GCF_900624715.1_81B4_genomic	bsh	bsh
LKKNDKGL_02865	tr|A0A374AUU7|A0A374AUU7_9FIRM	99.7	329	1	0	1	329	1	329	4e-198	686	GCF_900624715.1_81B4_genomic	bsh	bsh
LKKNDKGL_03330	tr|A0A1H3BS51|A0A1H3BS51_EUBBA	64.6	314	111	0	1	314	51	364	2.4e-123	437.6	GCF_900624715.1_81B4_genomic	bsh	bsh
LKKNDKGL_03375	tr|A0A1H3BS51|A0A1H3BS51_EUBBA	59.5	37	15	0	1	37	1	37	9.5e-08	50.4	GCF_900624715.1_81B4_genomic	bsh	bsh
IMCKJKOO_01249	tr|A0A2N0UR24|A0A2N0UR24_9FIRM	78.6	196	42	0	2	197	150	345	8.2e-90	325.5	GCF_902362655.1_MGYG-HGUT-00052_genomic	bsh	bsh
LINHNLFA_01447	tr|A0A1C6AZ63|A0A1C6AZ63_9FIRM	100	323	0	0	1	323	1	323	5.8e-194	672.2	GCF_902362875.1_MGYG-HGUT-00065_genomic	bsh	bsh
PMLNHHOO_00030	tr|A0A1H3BS51|A0A1H3BS51_EUBBA	63.5	364	133	0	1	364	1	364	1.6e-139	491.5	GCF_902362985.1_MGYG-HGUT-00080_genomic	bsh	bsh
PMLNHHOO_01495	tr|A0A374AUU7|A0A374AUU7_9FIRM	100	329	0	0	1	329	1	329	8e-199	688.3	GCF_902362985.1_MGYG-HGUT-00080_genomic	bsh	bsh
PMLNHHOO_01495	tr|A0A6N2SP25|A0A6N2SP25_9FIRM	99.7	329	1	0	1	329	1	329	5.2e-198	685.6	GCF_902362985.1_MGYG-HGUT-00080_genomic	bsh	bsh
PMLNHHOO_01495	tr|B0MC37|B0MC37_ANACD	99.7	329	1	0	1	329	4	332	5.2e-198	685.6	GCF_902362985.1_MGYG-HGUT-00080_genomic	bsh	bsh
FCFHFNCF_00101	tr|A0A173UXL2|A0A173UXL2_ANAHA	100	325	0	0	1	325	1	325	4.5e-194	672.5	GCF_902388025.1_UHGG_MGYG-HGUT-02528_genomic	bsh	bsh
FCFHFNCF_00101	tr|A0A173V7R5|A0A173V7R5_9FIRM	100	325	0	0	1	325	1	325	4.5e-194	672.5	GCF_902388025.1_UHGG_MGYG-HGUT-02528_genomic	bsh	bsh
FCFHFNCF_00101	tr|A0A174D8V8|A0A174D8V8_9FIRM	100	325	0	0	1	325	1	325	4.5e-194	672.5	GCF_902388025.1_UHGG_MGYG-HGUT-02528_genomic	bsh	bsh
FCFHFNCF_00101	tr|A0A174HSI5|A0A174HSI5_9FIRM	100	325	0	0	1	325	1	325	4.5e-194	672.5	GCF_902388025.1_UHGG_MGYG-HGUT-02528_genomic	bsh	bsh
FCFHFNCF_00101	tr|A0A1C5TTN1|A0A1C5TTN1_9FIRM	100	325	0	0	1	325	1	325	4.5e-194	672.5	GCF_902388025.1_UHGG_MGYG-HGUT-02528_genomic	bsh	bsh
FCFHFNCF_00101	tr|A0A1C5U7I7|A0A1C5U7I7_9CLOT	100	325	0	0	1	325	1	325	4.5e-194	672.5	GCF_902388025.1_UHGG_MGYG-HGUT-02528_genomic	bsh	bsh
FCFHFNCF_00101	tr|A0A1C6BVX3|A0A1C6BVX3_9FIRM	100	325	0	0	1	325	1	325	4.5e-194	672.5	GCF_902388025.1_UHGG_MGYG-HGUT-02528_genomic	bsh	bsh
FCFHFNCF_00101	tr|A0A1C6FXQ7|A0A1C6FXQ7_9FIRM	100	325	0	0	1	325	1	325	4.5e-194	672.5	GCF_902388025.1_UHGG_MGYG-HGUT-02528_genomic	bsh	bsh
FCFHFNCF_00101	tr|A0A285PRT2|A0A285PRT2_9FIRM	100	325	0	0	1	325	1	325	4.5e-194	672.5	GCF_902388025.1_UHGG_MGYG-HGUT-02528_genomic	bsh	bsh
FCFHFNCF_00101	tr|A0A373V9R9|A0A373V9R9_9FIRM	100	325	0	0	1	325	1	325	4.5e-194	672.5	GCF_902388025.1_UHGG_MGYG-HGUT-02528_genomic	bsh	bsh
FCFHFNCF_00101	tr|A0A374AYZ4|A0A374AYZ4_9FIRM	100	325	0	0	1	325	1	325	4.5e-194	672.5	GCF_902388025.1_UHGG_MGYG-HGUT-02528_genomic	bsh	bsh
FCFHFNCF_00101	tr|A0A3R6DJG5|A0A3R6DJG5_9FIRM	100	325	0	0	1	325	1	325	4.5e-194	672.5	GCF_902388025.1_UHGG_MGYG-HGUT-02528_genomic	bsh	bsh
FCFHFNCF_00101	tr|A0A412MA68|A0A412MA68_9FIRM	100	325	0	0	1	325	1	325	4.5e-194	672.5	GCF_902388025.1_UHGG_MGYG-HGUT-02528_genomic	bsh	bsh
FCFHFNCF_00101	tr|A0A415FJV4|A0A415FJV4_9FIRM	100	325	0	0	1	325	1	325	4.5e-194	672.5	GCF_902388025.1_UHGG_MGYG-HGUT-02528_genomic	bsh	bsh
FCFHFNCF_00101	tr|A0A415VWX2|A0A415VWX2_9FIRM	100	325	0	0	1	325	1	325	4.5e-194	672.5	GCF_902388025.1_UHGG_MGYG-HGUT-02528_genomic	bsh	bsh
FCFHFNCF_00101	tr|A0A415Y8U9|A0A415Y8U9_9FIRM	100	325	0	0	1	325	1	325	4.5e-194	672.5	GCF_902388025.1_UHGG_MGYG-HGUT-02528_genomic	bsh	bsh
FCFHFNCF_00101	tr|A0A417C6D6|A0A417C6D6_9FIRM	100	325	0	0	1	325	1	325	4.5e-194	672.5	GCF_902388025.1_UHGG_MGYG-HGUT-02528_genomic	bsh	bsh
FCFHFNCF_00101	tr|A0A417URI0|A0A417URI0_9FIRM	100	325	0	0	1	325	1	325	4.5e-194	672.5	GCF_902388025.1_UHGG_MGYG-HGUT-02528_genomic	bsh	bsh
FCFHFNCF_00101	tr|A0A845KWQ3|A0A845KWQ3_9FIRM	100	325	0	0	1	325	1	325	4.5e-194	672.5	GCF_902388025.1_UHGG_MGYG-HGUT-02528_genomic	bsh	bsh
FCFHFNCF_00101	tr|A5ZWR0|A5ZWR0_9FIRM	100	325	0	0	1	325	1	325	4.5e-194	672.5	GCF_902388025.1_UHGG_MGYG-HGUT-02528_genomic	bsh	bsh
FCFHFNCF_00101	tr|A6BGZ5|A6BGZ5_9FIRM	100	325	0	0	1	325	1	325	4.5e-194	672.5	GCF_902388025.1_UHGG_MGYG-HGUT-02528_genomic	bsh	bsh
FCFHFNCF_00101	tr|C0EW54|C0EW54_9FIRM	100	325	0	0	1	325	1	325	4.5e-194	672.5	GCF_902388025.1_UHGG_MGYG-HGUT-02528_genomic	bsh	bsh
FCFHFNCF_00101	tr|A0A844GIR0|A0A844GIR0_9FIRM	99.7	325	1	0	1	325	1	325	5.8e-194	672.2	GCF_902388025.1_UHGG_MGYG-HGUT-02528_genomic	bsh	bsh
FCFHFNCF_00101	tr|A0A1C6IFT3|A0A1C6IFT3_9FIRM	99.7	325	1	0	1	325	1	325	7.6e-194	671.8	GCF_902388025.1_UHGG_MGYG-HGUT-02528_genomic	bsh	bsh
FCFHFNCF_00101	tr|A0A6N9LK70|A0A6N9LK70_9FIRM	99.7	325	1	0	1	325	1	325	7.6e-194	671.8	GCF_902388025.1_UHGG_MGYG-HGUT-02528_genomic	bsh	bsh
FCFHFNCF_00101	tr|A0A1C5RZ46|A0A1C5RZ46_9CLOT	99.7	325	1	0	1	325	1	325	1.3e-193	671	GCF_902388025.1_UHGG_MGYG-HGUT-02528_genomic	bsh	bsh
FCFHFNCF_00101	tr|A0A1C5TMU3|A0A1C5TMU3_9FIRM	99.7	325	1	0	1	325	1	325	1.3e-193	671	GCF_902388025.1_UHGG_MGYG-HGUT-02528_genomic	bsh	bsh
FCFHFNCF_00101	tr|A0A1C5VAP5|A0A1C5VAP5_9FIRM	99.7	325	1	0	1	325	1	325	1.3e-193	671	GCF_902388025.1_UHGG_MGYG-HGUT-02528_genomic	bsh	bsh
FCFHFNCF_00101	tr|A0A373IZI9|A0A373IZI9_9FIRM	99.7	325	1	0	1	325	1	325	1.3e-193	671	GCF_902388025.1_UHGG_MGYG-HGUT-02528_genomic	bsh	bsh
FCFHFNCF_00101	tr|A0A415HK39|A0A415HK39_9FIRM	99.7	325	1	0	1	325	1	325	1.3e-193	671	GCF_902388025.1_UHGG_MGYG-HGUT-02528_genomic	bsh	bsh
FCFHFNCF_00101	tr|A0A417R5E7|A0A417R5E7_9FIRM	99.7	325	1	0	1	325	1	325	1.3e-193	671	GCF_902388025.1_UHGG_MGYG-HGUT-02528_genomic	bsh	bsh
FCFHFNCF_00101	tr|A0A6N3AUL3|A0A6N3AUL3_9FIRM	99.7	325	1	0	1	325	1	325	1.3e-193	671	GCF_902388025.1_UHGG_MGYG-HGUT-02528_genomic	bsh	bsh
FCFHFNCF_00101	tr|A0A173U973|A0A173U973_9FIRM	99.7	325	1	0	1	325	1	325	1.7e-193	670.6	GCF_902388025.1_UHGG_MGYG-HGUT-02528_genomic	bsh	bsh
FCFHFNCF_00101	tr|A0A1C5REX8|A0A1C5REX8_9FIRM	99.7	325	1	0	1	325	1	325	1.7e-193	670.6	GCF_902388025.1_UHGG_MGYG-HGUT-02528_genomic	bsh	bsh
FCFHFNCF_00101	tr|A0A1C5UZX7|A0A1C5UZX7_9CLOT	99.7	325	1	0	1	325	1	325	1.7e-193	670.6	GCF_902388025.1_UHGG_MGYG-HGUT-02528_genomic	bsh	bsh
FCFHFNCF_00101	tr|A0A1C6AVX0|A0A1C6AVX0_9FIRM	99.7	325	1	0	1	325	1	325	1.7e-193	670.6	GCF_902388025.1_UHGG_MGYG-HGUT-02528_genomic	bsh	bsh
FCFHFNCF_00101	tr|A0A417CDY8|A0A417CDY8_9FIRM	99.7	325	1	0	1	325	1	325	1.7e-193	670.6	GCF_902388025.1_UHGG_MGYG-HGUT-02528_genomic	bsh	bsh
FCFHFNCF_00101	tr|A0A564WVE5|A0A564WVE5_9FIRM	99.7	325	1	0	1	325	1	325	1.7e-193	670.6	GCF_902388025.1_UHGG_MGYG-HGUT-02528_genomic	bsh	bsh
FCFHFNCF_00101	tr|A0A416NLT9|A0A416NLT9_9FIRM	99.7	325	1	0	1	325	1	325	2.2e-193	670.2	GCF_902388025.1_UHGG_MGYG-HGUT-02528_genomic	bsh	bsh
FCFHFNCF_00101	tr|A0A7G9FVJ0|A0A7G9FVJ0_9FIRM	99.7	325	1	0	1	325	1	325	2.2e-193	670.2	GCF_902388025.1_UHGG_MGYG-HGUT-02528_genomic	bsh	bsh
FCFHFNCF_00101	tr|L1Q414|L1Q414_ANAHA	99.7	325	1	0	1	325	1	325	2.2e-193	670.2	GCF_902388025.1_UHGG_MGYG-HGUT-02528_genomic	bsh	bsh
FCFHFNCF_00101	tr|A0A174EB34|A0A174EB34_9FIRM	99.7	325	1	0	1	325	1	325	3.8e-193	669.5	GCF_902388025.1_UHGG_MGYG-HGUT-02528_genomic	bsh	bsh
FCFHFNCF_00101	tr|A0A174GR10|A0A174GR10_9FIRM	99.7	325	1	0	1	325	1	325	3.8e-193	669.5	GCF_902388025.1_UHGG_MGYG-HGUT-02528_genomic	bsh	bsh
FCFHFNCF_00101	tr|A0A174V5X0|A0A174V5X0_9FIRM	99.7	325	1	0	1	325	1	325	3.8e-193	669.5	GCF_902388025.1_UHGG_MGYG-HGUT-02528_genomic	bsh	bsh
FCFHFNCF_00101	tr|A0A3E5E3Y9|A0A3E5E3Y9_9FIRM	99.4	325	2	0	1	325	1	325	3.8e-193	669.5	GCF_902388025.1_UHGG_MGYG-HGUT-02528_genomic	bsh	bsh
FCFHFNCF_00101	tr|A0A1C5ULN3|A0A1C5ULN3_9FIRM	99.4	325	2	0	1	325	1	325	6.5e-193	668.7	GCF_902388025.1_UHGG_MGYG-HGUT-02528_genomic	bsh	bsh
FCFHFNCF_00101	tr|A0A1G5FIB9|A0A1G5FIB9_9FIRM	99.4	325	2	0	1	325	1	325	6.5e-193	668.7	GCF_902388025.1_UHGG_MGYG-HGUT-02528_genomic	bsh	bsh
FCFHFNCF_00101	tr|A0A317UFD6|A0A317UFD6_9FIRM	99.4	325	2	0	1	325	1	325	6.5e-193	668.7	GCF_902388025.1_UHGG_MGYG-HGUT-02528_genomic	bsh	bsh
FCFHFNCF_00101	tr|A0A367FUZ2|A0A367FUZ2_9FIRM	99.4	325	2	0	1	325	1	325	6.5e-193	668.7	GCF_902388025.1_UHGG_MGYG-HGUT-02528_genomic	bsh	bsh
FCFHFNCF_00101	tr|A0A3R6FU96|A0A3R6FU96_9FIRM	99.7	325	1	0	1	325	1	325	6.5e-193	668.7	GCF_902388025.1_UHGG_MGYG-HGUT-02528_genomic	bsh	bsh
FCFHFNCF_00101	tr|A0A3R6X451|A0A3R6X451_9CLOT	99.4	325	2	0	1	325	1	325	6.5e-193	668.7	GCF_902388025.1_UHGG_MGYG-HGUT-02528_genomic	bsh	bsh
FCFHFNCF_00101	tr|A0A6L8TEI6|A0A6L8TEI6_9FIRM	99.4	325	2	0	1	325	1	325	6.5e-193	668.7	GCF_902388025.1_UHGG_MGYG-HGUT-02528_genomic	bsh	bsh
FCFHFNCF_00101	tr|A0A942WJN2|A0A942WJN2_9FIRM	99.4	325	2	0	1	325	1	325	6.5e-193	668.7	GCF_902388025.1_UHGG_MGYG-HGUT-02528_genomic	bsh	bsh
FCFHFNCF_00101	tr|A0A1C5M099|A0A1C5M099_9CLOT	99.4	325	2	0	1	325	1	325	8.4e-193	668.3	GCF_902388025.1_UHGG_MGYG-HGUT-02528_genomic	bsh	bsh
FCFHFNCF_00101	tr|A0A3R6N0X3|A0A3R6N0X3_9CLOT	99.4	325	2	0	1	325	1	325	8.4e-193	668.3	GCF_902388025.1_UHGG_MGYG-HGUT-02528_genomic	bsh	bsh
FCFHFNCF_00101	tr|K1RSL9|K1RSL9_9ZZZZ	100	322	0	0	1	322	1	322	3.2e-192	666.4	GCF_902388025.1_UHGG_MGYG-HGUT-02528_genomic	bsh	bsh
FCFHFNCF_03121	tr|A0A1Q2CAU9|A0A1Q2CAU9_ANAHA	100	323	0	0	1	323	1	323	2.4e-195	676.8	GCF_902388025.1_UHGG_MGYG-HGUT-02528_genomic	bsh	bsh
FCFHFNCF_03121	tr|A0A415W1Y4|A0A415W1Y4_9FIRM	99.7	323	1	0	1	323	1	323	8.9e-195	674.9	GCF_902388025.1_UHGG_MGYG-HGUT-02528_genomic	bsh	bsh
FCFHFNCF_03121	tr|A0A415Y4A6|A0A415Y4A6_9FIRM	99.7	323	1	0	1	323	1	323	8.9e-195	674.9	GCF_902388025.1_UHGG_MGYG-HGUT-02528_genomic	bsh	bsh
FCFHFNCF_03121	tr|A0A417JP01|A0A417JP01_9FIRM	99.7	323	1	0	1	323	1	323	8.9e-195	674.9	GCF_902388025.1_UHGG_MGYG-HGUT-02528_genomic	bsh	bsh
FCFHFNCF_03121	tr|A0A417UTY8|A0A417UTY8_9FIRM	99.7	323	1	0	1	323	1	323	8.9e-195	674.9	GCF_902388025.1_UHGG_MGYG-HGUT-02528_genomic	bsh	bsh
FCFHFNCF_03121	tr|D4N0V8|D4N0V8_ANAHA	99.7	323	1	0	1	323	1	323	8.9e-195	674.9	GCF_902388025.1_UHGG_MGYG-HGUT-02528_genomic	bsh	bsh
FCFHFNCF_03121	tr|A0A6N2RN78|A0A6N2RN78_ANAHA	99.4	323	2	0	1	323	1	323	1.2e-194	674.5	GCF_902388025.1_UHGG_MGYG-HGUT-02528_genomic	bsh	bsh
FCFHFNCF_03121	tr|L1QBV1|L1QBV1_ANAHA	99.4	323	2	0	1	323	1	323	2e-194	673.7	GCF_902388025.1_UHGG_MGYG-HGUT-02528_genomic	bsh	bsh
FCFHFNCF_03121	tr|E5VP64|E5VP64_9FIRM	99.4	323	2	0	1	323	1	323	2.6e-194	673.3	GCF_902388025.1_UHGG_MGYG-HGUT-02528_genomic	bsh	bsh
FCFHFNCF_03121	tr|R5Z9B8|R5Z9B8_9FIRM	99.4	323	2	0	1	323	1	323	2.6e-194	673.3	GCF_902388025.1_UHGG_MGYG-HGUT-02528_genomic	bsh	bsh
FCFHFNCF_03121	tr|A0A174S307|A0A174S307_ANAHA	99.4	323	2	0	1	323	1	323	3.4e-194	672.9	GCF_902388025.1_UHGG_MGYG-HGUT-02528_genomic	bsh	bsh
ALDEGNKM_01960	tr|A0A415W1Y4|A0A415W1Y4_9FIRM	100	323	0	0	1	323	1	323	2.4e-195	676.8	SRR13592713	bsh	bsh
ALDEGNKM_01960	tr|A0A415Y4A6|A0A415Y4A6_9FIRM	100	323	0	0	1	323	1	323	2.4e-195	676.8	SRR13592713	bsh	bsh
ALDEGNKM_01960	tr|A0A417JP01|A0A417JP01_9FIRM	100	323	0	0	1	323	1	323	2.4e-195	676.8	SRR13592713	bsh	bsh
ALDEGNKM_01960	tr|A0A417UTY8|A0A417UTY8_9FIRM	100	323	0	0	1	323	1	323	2.4e-195	676.8	SRR13592713	bsh	bsh
ALDEGNKM_01960	tr|D4N0V8|D4N0V8_ANAHA	100	323	0	0	1	323	1	323	2.4e-195	676.8	SRR13592713	bsh	bsh
ALDEGNKM_01960	tr|A0A6N2RN78|A0A6N2RN78_ANAHA	99.7	323	1	0	1	323	1	323	3.1e-195	676.4	SRR13592713	bsh	bsh
ALDEGNKM_01960	tr|L1QBV1|L1QBV1_ANAHA	99.7	323	1	0	1	323	1	323	5.2e-195	675.6	SRR13592713	bsh	bsh
ALDEGNKM_01960	tr|A0A1Q2CAU9|A0A1Q2CAU9_ANAHA	99.7	323	1	0	1	323	1	323	6.9e-195	675.2	SRR13592713	bsh	bsh
ALDEGNKM_01960	tr|E5VP64|E5VP64_9FIRM	99.7	323	1	0	1	323	1	323	6.9e-195	675.2	SRR13592713	bsh	bsh
ALDEGNKM_01960	tr|R5Z9B8|R5Z9B8_9FIRM	99.7	323	1	0	1	323	1	323	6.9e-195	675.2	SRR13592713	bsh	bsh
ALDEGNKM_01960	tr|A0A174S307|A0A174S307_ANAHA	99.7	323	1	0	1	323	1	323	8.9e-195	674.9	SRR13592713	bsh	bsh
ENPNCEFK_01604	tr|A0A415W1Y4|A0A415W1Y4_9FIRM	100	323	0	0	1	323	1	323	2.4e-195	676.8	SRR13592785	bsh	bsh
ENPNCEFK_01604	tr|A0A415Y4A6|A0A415Y4A6_9FIRM	100	323	0	0	1	323	1	323	2.4e-195	676.8	SRR13592785	bsh	bsh
ENPNCEFK_01604	tr|A0A417JP01|A0A417JP01_9FIRM	100	323	0	0	1	323	1	323	2.4e-195	676.8	SRR13592785	bsh	bsh
ENPNCEFK_01604	tr|A0A417UTY8|A0A417UTY8_9FIRM	100	323	0	0	1	323	1	323	2.4e-195	676.8	SRR13592785	bsh	bsh
ENPNCEFK_01604	tr|D4N0V8|D4N0V8_ANAHA	100	323	0	0	1	323	1	323	2.4e-195	676.8	SRR13592785	bsh	bsh
ENPNCEFK_01604	tr|A0A6N2RN78|A0A6N2RN78_ANAHA	99.7	323	1	0	1	323	1	323	3.1e-195	676.4	SRR13592785	bsh	bsh
ENPNCEFK_01604	tr|L1QBV1|L1QBV1_ANAHA	99.7	323	1	0	1	323	1	323	5.2e-195	675.6	SRR13592785	bsh	bsh
ENPNCEFK_01604	tr|A0A1Q2CAU9|A0A1Q2CAU9_ANAHA	99.7	323	1	0	1	323	1	323	6.9e-195	675.2	SRR13592785	bsh	bsh
ENPNCEFK_01604	tr|E5VP64|E5VP64_9FIRM	99.7	323	1	0	1	323	1	323	6.9e-195	675.2	SRR13592785	bsh	bsh
ENPNCEFK_01604	tr|R5Z9B8|R5Z9B8_9FIRM	99.7	323	1	0	1	323	1	323	6.9e-195	675.2	SRR13592785	bsh	bsh
ENPNCEFK_01604	tr|A0A174S307|A0A174S307_ANAHA	99.7	323	1	0	1	323	1	323	8.9e-195	674.9	SRR13592785	bsh	bsh
ENPNCEFK_02146	tr|A0A173UXL2|A0A173UXL2_ANAHA	100	325	0	0	1	325	1	325	4.5e-194	672.5	SRR13592785	bsh	bsh
ENPNCEFK_02146	tr|A0A173V7R5|A0A173V7R5_9FIRM	100	325	0	0	1	325	1	325	4.5e-194	672.5	SRR13592785	bsh	bsh
ENPNCEFK_02146	tr|A0A174D8V8|A0A174D8V8_9FIRM	100	325	0	0	1	325	1	325	4.5e-194	672.5	SRR13592785	bsh	bsh
ENPNCEFK_02146	tr|A0A174HSI5|A0A174HSI5_9FIRM	100	325	0	0	1	325	1	325	4.5e-194	672.5	SRR13592785	bsh	bsh
ENPNCEFK_02146	tr|A0A1C5TTN1|A0A1C5TTN1_9FIRM	100	325	0	0	1	325	1	325	4.5e-194	672.5	SRR13592785	bsh	bsh
ENPNCEFK_02146	tr|A0A1C5U7I7|A0A1C5U7I7_9CLOT	100	325	0	0	1	325	1	325	4.5e-194	672.5	SRR13592785	bsh	bsh
ENPNCEFK_02146	tr|A0A1C6BVX3|A0A1C6BVX3_9FIRM	100	325	0	0	1	325	1	325	4.5e-194	672.5	SRR13592785	bsh	bsh
ENPNCEFK_02146	tr|A0A1C6FXQ7|A0A1C6FXQ7_9FIRM	100	325	0	0	1	325	1	325	4.5e-194	672.5	SRR13592785	bsh	bsh
ENPNCEFK_02146	tr|A0A285PRT2|A0A285PRT2_9FIRM	100	325	0	0	1	325	1	325	4.5e-194	672.5	SRR13592785	bsh	bsh
ENPNCEFK_02146	tr|A0A373V9R9|A0A373V9R9_9FIRM	100	325	0	0	1	325	1	325	4.5e-194	672.5	SRR13592785	bsh	bsh
ENPNCEFK_02146	tr|A0A374AYZ4|A0A374AYZ4_9FIRM	100	325	0	0	1	325	1	325	4.5e-194	672.5	SRR13592785	bsh	bsh
ENPNCEFK_02146	tr|A0A3R6DJG5|A0A3R6DJG5_9FIRM	100	325	0	0	1	325	1	325	4.5e-194	672.5	SRR13592785	bsh	bsh
ENPNCEFK_02146	tr|A0A412MA68|A0A412MA68_9FIRM	100	325	0	0	1	325	1	325	4.5e-194	672.5	SRR13592785	bsh	bsh
ENPNCEFK_02146	tr|A0A415FJV4|A0A415FJV4_9FIRM	100	325	0	0	1	325	1	325	4.5e-194	672.5	SRR13592785	bsh	bsh
ENPNCEFK_02146	tr|A0A415VWX2|A0A415VWX2_9FIRM	100	325	0	0	1	325	1	325	4.5e-194	672.5	SRR13592785	bsh	bsh
ENPNCEFK_02146	tr|A0A415Y8U9|A0A415Y8U9_9FIRM	100	325	0	0	1	325	1	325	4.5e-194	672.5	SRR13592785	bsh	bsh
ENPNCEFK_02146	tr|A0A417C6D6|A0A417C6D6_9FIRM	100	325	0	0	1	325	1	325	4.5e-194	672.5	SRR13592785	bsh	bsh
ENPNCEFK_02146	tr|A0A417URI0|A0A417URI0_9FIRM	100	325	0	0	1	325	1	325	4.5e-194	672.5	SRR13592785	bsh	bsh
ENPNCEFK_02146	tr|A0A845KWQ3|A0A845KWQ3_9FIRM	100	325	0	0	1	325	1	325	4.5e-194	672.5	SRR13592785	bsh	bsh
ENPNCEFK_02146	tr|A5ZWR0|A5ZWR0_9FIRM	100	325	0	0	1	325	1	325	4.5e-194	672.5	SRR13592785	bsh	bsh
ENPNCEFK_02146	tr|A6BGZ5|A6BGZ5_9FIRM	100	325	0	0	1	325	1	325	4.5e-194	672.5	SRR13592785	bsh	bsh
ENPNCEFK_02146	tr|C0EW54|C0EW54_9FIRM	100	325	0	0	1	325	1	325	4.5e-194	672.5	SRR13592785	bsh	bsh
ENPNCEFK_02146	tr|A0A844GIR0|A0A844GIR0_9FIRM	99.7	325	1	0	1	325	1	325	5.8e-194	672.2	SRR13592785	bsh	bsh
ENPNCEFK_02146	tr|A0A1C6IFT3|A0A1C6IFT3_9FIRM	99.7	325	1	0	1	325	1	325	7.6e-194	671.8	SRR13592785	bsh	bsh
ENPNCEFK_02146	tr|A0A6N9LK70|A0A6N9LK70_9FIRM	99.7	325	1	0	1	325	1	325	7.6e-194	671.8	SRR13592785	bsh	bsh
ENPNCEFK_02146	tr|A0A1C5RZ46|A0A1C5RZ46_9CLOT	99.7	325	1	0	1	325	1	325	1.3e-193	671	SRR13592785	bsh	bsh
ENPNCEFK_02146	tr|A0A1C5TMU3|A0A1C5TMU3_9FIRM	99.7	325	1	0	1	325	1	325	1.3e-193	671	SRR13592785	bsh	bsh
ENPNCEFK_02146	tr|A0A1C5VAP5|A0A1C5VAP5_9FIRM	99.7	325	1	0	1	325	1	325	1.3e-193	671	SRR13592785	bsh	bsh
ENPNCEFK_02146	tr|A0A373IZI9|A0A373IZI9_9FIRM	99.7	325	1	0	1	325	1	325	1.3e-193	671	SRR13592785	bsh	bsh
ENPNCEFK_02146	tr|A0A415HK39|A0A415HK39_9FIRM	99.7	325	1	0	1	325	1	325	1.3e-193	671	SRR13592785	bsh	bsh
ENPNCEFK_02146	tr|A0A417R5E7|A0A417R5E7_9FIRM	99.7	325	1	0	1	325	1	325	1.3e-193	671	SRR13592785	bsh	bsh
ENPNCEFK_02146	tr|A0A6N3AUL3|A0A6N3AUL3_9FIRM	99.7	325	1	0	1	325	1	325	1.3e-193	671	SRR13592785	bsh	bsh
ENPNCEFK_02146	tr|A0A173U973|A0A173U973_9FIRM	99.7	325	1	0	1	325	1	325	1.7e-193	670.6	SRR13592785	bsh	bsh
ENPNCEFK_02146	tr|A0A1C5REX8|A0A1C5REX8_9FIRM	99.7	325	1	0	1	325	1	325	1.7e-193	670.6	SRR13592785	bsh	bsh
ENPNCEFK_02146	tr|A0A1C5UZX7|A0A1C5UZX7_9CLOT	99.7	325	1	0	1	325	1	325	1.7e-193	670.6	SRR13592785	bsh	bsh
ENPNCEFK_02146	tr|A0A1C6AVX0|A0A1C6AVX0_9FIRM	99.7	325	1	0	1	325	1	325	1.7e-193	670.6	SRR13592785	bsh	bsh
ENPNCEFK_02146	tr|A0A417CDY8|A0A417CDY8_9FIRM	99.7	325	1	0	1	325	1	325	1.7e-193	670.6	SRR13592785	bsh	bsh
ENPNCEFK_02146	tr|A0A564WVE5|A0A564WVE5_9FIRM	99.7	325	1	0	1	325	1	325	1.7e-193	670.6	SRR13592785	bsh	bsh
ENPNCEFK_02146	tr|A0A416NLT9|A0A416NLT9_9FIRM	99.7	325	1	0	1	325	1	325	2.2e-193	670.2	SRR13592785	bsh	bsh
ENPNCEFK_02146	tr|A0A7G9FVJ0|A0A7G9FVJ0_9FIRM	99.7	325	1	0	1	325	1	325	2.2e-193	670.2	SRR13592785	bsh	bsh
ENPNCEFK_02146	tr|L1Q414|L1Q414_ANAHA	99.7	325	1	0	1	325	1	325	2.2e-193	670.2	SRR13592785	bsh	bsh
ENPNCEFK_02146	tr|A0A174EB34|A0A174EB34_9FIRM	99.7	325	1	0	1	325	1	325	3.8e-193	669.5	SRR13592785	bsh	bsh
ENPNCEFK_02146	tr|A0A174GR10|A0A174GR10_9FIRM	99.7	325	1	0	1	325	1	325	3.8e-193	669.5	SRR13592785	bsh	bsh
ENPNCEFK_02146	tr|A0A174V5X0|A0A174V5X0_9FIRM	99.7	325	1	0	1	325	1	325	3.8e-193	669.5	SRR13592785	bsh	bsh
ENPNCEFK_02146	tr|A0A3E5E3Y9|A0A3E5E3Y9_9FIRM	99.4	325	2	0	1	325	1	325	3.8e-193	669.5	SRR13592785	bsh	bsh
ENPNCEFK_02146	tr|A0A1C5ULN3|A0A1C5ULN3_9FIRM	99.4	325	2	0	1	325	1	325	6.5e-193	668.7	SRR13592785	bsh	bsh
ENPNCEFK_02146	tr|A0A1G5FIB9|A0A1G5FIB9_9FIRM	99.4	325	2	0	1	325	1	325	6.5e-193	668.7	SRR13592785	bsh	bsh
ENPNCEFK_02146	tr|A0A317UFD6|A0A317UFD6_9FIRM	99.4	325	2	0	1	325	1	325	6.5e-193	668.7	SRR13592785	bsh	bsh
ENPNCEFK_02146	tr|A0A367FUZ2|A0A367FUZ2_9FIRM	99.4	325	2	0	1	325	1	325	6.5e-193	668.7	SRR13592785	bsh	bsh
ENPNCEFK_02146	tr|A0A3R6FU96|A0A3R6FU96_9FIRM	99.7	325	1	0	1	325	1	325	6.5e-193	668.7	SRR13592785	bsh	bsh
ENPNCEFK_02146	tr|A0A3R6X451|A0A3R6X451_9CLOT	99.4	325	2	0	1	325	1	325	6.5e-193	668.7	SRR13592785	bsh	bsh
ENPNCEFK_02146	tr|A0A6L8TEI6|A0A6L8TEI6_9FIRM	99.4	325	2	0	1	325	1	325	6.5e-193	668.7	SRR13592785	bsh	bsh
ENPNCEFK_02146	tr|A0A942WJN2|A0A942WJN2_9FIRM	99.4	325	2	0	1	325	1	325	6.5e-193	668.7	SRR13592785	bsh	bsh
ENPNCEFK_02146	tr|A0A1C5M099|A0A1C5M099_9CLOT	99.4	325	2	0	1	325	1	325	8.4e-193	668.3	SRR13592785	bsh	bsh
ENPNCEFK_02146	tr|A0A3R6N0X3|A0A3R6N0X3_9CLOT	99.4	325	2	0	1	325	1	325	8.4e-193	668.3	SRR13592785	bsh	bsh
ENPNCEFK_02146	tr|K1RSL9|K1RSL9_9ZZZZ	100	322	0	0	1	322	1	322	3.2e-192	666.4	SRR13592785	bsh	bsh
DBDDGIGG_01460	tr|A0A173UXL2|A0A173UXL2_ANAHA	100	325	0	0	1	325	1	325	4.5e-194	672.5	SRR13592839	bsh	bsh
DBDDGIGG_01460	tr|A0A173V7R5|A0A173V7R5_9FIRM	100	325	0	0	1	325	1	325	4.5e-194	672.5	SRR13592839	bsh	bsh
DBDDGIGG_01460	tr|A0A174D8V8|A0A174D8V8_9FIRM	100	325	0	0	1	325	1	325	4.5e-194	672.5	SRR13592839	bsh	bsh
DBDDGIGG_01460	tr|A0A174HSI5|A0A174HSI5_9FIRM	100	325	0	0	1	325	1	325	4.5e-194	672.5	SRR13592839	bsh	bsh
DBDDGIGG_01460	tr|A0A1C5TTN1|A0A1C5TTN1_9FIRM	100	325	0	0	1	325	1	325	4.5e-194	672.5	SRR13592839	bsh	bsh
DBDDGIGG_01460	tr|A0A1C5U7I7|A0A1C5U7I7_9CLOT	100	325	0	0	1	325	1	325	4.5e-194	672.5	SRR13592839	bsh	bsh
DBDDGIGG_01460	tr|A0A1C6BVX3|A0A1C6BVX3_9FIRM	100	325	0	0	1	325	1	325	4.5e-194	672.5	SRR13592839	bsh	bsh
DBDDGIGG_01460	tr|A0A1C6FXQ7|A0A1C6FXQ7_9FIRM	100	325	0	0	1	325	1	325	4.5e-194	672.5	SRR13592839	bsh	bsh
DBDDGIGG_01460	tr|A0A285PRT2|A0A285PRT2_9FIRM	100	325	0	0	1	325	1	325	4.5e-194	672.5	SRR13592839	bsh	bsh
DBDDGIGG_01460	tr|A0A373V9R9|A0A373V9R9_9FIRM	100	325	0	0	1	325	1	325	4.5e-194	672.5	SRR13592839	bsh	bsh
DBDDGIGG_01460	tr|A0A374AYZ4|A0A374AYZ4_9FIRM	100	325	0	0	1	325	1	325	4.5e-194	672.5	SRR13592839	bsh	bsh
DBDDGIGG_01460	tr|A0A3R6DJG5|A0A3R6DJG5_9FIRM	100	325	0	0	1	325	1	325	4.5e-194	672.5	SRR13592839	bsh	bsh
DBDDGIGG_01460	tr|A0A412MA68|A0A412MA68_9FIRM	100	325	0	0	1	325	1	325	4.5e-194	672.5	SRR13592839	bsh	bsh
DBDDGIGG_01460	tr|A0A415FJV4|A0A415FJV4_9FIRM	100	325	0	0	1	325	1	325	4.5e-194	672.5	SRR13592839	bsh	bsh
DBDDGIGG_01460	tr|A0A415VWX2|A0A415VWX2_9FIRM	100	325	0	0	1	325	1	325	4.5e-194	672.5	SRR13592839	bsh	bsh
DBDDGIGG_01460	tr|A0A415Y8U9|A0A415Y8U9_9FIRM	100	325	0	0	1	325	1	325	4.5e-194	672.5	SRR13592839	bsh	bsh
DBDDGIGG_01460	tr|A0A417C6D6|A0A417C6D6_9FIRM	100	325	0	0	1	325	1	325	4.5e-194	672.5	SRR13592839	bsh	bsh
DBDDGIGG_01460	tr|A0A417URI0|A0A417URI0_9FIRM	100	325	0	0	1	325	1	325	4.5e-194	672.5	SRR13592839	bsh	bsh
DBDDGIGG_01460	tr|A0A845KWQ3|A0A845KWQ3_9FIRM	100	325	0	0	1	325	1	325	4.5e-194	672.5	SRR13592839	bsh	bsh
DBDDGIGG_01460	tr|A5ZWR0|A5ZWR0_9FIRM	100	325	0	0	1	325	1	325	4.5e-194	672.5	SRR13592839	bsh	bsh
DBDDGIGG_01460	tr|A6BGZ5|A6BGZ5_9FIRM	100	325	0	0	1	325	1	325	4.5e-194	672.5	SRR13592839	bsh	bsh
DBDDGIGG_01460	tr|C0EW54|C0EW54_9FIRM	100	325	0	0	1	325	1	325	4.5e-194	672.5	SRR13592839	bsh	bsh
DBDDGIGG_01460	tr|A0A844GIR0|A0A844GIR0_9FIRM	99.7	325	1	0	1	325	1	325	5.8e-194	672.2	SRR13592839	bsh	bsh
DBDDGIGG_01460	tr|A0A1C6IFT3|A0A1C6IFT3_9FIRM	99.7	325	1	0	1	325	1	325	7.6e-194	671.8	SRR13592839	bsh	bsh
DBDDGIGG_01460	tr|A0A6N9LK70|A0A6N9LK70_9FIRM	99.7	325	1	0	1	325	1	325	7.6e-194	671.8	SRR13592839	bsh	bsh
DBDDGIGG_01460	tr|A0A1C5RZ46|A0A1C5RZ46_9CLOT	99.7	325	1	0	1	325	1	325	1.3e-193	671	SRR13592839	bsh	bsh
DBDDGIGG_01460	tr|A0A1C5TMU3|A0A1C5TMU3_9FIRM	99.7	325	1	0	1	325	1	325	1.3e-193	671	SRR13592839	bsh	bsh
DBDDGIGG_01460	tr|A0A1C5VAP5|A0A1C5VAP5_9FIRM	99.7	325	1	0	1	325	1	325	1.3e-193	671	SRR13592839	bsh	bsh
DBDDGIGG_01460	tr|A0A373IZI9|A0A373IZI9_9FIRM	99.7	325	1	0	1	325	1	325	1.3e-193	671	SRR13592839	bsh	bsh
DBDDGIGG_01460	tr|A0A415HK39|A0A415HK39_9FIRM	99.7	325	1	0	1	325	1	325	1.3e-193	671	SRR13592839	bsh	bsh
DBDDGIGG_01460	tr|A0A417R5E7|A0A417R5E7_9FIRM	99.7	325	1	0	1	325	1	325	1.3e-193	671	SRR13592839	bsh	bsh
DBDDGIGG_01460	tr|A0A6N3AUL3|A0A6N3AUL3_9FIRM	99.7	325	1	0	1	325	1	325	1.3e-193	671	SRR13592839	bsh	bsh
DBDDGIGG_01460	tr|A0A173U973|A0A173U973_9FIRM	99.7	325	1	0	1	325	1	325	1.7e-193	670.6	SRR13592839	bsh	bsh
DBDDGIGG_01460	tr|A0A1C5REX8|A0A1C5REX8_9FIRM	99.7	325	1	0	1	325	1	325	1.7e-193	670.6	SRR13592839	bsh	bsh
DBDDGIGG_01460	tr|A0A1C5UZX7|A0A1C5UZX7_9CLOT	99.7	325	1	0	1	325	1	325	1.7e-193	670.6	SRR13592839	bsh	bsh
DBDDGIGG_01460	tr|A0A1C6AVX0|A0A1C6AVX0_9FIRM	99.7	325	1	0	1	325	1	325	1.7e-193	670.6	SRR13592839	bsh	bsh
DBDDGIGG_01460	tr|A0A417CDY8|A0A417CDY8_9FIRM	99.7	325	1	0	1	325	1	325	1.7e-193	670.6	SRR13592839	bsh	bsh
DBDDGIGG_01460	tr|A0A564WVE5|A0A564WVE5_9FIRM	99.7	325	1	0	1	325	1	325	1.7e-193	670.6	SRR13592839	bsh	bsh
DBDDGIGG_01460	tr|A0A416NLT9|A0A416NLT9_9FIRM	99.7	325	1	0	1	325	1	325	2.2e-193	670.2	SRR13592839	bsh	bsh
DBDDGIGG_01460	tr|A0A7G9FVJ0|A0A7G9FVJ0_9FIRM	99.7	325	1	0	1	325	1	325	2.2e-193	670.2	SRR13592839	bsh	bsh
DBDDGIGG_01460	tr|L1Q414|L1Q414_ANAHA	99.7	325	1	0	1	325	1	325	2.2e-193	670.2	SRR13592839	bsh	bsh
DBDDGIGG_01460	tr|A0A174EB34|A0A174EB34_9FIRM	99.7	325	1	0	1	325	1	325	3.8e-193	669.5	SRR13592839	bsh	bsh
DBDDGIGG_01460	tr|A0A174GR10|A0A174GR10_9FIRM	99.7	325	1	0	1	325	1	325	3.8e-193	669.5	SRR13592839	bsh	bsh
DBDDGIGG_01460	tr|A0A174V5X0|A0A174V5X0_9FIRM	99.7	325	1	0	1	325	1	325	3.8e-193	669.5	SRR13592839	bsh	bsh
DBDDGIGG_01460	tr|A0A3E5E3Y9|A0A3E5E3Y9_9FIRM	99.4	325	2	0	1	325	1	325	3.8e-193	669.5	SRR13592839	bsh	bsh
DBDDGIGG_01460	tr|A0A1C5ULN3|A0A1C5ULN3_9FIRM	99.4	325	2	0	1	325	1	325	6.5e-193	668.7	SRR13592839	bsh	bsh
DBDDGIGG_01460	tr|A0A1G5FIB9|A0A1G5FIB9_9FIRM	99.4	325	2	0	1	325	1	325	6.5e-193	668.7	SRR13592839	bsh	bsh
DBDDGIGG_01460	tr|A0A317UFD6|A0A317UFD6_9FIRM	99.4	325	2	0	1	325	1	325	6.5e-193	668.7	SRR13592839	bsh	bsh
DBDDGIGG_01460	tr|A0A367FUZ2|A0A367FUZ2_9FIRM	99.4	325	2	0	1	325	1	325	6.5e-193	668.7	SRR13592839	bsh	bsh
DBDDGIGG_01460	tr|A0A3R6FU96|A0A3R6FU96_9FIRM	99.7	325	1	0	1	325	1	325	6.5e-193	668.7	SRR13592839	bsh	bsh
DBDDGIGG_01460	tr|A0A3R6X451|A0A3R6X451_9CLOT	99.4	325	2	0	1	325	1	325	6.5e-193	668.7	SRR13592839	bsh	bsh
DBDDGIGG_01460	tr|A0A6L8TEI6|A0A6L8TEI6_9FIRM	99.4	325	2	0	1	325	1	325	6.5e-193	668.7	SRR13592839	bsh	bsh
DBDDGIGG_01460	tr|A0A942WJN2|A0A942WJN2_9FIRM	99.4	325	2	0	1	325	1	325	6.5e-193	668.7	SRR13592839	bsh	bsh
DBDDGIGG_01460	tr|A0A1C5M099|A0A1C5M099_9CLOT	99.4	325	2	0	1	325	1	325	8.4e-193	668.3	SRR13592839	bsh	bsh
DBDDGIGG_01460	tr|A0A3R6N0X3|A0A3R6N0X3_9CLOT	99.4	325	2	0	1	325	1	325	8.4e-193	668.3	SRR13592839	bsh	bsh
DBDDGIGG_01460	tr|K1RSL9|K1RSL9_9ZZZZ	100	322	0	0	1	322	1	322	3.2e-192	666.4	SRR13592839	bsh	bsh
DBDDGIGG_02034	tr|A0A415W1Y4|A0A415W1Y4_9FIRM	100	323	0	0	1	323	1	323	2.4e-195	676.8	SRR13592839	bsh	bsh
DBDDGIGG_02034	tr|A0A415Y4A6|A0A415Y4A6_9FIRM	100	323	0	0	1	323	1	323	2.4e-195	676.8	SRR13592839	bsh	bsh
DBDDGIGG_02034	tr|A0A417JP01|A0A417JP01_9FIRM	100	323	0	0	1	323	1	323	2.4e-195	676.8	SRR13592839	bsh	bsh
DBDDGIGG_02034	tr|A0A417UTY8|A0A417UTY8_9FIRM	100	323	0	0	1	323	1	323	2.4e-195	676.8	SRR13592839	bsh	bsh
DBDDGIGG_02034	tr|D4N0V8|D4N0V8_ANAHA	100	323	0	0	1	323	1	323	2.4e-195	676.8	SRR13592839	bsh	bsh
DBDDGIGG_02034	tr|A0A6N2RN78|A0A6N2RN78_ANAHA	99.7	323	1	0	1	323	1	323	3.1e-195	676.4	SRR13592839	bsh	bsh
DBDDGIGG_02034	tr|L1QBV1|L1QBV1_ANAHA	99.7	323	1	0	1	323	1	323	5.2e-195	675.6	SRR13592839	bsh	bsh
DBDDGIGG_02034	tr|A0A1Q2CAU9|A0A1Q2CAU9_ANAHA	99.7	323	1	0	1	323	1	323	6.9e-195	675.2	SRR13592839	bsh	bsh
DBDDGIGG_02034	tr|E5VP64|E5VP64_9FIRM	99.7	323	1	0	1	323	1	323	6.9e-195	675.2	SRR13592839	bsh	bsh
DBDDGIGG_02034	tr|R5Z9B8|R5Z9B8_9FIRM	99.7	323	1	0	1	323	1	323	6.9e-195	675.2	SRR13592839	bsh	bsh
DBDDGIGG_02034	tr|A0A174S307|A0A174S307_ANAHA	99.7	323	1	0	1	323	1	323	8.9e-195	674.9	SRR13592839	bsh	bsh
AKKHJBDF_01979	tr|A0A415W1Y4|A0A415W1Y4_9FIRM	99.7	323	1	0	1	323	1	323	1.2e-194	674.5	SRR18440051	bsh	bsh
AKKHJBDF_01979	tr|A0A415Y4A6|A0A415Y4A6_9FIRM	99.7	323	1	0	1	323	1	323	1.2e-194	674.5	SRR18440051	bsh	bsh
AKKHJBDF_01979	tr|A0A417JP01|A0A417JP01_9FIRM	99.7	323	1	0	1	323	1	323	1.2e-194	674.5	SRR18440051	bsh	bsh
AKKHJBDF_01979	tr|A0A417UTY8|A0A417UTY8_9FIRM	99.7	323	1	0	1	323	1	323	1.2e-194	674.5	SRR18440051	bsh	bsh
AKKHJBDF_01979	tr|D4N0V8|D4N0V8_ANAHA	99.7	323	1	0	1	323	1	323	1.2e-194	674.5	SRR18440051	bsh	bsh
AKKHJBDF_01979	tr|A0A6N2RN78|A0A6N2RN78_ANAHA	99.4	323	2	0	1	323	1	323	1.5e-194	674.1	SRR18440051	bsh	bsh
AKKHJBDF_01979	tr|L1QBV1|L1QBV1_ANAHA	99.4	323	2	0	1	323	1	323	2.6e-194	673.3	SRR18440051	bsh	bsh
AKKHJBDF_01979	tr|A0A1Q2CAU9|A0A1Q2CAU9_ANAHA	99.4	323	2	0	1	323	1	323	3.4e-194	672.9	SRR18440051	bsh	bsh
AKKHJBDF_01979	tr|E5VP64|E5VP64_9FIRM	99.4	323	2	0	1	323	1	323	3.4e-194	672.9	SRR18440051	bsh	bsh
AKKHJBDF_01979	tr|R5Z9B8|R5Z9B8_9FIRM	99.4	323	2	0	1	323	1	323	3.4e-194	672.9	SRR18440051	bsh	bsh
AKKHJBDF_01979	tr|A0A174S307|A0A174S307_ANAHA	99.4	323	2	0	1	323	1	323	4.4e-194	672.5	SRR18440051	bsh	bsh
KNONKLPG_01992	tr|A0A415W1Y4|A0A415W1Y4_9FIRM	100	323	0	0	1	323	1	323	2.4e-195	676.8	SRR18440091	bsh	bsh
KNONKLPG_01992	tr|A0A415Y4A6|A0A415Y4A6_9FIRM	100	323	0	0	1	323	1	323	2.4e-195	676.8	SRR18440091	bsh	bsh
KNONKLPG_01992	tr|A0A417JP01|A0A417JP01_9FIRM	100	323	0	0	1	323	1	323	2.4e-195	676.8	SRR18440091	bsh	bsh
KNONKLPG_01992	tr|A0A417UTY8|A0A417UTY8_9FIRM	100	323	0	0	1	323	1	323	2.4e-195	676.8	SRR18440091	bsh	bsh
KNONKLPG_01992	tr|D4N0V8|D4N0V8_ANAHA	100	323	0	0	1	323	1	323	2.4e-195	676.8	SRR18440091	bsh	bsh
KNONKLPG_01992	tr|A0A6N2RN78|A0A6N2RN78_ANAHA	99.7	323	1	0	1	323	1	323	3.1e-195	676.4	SRR18440091	bsh	bsh
KNONKLPG_01992	tr|L1QBV1|L1QBV1_ANAHA	99.7	323	1	0	1	323	1	323	5.2e-195	675.6	SRR18440091	bsh	bsh
KNONKLPG_01992	tr|A0A1Q2CAU9|A0A1Q2CAU9_ANAHA	99.7	323	1	0	1	323	1	323	6.9e-195	675.2	SRR18440091	bsh	bsh
KNONKLPG_01992	tr|E5VP64|E5VP64_9FIRM	99.7	323	1	0	1	323	1	323	6.9e-195	675.2	SRR18440091	bsh	bsh
KNONKLPG_01992	tr|R5Z9B8|R5Z9B8_9FIRM	99.7	323	1	0	1	323	1	323	6.9e-195	675.2	SRR18440091	bsh	bsh
KNONKLPG_01992	tr|A0A174S307|A0A174S307_ANAHA	99.7	323	1	0	1	323	1	323	8.9e-195	674.9	SRR18440091	bsh	bsh
KIAEFJNH_01977	tr|A0A415W1Y4|A0A415W1Y4_9FIRM	100	323	0	0	1	323	1	323	2.4e-195	676.8	SRR18440093	bsh	bsh
KIAEFJNH_01977	tr|A0A415Y4A6|A0A415Y4A6_9FIRM	100	323	0	0	1	323	1	323	2.4e-195	676.8	SRR18440093	bsh	bsh
KIAEFJNH_01977	tr|A0A417JP01|A0A417JP01_9FIRM	100	323	0	0	1	323	1	323	2.4e-195	676.8	SRR18440093	bsh	bsh
KIAEFJNH_01977	tr|A0A417UTY8|A0A417UTY8_9FIRM	100	323	0	0	1	323	1	323	2.4e-195	676.8	SRR18440093	bsh	bsh
KIAEFJNH_01977	tr|D4N0V8|D4N0V8_ANAHA	100	323	0	0	1	323	1	323	2.4e-195	676.8	SRR18440093	bsh	bsh
KIAEFJNH_01977	tr|A0A6N2RN78|A0A6N2RN78_ANAHA	99.7	323	1	0	1	323	1	323	3.1e-195	676.4	SRR18440093	bsh	bsh
KIAEFJNH_01977	tr|L1QBV1|L1QBV1_ANAHA	99.7	323	1	0	1	323	1	323	5.2e-195	675.6	SRR18440093	bsh	bsh
KIAEFJNH_01977	tr|A0A1Q2CAU9|A0A1Q2CAU9_ANAHA	99.7	323	1	0	1	323	1	323	6.9e-195	675.2	SRR18440093	bsh	bsh
KIAEFJNH_01977	tr|E5VP64|E5VP64_9FIRM	99.7	323	1	0	1	323	1	323	6.9e-195	675.2	SRR18440093	bsh	bsh
KIAEFJNH_01977	tr|R5Z9B8|R5Z9B8_9FIRM	99.7	323	1	0	1	323	1	323	6.9e-195	675.2	SRR18440093	bsh	bsh
KIAEFJNH_01977	tr|A0A174S307|A0A174S307_ANAHA	99.7	323	1	0	1	323	1	323	8.9e-195	674.9	SRR18440093	bsh	bsh
HCPJCGEL_02348	tr|A0A415W1Y4|A0A415W1Y4_9FIRM	100	323	0	0	1	323	1	323	2.4e-195	676.8	SRR18440101	bsh	bsh
HCPJCGEL_02348	tr|A0A415Y4A6|A0A415Y4A6_9FIRM	100	323	0	0	1	323	1	323	2.4e-195	676.8	SRR18440101	bsh	bsh
HCPJCGEL_02348	tr|A0A417JP01|A0A417JP01_9FIRM	100	323	0	0	1	323	1	323	2.4e-195	676.8	SRR18440101	bsh	bsh
HCPJCGEL_02348	tr|A0A417UTY8|A0A417UTY8_9FIRM	100	323	0	0	1	323	1	323	2.4e-195	676.8	SRR18440101	bsh	bsh
HCPJCGEL_02348	tr|D4N0V8|D4N0V8_ANAHA	100	323	0	0	1	323	1	323	2.4e-195	676.8	SRR18440101	bsh	bsh
HCPJCGEL_02348	tr|A0A6N2RN78|A0A6N2RN78_ANAHA	99.7	323	1	0	1	323	1	323	3.1e-195	676.4	SRR18440101	bsh	bsh
HCPJCGEL_02348	tr|L1QBV1|L1QBV1_ANAHA	99.7	323	1	0	1	323	1	323	5.2e-195	675.6	SRR18440101	bsh	bsh
HCPJCGEL_02348	tr|A0A1Q2CAU9|A0A1Q2CAU9_ANAHA	99.7	323	1	0	1	323	1	323	6.9e-195	675.2	SRR18440101	bsh	bsh
HCPJCGEL_02348	tr|E5VP64|E5VP64_9FIRM	99.7	323	1	0	1	323	1	323	6.9e-195	675.2	SRR18440101	bsh	bsh
HCPJCGEL_02348	tr|R5Z9B8|R5Z9B8_9FIRM	99.7	323	1	0	1	323	1	323	6.9e-195	675.2	SRR18440101	bsh	bsh
HCPJCGEL_02348	tr|A0A174S307|A0A174S307_ANAHA	99.7	323	1	0	1	323	1	323	8.9e-195	674.9	SRR18440101	bsh	bsh
