qseqid	sseqid	pident	length	mismatch	gapopen	qstart	qend	sstart	send	evalue	bitscore	genome_name	gene_name	comp
PMPCNALJ_00083	tr|A0A415Y5S4|A0A415Y5S4_9FIRM	100	317	0	0	1	317	1	317	4.2799999999999996e-228	620	CM01_24_S247	ldh	L-lactate dehydrogenase
PMPCNALJ_00083	tr|D4MZM0|D4MZM0_ANAHA	99.7	317	1	0	1	317	1	317	2.4799999999999994e-227	619	CM01_24_S247	ldh	L-lactate dehydrogenase
PMPCNALJ_00083	tr|A0A173S8Z7|A0A173S8Z7_ANAHA	99.1	317	3	0	1	317	1	317	4.11e-226	615	CM01_24_S247	ldh	L-lactate dehydrogenase
PMPCNALJ_00083	tr|A0AAQ3GQJ6|A0AAQ3GQJ6_ANAHA	99.1	317	3	0	1	317	1	317	4.11e-226	615	CM01_24_S247	ldh	L-lactate dehydrogenase
PMPCNALJ_00083	tr|E5VG93|E5VG93_9FIRM	99.1	317	3	0	1	317	1	317	4.11e-226	615	CM01_24_S247	ldh	L-lactate dehydrogenase
PMPCNALJ_00083	tr|A0A415WCX6|A0A415WCX6_9FIRM	99.1	317	3	0	1	317	1	317	1.1799999999999998e-225	614	CM01_24_S247	ldh	L-lactate dehydrogenase
PMPCNALJ_01574	tr|A0A415WB88|A0A415WB88_9FIRM	99.7	316	1	0	1	316	19	334	4.26e-221	603	CM01_24_S247	ldh	L-lactate dehydrogenase
PMPCNALJ_01574	tr|A0A415YL33|A0A415YL33_9FIRM	99.7	316	1	0	1	316	19	334	4.26e-221	603	CM01_24_S247	ldh	L-lactate dehydrogenase
PMPCNALJ_01574	tr|A0A417JUU1|A0A417JUU1_9FIRM	99.7	316	1	0	1	316	19	334	4.26e-221	603	CM01_24_S247	ldh	L-lactate dehydrogenase
PMPCNALJ_01574	tr|A0A417V7X9|A0A417V7X9_9FIRM	99.7	316	1	0	1	316	19	334	4.26e-221	603	CM01_24_S247	ldh	L-lactate dehydrogenase
PMPCNALJ_01574	tr|A0A173TV67|A0A173TV67_ANAHA	99.7	316	1	0	1	316	1	316	2.1799999999999999e-221	603	CM01_24_S247	ldh	L-lactate dehydrogenase
PMPCNALJ_01574	tr|E5VGR6|E5VGR6_9FIRM	99.7	316	1	0	1	316	1	316	2.1799999999999999e-221	603	CM01_24_S247	ldh	L-lactate dehydrogenase
PMPCNALJ_01574	tr|A0A173RVN0|A0A173RVN0_ANAHA	99.4	316	2	0	1	316	1	316	1.26e-220	602	CM01_24_S247	ldh	L-lactate dehydrogenase
PMPCNALJ_01574	tr|D4MZ79|D4MZ79_ANAHA	99.4	316	2	0	1	316	1	316	1.79e-220	601	CM01_24_S247	ldh	L-lactate dehydrogenase
PMPCNALJ_01584	tr|A0A1Q2C936|A0A1Q2C936_ANAHA	100	318	0	0	1	318	1	318	1.73e-223	609	CM01_24_S247	ldh	L-lactate dehydrogenase
PMPCNALJ_01584	tr|A0A415YKX9|A0A415YKX9_9FIRM	100	318	0	0	1	318	1	318	1.73e-223	609	CM01_24_S247	ldh	L-lactate dehydrogenase
PMPCNALJ_01584	tr|E5VGS4|E5VGS4_9FIRM	100	318	0	0	1	318	1	318	1.73e-223	609	CM01_24_S247	ldh	L-lactate dehydrogenase
OMENAAMB_00226	tr|A0A173RVN0|A0A173RVN0_ANAHA	100	317	0	0	1	317	1	317	1.3199999999999998e-222	607	CM02_14_S245	ldh	L-lactate dehydrogenase
OMENAAMB_00226	tr|A0A415WB88|A0A415WB88_9FIRM	99.7	317	1	0	1	317	19	335	1.49e-221	605	CM02_14_S245	ldh	L-lactate dehydrogenase
OMENAAMB_00226	tr|A0A415YL33|A0A415YL33_9FIRM	99.7	317	1	0	1	317	19	335	1.49e-221	605	CM02_14_S245	ldh	L-lactate dehydrogenase
OMENAAMB_00226	tr|A0A417JUU1|A0A417JUU1_9FIRM	99.7	317	1	0	1	317	19	335	1.49e-221	605	CM02_14_S245	ldh	L-lactate dehydrogenase
OMENAAMB_00226	tr|A0A417V7X9|A0A417V7X9_9FIRM	99.7	317	1	0	1	317	19	335	1.49e-221	605	CM02_14_S245	ldh	L-lactate dehydrogenase
OMENAAMB_00226	tr|A0A173TV67|A0A173TV67_ANAHA	99.7	317	1	0	1	317	1	317	7.609999999999999e-222	605	CM02_14_S245	ldh	L-lactate dehydrogenase
OMENAAMB_00226	tr|E5VGR6|E5VGR6_9FIRM	99.7	317	1	0	1	317	1	317	7.609999999999999e-222	605	CM02_14_S245	ldh	L-lactate dehydrogenase
OMENAAMB_00226	tr|D4MZ79|D4MZ79_ANAHA	99.4	317	2	0	1	317	1	317	6.25e-221	602	CM02_14_S245	ldh	L-lactate dehydrogenase
OMENAAMB_00386	tr|A0A174KPY8|A0A174KPY8_ANAHA	100	317	0	0	1	317	1	317	2.1199999999999997e-228	621	CM02_14_S245	ldh	L-lactate dehydrogenase
OMENAAMB_00386	tr|A0A417V6R1|A0A417V6R1_9FIRM	100	317	0	0	1	317	1	317	2.1199999999999997e-228	621	CM02_14_S245	ldh	L-lactate dehydrogenase
OMENAAMB_00386	tr|A0A415WCX6|A0A415WCX6_9FIRM	99.7	317	1	0	1	317	1	317	1.7399999999999996e-227	619	CM02_14_S245	ldh	L-lactate dehydrogenase
OMENAAMB_00386	tr|A0A173XAM2|A0A173XAM2_ANAHA	99.4	317	2	0	1	317	1	317	2.4799999999999994e-227	619	CM02_14_S245	ldh	L-lactate dehydrogenase
OMENAAMB_00386	tr|A0A6N2QXW7|A0A6N2QXW7_ANAHA	99.1	317	3	0	1	317	1	317	4.11e-226	615	CM02_14_S245	ldh	L-lactate dehydrogenase
JKIKAFLC_00138	tr|A0A415WB88|A0A415WB88_9FIRM	100	317	0	0	1	317	19	335	5.179999999999999e-222	606	CM02_2_S14	ldh	L-lactate dehydrogenase
JKIKAFLC_00138	tr|A0A415YL33|A0A415YL33_9FIRM	100	317	0	0	1	317	19	335	5.179999999999999e-222	606	CM02_2_S14	ldh	L-lactate dehydrogenase
JKIKAFLC_00138	tr|A0A417JUU1|A0A417JUU1_9FIRM	100	317	0	0	1	317	19	335	5.179999999999999e-222	606	CM02_2_S14	ldh	L-lactate dehydrogenase
JKIKAFLC_00138	tr|A0A417V7X9|A0A417V7X9_9FIRM	100	317	0	0	1	317	19	335	5.179999999999999e-222	606	CM02_2_S14	ldh	L-lactate dehydrogenase
JKIKAFLC_00138	tr|A0A173TV67|A0A173TV67_ANAHA	100	317	0	0	1	317	1	317	2.6599999999999995e-222	606	CM02_2_S14	ldh	L-lactate dehydrogenase
JKIKAFLC_00138	tr|E5VGR6|E5VGR6_9FIRM	100	317	0	0	1	317	1	317	2.6599999999999995e-222	606	CM02_2_S14	ldh	L-lactate dehydrogenase
JKIKAFLC_00138	tr|A0A173RVN0|A0A173RVN0_ANAHA	99.7	317	1	0	1	317	1	317	1.54e-221	604	CM02_2_S14	ldh	L-lactate dehydrogenase
JKIKAFLC_00138	tr|D4MZ79|D4MZ79_ANAHA	99.7	317	1	0	1	317	1	317	2.1799999999999999e-221	603	CM02_2_S14	ldh	L-lactate dehydrogenase
JKIKAFLC_00313	tr|A0A174KPY8|A0A174KPY8_ANAHA	100	317	0	0	1	317	1	317	2.1199999999999997e-228	621	CM02_2_S14	ldh	L-lactate dehydrogenase
JKIKAFLC_00313	tr|A0A417V6R1|A0A417V6R1_9FIRM	100	317	0	0	1	317	1	317	2.1199999999999997e-228	621	CM02_2_S14	ldh	L-lactate dehydrogenase
JKIKAFLC_00313	tr|A0A415WCX6|A0A415WCX6_9FIRM	99.7	317	1	0	1	317	1	317	1.7399999999999996e-227	619	CM02_2_S14	ldh	L-lactate dehydrogenase
JKIKAFLC_00313	tr|A0A173XAM2|A0A173XAM2_ANAHA	99.4	317	2	0	1	317	1	317	2.4799999999999994e-227	619	CM02_2_S14	ldh	L-lactate dehydrogenase
JKIKAFLC_00313	tr|A0A6N2QXW7|A0A6N2QXW7_ANAHA	99.1	317	3	0	1	317	1	317	4.11e-226	615	CM02_2_S14	ldh	L-lactate dehydrogenase
ENEEJMFF_00082	tr|A0A174KPY8|A0A174KPY8_ANAHA	100	317	0	0	1	317	1	317	2.1199999999999997e-228	621	CM02_5_S246	ldh	L-lactate dehydrogenase
ENEEJMFF_00082	tr|A0A417V6R1|A0A417V6R1_9FIRM	100	317	0	0	1	317	1	317	2.1199999999999997e-228	621	CM02_5_S246	ldh	L-lactate dehydrogenase
ENEEJMFF_00082	tr|A0A415WCX6|A0A415WCX6_9FIRM	99.7	317	1	0	1	317	1	317	1.7399999999999996e-227	619	CM02_5_S246	ldh	L-lactate dehydrogenase
ENEEJMFF_00082	tr|A0A173XAM2|A0A173XAM2_ANAHA	99.4	317	2	0	1	317	1	317	2.4799999999999994e-227	619	CM02_5_S246	ldh	L-lactate dehydrogenase
ENEEJMFF_00082	tr|A0A6N2QXW7|A0A6N2QXW7_ANAHA	99.1	317	3	0	1	317	1	317	4.11e-226	615	CM02_5_S246	ldh	L-lactate dehydrogenase
ENEEJMFF_00240	tr|A0A415WB88|A0A415WB88_9FIRM	100	317	0	0	1	317	19	335	5.179999999999999e-222	606	CM02_5_S246	ldh	L-lactate dehydrogenase
ENEEJMFF_00240	tr|A0A415YL33|A0A415YL33_9FIRM	100	317	0	0	1	317	19	335	5.179999999999999e-222	606	CM02_5_S246	ldh	L-lactate dehydrogenase
ENEEJMFF_00240	tr|A0A417JUU1|A0A417JUU1_9FIRM	100	317	0	0	1	317	19	335	5.179999999999999e-222	606	CM02_5_S246	ldh	L-lactate dehydrogenase
ENEEJMFF_00240	tr|A0A417V7X9|A0A417V7X9_9FIRM	100	317	0	0	1	317	19	335	5.179999999999999e-222	606	CM02_5_S246	ldh	L-lactate dehydrogenase
ENEEJMFF_00240	tr|A0A173TV67|A0A173TV67_ANAHA	100	317	0	0	1	317	1	317	2.6599999999999995e-222	606	CM02_5_S246	ldh	L-lactate dehydrogenase
ENEEJMFF_00240	tr|E5VGR6|E5VGR6_9FIRM	100	317	0	0	1	317	1	317	2.6599999999999995e-222	606	CM02_5_S246	ldh	L-lactate dehydrogenase
ENEEJMFF_00240	tr|A0A173RVN0|A0A173RVN0_ANAHA	99.7	317	1	0	1	317	1	317	1.54e-221	604	CM02_5_S246	ldh	L-lactate dehydrogenase
ENEEJMFF_00240	tr|D4MZ79|D4MZ79_ANAHA	99.7	317	1	0	1	317	1	317	2.1799999999999999e-221	603	CM02_5_S246	ldh	L-lactate dehydrogenase
COELJHHD_00726	tr|A0A374AUN4|A0A374AUN4_9FIRM	100	314	0	0	1	314	1	314	2.67e-225	613	CM02_91_S238	ldh	L-lactate dehydrogenase
COELJHHD_00726	tr|A2CHG9|A2CHG9_9FIRM	99.7	314	1	0	1	314	1	314	3.119999999999999e-224	610	CM02_91_S238	ldh	L-lactate dehydrogenase
COELJHHD_00726	tr|B0MC57|B0MC57_ANACD	99.7	314	1	0	1	314	1	314	3.119999999999999e-224	610	CM02_91_S238	ldh	L-lactate dehydrogenase
COELJHHD_01029	tr|A0A374AT20|A0A374AT20_9FIRM	100	315	0	0	1	315	1	315	1.0999999999999998e-229	624	CM02_91_S238	ldh	L-lactate dehydrogenase
MFFGPENN_00727	tr|A0A374AUN4|A0A374AUN4_9FIRM	100	314	0	0	1	314	1	314	2.67e-225	613	CM03_34_S239	ldh	L-lactate dehydrogenase
MFFGPENN_00727	tr|A2CHG9|A2CHG9_9FIRM	99.7	314	1	0	1	314	1	314	3.119999999999999e-224	610	CM03_34_S239	ldh	L-lactate dehydrogenase
MFFGPENN_00727	tr|B0MC57|B0MC57_ANACD	99.7	314	1	0	1	314	1	314	3.119999999999999e-224	610	CM03_34_S239	ldh	L-lactate dehydrogenase
MFFGPENN_01030	tr|A0A374AT20|A0A374AT20_9FIRM	100	315	0	0	1	315	1	315	1.0999999999999998e-229	624	CM03_34_S239	ldh	L-lactate dehydrogenase
LNNJOANA_00105	tr|A0A174KPY8|A0A174KPY8_ANAHA	100	317	0	0	1	317	1	317	2.1199999999999997e-228	621	CM03_42_S4	ldh	L-lactate dehydrogenase
LNNJOANA_00105	tr|A0A417V6R1|A0A417V6R1_9FIRM	100	317	0	0	1	317	1	317	2.1199999999999997e-228	621	CM03_42_S4	ldh	L-lactate dehydrogenase
LNNJOANA_00105	tr|A0A415WCX6|A0A415WCX6_9FIRM	99.7	317	1	0	1	317	1	317	1.7399999999999996e-227	619	CM03_42_S4	ldh	L-lactate dehydrogenase
LNNJOANA_00105	tr|A0A173XAM2|A0A173XAM2_ANAHA	99.4	317	2	0	1	317	1	317	2.4799999999999994e-227	619	CM03_42_S4	ldh	L-lactate dehydrogenase
LNNJOANA_00105	tr|A0A6N2QXW7|A0A6N2QXW7_ANAHA	99.1	317	3	0	1	317	1	317	4.11e-226	615	CM03_42_S4	ldh	L-lactate dehydrogenase
LNNJOANA_02961	tr|A0A415WB88|A0A415WB88_9FIRM	100	317	0	0	1	317	19	335	5.179999999999999e-222	606	CM03_42_S4	ldh	L-lactate dehydrogenase
LNNJOANA_02961	tr|A0A415YL33|A0A415YL33_9FIRM	100	317	0	0	1	317	19	335	5.179999999999999e-222	606	CM03_42_S4	ldh	L-lactate dehydrogenase
LNNJOANA_02961	tr|A0A417JUU1|A0A417JUU1_9FIRM	100	317	0	0	1	317	19	335	5.179999999999999e-222	606	CM03_42_S4	ldh	L-lactate dehydrogenase
LNNJOANA_02961	tr|A0A417V7X9|A0A417V7X9_9FIRM	100	317	0	0	1	317	19	335	5.179999999999999e-222	606	CM03_42_S4	ldh	L-lactate dehydrogenase
LNNJOANA_02961	tr|A0A173TV67|A0A173TV67_ANAHA	100	317	0	0	1	317	1	317	2.6599999999999995e-222	606	CM03_42_S4	ldh	L-lactate dehydrogenase
LNNJOANA_02961	tr|E5VGR6|E5VGR6_9FIRM	100	317	0	0	1	317	1	317	2.6599999999999995e-222	606	CM03_42_S4	ldh	L-lactate dehydrogenase
LNNJOANA_02961	tr|A0A173RVN0|A0A173RVN0_ANAHA	99.7	317	1	0	1	317	1	317	1.54e-221	604	CM03_42_S4	ldh	L-lactate dehydrogenase
LNNJOANA_02961	tr|D4MZ79|D4MZ79_ANAHA	99.7	317	1	0	1	317	1	317	2.1799999999999999e-221	603	CM03_42_S4	ldh	L-lactate dehydrogenase
AGGJHBAO_00102	tr|A0A173RVN0|A0A173RVN0_ANAHA	100	317	0	0	1	317	1	317	1.3199999999999998e-222	607	CM03_47_S15	ldh	L-lactate dehydrogenase
AGGJHBAO_00102	tr|A0A415WB88|A0A415WB88_9FIRM	99.7	317	1	0	1	317	19	335	1.49e-221	605	CM03_47_S15	ldh	L-lactate dehydrogenase
AGGJHBAO_00102	tr|A0A415YL33|A0A415YL33_9FIRM	99.7	317	1	0	1	317	19	335	1.49e-221	605	CM03_47_S15	ldh	L-lactate dehydrogenase
AGGJHBAO_00102	tr|A0A417JUU1|A0A417JUU1_9FIRM	99.7	317	1	0	1	317	19	335	1.49e-221	605	CM03_47_S15	ldh	L-lactate dehydrogenase
AGGJHBAO_00102	tr|A0A417V7X9|A0A417V7X9_9FIRM	99.7	317	1	0	1	317	19	335	1.49e-221	605	CM03_47_S15	ldh	L-lactate dehydrogenase
AGGJHBAO_00102	tr|A0A173TV67|A0A173TV67_ANAHA	99.7	317	1	0	1	317	1	317	7.609999999999999e-222	605	CM03_47_S15	ldh	L-lactate dehydrogenase
AGGJHBAO_00102	tr|E5VGR6|E5VGR6_9FIRM	99.7	317	1	0	1	317	1	317	7.609999999999999e-222	605	CM03_47_S15	ldh	L-lactate dehydrogenase
AGGJHBAO_00102	tr|D4MZ79|D4MZ79_ANAHA	99.4	317	2	0	1	317	1	317	6.25e-221	602	CM03_47_S15	ldh	L-lactate dehydrogenase
AGGJHBAO_00262	tr|A0A174KPY8|A0A174KPY8_ANAHA	100	317	0	0	1	317	1	317	2.1199999999999997e-228	621	CM03_47_S15	ldh	L-lactate dehydrogenase
AGGJHBAO_00262	tr|A0A417V6R1|A0A417V6R1_9FIRM	100	317	0	0	1	317	1	317	2.1199999999999997e-228	621	CM03_47_S15	ldh	L-lactate dehydrogenase
AGGJHBAO_00262	tr|A0A415WCX6|A0A415WCX6_9FIRM	99.7	317	1	0	1	317	1	317	1.7399999999999996e-227	619	CM03_47_S15	ldh	L-lactate dehydrogenase
AGGJHBAO_00262	tr|A0A173XAM2|A0A173XAM2_ANAHA	99.4	317	2	0	1	317	1	317	2.4799999999999994e-227	619	CM03_47_S15	ldh	L-lactate dehydrogenase
AGGJHBAO_00262	tr|A0A6N2QXW7|A0A6N2QXW7_ANAHA	99.1	317	3	0	1	317	1	317	4.11e-226	615	CM03_47_S15	ldh	L-lactate dehydrogenase
EGPMHLCL_00135	tr|A0A173RVN0|A0A173RVN0_ANAHA	100	317	0	0	1	317	1	317	1.3199999999999998e-222	607	CM03_84_S248	ldh	L-lactate dehydrogenase
EGPMHLCL_00135	tr|A0A415WB88|A0A415WB88_9FIRM	99.7	317	1	0	1	317	19	335	1.49e-221	605	CM03_84_S248	ldh	L-lactate dehydrogenase
EGPMHLCL_00135	tr|A0A415YL33|A0A415YL33_9FIRM	99.7	317	1	0	1	317	19	335	1.49e-221	605	CM03_84_S248	ldh	L-lactate dehydrogenase
EGPMHLCL_00135	tr|A0A417JUU1|A0A417JUU1_9FIRM	99.7	317	1	0	1	317	19	335	1.49e-221	605	CM03_84_S248	ldh	L-lactate dehydrogenase
EGPMHLCL_00135	tr|A0A417V7X9|A0A417V7X9_9FIRM	99.7	317	1	0	1	317	19	335	1.49e-221	605	CM03_84_S248	ldh	L-lactate dehydrogenase
EGPMHLCL_00135	tr|A0A173TV67|A0A173TV67_ANAHA	99.7	317	1	0	1	317	1	317	7.609999999999999e-222	605	CM03_84_S248	ldh	L-lactate dehydrogenase
EGPMHLCL_00135	tr|E5VGR6|E5VGR6_9FIRM	99.7	317	1	0	1	317	1	317	7.609999999999999e-222	605	CM03_84_S248	ldh	L-lactate dehydrogenase
EGPMHLCL_00135	tr|D4MZ79|D4MZ79_ANAHA	99.4	317	2	0	1	317	1	317	6.25e-221	602	CM03_84_S248	ldh	L-lactate dehydrogenase
EGPMHLCL_00295	tr|A0A174KPY8|A0A174KPY8_ANAHA	100	317	0	0	1	317	1	317	2.1199999999999997e-228	621	CM03_84_S248	ldh	L-lactate dehydrogenase
EGPMHLCL_00295	tr|A0A417V6R1|A0A417V6R1_9FIRM	100	317	0	0	1	317	1	317	2.1199999999999997e-228	621	CM03_84_S248	ldh	L-lactate dehydrogenase
EGPMHLCL_00295	tr|A0A415WCX6|A0A415WCX6_9FIRM	99.7	317	1	0	1	317	1	317	1.7399999999999996e-227	619	CM03_84_S248	ldh	L-lactate dehydrogenase
EGPMHLCL_00295	tr|A0A173XAM2|A0A173XAM2_ANAHA	99.4	317	2	0	1	317	1	317	2.4799999999999994e-227	619	CM03_84_S248	ldh	L-lactate dehydrogenase
EGPMHLCL_00295	tr|A0A6N2QXW7|A0A6N2QXW7_ANAHA	99.1	317	3	0	1	317	1	317	4.11e-226	615	CM03_84_S248	ldh	L-lactate dehydrogenase
CFOPOANE_00059	tr|A0A1Q2C936|A0A1Q2C936_ANAHA	100	318	0	0	1	318	1	318	1.73e-223	609	CM06_11_S6	ldh	L-lactate dehydrogenase
CFOPOANE_00059	tr|A0A415YKX9|A0A415YKX9_9FIRM	100	318	0	0	1	318	1	318	1.73e-223	609	CM06_11_S6	ldh	L-lactate dehydrogenase
CFOPOANE_00059	tr|E5VGS4|E5VGS4_9FIRM	100	318	0	0	1	318	1	318	1.73e-223	609	CM06_11_S6	ldh	L-lactate dehydrogenase
CFOPOANE_00068	tr|A0A415WB88|A0A415WB88_9FIRM	99.4	317	2	0	1	317	19	335	2.4599999999999998e-220	602	CM06_11_S6	ldh	L-lactate dehydrogenase
CFOPOANE_00068	tr|A0A415YL33|A0A415YL33_9FIRM	99.4	317	2	0	1	317	19	335	2.4599999999999998e-220	602	CM06_11_S6	ldh	L-lactate dehydrogenase
CFOPOANE_00068	tr|A0A417JUU1|A0A417JUU1_9FIRM	99.4	317	2	0	1	317	19	335	2.4599999999999998e-220	602	CM06_11_S6	ldh	L-lactate dehydrogenase
CFOPOANE_00068	tr|A0A417V7X9|A0A417V7X9_9FIRM	99.4	317	2	0	1	317	19	335	2.4599999999999998e-220	602	CM06_11_S6	ldh	L-lactate dehydrogenase
CFOPOANE_00068	tr|A0A173TV67|A0A173TV67_ANAHA	99.4	317	2	0	1	317	1	317	1.26e-220	602	CM06_11_S6	ldh	L-lactate dehydrogenase
CFOPOANE_00068	tr|E5VGR6|E5VGR6_9FIRM	99.4	317	2	0	1	317	1	317	1.26e-220	602	CM06_11_S6	ldh	L-lactate dehydrogenase
CFOPOANE_00068	tr|A0A173RVN0|A0A173RVN0_ANAHA	99.1	317	3	0	1	317	1	317	7.3e-220	600	CM06_11_S6	ldh	L-lactate dehydrogenase
CFOPOANE_00068	tr|D4MZ79|D4MZ79_ANAHA	99.1	317	3	0	1	317	1	317	1.04e-219	599	CM06_11_S6	ldh	L-lactate dehydrogenase
CFOPOANE_00232	tr|A0A174KPY8|A0A174KPY8_ANAHA	100	317	0	0	1	317	1	317	2.1199999999999997e-228	621	CM06_11_S6	ldh	L-lactate dehydrogenase
CFOPOANE_00232	tr|A0A417V6R1|A0A417V6R1_9FIRM	100	317	0	0	1	317	1	317	2.1199999999999997e-228	621	CM06_11_S6	ldh	L-lactate dehydrogenase
CFOPOANE_00232	tr|A0A415WCX6|A0A415WCX6_9FIRM	99.7	317	1	0	1	317	1	317	1.7399999999999996e-227	619	CM06_11_S6	ldh	L-lactate dehydrogenase
CFOPOANE_00232	tr|A0A173XAM2|A0A173XAM2_ANAHA	99.4	317	2	0	1	317	1	317	2.4799999999999994e-227	619	CM06_11_S6	ldh	L-lactate dehydrogenase
CFOPOANE_00232	tr|A0A6N2QXW7|A0A6N2QXW7_ANAHA	99.1	317	3	0	1	317	1	317	4.11e-226	615	CM06_11_S6	ldh	L-lactate dehydrogenase
NKGBJBBD_00044	tr|A0A374AT20|A0A374AT20_9FIRM	99.7	315	1	0	1	315	1	315	3.6699999999999996e-228	620	CM06_28_S240	ldh	L-lactate dehydrogenase
NKGBJBBD_00287	tr|A0A374AUN4|A0A374AUN4_9FIRM	100	314	0	0	1	314	1	314	2.67e-225	613	CM06_28_S240	ldh	L-lactate dehydrogenase
NKGBJBBD_00287	tr|A2CHG9|A2CHG9_9FIRM	99.7	314	1	0	1	314	1	314	3.119999999999999e-224	610	CM06_28_S240	ldh	L-lactate dehydrogenase
NKGBJBBD_00287	tr|B0MC57|B0MC57_ANACD	99.7	314	1	0	1	314	1	314	3.119999999999999e-224	610	CM06_28_S240	ldh	L-lactate dehydrogenase
PNMPHDDN_00045	tr|A0A174KPY8|A0A174KPY8_ANAHA	100	317	0	0	1	317	1	317	2.1199999999999997e-228	621	CM06_29_S244	ldh	L-lactate dehydrogenase
PNMPHDDN_00045	tr|A0A417V6R1|A0A417V6R1_9FIRM	100	317	0	0	1	317	1	317	2.1199999999999997e-228	621	CM06_29_S244	ldh	L-lactate dehydrogenase
PNMPHDDN_00045	tr|A0A415WCX6|A0A415WCX6_9FIRM	99.7	317	1	0	1	317	1	317	1.7399999999999996e-227	619	CM06_29_S244	ldh	L-lactate dehydrogenase
PNMPHDDN_00045	tr|A0A173XAM2|A0A173XAM2_ANAHA	99.4	317	2	0	1	317	1	317	2.4799999999999994e-227	619	CM06_29_S244	ldh	L-lactate dehydrogenase
PNMPHDDN_00045	tr|A0A6N2QXW7|A0A6N2QXW7_ANAHA	99.1	317	3	0	1	317	1	317	4.11e-226	615	CM06_29_S244	ldh	L-lactate dehydrogenase
PNMPHDDN_00209	tr|A0A415WB88|A0A415WB88_9FIRM	99.4	317	2	0	1	317	19	335	2.4599999999999998e-220	602	CM06_29_S244	ldh	L-lactate dehydrogenase
PNMPHDDN_00209	tr|A0A415YL33|A0A415YL33_9FIRM	99.4	317	2	0	1	317	19	335	2.4599999999999998e-220	602	CM06_29_S244	ldh	L-lactate dehydrogenase
PNMPHDDN_00209	tr|A0A417JUU1|A0A417JUU1_9FIRM	99.4	317	2	0	1	317	19	335	2.4599999999999998e-220	602	CM06_29_S244	ldh	L-lactate dehydrogenase
PNMPHDDN_00209	tr|A0A417V7X9|A0A417V7X9_9FIRM	99.4	317	2	0	1	317	19	335	2.4599999999999998e-220	602	CM06_29_S244	ldh	L-lactate dehydrogenase
PNMPHDDN_00209	tr|A0A173TV67|A0A173TV67_ANAHA	99.4	317	2	0	1	317	1	317	1.26e-220	602	CM06_29_S244	ldh	L-lactate dehydrogenase
PNMPHDDN_00209	tr|E5VGR6|E5VGR6_9FIRM	99.4	317	2	0	1	317	1	317	1.26e-220	602	CM06_29_S244	ldh	L-lactate dehydrogenase
PNMPHDDN_00209	tr|A0A173RVN0|A0A173RVN0_ANAHA	99.1	317	3	0	1	317	1	317	7.3e-220	600	CM06_29_S244	ldh	L-lactate dehydrogenase
PNMPHDDN_00209	tr|D4MZ79|D4MZ79_ANAHA	99.1	317	3	0	1	317	1	317	1.04e-219	599	CM06_29_S244	ldh	L-lactate dehydrogenase
PNMPHDDN_00218	tr|A0A1Q2C936|A0A1Q2C936_ANAHA	100	318	0	0	1	318	1	318	1.73e-223	609	CM06_29_S244	ldh	L-lactate dehydrogenase
PNMPHDDN_00218	tr|A0A415YKX9|A0A415YKX9_9FIRM	100	318	0	0	1	318	1	318	1.73e-223	609	CM06_29_S244	ldh	L-lactate dehydrogenase
PNMPHDDN_00218	tr|E5VGS4|E5VGS4_9FIRM	100	318	0	0	1	318	1	318	1.73e-223	609	CM06_29_S244	ldh	L-lactate dehydrogenase
MANNIIDF_00346	tr|A0A374AUN4|A0A374AUN4_9FIRM	100	314	0	0	1	314	1	314	2.67e-225	613	CM06_64_S241	ldh	L-lactate dehydrogenase
MANNIIDF_00346	tr|A2CHG9|A2CHG9_9FIRM	99.7	314	1	0	1	314	1	314	3.119999999999999e-224	610	CM06_64_S241	ldh	L-lactate dehydrogenase
MANNIIDF_00346	tr|B0MC57|B0MC57_ANACD	99.7	314	1	0	1	314	1	314	3.119999999999999e-224	610	CM06_64_S241	ldh	L-lactate dehydrogenase
MANNIIDF_00589	tr|A0A374AT20|A0A374AT20_9FIRM	99.7	315	1	0	1	315	1	315	3.6699999999999996e-228	620	CM06_64_S241	ldh	L-lactate dehydrogenase
ALJHPLOP_00334	tr|D4MZM0|D4MZM0_ANAHA	100	317	0	0	1	317	1	317	6.089999999999999e-228	620	CM07_26_S11	ldh	L-lactate dehydrogenase
ALJHPLOP_00334	tr|A0A415Y5S4|A0A415Y5S4_9FIRM	99.7	317	1	0	1	317	1	317	2.4799999999999994e-227	619	CM07_26_S11	ldh	L-lactate dehydrogenase
ALJHPLOP_00334	tr|A0AAQ3GQJ6|A0AAQ3GQJ6_ANAHA	99.4	317	2	0	1	317	1	317	1.01e-226	617	CM07_26_S11	ldh	L-lactate dehydrogenase
ALJHPLOP_00334	tr|E5VG93|E5VG93_9FIRM	99.4	317	2	0	1	317	1	317	1.01e-226	617	CM07_26_S11	ldh	L-lactate dehydrogenase
ALJHPLOP_00334	tr|A0A415WCX6|A0A415WCX6_9FIRM	99.4	317	2	0	1	317	1	317	2.8899999999999998e-226	616	CM07_26_S11	ldh	L-lactate dehydrogenase
ALJHPLOP_00334	tr|A0A173S8Z7|A0A173S8Z7_ANAHA	99.1	317	3	0	1	317	1	317	4.11e-226	615	CM07_26_S11	ldh	L-lactate dehydrogenase
ALJHPLOP_00334	tr|A0A173XAM2|A0A173XAM2_ANAHA	99.1	317	3	0	1	317	1	317	4.11e-226	615	CM07_26_S11	ldh	L-lactate dehydrogenase
ALJHPLOP_00334	tr|A0A6N2QXW7|A0A6N2QXW7_ANAHA	99.4	317	2	0	1	317	1	317	5.829999999999999e-226	615	CM07_26_S11	ldh	L-lactate dehydrogenase
ALJHPLOP_00334	tr|A0A417K180|A0A417K180_9FIRM	99.4	317	2	0	1	317	1	317	8.29e-226	615	CM07_26_S11	ldh	L-lactate dehydrogenase
ALJHPLOP_00334	tr|A0A174KPY8|A0A174KPY8_ANAHA	99.1	317	3	0	1	317	1	317	1.1799999999999998e-225	614	CM07_26_S11	ldh	L-lactate dehydrogenase
ALJHPLOP_00334	tr|A0A417V6R1|A0A417V6R1_9FIRM	99.1	317	3	0	1	317	1	317	1.1799999999999998e-225	614	CM07_26_S11	ldh	L-lactate dehydrogenase
ALJHPLOP_00522	tr|A0A415WB88|A0A415WB88_9FIRM	99.4	317	2	0	1	317	19	335	8.5899999999999995e-221	603	CM07_26_S11	ldh	L-lactate dehydrogenase
ALJHPLOP_00522	tr|A0A415YL33|A0A415YL33_9FIRM	99.4	317	2	0	1	317	19	335	8.5899999999999995e-221	603	CM07_26_S11	ldh	L-lactate dehydrogenase
ALJHPLOP_00522	tr|A0A417JUU1|A0A417JUU1_9FIRM	99.4	317	2	0	1	317	19	335	8.5899999999999995e-221	603	CM07_26_S11	ldh	L-lactate dehydrogenase
ALJHPLOP_00522	tr|A0A417V7X9|A0A417V7X9_9FIRM	99.4	317	2	0	1	317	19	335	8.5899999999999995e-221	603	CM07_26_S11	ldh	L-lactate dehydrogenase
ALJHPLOP_00522	tr|A0A173TV67|A0A173TV67_ANAHA	99.4	317	2	0	1	317	1	317	4.4e-221	603	CM07_26_S11	ldh	L-lactate dehydrogenase
ALJHPLOP_00522	tr|E5VGR6|E5VGR6_9FIRM	99.4	317	2	0	1	317	1	317	4.4e-221	603	CM07_26_S11	ldh	L-lactate dehydrogenase
ALJHPLOP_00522	tr|A0A173RVN0|A0A173RVN0_ANAHA	99.1	317	3	0	1	317	1	317	2.55e-220	601	CM07_26_S11	ldh	L-lactate dehydrogenase
ALJHPLOP_00522	tr|D4MZ79|D4MZ79_ANAHA	99.1	317	3	0	1	317	1	317	3.6199999999999996e-220	600	CM07_26_S11	ldh	L-lactate dehydrogenase
KJDMGADN_00042	tr|D4MZM0|D4MZM0_ANAHA	100	317	0	0	1	317	1	317	6.089999999999999e-228	620	CM07_31_S12	ldh	L-lactate dehydrogenase
KJDMGADN_00042	tr|A0A415Y5S4|A0A415Y5S4_9FIRM	99.7	317	1	0	1	317	1	317	2.4799999999999994e-227	619	CM07_31_S12	ldh	L-lactate dehydrogenase
KJDMGADN_00042	tr|A0AAQ3GQJ6|A0AAQ3GQJ6_ANAHA	99.4	317	2	0	1	317	1	317	1.01e-226	617	CM07_31_S12	ldh	L-lactate dehydrogenase
KJDMGADN_00042	tr|E5VG93|E5VG93_9FIRM	99.4	317	2	0	1	317	1	317	1.01e-226	617	CM07_31_S12	ldh	L-lactate dehydrogenase
KJDMGADN_00042	tr|A0A415WCX6|A0A415WCX6_9FIRM	99.4	317	2	0	1	317	1	317	2.8899999999999998e-226	616	CM07_31_S12	ldh	L-lactate dehydrogenase
KJDMGADN_00042	tr|A0A173S8Z7|A0A173S8Z7_ANAHA	99.1	317	3	0	1	317	1	317	4.11e-226	615	CM07_31_S12	ldh	L-lactate dehydrogenase
KJDMGADN_00042	tr|A0A173XAM2|A0A173XAM2_ANAHA	99.1	317	3	0	1	317	1	317	4.11e-226	615	CM07_31_S12	ldh	L-lactate dehydrogenase
KJDMGADN_00042	tr|A0A6N2QXW7|A0A6N2QXW7_ANAHA	99.4	317	2	0	1	317	1	317	5.829999999999999e-226	615	CM07_31_S12	ldh	L-lactate dehydrogenase
KJDMGADN_00042	tr|A0A417K180|A0A417K180_9FIRM	99.4	317	2	0	1	317	1	317	8.29e-226	615	CM07_31_S12	ldh	L-lactate dehydrogenase
KJDMGADN_00042	tr|A0A174KPY8|A0A174KPY8_ANAHA	99.1	317	3	0	1	317	1	317	1.1799999999999998e-225	614	CM07_31_S12	ldh	L-lactate dehydrogenase
KJDMGADN_00042	tr|A0A417V6R1|A0A417V6R1_9FIRM	99.1	317	3	0	1	317	1	317	1.1799999999999998e-225	614	CM07_31_S12	ldh	L-lactate dehydrogenase
KJDMGADN_00230	tr|A0A415WB88|A0A415WB88_9FIRM	99.4	317	2	0	1	317	19	335	8.5899999999999995e-221	603	CM07_31_S12	ldh	L-lactate dehydrogenase
KJDMGADN_00230	tr|A0A415YL33|A0A415YL33_9FIRM	99.4	317	2	0	1	317	19	335	8.5899999999999995e-221	603	CM07_31_S12	ldh	L-lactate dehydrogenase
KJDMGADN_00230	tr|A0A417JUU1|A0A417JUU1_9FIRM	99.4	317	2	0	1	317	19	335	8.5899999999999995e-221	603	CM07_31_S12	ldh	L-lactate dehydrogenase
KJDMGADN_00230	tr|A0A417V7X9|A0A417V7X9_9FIRM	99.4	317	2	0	1	317	19	335	8.5899999999999995e-221	603	CM07_31_S12	ldh	L-lactate dehydrogenase
KJDMGADN_00230	tr|A0A173TV67|A0A173TV67_ANAHA	99.4	317	2	0	1	317	1	317	4.4e-221	603	CM07_31_S12	ldh	L-lactate dehydrogenase
KJDMGADN_00230	tr|E5VGR6|E5VGR6_9FIRM	99.4	317	2	0	1	317	1	317	4.4e-221	603	CM07_31_S12	ldh	L-lactate dehydrogenase
KJDMGADN_00230	tr|A0A173RVN0|A0A173RVN0_ANAHA	99.1	317	3	0	1	317	1	317	2.55e-220	601	CM07_31_S12	ldh	L-lactate dehydrogenase
KJDMGADN_00230	tr|D4MZ79|D4MZ79_ANAHA	99.1	317	3	0	1	317	1	317	3.6199999999999996e-220	600	CM07_31_S12	ldh	L-lactate dehydrogenase
BDKDGGGP_00042	tr|D4MZM0|D4MZM0_ANAHA	100	317	0	0	1	317	1	317	6.089999999999999e-228	620	CM1_23_S50	ldh	L-lactate dehydrogenase
BDKDGGGP_00042	tr|A0A415Y5S4|A0A415Y5S4_9FIRM	99.7	317	1	0	1	317	1	317	2.4799999999999994e-227	619	CM1_23_S50	ldh	L-lactate dehydrogenase
BDKDGGGP_00042	tr|A0AAQ3GQJ6|A0AAQ3GQJ6_ANAHA	99.4	317	2	0	1	317	1	317	1.01e-226	617	CM1_23_S50	ldh	L-lactate dehydrogenase
BDKDGGGP_00042	tr|E5VG93|E5VG93_9FIRM	99.4	317	2	0	1	317	1	317	1.01e-226	617	CM1_23_S50	ldh	L-lactate dehydrogenase
BDKDGGGP_00042	tr|A0A415WCX6|A0A415WCX6_9FIRM	99.4	317	2	0	1	317	1	317	2.8899999999999998e-226	616	CM1_23_S50	ldh	L-lactate dehydrogenase
BDKDGGGP_00042	tr|A0A173S8Z7|A0A173S8Z7_ANAHA	99.1	317	3	0	1	317	1	317	4.11e-226	615	CM1_23_S50	ldh	L-lactate dehydrogenase
BDKDGGGP_00042	tr|A0A173XAM2|A0A173XAM2_ANAHA	99.1	317	3	0	1	317	1	317	4.11e-226	615	CM1_23_S50	ldh	L-lactate dehydrogenase
BDKDGGGP_00042	tr|A0A6N2QXW7|A0A6N2QXW7_ANAHA	99.4	317	2	0	1	317	1	317	5.829999999999999e-226	615	CM1_23_S50	ldh	L-lactate dehydrogenase
BDKDGGGP_00042	tr|A0A417K180|A0A417K180_9FIRM	99.4	317	2	0	1	317	1	317	8.29e-226	615	CM1_23_S50	ldh	L-lactate dehydrogenase
BDKDGGGP_00042	tr|A0A174KPY8|A0A174KPY8_ANAHA	99.1	317	3	0	1	317	1	317	1.1799999999999998e-225	614	CM1_23_S50	ldh	L-lactate dehydrogenase
BDKDGGGP_00042	tr|A0A417V6R1|A0A417V6R1_9FIRM	99.1	317	3	0	1	317	1	317	1.1799999999999998e-225	614	CM1_23_S50	ldh	L-lactate dehydrogenase
BDKDGGGP_00239	tr|A0A415WB88|A0A415WB88_9FIRM	99.4	317	2	0	1	317	19	335	8.5899999999999995e-221	603	CM1_23_S50	ldh	L-lactate dehydrogenase
BDKDGGGP_00239	tr|A0A415YL33|A0A415YL33_9FIRM	99.4	317	2	0	1	317	19	335	8.5899999999999995e-221	603	CM1_23_S50	ldh	L-lactate dehydrogenase
BDKDGGGP_00239	tr|A0A417JUU1|A0A417JUU1_9FIRM	99.4	317	2	0	1	317	19	335	8.5899999999999995e-221	603	CM1_23_S50	ldh	L-lactate dehydrogenase
BDKDGGGP_00239	tr|A0A417V7X9|A0A417V7X9_9FIRM	99.4	317	2	0	1	317	19	335	8.5899999999999995e-221	603	CM1_23_S50	ldh	L-lactate dehydrogenase
BDKDGGGP_00239	tr|A0A173TV67|A0A173TV67_ANAHA	99.4	317	2	0	1	317	1	317	4.4e-221	603	CM1_23_S50	ldh	L-lactate dehydrogenase
BDKDGGGP_00239	tr|E5VGR6|E5VGR6_9FIRM	99.4	317	2	0	1	317	1	317	4.4e-221	603	CM1_23_S50	ldh	L-lactate dehydrogenase
BDKDGGGP_00239	tr|A0A173RVN0|A0A173RVN0_ANAHA	99.1	317	3	0	1	317	1	317	2.55e-220	601	CM1_23_S50	ldh	L-lactate dehydrogenase
BDKDGGGP_00239	tr|D4MZ79|D4MZ79_ANAHA	99.1	317	3	0	1	317	1	317	3.6199999999999996e-220	600	CM1_23_S50	ldh	L-lactate dehydrogenase
HOOBJGIH_00211	tr|D4MZM0|D4MZM0_ANAHA	100	317	0	0	1	317	1	317	6.089999999999999e-228	620	CM1_26_S52	ldh	L-lactate dehydrogenase
HOOBJGIH_00211	tr|A0A415Y5S4|A0A415Y5S4_9FIRM	99.7	317	1	0	1	317	1	317	2.4799999999999994e-227	619	CM1_26_S52	ldh	L-lactate dehydrogenase
HOOBJGIH_00211	tr|A0AAQ3GQJ6|A0AAQ3GQJ6_ANAHA	99.4	317	2	0	1	317	1	317	1.01e-226	617	CM1_26_S52	ldh	L-lactate dehydrogenase
HOOBJGIH_00211	tr|E5VG93|E5VG93_9FIRM	99.4	317	2	0	1	317	1	317	1.01e-226	617	CM1_26_S52	ldh	L-lactate dehydrogenase
HOOBJGIH_00211	tr|A0A415WCX6|A0A415WCX6_9FIRM	99.4	317	2	0	1	317	1	317	2.8899999999999998e-226	616	CM1_26_S52	ldh	L-lactate dehydrogenase
HOOBJGIH_00211	tr|A0A173S8Z7|A0A173S8Z7_ANAHA	99.1	317	3	0	1	317	1	317	4.11e-226	615	CM1_26_S52	ldh	L-lactate dehydrogenase
HOOBJGIH_00211	tr|A0A173XAM2|A0A173XAM2_ANAHA	99.1	317	3	0	1	317	1	317	4.11e-226	615	CM1_26_S52	ldh	L-lactate dehydrogenase
HOOBJGIH_00211	tr|A0A6N2QXW7|A0A6N2QXW7_ANAHA	99.4	317	2	0	1	317	1	317	5.829999999999999e-226	615	CM1_26_S52	ldh	L-lactate dehydrogenase
HOOBJGIH_00211	tr|A0A417K180|A0A417K180_9FIRM	99.4	317	2	0	1	317	1	317	8.29e-226	615	CM1_26_S52	ldh	L-lactate dehydrogenase
HOOBJGIH_00211	tr|A0A174KPY8|A0A174KPY8_ANAHA	99.1	317	3	0	1	317	1	317	1.1799999999999998e-225	614	CM1_26_S52	ldh	L-lactate dehydrogenase
HOOBJGIH_00211	tr|A0A417V6R1|A0A417V6R1_9FIRM	99.1	317	3	0	1	317	1	317	1.1799999999999998e-225	614	CM1_26_S52	ldh	L-lactate dehydrogenase
HOOBJGIH_00408	tr|A0A415WB88|A0A415WB88_9FIRM	99.4	317	2	0	1	317	19	335	8.5899999999999995e-221	603	CM1_26_S52	ldh	L-lactate dehydrogenase
HOOBJGIH_00408	tr|A0A415YL33|A0A415YL33_9FIRM	99.4	317	2	0	1	317	19	335	8.5899999999999995e-221	603	CM1_26_S52	ldh	L-lactate dehydrogenase
HOOBJGIH_00408	tr|A0A417JUU1|A0A417JUU1_9FIRM	99.4	317	2	0	1	317	19	335	8.5899999999999995e-221	603	CM1_26_S52	ldh	L-lactate dehydrogenase
HOOBJGIH_00408	tr|A0A417V7X9|A0A417V7X9_9FIRM	99.4	317	2	0	1	317	19	335	8.5899999999999995e-221	603	CM1_26_S52	ldh	L-lactate dehydrogenase
HOOBJGIH_00408	tr|A0A173TV67|A0A173TV67_ANAHA	99.4	317	2	0	1	317	1	317	4.4e-221	603	CM1_26_S52	ldh	L-lactate dehydrogenase
HOOBJGIH_00408	tr|E5VGR6|E5VGR6_9FIRM	99.4	317	2	0	1	317	1	317	4.4e-221	603	CM1_26_S52	ldh	L-lactate dehydrogenase
HOOBJGIH_00408	tr|A0A173RVN0|A0A173RVN0_ANAHA	99.1	317	3	0	1	317	1	317	2.55e-220	601	CM1_26_S52	ldh	L-lactate dehydrogenase
HOOBJGIH_00408	tr|D4MZ79|D4MZ79_ANAHA	99.1	317	3	0	1	317	1	317	3.6199999999999996e-220	600	CM1_26_S52	ldh	L-lactate dehydrogenase
CIHFMDFN_00255	tr|A0A415Y5S4|A0A415Y5S4_9FIRM	100	317	0	0	1	317	1	317	4.2799999999999996e-228	620	CM1_30_S215	ldh	L-lactate dehydrogenase
CIHFMDFN_00255	tr|D4MZM0|D4MZM0_ANAHA	99.7	317	1	0	1	317	1	317	2.4799999999999994e-227	619	CM1_30_S215	ldh	L-lactate dehydrogenase
CIHFMDFN_00255	tr|A0A173S8Z7|A0A173S8Z7_ANAHA	99.1	317	3	0	1	317	1	317	4.11e-226	615	CM1_30_S215	ldh	L-lactate dehydrogenase
CIHFMDFN_00255	tr|A0AAQ3GQJ6|A0AAQ3GQJ6_ANAHA	99.1	317	3	0	1	317	1	317	4.11e-226	615	CM1_30_S215	ldh	L-lactate dehydrogenase
CIHFMDFN_00255	tr|E5VG93|E5VG93_9FIRM	99.1	317	3	0	1	317	1	317	4.11e-226	615	CM1_30_S215	ldh	L-lactate dehydrogenase
CIHFMDFN_00255	tr|A0A415WCX6|A0A415WCX6_9FIRM	99.1	317	3	0	1	317	1	317	1.1799999999999998e-225	614	CM1_30_S215	ldh	L-lactate dehydrogenase
CIHFMDFN_01798	tr|A0A415WB88|A0A415WB88_9FIRM	99.7	316	1	0	1	316	19	334	4.26e-221	603	CM1_30_S215	ldh	L-lactate dehydrogenase
CIHFMDFN_01798	tr|A0A415YL33|A0A415YL33_9FIRM	99.7	316	1	0	1	316	19	334	4.26e-221	603	CM1_30_S215	ldh	L-lactate dehydrogenase
CIHFMDFN_01798	tr|A0A417JUU1|A0A417JUU1_9FIRM	99.7	316	1	0	1	316	19	334	4.26e-221	603	CM1_30_S215	ldh	L-lactate dehydrogenase
CIHFMDFN_01798	tr|A0A417V7X9|A0A417V7X9_9FIRM	99.7	316	1	0	1	316	19	334	4.26e-221	603	CM1_30_S215	ldh	L-lactate dehydrogenase
CIHFMDFN_01798	tr|A0A173TV67|A0A173TV67_ANAHA	99.7	316	1	0	1	316	1	316	2.1799999999999999e-221	603	CM1_30_S215	ldh	L-lactate dehydrogenase
CIHFMDFN_01798	tr|E5VGR6|E5VGR6_9FIRM	99.7	316	1	0	1	316	1	316	2.1799999999999999e-221	603	CM1_30_S215	ldh	L-lactate dehydrogenase
CIHFMDFN_01798	tr|A0A173RVN0|A0A173RVN0_ANAHA	99.4	316	2	0	1	316	1	316	1.26e-220	602	CM1_30_S215	ldh	L-lactate dehydrogenase
CIHFMDFN_01798	tr|D4MZ79|D4MZ79_ANAHA	99.4	316	2	0	1	316	1	316	1.79e-220	601	CM1_30_S215	ldh	L-lactate dehydrogenase
EBBEHFMM_00218	tr|A0A415WB88|A0A415WB88_9FIRM	99.4	317	2	0	1	317	19	335	8.5899999999999995e-221	603	CM7_52_S47	ldh	L-lactate dehydrogenase
EBBEHFMM_00218	tr|A0A415YL33|A0A415YL33_9FIRM	99.4	317	2	0	1	317	19	335	8.5899999999999995e-221	603	CM7_52_S47	ldh	L-lactate dehydrogenase
EBBEHFMM_00218	tr|A0A417JUU1|A0A417JUU1_9FIRM	99.4	317	2	0	1	317	19	335	8.5899999999999995e-221	603	CM7_52_S47	ldh	L-lactate dehydrogenase
EBBEHFMM_00218	tr|A0A417V7X9|A0A417V7X9_9FIRM	99.4	317	2	0	1	317	19	335	8.5899999999999995e-221	603	CM7_52_S47	ldh	L-lactate dehydrogenase
EBBEHFMM_00218	tr|A0A173TV67|A0A173TV67_ANAHA	99.4	317	2	0	1	317	1	317	4.4e-221	603	CM7_52_S47	ldh	L-lactate dehydrogenase
EBBEHFMM_00218	tr|E5VGR6|E5VGR6_9FIRM	99.4	317	2	0	1	317	1	317	4.4e-221	603	CM7_52_S47	ldh	L-lactate dehydrogenase
EBBEHFMM_00218	tr|A0A173RVN0|A0A173RVN0_ANAHA	99.1	317	3	0	1	317	1	317	2.55e-220	601	CM7_52_S47	ldh	L-lactate dehydrogenase
EBBEHFMM_00218	tr|D4MZ79|D4MZ79_ANAHA	99.1	317	3	0	1	317	1	317	3.6199999999999996e-220	600	CM7_52_S47	ldh	L-lactate dehydrogenase
EBBEHFMM_00406	tr|D4MZM0|D4MZM0_ANAHA	100	317	0	0	1	317	1	317	6.089999999999999e-228	620	CM7_52_S47	ldh	L-lactate dehydrogenase
EBBEHFMM_00406	tr|A0A415Y5S4|A0A415Y5S4_9FIRM	99.7	317	1	0	1	317	1	317	2.4799999999999994e-227	619	CM7_52_S47	ldh	L-lactate dehydrogenase
EBBEHFMM_00406	tr|A0AAQ3GQJ6|A0AAQ3GQJ6_ANAHA	99.4	317	2	0	1	317	1	317	1.01e-226	617	CM7_52_S47	ldh	L-lactate dehydrogenase
EBBEHFMM_00406	tr|E5VG93|E5VG93_9FIRM	99.4	317	2	0	1	317	1	317	1.01e-226	617	CM7_52_S47	ldh	L-lactate dehydrogenase
EBBEHFMM_00406	tr|A0A415WCX6|A0A415WCX6_9FIRM	99.4	317	2	0	1	317	1	317	2.8899999999999998e-226	616	CM7_52_S47	ldh	L-lactate dehydrogenase
EBBEHFMM_00406	tr|A0A173S8Z7|A0A173S8Z7_ANAHA	99.1	317	3	0	1	317	1	317	4.11e-226	615	CM7_52_S47	ldh	L-lactate dehydrogenase
EBBEHFMM_00406	tr|A0A173XAM2|A0A173XAM2_ANAHA	99.1	317	3	0	1	317	1	317	4.11e-226	615	CM7_52_S47	ldh	L-lactate dehydrogenase
EBBEHFMM_00406	tr|A0A6N2QXW7|A0A6N2QXW7_ANAHA	99.4	317	2	0	1	317	1	317	5.829999999999999e-226	615	CM7_52_S47	ldh	L-lactate dehydrogenase
EBBEHFMM_00406	tr|A0A417K180|A0A417K180_9FIRM	99.4	317	2	0	1	317	1	317	8.29e-226	615	CM7_52_S47	ldh	L-lactate dehydrogenase
EBBEHFMM_00406	tr|A0A174KPY8|A0A174KPY8_ANAHA	99.1	317	3	0	1	317	1	317	1.1799999999999998e-225	614	CM7_52_S47	ldh	L-lactate dehydrogenase
EBBEHFMM_00406	tr|A0A417V6R1|A0A417V6R1_9FIRM	99.1	317	3	0	1	317	1	317	1.1799999999999998e-225	614	CM7_52_S47	ldh	L-lactate dehydrogenase
PDHBOMMH_00211	tr|D4MZM0|D4MZM0_ANAHA	100	317	0	0	1	317	1	317	6.089999999999999e-228	620	CM7_69_S49	ldh	L-lactate dehydrogenase
PDHBOMMH_00211	tr|A0A415Y5S4|A0A415Y5S4_9FIRM	99.7	317	1	0	1	317	1	317	2.4799999999999994e-227	619	CM7_69_S49	ldh	L-lactate dehydrogenase
PDHBOMMH_00211	tr|A0AAQ3GQJ6|A0AAQ3GQJ6_ANAHA	99.4	317	2	0	1	317	1	317	1.01e-226	617	CM7_69_S49	ldh	L-lactate dehydrogenase
PDHBOMMH_00211	tr|E5VG93|E5VG93_9FIRM	99.4	317	2	0	1	317	1	317	1.01e-226	617	CM7_69_S49	ldh	L-lactate dehydrogenase
PDHBOMMH_00211	tr|A0A415WCX6|A0A415WCX6_9FIRM	99.4	317	2	0	1	317	1	317	2.8899999999999998e-226	616	CM7_69_S49	ldh	L-lactate dehydrogenase
PDHBOMMH_00211	tr|A0A173S8Z7|A0A173S8Z7_ANAHA	99.1	317	3	0	1	317	1	317	4.11e-226	615	CM7_69_S49	ldh	L-lactate dehydrogenase
PDHBOMMH_00211	tr|A0A173XAM2|A0A173XAM2_ANAHA	99.1	317	3	0	1	317	1	317	4.11e-226	615	CM7_69_S49	ldh	L-lactate dehydrogenase
PDHBOMMH_00211	tr|A0A6N2QXW7|A0A6N2QXW7_ANAHA	99.4	317	2	0	1	317	1	317	5.829999999999999e-226	615	CM7_69_S49	ldh	L-lactate dehydrogenase
PDHBOMMH_00211	tr|A0A417K180|A0A417K180_9FIRM	99.4	317	2	0	1	317	1	317	8.29e-226	615	CM7_69_S49	ldh	L-lactate dehydrogenase
PDHBOMMH_00211	tr|A0A174KPY8|A0A174KPY8_ANAHA	99.1	317	3	0	1	317	1	317	1.1799999999999998e-225	614	CM7_69_S49	ldh	L-lactate dehydrogenase
PDHBOMMH_00211	tr|A0A417V6R1|A0A417V6R1_9FIRM	99.1	317	3	0	1	317	1	317	1.1799999999999998e-225	614	CM7_69_S49	ldh	L-lactate dehydrogenase
PDHBOMMH_00408	tr|A0A415WB88|A0A415WB88_9FIRM	99.4	317	2	0	1	317	19	335	8.5899999999999995e-221	603	CM7_69_S49	ldh	L-lactate dehydrogenase
PDHBOMMH_00408	tr|A0A415YL33|A0A415YL33_9FIRM	99.4	317	2	0	1	317	19	335	8.5899999999999995e-221	603	CM7_69_S49	ldh	L-lactate dehydrogenase
PDHBOMMH_00408	tr|A0A417JUU1|A0A417JUU1_9FIRM	99.4	317	2	0	1	317	19	335	8.5899999999999995e-221	603	CM7_69_S49	ldh	L-lactate dehydrogenase
PDHBOMMH_00408	tr|A0A417V7X9|A0A417V7X9_9FIRM	99.4	317	2	0	1	317	19	335	8.5899999999999995e-221	603	CM7_69_S49	ldh	L-lactate dehydrogenase
PDHBOMMH_00408	tr|A0A173TV67|A0A173TV67_ANAHA	99.4	317	2	0	1	317	1	317	4.4e-221	603	CM7_69_S49	ldh	L-lactate dehydrogenase
PDHBOMMH_00408	tr|E5VGR6|E5VGR6_9FIRM	99.4	317	2	0	1	317	1	317	4.4e-221	603	CM7_69_S49	ldh	L-lactate dehydrogenase
PDHBOMMH_00408	tr|A0A173RVN0|A0A173RVN0_ANAHA	99.1	317	3	0	1	317	1	317	2.55e-220	601	CM7_69_S49	ldh	L-lactate dehydrogenase
PDHBOMMH_00408	tr|D4MZ79|D4MZ79_ANAHA	99.1	317	3	0	1	317	1	317	3.6199999999999996e-220	600	CM7_69_S49	ldh	L-lactate dehydrogenase
KJGPJFDD_00049	tr|A0A415Y5S4|A0A415Y5S4_9FIRM	100	317	0	0	1	317	1	317	4.2799999999999996e-228	620	CM7_88B_S63	ldh	L-lactate dehydrogenase
KJGPJFDD_00049	tr|D4MZM0|D4MZM0_ANAHA	99.7	317	1	0	1	317	1	317	2.4799999999999994e-227	619	CM7_88B_S63	ldh	L-lactate dehydrogenase
KJGPJFDD_00049	tr|A0A173S8Z7|A0A173S8Z7_ANAHA	99.1	317	3	0	1	317	1	317	4.11e-226	615	CM7_88B_S63	ldh	L-lactate dehydrogenase
KJGPJFDD_00049	tr|A0AAQ3GQJ6|A0AAQ3GQJ6_ANAHA	99.1	317	3	0	1	317	1	317	4.11e-226	615	CM7_88B_S63	ldh	L-lactate dehydrogenase
KJGPJFDD_00049	tr|E5VG93|E5VG93_9FIRM	99.1	317	3	0	1	317	1	317	4.11e-226	615	CM7_88B_S63	ldh	L-lactate dehydrogenase
KJGPJFDD_00049	tr|A0A415WCX6|A0A415WCX6_9FIRM	99.1	317	3	0	1	317	1	317	1.1799999999999998e-225	614	CM7_88B_S63	ldh	L-lactate dehydrogenase
KJGPJFDD_01430	tr|A0A415WB88|A0A415WB88_9FIRM	99.7	316	1	0	1	316	19	334	4.26e-221	603	CM7_88B_S63	ldh	L-lactate dehydrogenase
KJGPJFDD_01430	tr|A0A415YL33|A0A415YL33_9FIRM	99.7	316	1	0	1	316	19	334	4.26e-221	603	CM7_88B_S63	ldh	L-lactate dehydrogenase
KJGPJFDD_01430	tr|A0A417JUU1|A0A417JUU1_9FIRM	99.7	316	1	0	1	316	19	334	4.26e-221	603	CM7_88B_S63	ldh	L-lactate dehydrogenase
KJGPJFDD_01430	tr|A0A417V7X9|A0A417V7X9_9FIRM	99.7	316	1	0	1	316	19	334	4.26e-221	603	CM7_88B_S63	ldh	L-lactate dehydrogenase
KJGPJFDD_01430	tr|A0A173TV67|A0A173TV67_ANAHA	99.7	316	1	0	1	316	1	316	2.1799999999999999e-221	603	CM7_88B_S63	ldh	L-lactate dehydrogenase
KJGPJFDD_01430	tr|E5VGR6|E5VGR6_9FIRM	99.7	316	1	0	1	316	1	316	2.1799999999999999e-221	603	CM7_88B_S63	ldh	L-lactate dehydrogenase
KJGPJFDD_01430	tr|A0A173RVN0|A0A173RVN0_ANAHA	99.4	316	2	0	1	316	1	316	1.26e-220	602	CM7_88B_S63	ldh	L-lactate dehydrogenase
KJGPJFDD_01430	tr|D4MZ79|D4MZ79_ANAHA	99.4	316	2	0	1	316	1	316	1.79e-220	601	CM7_88B_S63	ldh	L-lactate dehydrogenase
KJGPJFDD_01440	tr|A0A1Q2C936|A0A1Q2C936_ANAHA	100	318	0	0	1	318	1	318	1.73e-223	609	CM7_88B_S63	ldh	L-lactate dehydrogenase
KJGPJFDD_01440	tr|A0A415YKX9|A0A415YKX9_9FIRM	100	318	0	0	1	318	1	318	1.73e-223	609	CM7_88B_S63	ldh	L-lactate dehydrogenase
KJGPJFDD_01440	tr|E5VGS4|E5VGS4_9FIRM	100	318	0	0	1	318	1	318	1.73e-223	609	CM7_88B_S63	ldh	L-lactate dehydrogenase
CKMKKBJN_00126	tr|A0A6N2S1F9|A0A6N2S1F9_9FIRM	94.9	314	16	0	1	314	1	314	2.4399999999999998e-219	598	GCA_003434455.1_ASM343445v1_genomic	ldh	L-lactate dehydrogenase
CKMKKBJN_00126	tr|B0MJF7|B0MJF7_ANACD	94.9	314	16	0	1	314	1	314	2.4399999999999998e-219	598	GCA_003434455.1_ASM343445v1_genomic	ldh	L-lactate dehydrogenase
CKMKKBJN_00126	tr|A0A374AT20|A0A374AT20_9FIRM	94.3	314	18	0	1	314	1	314	1.1599999999999999e-217	594	GCA_003434455.1_ASM343445v1_genomic	ldh	L-lactate dehydrogenase
CKMKKBJN_00390	tr|A2CHG9|A2CHG9_9FIRM	97.8	314	7	0	1	314	1	314	3.49e-221	603	GCA_003434455.1_ASM343445v1_genomic	ldh	L-lactate dehydrogenase
CKMKKBJN_00390	tr|B0MC57|B0MC57_ANACD	97.8	314	7	0	1	314	1	314	3.49e-221	603	GCA_003434455.1_ASM343445v1_genomic	ldh	L-lactate dehydrogenase
CKMKKBJN_00390	tr|A0A374AUN4|A0A374AUN4_9FIRM	97.5	314	8	0	1	314	1	314	2.0199999999999997e-220	601	GCA_003434455.1_ASM343445v1_genomic	ldh	L-lactate dehydrogenase
OEMKGLFL_00603	tr|A0A173XAM2|A0A173XAM2_ANAHA	100	317	0	0	1	317	1	317	6.089999999999999e-228	620	GCA_008679275.1_ASM867927v1_genomic	ldh	L-lactate dehydrogenase
OEMKGLFL_00603	tr|A0A415WCX6|A0A415WCX6_9FIRM	99.7	317	1	0	1	317	1	317	8.649999999999999e-228	620	GCA_008679275.1_ASM867927v1_genomic	ldh	L-lactate dehydrogenase
OEMKGLFL_00603	tr|A0A174KPY8|A0A174KPY8_ANAHA	99.4	317	2	0	1	317	1	317	3.519999999999999e-227	618	GCA_008679275.1_ASM867927v1_genomic	ldh	L-lactate dehydrogenase
OEMKGLFL_00603	tr|A0A417V6R1|A0A417V6R1_9FIRM	99.4	317	2	0	1	317	1	317	3.519999999999999e-227	618	GCA_008679275.1_ASM867927v1_genomic	ldh	L-lactate dehydrogenase
OEMKGLFL_00603	tr|A0A6N2QXW7|A0A6N2QXW7_ANAHA	99.1	317	3	0	1	317	1	317	2.04e-226	616	GCA_008679275.1_ASM867927v1_genomic	ldh	L-lactate dehydrogenase
OEMKGLFL_00603	tr|D4MZM0|D4MZM0_ANAHA	99.1	317	3	0	1	317	1	317	4.11e-226	615	GCA_008679275.1_ASM867927v1_genomic	ldh	L-lactate dehydrogenase
OEMKGLFL_00603	tr|A0A415Y5S4|A0A415Y5S4_9FIRM	98.7	317	4	0	1	317	1	317	1.67e-225	614	GCA_008679275.1_ASM867927v1_genomic	ldh	L-lactate dehydrogenase
OEMKGLFL_00775	tr|A0A1Q2C936|A0A1Q2C936_ANAHA	99.4	318	2	0	1	318	1	318	7.05e-223	607	GCA_008679275.1_ASM867927v1_genomic	ldh	L-lactate dehydrogenase
OEMKGLFL_00775	tr|A0A415YKX9|A0A415YKX9_9FIRM	99.4	318	2	0	1	318	1	318	7.05e-223	607	GCA_008679275.1_ASM867927v1_genomic	ldh	L-lactate dehydrogenase
OEMKGLFL_00775	tr|E5VGS4|E5VGS4_9FIRM	99.4	318	2	0	1	318	1	318	7.05e-223	607	GCA_008679275.1_ASM867927v1_genomic	ldh	L-lactate dehydrogenase
GGHJLOIC_01861	tr|A0A174KPY8|A0A174KPY8_ANAHA	99.7	317	1	0	1	317	1	317	1.7399999999999996e-227	619	GCA_008680515.1_ASM868051v1_genomic	ldh	L-lactate dehydrogenase
GGHJLOIC_01861	tr|A0A417V6R1|A0A417V6R1_9FIRM	99.7	317	1	0	1	317	1	317	1.7399999999999996e-227	619	GCA_008680515.1_ASM868051v1_genomic	ldh	L-lactate dehydrogenase
GGHJLOIC_01861	tr|A0A415WCX6|A0A415WCX6_9FIRM	99.4	317	2	0	1	317	1	317	1.43e-226	617	GCA_008680515.1_ASM868051v1_genomic	ldh	L-lactate dehydrogenase
GGHJLOIC_01861	tr|A0A173XAM2|A0A173XAM2_ANAHA	99.1	317	3	0	1	317	1	317	2.04e-226	616	GCA_008680515.1_ASM868051v1_genomic	ldh	L-lactate dehydrogenase
GGHJLOIC_01861	tr|A0A6N2QXW7|A0A6N2QXW7_ANAHA	98.7	317	4	0	1	317	1	317	3.37e-225	613	GCA_008680515.1_ASM868051v1_genomic	ldh	L-lactate dehydrogenase
OHGBJBEB_01097	tr|A0A415WB88|A0A415WB88_9FIRM	99.4	317	2	0	1	317	19	335	1.49e-221	605	GCA_008680995.1_ASM868099v1_genomic	ldh	L-lactate dehydrogenase
OHGBJBEB_01097	tr|A0A415YL33|A0A415YL33_9FIRM	99.4	317	2	0	1	317	19	335	1.49e-221	605	GCA_008680995.1_ASM868099v1_genomic	ldh	L-lactate dehydrogenase
OHGBJBEB_01097	tr|A0A417JUU1|A0A417JUU1_9FIRM	99.4	317	2	0	1	317	19	335	1.49e-221	605	GCA_008680995.1_ASM868099v1_genomic	ldh	L-lactate dehydrogenase
OHGBJBEB_01097	tr|A0A417V7X9|A0A417V7X9_9FIRM	99.4	317	2	0	1	317	19	335	1.49e-221	605	GCA_008680995.1_ASM868099v1_genomic	ldh	L-lactate dehydrogenase
OHGBJBEB_01097	tr|A0A173TV67|A0A173TV67_ANAHA	99.4	317	2	0	1	317	1	317	7.609999999999999e-222	605	GCA_008680995.1_ASM868099v1_genomic	ldh	L-lactate dehydrogenase
OHGBJBEB_01097	tr|E5VGR6|E5VGR6_9FIRM	99.4	317	2	0	1	317	1	317	7.609999999999999e-222	605	GCA_008680995.1_ASM868099v1_genomic	ldh	L-lactate dehydrogenase
OHGBJBEB_01097	tr|A0A173RVN0|A0A173RVN0_ANAHA	99.1	317	3	0	1	317	1	317	4.4e-221	603	GCA_008680995.1_ASM868099v1_genomic	ldh	L-lactate dehydrogenase
OHGBJBEB_01097	tr|D4MZ79|D4MZ79_ANAHA	99.1	317	3	0	1	317	1	317	6.25e-221	602	GCA_008680995.1_ASM868099v1_genomic	ldh	L-lactate dehydrogenase
OHGBJBEB_01106	tr|A0A1Q2C936|A0A1Q2C936_ANAHA	100	318	0	0	1	318	1	318	1.73e-223	609	GCA_008680995.1_ASM868099v1_genomic	ldh	L-lactate dehydrogenase
OHGBJBEB_01106	tr|A0A415YKX9|A0A415YKX9_9FIRM	100	318	0	0	1	318	1	318	1.73e-223	609	GCA_008680995.1_ASM868099v1_genomic	ldh	L-lactate dehydrogenase
OHGBJBEB_01106	tr|E5VGS4|E5VGS4_9FIRM	100	318	0	0	1	318	1	318	1.73e-223	609	GCA_008680995.1_ASM868099v1_genomic	ldh	L-lactate dehydrogenase
OHGBJBEB_02931	tr|A0A415Y5S4|A0A415Y5S4_9FIRM	100	317	0	0	1	317	1	317	4.2799999999999996e-228	620	GCA_008680995.1_ASM868099v1_genomic	ldh	L-lactate dehydrogenase
OHGBJBEB_02931	tr|D4MZM0|D4MZM0_ANAHA	99.7	317	1	0	1	317	1	317	2.4799999999999994e-227	619	GCA_008680995.1_ASM868099v1_genomic	ldh	L-lactate dehydrogenase
OHGBJBEB_02931	tr|A0A173S8Z7|A0A173S8Z7_ANAHA	99.1	317	3	0	1	317	1	317	4.11e-226	615	GCA_008680995.1_ASM868099v1_genomic	ldh	L-lactate dehydrogenase
OHGBJBEB_02931	tr|A0AAQ3GQJ6|A0AAQ3GQJ6_ANAHA	99.1	317	3	0	1	317	1	317	4.11e-226	615	GCA_008680995.1_ASM868099v1_genomic	ldh	L-lactate dehydrogenase
OHGBJBEB_02931	tr|E5VG93|E5VG93_9FIRM	99.1	317	3	0	1	317	1	317	4.11e-226	615	GCA_008680995.1_ASM868099v1_genomic	ldh	L-lactate dehydrogenase
OHGBJBEB_02931	tr|A0A415WCX6|A0A415WCX6_9FIRM	99.1	317	3	0	1	317	1	317	1.1799999999999998e-225	614	GCA_008680995.1_ASM868099v1_genomic	ldh	L-lactate dehydrogenase
HKCIDIBD_00745	tr|A0A173XAM2|A0A173XAM2_ANAHA	100	317	0	0	1	317	1	317	6.089999999999999e-228	620	GCA_014866065.1_ASM1486606v1_genomic	ldh	L-lactate dehydrogenase
HKCIDIBD_00745	tr|A0A415WCX6|A0A415WCX6_9FIRM	99.7	317	1	0	1	317	1	317	8.649999999999999e-228	620	GCA_014866065.1_ASM1486606v1_genomic	ldh	L-lactate dehydrogenase
HKCIDIBD_00745	tr|A0A174KPY8|A0A174KPY8_ANAHA	99.4	317	2	0	1	317	1	317	3.519999999999999e-227	618	GCA_014866065.1_ASM1486606v1_genomic	ldh	L-lactate dehydrogenase
HKCIDIBD_00745	tr|A0A417V6R1|A0A417V6R1_9FIRM	99.4	317	2	0	1	317	1	317	3.519999999999999e-227	618	GCA_014866065.1_ASM1486606v1_genomic	ldh	L-lactate dehydrogenase
HKCIDIBD_00745	tr|A0A6N2QXW7|A0A6N2QXW7_ANAHA	99.1	317	3	0	1	317	1	317	2.04e-226	616	GCA_014866065.1_ASM1486606v1_genomic	ldh	L-lactate dehydrogenase
HKCIDIBD_00745	tr|D4MZM0|D4MZM0_ANAHA	99.1	317	3	0	1	317	1	317	4.11e-226	615	GCA_014866065.1_ASM1486606v1_genomic	ldh	L-lactate dehydrogenase
HKCIDIBD_00745	tr|A0A415Y5S4|A0A415Y5S4_9FIRM	98.7	317	4	0	1	317	1	317	1.67e-225	614	GCA_014866065.1_ASM1486606v1_genomic	ldh	L-lactate dehydrogenase
HKCIDIBD_01173	tr|A0A1Q2C936|A0A1Q2C936_ANAHA	100	318	0	0	1	318	1	318	1.73e-223	609	GCA_014866065.1_ASM1486606v1_genomic	ldh	L-lactate dehydrogenase
HKCIDIBD_01173	tr|A0A415YKX9|A0A415YKX9_9FIRM	100	318	0	0	1	318	1	318	1.73e-223	609	GCA_014866065.1_ASM1486606v1_genomic	ldh	L-lactate dehydrogenase
HKCIDIBD_01173	tr|E5VGS4|E5VGS4_9FIRM	100	318	0	0	1	318	1	318	1.73e-223	609	GCA_014866065.1_ASM1486606v1_genomic	ldh	L-lactate dehydrogenase
HKCIDIBD_02137	tr|A0A415WB88|A0A415WB88_9FIRM	100	317	0	0	1	317	19	335	5.179999999999999e-222	606	GCA_014866065.1_ASM1486606v1_genomic	ldh	L-lactate dehydrogenase
HKCIDIBD_02137	tr|A0A415YL33|A0A415YL33_9FIRM	100	317	0	0	1	317	19	335	5.179999999999999e-222	606	GCA_014866065.1_ASM1486606v1_genomic	ldh	L-lactate dehydrogenase
HKCIDIBD_02137	tr|A0A417JUU1|A0A417JUU1_9FIRM	100	317	0	0	1	317	19	335	5.179999999999999e-222	606	GCA_014866065.1_ASM1486606v1_genomic	ldh	L-lactate dehydrogenase
HKCIDIBD_02137	tr|A0A417V7X9|A0A417V7X9_9FIRM	100	317	0	0	1	317	19	335	5.179999999999999e-222	606	GCA_014866065.1_ASM1486606v1_genomic	ldh	L-lactate dehydrogenase
HKCIDIBD_02137	tr|A0A173TV67|A0A173TV67_ANAHA	100	317	0	0	1	317	1	317	2.6599999999999995e-222	606	GCA_014866065.1_ASM1486606v1_genomic	ldh	L-lactate dehydrogenase
HKCIDIBD_02137	tr|E5VGR6|E5VGR6_9FIRM	100	317	0	0	1	317	1	317	2.6599999999999995e-222	606	GCA_014866065.1_ASM1486606v1_genomic	ldh	L-lactate dehydrogenase
HKCIDIBD_02137	tr|A0A173RVN0|A0A173RVN0_ANAHA	99.7	317	1	0	1	317	1	317	1.54e-221	604	GCA_014866065.1_ASM1486606v1_genomic	ldh	L-lactate dehydrogenase
HKCIDIBD_02137	tr|D4MZ79|D4MZ79_ANAHA	99.7	317	1	0	1	317	1	317	2.1799999999999999e-221	603	GCA_014866065.1_ASM1486606v1_genomic	ldh	L-lactate dehydrogenase
GOAADOEK_00915	tr|D4MZM0|D4MZM0_ANAHA	99.4	317	2	0	1	317	1	317	1.2299999999999997e-227	619	GCA_017850655.1_ASM1785065v1_genomic	ldh	L-lactate dehydrogenase
GOAADOEK_00915	tr|A0A415Y5S4|A0A415Y5S4_9FIRM	99.1	317	3	0	1	317	1	317	4.999999999999999e-227	618	GCA_017850655.1_ASM1785065v1_genomic	ldh	L-lactate dehydrogenase
GOAADOEK_00915	tr|A0AAQ3GQJ6|A0AAQ3GQJ6_ANAHA	98.7	317	4	0	1	317	1	317	2.04e-226	616	GCA_017850655.1_ASM1785065v1_genomic	ldh	L-lactate dehydrogenase
GOAADOEK_00915	tr|E5VG93|E5VG93_9FIRM	98.7	317	4	0	1	317	1	317	2.04e-226	616	GCA_017850655.1_ASM1785065v1_genomic	ldh	L-lactate dehydrogenase
GOAADOEK_00915	tr|A0A173XAM2|A0A173XAM2_ANAHA	99.1	317	3	0	1	317	1	317	4.11e-226	615	GCA_017850655.1_ASM1785065v1_genomic	ldh	L-lactate dehydrogenase
GOAADOEK_00915	tr|A0A415WCX6|A0A415WCX6_9FIRM	98.7	317	4	0	1	317	1	317	5.829999999999999e-226	615	GCA_017850655.1_ASM1785065v1_genomic	ldh	L-lactate dehydrogenase
GOAADOEK_00915	tr|A0A173S8Z7|A0A173S8Z7_ANAHA	98.4	317	5	0	1	317	1	317	8.29e-226	615	GCA_017850655.1_ASM1785065v1_genomic	ldh	L-lactate dehydrogenase
GOAADOEK_00915	tr|A0A6N2QXW7|A0A6N2QXW7_ANAHA	98.7	317	4	0	1	317	1	317	1.1799999999999998e-225	614	GCA_017850655.1_ASM1785065v1_genomic	ldh	L-lactate dehydrogenase
GOAADOEK_00915	tr|A0A417K180|A0A417K180_9FIRM	98.7	317	4	0	1	317	1	317	1.67e-225	614	GCA_017850655.1_ASM1785065v1_genomic	ldh	L-lactate dehydrogenase
GOAADOEK_00915	tr|A0A174KPY8|A0A174KPY8_ANAHA	98.4	317	5	0	1	317	1	317	2.3799999999999998e-225	613	GCA_017850655.1_ASM1785065v1_genomic	ldh	L-lactate dehydrogenase
GOAADOEK_00915	tr|A0A417V6R1|A0A417V6R1_9FIRM	98.4	317	5	0	1	317	1	317	2.3799999999999998e-225	613	GCA_017850655.1_ASM1785065v1_genomic	ldh	L-lactate dehydrogenase
GOAADOEK_02035	tr|A0A173RVN0|A0A173RVN0_ANAHA	100	317	0	0	1	317	1	317	1.3199999999999998e-222	607	GCA_017850655.1_ASM1785065v1_genomic	ldh	L-lactate dehydrogenase
GOAADOEK_02035	tr|A0A415WB88|A0A415WB88_9FIRM	99.7	317	1	0	1	317	19	335	1.49e-221	605	GCA_017850655.1_ASM1785065v1_genomic	ldh	L-lactate dehydrogenase
GOAADOEK_02035	tr|A0A415YL33|A0A415YL33_9FIRM	99.7	317	1	0	1	317	19	335	1.49e-221	605	GCA_017850655.1_ASM1785065v1_genomic	ldh	L-lactate dehydrogenase
GOAADOEK_02035	tr|A0A417JUU1|A0A417JUU1_9FIRM	99.7	317	1	0	1	317	19	335	1.49e-221	605	GCA_017850655.1_ASM1785065v1_genomic	ldh	L-lactate dehydrogenase
GOAADOEK_02035	tr|A0A417V7X9|A0A417V7X9_9FIRM	99.7	317	1	0	1	317	19	335	1.49e-221	605	GCA_017850655.1_ASM1785065v1_genomic	ldh	L-lactate dehydrogenase
GOAADOEK_02035	tr|A0A173TV67|A0A173TV67_ANAHA	99.7	317	1	0	1	317	1	317	7.609999999999999e-222	605	GCA_017850655.1_ASM1785065v1_genomic	ldh	L-lactate dehydrogenase
GOAADOEK_02035	tr|E5VGR6|E5VGR6_9FIRM	99.7	317	1	0	1	317	1	317	7.609999999999999e-222	605	GCA_017850655.1_ASM1785065v1_genomic	ldh	L-lactate dehydrogenase
GOAADOEK_02035	tr|D4MZ79|D4MZ79_ANAHA	99.4	317	2	0	1	317	1	317	6.25e-221	602	GCA_017850655.1_ASM1785065v1_genomic	ldh	L-lactate dehydrogenase
CENOFNFD_00084	tr|D4MZM0|D4MZM0_ANAHA	99.4	317	2	0	1	317	1	317	7.099999999999998e-227	617	GCA_017851275.1_ASM1785127v1_genomic	ldh	L-lactate dehydrogenase
CENOFNFD_00084	tr|A0A173S8Z7|A0A173S8Z7_ANAHA	99.1	317	3	0	1	317	1	317	1.43e-226	617	GCA_017851275.1_ASM1785127v1_genomic	ldh	L-lactate dehydrogenase
CENOFNFD_00084	tr|A0A415Y5S4|A0A415Y5S4_9FIRM	99.1	317	3	0	1	317	1	317	2.8899999999999998e-226	616	GCA_017851275.1_ASM1785127v1_genomic	ldh	L-lactate dehydrogenase
CENOFNFD_00084	tr|A0A174KPY8|A0A174KPY8_ANAHA	99.1	317	3	0	1	317	1	317	4.11e-226	615	GCA_017851275.1_ASM1785127v1_genomic	ldh	L-lactate dehydrogenase
CENOFNFD_00084	tr|A0A417V6R1|A0A417V6R1_9FIRM	99.1	317	3	0	1	317	1	317	4.11e-226	615	GCA_017851275.1_ASM1785127v1_genomic	ldh	L-lactate dehydrogenase
CENOFNFD_00084	tr|A0AAQ3GQJ6|A0AAQ3GQJ6_ANAHA	98.7	317	4	0	1	317	1	317	1.1799999999999998e-225	614	GCA_017851275.1_ASM1785127v1_genomic	ldh	L-lactate dehydrogenase
CENOFNFD_00084	tr|E5VG93|E5VG93_9FIRM	98.7	317	4	0	1	317	1	317	1.1799999999999998e-225	614	GCA_017851275.1_ASM1785127v1_genomic	ldh	L-lactate dehydrogenase
CENOFNFD_00084	tr|A0A415WCX6|A0A415WCX6_9FIRM	98.7	317	4	0	1	317	1	317	3.37e-225	613	GCA_017851275.1_ASM1785127v1_genomic	ldh	L-lactate dehydrogenase
CENOFNFD_00084	tr|A0A173XAM2|A0A173XAM2_ANAHA	98.4	317	5	0	1	317	1	317	4.79e-225	613	GCA_017851275.1_ASM1785127v1_genomic	ldh	L-lactate dehydrogenase
CENOFNFD_00084	tr|A0A6N2QXW7|A0A6N2QXW7_ANAHA	98.7	317	4	0	1	317	1	317	6.809999999999999e-225	612	GCA_017851275.1_ASM1785127v1_genomic	ldh	L-lactate dehydrogenase
CENOFNFD_00084	tr|A0A417K180|A0A417K180_9FIRM	98.7	317	4	0	1	317	1	317	9.669999999999999e-225	612	GCA_017851275.1_ASM1785127v1_genomic	ldh	L-lactate dehydrogenase
CENOFNFD_00918	tr|A0A415WB88|A0A415WB88_9FIRM	100	317	0	0	1	317	19	335	5.179999999999999e-222	606	GCA_017851275.1_ASM1785127v1_genomic	ldh	L-lactate dehydrogenase
CENOFNFD_00918	tr|A0A415YL33|A0A415YL33_9FIRM	100	317	0	0	1	317	19	335	5.179999999999999e-222	606	GCA_017851275.1_ASM1785127v1_genomic	ldh	L-lactate dehydrogenase
CENOFNFD_00918	tr|A0A417JUU1|A0A417JUU1_9FIRM	100	317	0	0	1	317	19	335	5.179999999999999e-222	606	GCA_017851275.1_ASM1785127v1_genomic	ldh	L-lactate dehydrogenase
CENOFNFD_00918	tr|A0A417V7X9|A0A417V7X9_9FIRM	100	317	0	0	1	317	19	335	5.179999999999999e-222	606	GCA_017851275.1_ASM1785127v1_genomic	ldh	L-lactate dehydrogenase
CENOFNFD_00918	tr|A0A173TV67|A0A173TV67_ANAHA	100	317	0	0	1	317	1	317	2.6599999999999995e-222	606	GCA_017851275.1_ASM1785127v1_genomic	ldh	L-lactate dehydrogenase
CENOFNFD_00918	tr|E5VGR6|E5VGR6_9FIRM	100	317	0	0	1	317	1	317	2.6599999999999995e-222	606	GCA_017851275.1_ASM1785127v1_genomic	ldh	L-lactate dehydrogenase
CENOFNFD_00918	tr|A0A173RVN0|A0A173RVN0_ANAHA	99.7	317	1	0	1	317	1	317	1.54e-221	604	GCA_017851275.1_ASM1785127v1_genomic	ldh	L-lactate dehydrogenase
CENOFNFD_00918	tr|D4MZ79|D4MZ79_ANAHA	99.7	317	1	0	1	317	1	317	2.1799999999999999e-221	603	GCA_017851275.1_ASM1785127v1_genomic	ldh	L-lactate dehydrogenase
JBEMAFEM_00536	tr|A0A916Q762|A0A916Q762_9FIRM	99.7	317	1	0	1	317	1	317	3.669999999999999e-229	623	GCA_017888015.1_ASM1788801v1_genomic	ldh	L-lactate dehydrogenase
JBEMAFEM_01576	tr|A0A916Q742|A0A916Q742_9FIRM	99.7	316	1	0	1	316	1	316	1.96e-228	621	GCA_017888015.1_ASM1788801v1_genomic	ldh	L-lactate dehydrogenase
BMGMBDAD_01991	tr|A2CHG9|A2CHG9_9FIRM	97.5	314	8	0	1	314	1	314	1.4199999999999999e-220	601	GCA_018364275.1_ASM1836427v1_genomic	ldh	L-lactate dehydrogenase
BMGMBDAD_01991	tr|B0MC57|B0MC57_ANACD	97.5	314	8	0	1	314	1	314	1.4199999999999999e-220	601	GCA_018364275.1_ASM1836427v1_genomic	ldh	L-lactate dehydrogenase
BMGMBDAD_01991	tr|A0A374AUN4|A0A374AUN4_9FIRM	97.1	314	9	0	1	314	1	314	8.21e-220	599	GCA_018364275.1_ASM1836427v1_genomic	ldh	L-lactate dehydrogenase
COHCHOOG_01809	tr|A0A415WB88|A0A415WB88_9FIRM	100	317	0	0	1	317	19	335	5.179999999999999e-222	606	GCA_018365775.1_ASM1836577v1_genomic	ldh	L-lactate dehydrogenase
COHCHOOG_01809	tr|A0A415YL33|A0A415YL33_9FIRM	100	317	0	0	1	317	19	335	5.179999999999999e-222	606	GCA_018365775.1_ASM1836577v1_genomic	ldh	L-lactate dehydrogenase
COHCHOOG_01809	tr|A0A417JUU1|A0A417JUU1_9FIRM	100	317	0	0	1	317	19	335	5.179999999999999e-222	606	GCA_018365775.1_ASM1836577v1_genomic	ldh	L-lactate dehydrogenase
COHCHOOG_01809	tr|A0A417V7X9|A0A417V7X9_9FIRM	100	317	0	0	1	317	19	335	5.179999999999999e-222	606	GCA_018365775.1_ASM1836577v1_genomic	ldh	L-lactate dehydrogenase
COHCHOOG_01809	tr|A0A173TV67|A0A173TV67_ANAHA	100	317	0	0	1	317	1	317	2.6599999999999995e-222	606	GCA_018365775.1_ASM1836577v1_genomic	ldh	L-lactate dehydrogenase
COHCHOOG_01809	tr|E5VGR6|E5VGR6_9FIRM	100	317	0	0	1	317	1	317	2.6599999999999995e-222	606	GCA_018365775.1_ASM1836577v1_genomic	ldh	L-lactate dehydrogenase
COHCHOOG_01809	tr|A0A173RVN0|A0A173RVN0_ANAHA	99.7	317	1	0	1	317	1	317	1.54e-221	604	GCA_018365775.1_ASM1836577v1_genomic	ldh	L-lactate dehydrogenase
COHCHOOG_01809	tr|D4MZ79|D4MZ79_ANAHA	99.7	317	1	0	1	317	1	317	2.1799999999999999e-221	603	GCA_018365775.1_ASM1836577v1_genomic	ldh	L-lactate dehydrogenase
COHCHOOG_01913	tr|A0A415WCX6|A0A415WCX6_9FIRM	100	317	0	0	1	317	1	317	6.089999999999999e-228	620	GCA_018365775.1_ASM1836577v1_genomic	ldh	L-lactate dehydrogenase
COHCHOOG_01913	tr|A0A173XAM2|A0A173XAM2_ANAHA	99.7	317	1	0	1	317	1	317	8.649999999999999e-228	620	GCA_018365775.1_ASM1836577v1_genomic	ldh	L-lactate dehydrogenase
COHCHOOG_01913	tr|A0A174KPY8|A0A174KPY8_ANAHA	99.7	317	1	0	1	317	1	317	2.4799999999999994e-227	619	GCA_018365775.1_ASM1836577v1_genomic	ldh	L-lactate dehydrogenase
COHCHOOG_01913	tr|A0A417V6R1|A0A417V6R1_9FIRM	99.7	317	1	0	1	317	1	317	2.4799999999999994e-227	619	GCA_018365775.1_ASM1836577v1_genomic	ldh	L-lactate dehydrogenase
COHCHOOG_01913	tr|A0A6N2QXW7|A0A6N2QXW7_ANAHA	99.4	317	2	0	1	317	1	317	1.43e-226	617	GCA_018365775.1_ASM1836577v1_genomic	ldh	L-lactate dehydrogenase
COHCHOOG_01913	tr|D4MZM0|D4MZM0_ANAHA	99.4	317	2	0	1	317	1	317	2.8899999999999998e-226	616	GCA_018365775.1_ASM1836577v1_genomic	ldh	L-lactate dehydrogenase
COHCHOOG_01913	tr|A0A415Y5S4|A0A415Y5S4_9FIRM	99.1	317	3	0	1	317	1	317	1.1799999999999998e-225	614	GCA_018365775.1_ASM1836577v1_genomic	ldh	L-lactate dehydrogenase
OHEALFFL_02676	tr|A0A374AUN4|A0A374AUN4_9FIRM	100	314	0	0	1	314	1	314	2.67e-225	613	GCA_018375095.1_ASM1837509v1_genomic	ldh	L-lactate dehydrogenase
OHEALFFL_02676	tr|A2CHG9|A2CHG9_9FIRM	99.7	314	1	0	1	314	1	314	3.119999999999999e-224	610	GCA_018375095.1_ASM1837509v1_genomic	ldh	L-lactate dehydrogenase
OHEALFFL_02676	tr|B0MC57|B0MC57_ANACD	99.7	314	1	0	1	314	1	314	3.119999999999999e-224	610	GCA_018375095.1_ASM1837509v1_genomic	ldh	L-lactate dehydrogenase
OHEALFFL_03057	tr|A0A374AT20|A0A374AT20_9FIRM	99.7	315	1	0	1	315	1	315	3.6699999999999996e-228	620	GCA_018375095.1_ASM1837509v1_genomic	ldh	L-lactate dehydrogenase
CGPEJKEM_02266	tr|A0A4P8IGL8|A0A4P8IGL8_9FIRM	91.1	314	28	0	1	314	1	314	3.9999999999999995e-211	577	GCA_018381315.1_ASM1838131v1_genomic	ldh	L-lactate dehydrogenase
CGPEJKEM_02699	tr|A0A4P8IKH9|A0A4P8IKH9_9FIRM	96.8	314	10	0	1	314	1	314	7.869999999999999e-218	594	GCA_018381315.1_ASM1838131v1_genomic	ldh	L-lactate dehydrogenase
PHOGJLGL_02470	tr|A0A9D1WUL9|A0A9D1WUL9_9FIRM	100	314	0	0	1	314	1	314	1.3799999999999997e-227	619	GCA_019114985.1_ASM1911498v1_genomic	ldh	L-lactate dehydrogenase
PHOGJLGL_02484	tr|A0A9D2B8N6|A0A9D2B8N6_9FIRM	100	321	0	0	1	321	1	321	1.1499999999999997e-234	637	GCA_019114985.1_ASM1911498v1_genomic	ldh	L-lactate dehydrogenase
GMFGONPC_00897	tr|A0A9D2T8F7|A0A9D2T8F7_9FIRM	100	316	0	0	1	316	1	316	7.149999999999999e-231	627	GCA_019119895.1_ASM1911989v1_genomic	ldh	L-lactate dehydrogenase
GMFGONPC_02072	tr|A0A9D2T8M8|A0A9D2T8M8_9FIRM	100	317	0	0	1	317	1	317	3.1499999999999998e-230	626	GCA_019119895.1_ASM1911989v1_genomic	ldh	L-lactate dehydrogenase
KFGAIAHJ_01303	tr|A0A1C5YE08|A0A1C5YE08_9FIRM	100	317	0	0	1	317	1	317	4.5899999999999995e-223	608	GCA_900066705.1_14207_7_32_genomic	ldh	L-lactate dehydrogenase
KFGAIAHJ_02094	tr|A0A1C5ZCL2|A0A1C5ZCL2_9FIRM	100	317	0	0	1	317	1	317	1.2299999999999997e-227	619	GCA_900066705.1_14207_7_32_genomic	ldh	L-lactate dehydrogenase
KFGAIAHJ_02545	tr|A0A1C6A540|A0A1C6A540_9FIRM	100	313	0	0	1	313	1	313	2.7699999999999996e-222	605	GCA_900066705.1_14207_7_32_genomic	ldh	L-lactate dehydrogenase
NGLOOAMH_02386	tr|A0A9D1WUL9|A0A9D1WUL9_9FIRM	100	314	0	0	1	314	1	314	1.3799999999999997e-227	619	GCA_904419485.1_Chicken_16_mag_180_genomic	ldh	L-lactate dehydrogenase
NGLOOAMH_02400	tr|A0A9D2B8N6|A0A9D2B8N6_9FIRM	100	321	0	0	1	321	1	321	1.1499999999999997e-234	637	GCA_904419485.1_Chicken_16_mag_180_genomic	ldh	L-lactate dehydrogenase
JCLDBKBJ_00662	tr|A0A916Q762|A0A916Q762_9FIRM	95.6	317	14	0	1	317	1	317	2.09e-219	598	GCA_904419565.1_Chicken_21_mag_8_genomic	ldh	L-lactate dehydrogenase
JCLDBKBJ_00678	tr|A0A916Q742|A0A916Q742_9FIRM	100	316	0	0	1	316	1	316	6.849999999999999e-229	622	GCA_904419565.1_Chicken_21_mag_8_genomic	ldh	L-lactate dehydrogenase
AELLMANC_01302	tr|A0A374AT20|A0A374AT20_9FIRM	99.4	315	2	0	1	315	1	315	9.009999999999998e-229	622	GCA_905199235.1_SRR2912801-mag-bin.12_genomic	ldh	L-lactate dehydrogenase
AELLMANC_01302	tr|A0A6N2S1F9|A0A6N2S1F9_9FIRM	98.7	315	4	0	1	315	1	315	4.279999999999999e-227	618	GCA_905199235.1_SRR2912801-mag-bin.12_genomic	ldh	L-lactate dehydrogenase
AELLMANC_01302	tr|B0MJF7|B0MJF7_ANACD	98.7	315	4	0	1	315	1	315	4.279999999999999e-227	618	GCA_905199235.1_SRR2912801-mag-bin.12_genomic	ldh	L-lactate dehydrogenase
AELLMANC_02462	tr|A2CHG9|A2CHG9_9FIRM	99.7	314	1	0	1	314	1	314	1.27e-223	609	GCA_905199235.1_SRR2912801-mag-bin.12_genomic	ldh	L-lactate dehydrogenase
AELLMANC_02462	tr|B0MC57|B0MC57_ANACD	99.7	314	1	0	1	314	1	314	1.27e-223	609	GCA_905199235.1_SRR2912801-mag-bin.12_genomic	ldh	L-lactate dehydrogenase
AELLMANC_02462	tr|A0A374AUN4|A0A374AUN4_9FIRM	99.4	314	2	0	1	314	1	314	7.339999999999999e-223	607	GCA_905199235.1_SRR2912801-mag-bin.12_genomic	ldh	L-lactate dehydrogenase
GBIGEHMO_00394	tr|A0A374AQT8|A0A374AQT8_9FIRM	99.7	317	1	0	1	317	8	324	1.3999999999999999e-221	604	GCA_905206325.1_ERR1600569-mag-bin.31_genomic	ldh	L-lactate dehydrogenase
GBIGEHMO_00647	tr|A0A374AWZ2|A0A374AWZ2_9FIRM	99	315	3	0	1	315	1	315	1.8699999999999998e-221	603	GCA_905206325.1_ERR1600569-mag-bin.31_genomic	ldh	L-lactate dehydrogenase
GBIGEHMO_01498	tr|A0A374AS61|A0A374AS61_9FIRM	99.7	317	1	0	1	317	1	317	8.649999999999999e-228	620	GCA_905206325.1_ERR1600569-mag-bin.31_genomic	ldh	L-lactate dehydrogenase
BOMDPHAE_00513	tr|A0A6N2S1F9|A0A6N2S1F9_9FIRM	95.2	314	15	0	1	314	1	314	5.9999999999999996e-220	600	GCA_910574135.1_MGBC000029_genomic	ldh	L-lactate dehydrogenase
BOMDPHAE_00513	tr|B0MJF7|B0MJF7_ANACD	95.2	314	15	0	1	314	1	314	5.9999999999999996e-220	600	GCA_910574135.1_MGBC000029_genomic	ldh	L-lactate dehydrogenase
BOMDPHAE_00513	tr|A0A374AT20|A0A374AT20_9FIRM	94.6	314	17	0	1	314	1	314	2.85e-218	595	GCA_910574135.1_MGBC000029_genomic	ldh	L-lactate dehydrogenase
BOMDPHAE_02850	tr|A2CHG9|A2CHG9_9FIRM	97.8	314	7	0	1	314	1	314	3.49e-221	603	GCA_910574135.1_MGBC000029_genomic	ldh	L-lactate dehydrogenase
BOMDPHAE_02850	tr|B0MC57|B0MC57_ANACD	97.8	314	7	0	1	314	1	314	3.49e-221	603	GCA_910574135.1_MGBC000029_genomic	ldh	L-lactate dehydrogenase
BOMDPHAE_02850	tr|A0A374AUN4|A0A374AUN4_9FIRM	97.5	314	8	0	1	314	1	314	2.0199999999999997e-220	601	GCA_910574135.1_MGBC000029_genomic	ldh	L-lactate dehydrogenase
PEOBIMBK_00273	tr|A0A6N2S1F9|A0A6N2S1F9_9FIRM	94.9	314	16	0	1	314	1	314	2.4399999999999998e-219	598	GCA_910574775.1_MGBC000097_genomic	ldh	L-lactate dehydrogenase
PEOBIMBK_00273	tr|B0MJF7|B0MJF7_ANACD	94.9	314	16	0	1	314	1	314	2.4399999999999998e-219	598	GCA_910574775.1_MGBC000097_genomic	ldh	L-lactate dehydrogenase
PEOBIMBK_00273	tr|A0A374AT20|A0A374AT20_9FIRM	94.3	314	18	0	1	314	1	314	1.1599999999999999e-217	594	GCA_910574775.1_MGBC000097_genomic	ldh	L-lactate dehydrogenase
PEOBIMBK_03008	tr|A2CHG9|A2CHG9_9FIRM	97.8	314	7	0	1	314	1	314	3.49e-221	603	GCA_910574775.1_MGBC000097_genomic	ldh	L-lactate dehydrogenase
PEOBIMBK_03008	tr|B0MC57|B0MC57_ANACD	97.8	314	7	0	1	314	1	314	3.49e-221	603	GCA_910574775.1_MGBC000097_genomic	ldh	L-lactate dehydrogenase
PEOBIMBK_03008	tr|A0A374AUN4|A0A374AUN4_9FIRM	97.5	314	8	0	1	314	1	314	2.0199999999999997e-220	601	GCA_910574775.1_MGBC000097_genomic	ldh	L-lactate dehydrogenase
OLPJKGML_00001	tr|A0A6N2S1F9|A0A6N2S1F9_9FIRM	94.9	314	16	0	1	314	1	314	2.4399999999999998e-219	598	GCA_910574945.1_MGBC000090_genomic	ldh	L-lactate dehydrogenase
OLPJKGML_00001	tr|B0MJF7|B0MJF7_ANACD	94.9	314	16	0	1	314	1	314	2.4399999999999998e-219	598	GCA_910574945.1_MGBC000090_genomic	ldh	L-lactate dehydrogenase
OLPJKGML_00001	tr|A0A374AT20|A0A374AT20_9FIRM	94.3	314	18	0	1	314	1	314	1.1599999999999999e-217	594	GCA_910574945.1_MGBC000090_genomic	ldh	L-lactate dehydrogenase
OLPJKGML_03010	tr|A2CHG9|A2CHG9_9FIRM	97.8	314	7	0	1	314	1	314	3.49e-221	603	GCA_910574945.1_MGBC000090_genomic	ldh	L-lactate dehydrogenase
OLPJKGML_03010	tr|B0MC57|B0MC57_ANACD	97.8	314	7	0	1	314	1	314	3.49e-221	603	GCA_910574945.1_MGBC000090_genomic	ldh	L-lactate dehydrogenase
OLPJKGML_03010	tr|A0A374AUN4|A0A374AUN4_9FIRM	97.5	314	8	0	1	314	1	314	2.0199999999999997e-220	601	GCA_910574945.1_MGBC000090_genomic	ldh	L-lactate dehydrogenase
HHFKICIG_00569	tr|A0A6N2S1F9|A0A6N2S1F9_9FIRM	94.9	314	16	0	1	314	1	314	2.4399999999999998e-219	598	GCA_910575065.1_MGBC000096_genomic	ldh	L-lactate dehydrogenase
HHFKICIG_00569	tr|B0MJF7|B0MJF7_ANACD	94.9	314	16	0	1	314	1	314	2.4399999999999998e-219	598	GCA_910575065.1_MGBC000096_genomic	ldh	L-lactate dehydrogenase
HHFKICIG_00569	tr|A0A374AT20|A0A374AT20_9FIRM	94.3	314	18	0	1	314	1	314	1.1599999999999999e-217	594	GCA_910575065.1_MGBC000096_genomic	ldh	L-lactate dehydrogenase
HHFKICIG_02849	tr|A2CHG9|A2CHG9_9FIRM	97.8	314	7	0	1	314	1	314	3.49e-221	603	GCA_910575065.1_MGBC000096_genomic	ldh	L-lactate dehydrogenase
HHFKICIG_02849	tr|B0MC57|B0MC57_ANACD	97.8	314	7	0	1	314	1	314	3.49e-221	603	GCA_910575065.1_MGBC000096_genomic	ldh	L-lactate dehydrogenase
HHFKICIG_02849	tr|A0A374AUN4|A0A374AUN4_9FIRM	97.5	314	8	0	1	314	1	314	2.0199999999999997e-220	601	GCA_910575065.1_MGBC000096_genomic	ldh	L-lactate dehydrogenase
HCONJCLK_00295	tr|A0A6N2S1F9|A0A6N2S1F9_9FIRM	94.9	314	16	0	1	314	1	314	2.4399999999999998e-219	598	GCA_910575135.1_MGBC000098_genomic	ldh	L-lactate dehydrogenase
HCONJCLK_00295	tr|B0MJF7|B0MJF7_ANACD	94.9	314	16	0	1	314	1	314	2.4399999999999998e-219	598	GCA_910575135.1_MGBC000098_genomic	ldh	L-lactate dehydrogenase
HCONJCLK_00295	tr|A0A374AT20|A0A374AT20_9FIRM	94.3	314	18	0	1	314	1	314	1.1599999999999999e-217	594	GCA_910575135.1_MGBC000098_genomic	ldh	L-lactate dehydrogenase
HCONJCLK_02887	tr|A2CHG9|A2CHG9_9FIRM	97.8	314	7	0	1	314	1	314	3.49e-221	603	GCA_910575135.1_MGBC000098_genomic	ldh	L-lactate dehydrogenase
HCONJCLK_02887	tr|B0MC57|B0MC57_ANACD	97.8	314	7	0	1	314	1	314	3.49e-221	603	GCA_910575135.1_MGBC000098_genomic	ldh	L-lactate dehydrogenase
HCONJCLK_02887	tr|A0A374AUN4|A0A374AUN4_9FIRM	97.5	314	8	0	1	314	1	314	2.0199999999999997e-220	601	GCA_910575135.1_MGBC000098_genomic	ldh	L-lactate dehydrogenase
CCPHMFGG_00089	tr|A0A6N2S1F9|A0A6N2S1F9_9FIRM	100	315	0	0	1	315	1	315	1.33e-230	627	GCF_000154305.1_ASM15430v1_genomic	ldh	L-lactate dehydrogenase
CCPHMFGG_00089	tr|B0MJF7|B0MJF7_ANACD	100	315	0	0	1	315	1	315	1.33e-230	627	GCF_000154305.1_ASM15430v1_genomic	ldh	L-lactate dehydrogenase
CCPHMFGG_01647	tr|A2CHG9|A2CHG9_9FIRM	100	314	0	0	1	314	1	314	1.5499999999999996e-224	611	GCF_000154305.1_ASM15430v1_genomic	ldh	L-lactate dehydrogenase
CCPHMFGG_01647	tr|B0MC57|B0MC57_ANACD	100	314	0	0	1	314	1	314	1.5499999999999996e-224	611	GCF_000154305.1_ASM15430v1_genomic	ldh	L-lactate dehydrogenase
CCPHMFGG_01647	tr|A0A374AUN4|A0A374AUN4_9FIRM	99.7	314	1	0	1	314	1	314	8.939999999999998e-224	609	GCF_000154305.1_ASM15430v1_genomic	ldh	L-lactate dehydrogenase
ADFGDNLJ_02136	tr|D4MZ79|D4MZ79_ANAHA	100	317	0	0	1	317	1	317	5.359999999999999e-222	605	GCF_000154545.1_ASM15454v1_genomic	ldh	L-lactate dehydrogenase
ADFGDNLJ_02136	tr|A0A415WB88|A0A415WB88_9FIRM	99.7	317	1	0	1	317	19	335	6.05e-221	603	GCF_000154545.1_ASM15454v1_genomic	ldh	L-lactate dehydrogenase
ADFGDNLJ_02136	tr|A0A415YL33|A0A415YL33_9FIRM	99.7	317	1	0	1	317	19	335	6.05e-221	603	GCF_000154545.1_ASM15454v1_genomic	ldh	L-lactate dehydrogenase
ADFGDNLJ_02136	tr|A0A417JUU1|A0A417JUU1_9FIRM	99.7	317	1	0	1	317	19	335	6.05e-221	603	GCF_000154545.1_ASM15454v1_genomic	ldh	L-lactate dehydrogenase
ADFGDNLJ_02136	tr|A0A417V7X9|A0A417V7X9_9FIRM	99.7	317	1	0	1	317	19	335	6.05e-221	603	GCF_000154545.1_ASM15454v1_genomic	ldh	L-lactate dehydrogenase
ADFGDNLJ_02136	tr|A0A173TV67|A0A173TV67_ANAHA	99.7	317	1	0	1	317	1	317	3.1e-221	603	GCF_000154545.1_ASM15454v1_genomic	ldh	L-lactate dehydrogenase
ADFGDNLJ_02136	tr|E5VGR6|E5VGR6_9FIRM	99.7	317	1	0	1	317	1	317	3.1e-221	603	GCF_000154545.1_ASM15454v1_genomic	ldh	L-lactate dehydrogenase
ADFGDNLJ_02136	tr|A0A173RVN0|A0A173RVN0_ANAHA	99.4	317	2	0	1	317	1	317	1.79e-220	601	GCF_000154545.1_ASM15454v1_genomic	ldh	L-lactate dehydrogenase
ADFGDNLJ_02923	tr|A0A415Y5S4|A0A415Y5S4_9FIRM	100	317	0	0	1	317	1	317	4.2799999999999996e-228	620	GCF_000154545.1_ASM15454v1_genomic	ldh	L-lactate dehydrogenase
ADFGDNLJ_02923	tr|D4MZM0|D4MZM0_ANAHA	99.7	317	1	0	1	317	1	317	2.4799999999999994e-227	619	GCF_000154545.1_ASM15454v1_genomic	ldh	L-lactate dehydrogenase
ADFGDNLJ_02923	tr|A0A173S8Z7|A0A173S8Z7_ANAHA	99.1	317	3	0	1	317	1	317	4.11e-226	615	GCF_000154545.1_ASM15454v1_genomic	ldh	L-lactate dehydrogenase
ADFGDNLJ_02923	tr|A0AAQ3GQJ6|A0AAQ3GQJ6_ANAHA	99.1	317	3	0	1	317	1	317	4.11e-226	615	GCF_000154545.1_ASM15454v1_genomic	ldh	L-lactate dehydrogenase
ADFGDNLJ_02923	tr|E5VG93|E5VG93_9FIRM	99.1	317	3	0	1	317	1	317	4.11e-226	615	GCF_000154545.1_ASM15454v1_genomic	ldh	L-lactate dehydrogenase
ADFGDNLJ_02923	tr|A0A415WCX6|A0A415WCX6_9FIRM	99.1	317	3	0	1	317	1	317	1.1799999999999998e-225	614	GCF_000154545.1_ASM15454v1_genomic	ldh	L-lactate dehydrogenase
GBMCNOMD_00060	tr|A0AAQ3GQJ6|A0AAQ3GQJ6_ANAHA	100	317	0	0	1	317	1	317	3.0199999999999995e-228	621	GCF_000185525.1_ASM18552v1_genomic	ldh	L-lactate dehydrogenase
GBMCNOMD_00060	tr|E5VG93|E5VG93_9FIRM	100	317	0	0	1	317	1	317	3.0199999999999995e-228	621	GCF_000185525.1_ASM18552v1_genomic	ldh	L-lactate dehydrogenase
GBMCNOMD_00060	tr|D4MZM0|D4MZM0_ANAHA	99.4	317	2	0	1	317	1	317	1.01e-226	617	GCF_000185525.1_ASM18552v1_genomic	ldh	L-lactate dehydrogenase
GBMCNOMD_00060	tr|A0A415Y5S4|A0A415Y5S4_9FIRM	99.1	317	3	0	1	317	1	317	4.11e-226	615	GCF_000185525.1_ASM18552v1_genomic	ldh	L-lactate dehydrogenase
GBMCNOMD_00237	tr|A0A415WB88|A0A415WB88_9FIRM	100	317	0	0	1	317	19	335	5.179999999999999e-222	606	GCF_000185525.1_ASM18552v1_genomic	ldh	L-lactate dehydrogenase
GBMCNOMD_00237	tr|A0A415YL33|A0A415YL33_9FIRM	100	317	0	0	1	317	19	335	5.179999999999999e-222	606	GCF_000185525.1_ASM18552v1_genomic	ldh	L-lactate dehydrogenase
GBMCNOMD_00237	tr|A0A417JUU1|A0A417JUU1_9FIRM	100	317	0	0	1	317	19	335	5.179999999999999e-222	606	GCF_000185525.1_ASM18552v1_genomic	ldh	L-lactate dehydrogenase
GBMCNOMD_00237	tr|A0A417V7X9|A0A417V7X9_9FIRM	100	317	0	0	1	317	19	335	5.179999999999999e-222	606	GCF_000185525.1_ASM18552v1_genomic	ldh	L-lactate dehydrogenase
GBMCNOMD_00237	tr|A0A173TV67|A0A173TV67_ANAHA	100	317	0	0	1	317	1	317	2.6599999999999995e-222	606	GCF_000185525.1_ASM18552v1_genomic	ldh	L-lactate dehydrogenase
GBMCNOMD_00237	tr|E5VGR6|E5VGR6_9FIRM	100	317	0	0	1	317	1	317	2.6599999999999995e-222	606	GCF_000185525.1_ASM18552v1_genomic	ldh	L-lactate dehydrogenase
GBMCNOMD_00237	tr|A0A173RVN0|A0A173RVN0_ANAHA	99.7	317	1	0	1	317	1	317	1.54e-221	604	GCF_000185525.1_ASM18552v1_genomic	ldh	L-lactate dehydrogenase
GBMCNOMD_00237	tr|D4MZ79|D4MZ79_ANAHA	99.7	317	1	0	1	317	1	317	2.1799999999999999e-221	603	GCF_000185525.1_ASM18552v1_genomic	ldh	L-lactate dehydrogenase
GBMCNOMD_00247	tr|A0A1Q2C936|A0A1Q2C936_ANAHA	100	318	0	0	1	318	1	318	1.73e-223	609	GCF_000185525.1_ASM18552v1_genomic	ldh	L-lactate dehydrogenase
GBMCNOMD_00247	tr|A0A415YKX9|A0A415YKX9_9FIRM	100	318	0	0	1	318	1	318	1.73e-223	609	GCF_000185525.1_ASM18552v1_genomic	ldh	L-lactate dehydrogenase
GBMCNOMD_00247	tr|E5VGS4|E5VGS4_9FIRM	100	318	0	0	1	318	1	318	1.73e-223	609	GCF_000185525.1_ASM18552v1_genomic	ldh	L-lactate dehydrogenase
INJFBHEB_00978	tr|A0A374AUN4|A0A374AUN4_9FIRM	100	314	0	0	1	314	1	314	2.67e-225	613	GCF_000185825.1_ASM18582v1_genomic	ldh	L-lactate dehydrogenase
INJFBHEB_00978	tr|A2CHG9|A2CHG9_9FIRM	99.7	314	1	0	1	314	1	314	3.119999999999999e-224	610	GCF_000185825.1_ASM18582v1_genomic	ldh	L-lactate dehydrogenase
INJFBHEB_00978	tr|B0MC57|B0MC57_ANACD	99.7	314	1	0	1	314	1	314	3.119999999999999e-224	610	GCF_000185825.1_ASM18582v1_genomic	ldh	L-lactate dehydrogenase
INJFBHEB_02313	tr|A0A374AT20|A0A374AT20_9FIRM	100	315	0	0	1	315	1	315	1.0999999999999998e-229	624	GCF_000185825.1_ASM18582v1_genomic	ldh	L-lactate dehydrogenase
DLMLEDEJ_00880	tr|D4MZ79|D4MZ79_ANAHA	100	317	0	0	1	317	1	317	5.359999999999999e-222	605	GCF_000210695.1_ASM21069v1_genomic	ldh	L-lactate dehydrogenase
DLMLEDEJ_00880	tr|A0A415WB88|A0A415WB88_9FIRM	99.7	317	1	0	1	317	19	335	6.05e-221	603	GCF_000210695.1_ASM21069v1_genomic	ldh	L-lactate dehydrogenase
DLMLEDEJ_00880	tr|A0A415YL33|A0A415YL33_9FIRM	99.7	317	1	0	1	317	19	335	6.05e-221	603	GCF_000210695.1_ASM21069v1_genomic	ldh	L-lactate dehydrogenase
DLMLEDEJ_00880	tr|A0A417JUU1|A0A417JUU1_9FIRM	99.7	317	1	0	1	317	19	335	6.05e-221	603	GCF_000210695.1_ASM21069v1_genomic	ldh	L-lactate dehydrogenase
DLMLEDEJ_00880	tr|A0A417V7X9|A0A417V7X9_9FIRM	99.7	317	1	0	1	317	19	335	6.05e-221	603	GCF_000210695.1_ASM21069v1_genomic	ldh	L-lactate dehydrogenase
DLMLEDEJ_00880	tr|A0A173TV67|A0A173TV67_ANAHA	99.7	317	1	0	1	317	1	317	3.1e-221	603	GCF_000210695.1_ASM21069v1_genomic	ldh	L-lactate dehydrogenase
DLMLEDEJ_00880	tr|E5VGR6|E5VGR6_9FIRM	99.7	317	1	0	1	317	1	317	3.1e-221	603	GCF_000210695.1_ASM21069v1_genomic	ldh	L-lactate dehydrogenase
DLMLEDEJ_00880	tr|A0A173RVN0|A0A173RVN0_ANAHA	99.4	317	2	0	1	317	1	317	1.79e-220	601	GCF_000210695.1_ASM21069v1_genomic	ldh	L-lactate dehydrogenase
DLMLEDEJ_01037	tr|D4MZM0|D4MZM0_ANAHA	100	317	0	0	1	317	1	317	6.089999999999999e-228	620	GCF_000210695.1_ASM21069v1_genomic	ldh	L-lactate dehydrogenase
DLMLEDEJ_01037	tr|A0A415Y5S4|A0A415Y5S4_9FIRM	99.7	317	1	0	1	317	1	317	2.4799999999999994e-227	619	GCF_000210695.1_ASM21069v1_genomic	ldh	L-lactate dehydrogenase
DLMLEDEJ_01037	tr|A0AAQ3GQJ6|A0AAQ3GQJ6_ANAHA	99.4	317	2	0	1	317	1	317	1.01e-226	617	GCF_000210695.1_ASM21069v1_genomic	ldh	L-lactate dehydrogenase
DLMLEDEJ_01037	tr|E5VG93|E5VG93_9FIRM	99.4	317	2	0	1	317	1	317	1.01e-226	617	GCF_000210695.1_ASM21069v1_genomic	ldh	L-lactate dehydrogenase
DLMLEDEJ_01037	tr|A0A415WCX6|A0A415WCX6_9FIRM	99.4	317	2	0	1	317	1	317	2.8899999999999998e-226	616	GCF_000210695.1_ASM21069v1_genomic	ldh	L-lactate dehydrogenase
DLMLEDEJ_01037	tr|A0A173S8Z7|A0A173S8Z7_ANAHA	99.1	317	3	0	1	317	1	317	4.11e-226	615	GCF_000210695.1_ASM21069v1_genomic	ldh	L-lactate dehydrogenase
DLMLEDEJ_01037	tr|A0A173XAM2|A0A173XAM2_ANAHA	99.1	317	3	0	1	317	1	317	4.11e-226	615	GCF_000210695.1_ASM21069v1_genomic	ldh	L-lactate dehydrogenase
DLMLEDEJ_01037	tr|A0A6N2QXW7|A0A6N2QXW7_ANAHA	99.4	317	2	0	1	317	1	317	5.829999999999999e-226	615	GCF_000210695.1_ASM21069v1_genomic	ldh	L-lactate dehydrogenase
DLMLEDEJ_01037	tr|A0A417K180|A0A417K180_9FIRM	99.4	317	2	0	1	317	1	317	8.29e-226	615	GCF_000210695.1_ASM21069v1_genomic	ldh	L-lactate dehydrogenase
DLMLEDEJ_01037	tr|A0A174KPY8|A0A174KPY8_ANAHA	99.1	317	3	0	1	317	1	317	1.1799999999999998e-225	614	GCF_000210695.1_ASM21069v1_genomic	ldh	L-lactate dehydrogenase
DLMLEDEJ_01037	tr|A0A417V6R1|A0A417V6R1_9FIRM	99.1	317	3	0	1	317	1	317	1.1799999999999998e-225	614	GCF_000210695.1_ASM21069v1_genomic	ldh	L-lactate dehydrogenase
NAGOKMPI_02283	tr|A0A415WB88|A0A415WB88_9FIRM	99.7	317	1	0	1	317	19	335	1.49e-221	605	GCF_000332875.2_ASM33287v2_genomic	ldh	L-lactate dehydrogenase
NAGOKMPI_02283	tr|A0A415YL33|A0A415YL33_9FIRM	99.7	317	1	0	1	317	19	335	1.49e-221	605	GCF_000332875.2_ASM33287v2_genomic	ldh	L-lactate dehydrogenase
NAGOKMPI_02283	tr|A0A417JUU1|A0A417JUU1_9FIRM	99.7	317	1	0	1	317	19	335	1.49e-221	605	GCF_000332875.2_ASM33287v2_genomic	ldh	L-lactate dehydrogenase
NAGOKMPI_02283	tr|A0A417V7X9|A0A417V7X9_9FIRM	99.7	317	1	0	1	317	19	335	1.49e-221	605	GCF_000332875.2_ASM33287v2_genomic	ldh	L-lactate dehydrogenase
NAGOKMPI_02283	tr|A0A173TV67|A0A173TV67_ANAHA	99.7	317	1	0	1	317	1	317	7.609999999999999e-222	605	GCF_000332875.2_ASM33287v2_genomic	ldh	L-lactate dehydrogenase
NAGOKMPI_02283	tr|E5VGR6|E5VGR6_9FIRM	99.7	317	1	0	1	317	1	317	7.609999999999999e-222	605	GCF_000332875.2_ASM33287v2_genomic	ldh	L-lactate dehydrogenase
NAGOKMPI_02283	tr|A0A173RVN0|A0A173RVN0_ANAHA	99.4	317	2	0	1	317	1	317	4.4e-221	603	GCF_000332875.2_ASM33287v2_genomic	ldh	L-lactate dehydrogenase
NAGOKMPI_02283	tr|D4MZ79|D4MZ79_ANAHA	99.4	317	2	0	1	317	1	317	6.25e-221	602	GCF_000332875.2_ASM33287v2_genomic	ldh	L-lactate dehydrogenase
NAGOKMPI_02442	tr|A0A415Y5S4|A0A415Y5S4_9FIRM	99.1	317	3	0	1	317	1	317	8.29e-226	615	GCF_000332875.2_ASM33287v2_genomic	ldh	L-lactate dehydrogenase
NAGOKMPI_02442	tr|D4MZM0|D4MZM0_ANAHA	99.1	317	3	0	1	317	1	317	8.29e-226	615	GCF_000332875.2_ASM33287v2_genomic	ldh	L-lactate dehydrogenase
NAGOKMPI_02442	tr|A0A6N2QXW7|A0A6N2QXW7_ANAHA	99.1	317	3	0	1	317	1	317	1.67e-225	614	GCF_000332875.2_ASM33287v2_genomic	ldh	L-lactate dehydrogenase
NAGOKMPI_02442	tr|A0A173S8Z7|A0A173S8Z7_ANAHA	98.7	317	4	0	1	317	1	317	3.37e-225	613	GCF_000332875.2_ASM33287v2_genomic	ldh	L-lactate dehydrogenase
NAGOKMPI_02442	tr|A0AAQ3GQJ6|A0AAQ3GQJ6_ANAHA	98.4	317	5	0	1	317	1	317	1.3699999999999997e-224	612	GCF_000332875.2_ASM33287v2_genomic	ldh	L-lactate dehydrogenase
NAGOKMPI_02442	tr|E5VG93|E5VG93_9FIRM	98.4	317	5	0	1	317	1	317	1.3699999999999997e-224	612	GCF_000332875.2_ASM33287v2_genomic	ldh	L-lactate dehydrogenase
NAGOKMPI_02442	tr|A0A415WCX6|A0A415WCX6_9FIRM	98.4	317	5	0	1	317	1	317	3.9399999999999992e-224	610	GCF_000332875.2_ASM33287v2_genomic	ldh	L-lactate dehydrogenase
NAGOKMPI_02442	tr|A0A173XAM2|A0A173XAM2_ANAHA	98.1	317	6	0	1	317	1	317	5.589999999999998e-224	610	GCF_000332875.2_ASM33287v2_genomic	ldh	L-lactate dehydrogenase
NAGOKMPI_02442	tr|A0A417K180|A0A417K180_9FIRM	98.4	317	5	0	1	317	1	317	1.13e-223	609	GCF_000332875.2_ASM33287v2_genomic	ldh	L-lactate dehydrogenase
NAGOKMPI_02442	tr|A0A174KPY8|A0A174KPY8_ANAHA	98.1	317	6	0	1	317	1	317	1.5999999999999998e-223	609	GCF_000332875.2_ASM33287v2_genomic	ldh	L-lactate dehydrogenase
NAGOKMPI_02442	tr|A0A417V6R1|A0A417V6R1_9FIRM	98.1	317	6	0	1	317	1	317	1.5999999999999998e-223	609	GCF_000332875.2_ASM33287v2_genomic	ldh	L-lactate dehydrogenase
LLKGOANK_01136	tr|A0A374AT20|A0A374AT20_9FIRM	100	315	0	0	1	315	1	315	1.0999999999999998e-229	624	GCF_000432215.1_MGS276_genomic	ldh	L-lactate dehydrogenase
LLKGOANK_02953	tr|A0A374AUN4|A0A374AUN4_9FIRM	100	314	0	0	1	314	1	314	2.67e-225	613	GCF_000432215.1_MGS276_genomic	ldh	L-lactate dehydrogenase
LLKGOANK_02953	tr|A2CHG9|A2CHG9_9FIRM	99.7	314	1	0	1	314	1	314	3.119999999999999e-224	610	GCF_000432215.1_MGS276_genomic	ldh	L-lactate dehydrogenase
LLKGOANK_02953	tr|B0MC57|B0MC57_ANACD	99.7	314	1	0	1	314	1	314	3.119999999999999e-224	610	GCF_000432215.1_MGS276_genomic	ldh	L-lactate dehydrogenase
HLBILBHM_02571	tr|A2CHG9|A2CHG9_9FIRM	97.8	314	7	0	1	314	1	314	3.49e-221	603	GCF_000508985.1_ASM50898v1_genomic	ldh	L-lactate dehydrogenase
HLBILBHM_02571	tr|B0MC57|B0MC57_ANACD	97.8	314	7	0	1	314	1	314	3.49e-221	603	GCF_000508985.1_ASM50898v1_genomic	ldh	L-lactate dehydrogenase
HLBILBHM_02571	tr|A0A374AUN4|A0A374AUN4_9FIRM	97.5	314	8	0	1	314	1	314	2.0199999999999997e-220	601	GCF_000508985.1_ASM50898v1_genomic	ldh	L-lactate dehydrogenase
HLBILBHM_03013	tr|A0A6N2S1F9|A0A6N2S1F9_9FIRM	95.2	314	15	0	1	314	1	314	5.9999999999999996e-220	600	GCF_000508985.1_ASM50898v1_genomic	ldh	L-lactate dehydrogenase
HLBILBHM_03013	tr|B0MJF7|B0MJF7_ANACD	95.2	314	15	0	1	314	1	314	5.9999999999999996e-220	600	GCF_000508985.1_ASM50898v1_genomic	ldh	L-lactate dehydrogenase
HLBILBHM_03013	tr|A0A374AT20|A0A374AT20_9FIRM	94.6	314	17	0	1	314	1	314	2.85e-218	595	GCF_000508985.1_ASM50898v1_genomic	ldh	L-lactate dehydrogenase
HCABBDHA_00365	tr|A0A173RVN0|A0A173RVN0_ANAHA	100	317	0	0	1	317	1	317	1.3199999999999998e-222	607	GCF_000876135.1_ASM87613v1_genomic	ldh	L-lactate dehydrogenase
HCABBDHA_00365	tr|A0A415WB88|A0A415WB88_9FIRM	99.7	317	1	0	1	317	19	335	1.49e-221	605	GCF_000876135.1_ASM87613v1_genomic	ldh	L-lactate dehydrogenase
HCABBDHA_00365	tr|A0A415YL33|A0A415YL33_9FIRM	99.7	317	1	0	1	317	19	335	1.49e-221	605	GCF_000876135.1_ASM87613v1_genomic	ldh	L-lactate dehydrogenase
HCABBDHA_00365	tr|A0A417JUU1|A0A417JUU1_9FIRM	99.7	317	1	0	1	317	19	335	1.49e-221	605	GCF_000876135.1_ASM87613v1_genomic	ldh	L-lactate dehydrogenase
HCABBDHA_00365	tr|A0A417V7X9|A0A417V7X9_9FIRM	99.7	317	1	0	1	317	19	335	1.49e-221	605	GCF_000876135.1_ASM87613v1_genomic	ldh	L-lactate dehydrogenase
HCABBDHA_00365	tr|A0A173TV67|A0A173TV67_ANAHA	99.7	317	1	0	1	317	1	317	7.609999999999999e-222	605	GCF_000876135.1_ASM87613v1_genomic	ldh	L-lactate dehydrogenase
HCABBDHA_00365	tr|E5VGR6|E5VGR6_9FIRM	99.7	317	1	0	1	317	1	317	7.609999999999999e-222	605	GCF_000876135.1_ASM87613v1_genomic	ldh	L-lactate dehydrogenase
HCABBDHA_00365	tr|D4MZ79|D4MZ79_ANAHA	99.4	317	2	0	1	317	1	317	6.25e-221	602	GCF_000876135.1_ASM87613v1_genomic	ldh	L-lactate dehydrogenase
HCABBDHA_01823	tr|A0A415Y5S4|A0A415Y5S4_9FIRM	99.4	317	2	0	1	317	1	317	1.01e-226	617	GCF_000876135.1_ASM87613v1_genomic	ldh	L-lactate dehydrogenase
HCABBDHA_01823	tr|D4MZM0|D4MZM0_ANAHA	99.4	317	2	0	1	317	1	317	1.01e-226	617	GCF_000876135.1_ASM87613v1_genomic	ldh	L-lactate dehydrogenase
HCABBDHA_01823	tr|A0A173S8Z7|A0A173S8Z7_ANAHA	99.1	317	3	0	1	317	1	317	4.11e-226	615	GCF_000876135.1_ASM87613v1_genomic	ldh	L-lactate dehydrogenase
HCABBDHA_01823	tr|A0AAQ3GQJ6|A0AAQ3GQJ6_ANAHA	98.7	317	4	0	1	317	1	317	1.67e-225	614	GCF_000876135.1_ASM87613v1_genomic	ldh	L-lactate dehydrogenase
HCABBDHA_01823	tr|E5VG93|E5VG93_9FIRM	98.7	317	4	0	1	317	1	317	1.67e-225	614	GCF_000876135.1_ASM87613v1_genomic	ldh	L-lactate dehydrogenase
HCABBDHA_01823	tr|A0A415WCX6|A0A415WCX6_9FIRM	98.7	317	4	0	1	317	1	317	4.79e-225	613	GCF_000876135.1_ASM87613v1_genomic	ldh	L-lactate dehydrogenase
HCABBDHA_01823	tr|A0A173XAM2|A0A173XAM2_ANAHA	98.4	317	5	0	1	317	1	317	6.809999999999999e-225	612	GCF_000876135.1_ASM87613v1_genomic	ldh	L-lactate dehydrogenase
HCABBDHA_01823	tr|A0A6N2QXW7|A0A6N2QXW7_ANAHA	98.7	317	4	0	1	317	1	317	9.669999999999999e-225	612	GCF_000876135.1_ASM87613v1_genomic	ldh	L-lactate dehydrogenase
HCABBDHA_01823	tr|A0A417K180|A0A417K180_9FIRM	98.7	317	4	0	1	317	1	317	1.3699999999999997e-224	612	GCF_000876135.1_ASM87613v1_genomic	ldh	L-lactate dehydrogenase
HCABBDHA_01823	tr|A0A174KPY8|A0A174KPY8_ANAHA	98.4	317	5	0	1	317	1	317	1.9499999999999997e-224	611	GCF_000876135.1_ASM87613v1_genomic	ldh	L-lactate dehydrogenase
HCABBDHA_01823	tr|A0A417V6R1|A0A417V6R1_9FIRM	98.4	317	5	0	1	317	1	317	1.9499999999999997e-224	611	GCF_000876135.1_ASM87613v1_genomic	ldh	L-lactate dehydrogenase
LLAFECMD_01165	tr|A2CHG9|A2CHG9_9FIRM	100	314	0	0	1	314	1	314	1.5499999999999996e-224	611	GCF_001304975.1_ASM130497v1_genomic	ldh	L-lactate dehydrogenase
LLAFECMD_01165	tr|B0MC57|B0MC57_ANACD	100	314	0	0	1	314	1	314	1.5499999999999996e-224	611	GCF_001304975.1_ASM130497v1_genomic	ldh	L-lactate dehydrogenase
LLAFECMD_01165	tr|A0A374AUN4|A0A374AUN4_9FIRM	99.7	314	1	0	1	314	1	314	8.939999999999998e-224	609	GCF_001304975.1_ASM130497v1_genomic	ldh	L-lactate dehydrogenase
LLAFECMD_04766	tr|A0A374AT20|A0A374AT20_9FIRM	99.2	254	2	0	1	254	1	254	1.6899999999999995e-180	499	GCF_001304975.1_ASM130497v1_genomic	ldh	L-lactate dehydrogenase
LLAFECMD_04766	tr|A0A6N2S1F9|A0A6N2S1F9_9FIRM	98.4	254	4	0	1	254	1	254	8.03e-179	494	GCF_001304975.1_ASM130497v1_genomic	ldh	L-lactate dehydrogenase
LLAFECMD_04766	tr|B0MJF7|B0MJF7_ANACD	98.4	254	4	0	1	254	1	254	8.03e-179	494	GCF_001304975.1_ASM130497v1_genomic	ldh	L-lactate dehydrogenase
IPCBICDJ_00653	tr|A0A174KPY8|A0A174KPY8_ANAHA	100	317	0	0	1	317	1	317	2.1199999999999997e-228	621	GCF_001404835.1_14207_7_31_genomic	ldh	L-lactate dehydrogenase
IPCBICDJ_00653	tr|A0A417V6R1|A0A417V6R1_9FIRM	100	317	0	0	1	317	1	317	2.1199999999999997e-228	621	GCF_001404835.1_14207_7_31_genomic	ldh	L-lactate dehydrogenase
IPCBICDJ_00653	tr|A0A415WCX6|A0A415WCX6_9FIRM	99.7	317	1	0	1	317	1	317	1.7399999999999996e-227	619	GCF_001404835.1_14207_7_31_genomic	ldh	L-lactate dehydrogenase
IPCBICDJ_00653	tr|A0A173XAM2|A0A173XAM2_ANAHA	99.4	317	2	0	1	317	1	317	2.4799999999999994e-227	619	GCF_001404835.1_14207_7_31_genomic	ldh	L-lactate dehydrogenase
IPCBICDJ_00653	tr|A0A6N2QXW7|A0A6N2QXW7_ANAHA	99.1	317	3	0	1	317	1	317	4.11e-226	615	GCF_001404835.1_14207_7_31_genomic	ldh	L-lactate dehydrogenase
IPCBICDJ_00739	tr|A0A415WB88|A0A415WB88_9FIRM	100	317	0	0	1	317	19	335	5.179999999999999e-222	606	GCF_001404835.1_14207_7_31_genomic	ldh	L-lactate dehydrogenase
IPCBICDJ_00739	tr|A0A415YL33|A0A415YL33_9FIRM	100	317	0	0	1	317	19	335	5.179999999999999e-222	606	GCF_001404835.1_14207_7_31_genomic	ldh	L-lactate dehydrogenase
IPCBICDJ_00739	tr|A0A417JUU1|A0A417JUU1_9FIRM	100	317	0	0	1	317	19	335	5.179999999999999e-222	606	GCF_001404835.1_14207_7_31_genomic	ldh	L-lactate dehydrogenase
IPCBICDJ_00739	tr|A0A417V7X9|A0A417V7X9_9FIRM	100	317	0	0	1	317	19	335	5.179999999999999e-222	606	GCF_001404835.1_14207_7_31_genomic	ldh	L-lactate dehydrogenase
IPCBICDJ_00739	tr|A0A173TV67|A0A173TV67_ANAHA	100	317	0	0	1	317	1	317	2.6599999999999995e-222	606	GCF_001404835.1_14207_7_31_genomic	ldh	L-lactate dehydrogenase
IPCBICDJ_00739	tr|E5VGR6|E5VGR6_9FIRM	100	317	0	0	1	317	1	317	2.6599999999999995e-222	606	GCF_001404835.1_14207_7_31_genomic	ldh	L-lactate dehydrogenase
IPCBICDJ_00739	tr|A0A173RVN0|A0A173RVN0_ANAHA	99.7	317	1	0	1	317	1	317	1.54e-221	604	GCF_001404835.1_14207_7_31_genomic	ldh	L-lactate dehydrogenase
IPCBICDJ_00739	tr|D4MZ79|D4MZ79_ANAHA	99.7	317	1	0	1	317	1	317	2.1799999999999999e-221	603	GCF_001404835.1_14207_7_31_genomic	ldh	L-lactate dehydrogenase
PCLFALEG_00223	tr|A0A173XAM2|A0A173XAM2_ANAHA	100	317	0	0	1	317	1	317	6.089999999999999e-228	620	GCF_001404955.1_13470_2_79_genomic	ldh	L-lactate dehydrogenase
PCLFALEG_00223	tr|A0A415WCX6|A0A415WCX6_9FIRM	99.7	317	1	0	1	317	1	317	8.649999999999999e-228	620	GCF_001404955.1_13470_2_79_genomic	ldh	L-lactate dehydrogenase
PCLFALEG_00223	tr|A0A174KPY8|A0A174KPY8_ANAHA	99.4	317	2	0	1	317	1	317	3.519999999999999e-227	618	GCF_001404955.1_13470_2_79_genomic	ldh	L-lactate dehydrogenase
PCLFALEG_00223	tr|A0A417V6R1|A0A417V6R1_9FIRM	99.4	317	2	0	1	317	1	317	3.519999999999999e-227	618	GCF_001404955.1_13470_2_79_genomic	ldh	L-lactate dehydrogenase
PCLFALEG_00223	tr|A0A6N2QXW7|A0A6N2QXW7_ANAHA	99.1	317	3	0	1	317	1	317	2.04e-226	616	GCF_001404955.1_13470_2_79_genomic	ldh	L-lactate dehydrogenase
PCLFALEG_00223	tr|D4MZM0|D4MZM0_ANAHA	99.1	317	3	0	1	317	1	317	4.11e-226	615	GCF_001404955.1_13470_2_79_genomic	ldh	L-lactate dehydrogenase
PCLFALEG_00223	tr|A0A415Y5S4|A0A415Y5S4_9FIRM	98.7	317	4	0	1	317	1	317	1.67e-225	614	GCF_001404955.1_13470_2_79_genomic	ldh	L-lactate dehydrogenase
PCLFALEG_00392	tr|A0A415WB88|A0A415WB88_9FIRM	100	317	0	0	1	317	19	335	5.179999999999999e-222	606	GCF_001404955.1_13470_2_79_genomic	ldh	L-lactate dehydrogenase
PCLFALEG_00392	tr|A0A415YL33|A0A415YL33_9FIRM	100	317	0	0	1	317	19	335	5.179999999999999e-222	606	GCF_001404955.1_13470_2_79_genomic	ldh	L-lactate dehydrogenase
PCLFALEG_00392	tr|A0A417JUU1|A0A417JUU1_9FIRM	100	317	0	0	1	317	19	335	5.179999999999999e-222	606	GCF_001404955.1_13470_2_79_genomic	ldh	L-lactate dehydrogenase
PCLFALEG_00392	tr|A0A417V7X9|A0A417V7X9_9FIRM	100	317	0	0	1	317	19	335	5.179999999999999e-222	606	GCF_001404955.1_13470_2_79_genomic	ldh	L-lactate dehydrogenase
PCLFALEG_00392	tr|A0A173TV67|A0A173TV67_ANAHA	100	317	0	0	1	317	1	317	2.6599999999999995e-222	606	GCF_001404955.1_13470_2_79_genomic	ldh	L-lactate dehydrogenase
PCLFALEG_00392	tr|E5VGR6|E5VGR6_9FIRM	100	317	0	0	1	317	1	317	2.6599999999999995e-222	606	GCF_001404955.1_13470_2_79_genomic	ldh	L-lactate dehydrogenase
PCLFALEG_00392	tr|A0A173RVN0|A0A173RVN0_ANAHA	99.7	317	1	0	1	317	1	317	1.54e-221	604	GCF_001404955.1_13470_2_79_genomic	ldh	L-lactate dehydrogenase
PCLFALEG_00392	tr|D4MZ79|D4MZ79_ANAHA	99.7	317	1	0	1	317	1	317	2.1799999999999999e-221	603	GCF_001404955.1_13470_2_79_genomic	ldh	L-lactate dehydrogenase
HAHNOBOP_00664	tr|A0A173XAM2|A0A173XAM2_ANAHA	100	317	0	0	1	317	1	317	6.089999999999999e-228	620	GCF_001405635.1_14207_7_82_genomic	ldh	L-lactate dehydrogenase
HAHNOBOP_00664	tr|A0A415WCX6|A0A415WCX6_9FIRM	99.7	317	1	0	1	317	1	317	8.649999999999999e-228	620	GCF_001405635.1_14207_7_82_genomic	ldh	L-lactate dehydrogenase
HAHNOBOP_00664	tr|A0A174KPY8|A0A174KPY8_ANAHA	99.4	317	2	0	1	317	1	317	3.519999999999999e-227	618	GCF_001405635.1_14207_7_82_genomic	ldh	L-lactate dehydrogenase
HAHNOBOP_00664	tr|A0A417V6R1|A0A417V6R1_9FIRM	99.4	317	2	0	1	317	1	317	3.519999999999999e-227	618	GCF_001405635.1_14207_7_82_genomic	ldh	L-lactate dehydrogenase
HAHNOBOP_00664	tr|A0A6N2QXW7|A0A6N2QXW7_ANAHA	99.1	317	3	0	1	317	1	317	2.04e-226	616	GCF_001405635.1_14207_7_82_genomic	ldh	L-lactate dehydrogenase
HAHNOBOP_00664	tr|D4MZM0|D4MZM0_ANAHA	99.1	317	3	0	1	317	1	317	4.11e-226	615	GCF_001405635.1_14207_7_82_genomic	ldh	L-lactate dehydrogenase
HAHNOBOP_00664	tr|A0A415Y5S4|A0A415Y5S4_9FIRM	98.7	317	4	0	1	317	1	317	1.67e-225	614	GCF_001405635.1_14207_7_82_genomic	ldh	L-lactate dehydrogenase
HAHNOBOP_02299	tr|A0A415WB88|A0A415WB88_9FIRM	100	317	0	0	1	317	19	335	5.179999999999999e-222	606	GCF_001405635.1_14207_7_82_genomic	ldh	L-lactate dehydrogenase
HAHNOBOP_02299	tr|A0A415YL33|A0A415YL33_9FIRM	100	317	0	0	1	317	19	335	5.179999999999999e-222	606	GCF_001405635.1_14207_7_82_genomic	ldh	L-lactate dehydrogenase
HAHNOBOP_02299	tr|A0A417JUU1|A0A417JUU1_9FIRM	100	317	0	0	1	317	19	335	5.179999999999999e-222	606	GCF_001405635.1_14207_7_82_genomic	ldh	L-lactate dehydrogenase
HAHNOBOP_02299	tr|A0A417V7X9|A0A417V7X9_9FIRM	100	317	0	0	1	317	19	335	5.179999999999999e-222	606	GCF_001405635.1_14207_7_82_genomic	ldh	L-lactate dehydrogenase
HAHNOBOP_02299	tr|A0A173TV67|A0A173TV67_ANAHA	100	317	0	0	1	317	1	317	2.6599999999999995e-222	606	GCF_001405635.1_14207_7_82_genomic	ldh	L-lactate dehydrogenase
HAHNOBOP_02299	tr|E5VGR6|E5VGR6_9FIRM	100	317	0	0	1	317	1	317	2.6599999999999995e-222	606	GCF_001405635.1_14207_7_82_genomic	ldh	L-lactate dehydrogenase
HAHNOBOP_02299	tr|A0A173RVN0|A0A173RVN0_ANAHA	99.7	317	1	0	1	317	1	317	1.54e-221	604	GCF_001405635.1_14207_7_82_genomic	ldh	L-lactate dehydrogenase
HAHNOBOP_02299	tr|D4MZ79|D4MZ79_ANAHA	99.7	317	1	0	1	317	1	317	2.1799999999999999e-221	603	GCF_001405635.1_14207_7_82_genomic	ldh	L-lactate dehydrogenase
IEJMHOJM_00818	tr|A0A173RVN0|A0A173RVN0_ANAHA	100	317	0	0	1	317	1	317	1.3199999999999998e-222	607	GCF_001405715.1_13414_6_52_genomic	ldh	L-lactate dehydrogenase
IEJMHOJM_00818	tr|A0A415WB88|A0A415WB88_9FIRM	99.7	317	1	0	1	317	19	335	1.49e-221	605	GCF_001405715.1_13414_6_52_genomic	ldh	L-lactate dehydrogenase
IEJMHOJM_00818	tr|A0A415YL33|A0A415YL33_9FIRM	99.7	317	1	0	1	317	19	335	1.49e-221	605	GCF_001405715.1_13414_6_52_genomic	ldh	L-lactate dehydrogenase
IEJMHOJM_00818	tr|A0A417JUU1|A0A417JUU1_9FIRM	99.7	317	1	0	1	317	19	335	1.49e-221	605	GCF_001405715.1_13414_6_52_genomic	ldh	L-lactate dehydrogenase
IEJMHOJM_00818	tr|A0A417V7X9|A0A417V7X9_9FIRM	99.7	317	1	0	1	317	19	335	1.49e-221	605	GCF_001405715.1_13414_6_52_genomic	ldh	L-lactate dehydrogenase
IEJMHOJM_00818	tr|A0A173TV67|A0A173TV67_ANAHA	99.7	317	1	0	1	317	1	317	7.609999999999999e-222	605	GCF_001405715.1_13414_6_52_genomic	ldh	L-lactate dehydrogenase
IEJMHOJM_00818	tr|E5VGR6|E5VGR6_9FIRM	99.7	317	1	0	1	317	1	317	7.609999999999999e-222	605	GCF_001405715.1_13414_6_52_genomic	ldh	L-lactate dehydrogenase
IEJMHOJM_00818	tr|D4MZ79|D4MZ79_ANAHA	99.4	317	2	0	1	317	1	317	6.25e-221	602	GCF_001405715.1_13414_6_52_genomic	ldh	L-lactate dehydrogenase
IEJMHOJM_01103	tr|A0A173S8Z7|A0A173S8Z7_ANAHA	100	317	0	0	1	317	1	317	1.05e-228	622	GCF_001405715.1_13414_6_52_genomic	ldh	L-lactate dehydrogenase
IEJMHOJM_01103	tr|A0A415Y5S4|A0A415Y5S4_9FIRM	99.1	317	3	0	1	317	1	317	2.04e-226	616	GCF_001405715.1_13414_6_52_genomic	ldh	L-lactate dehydrogenase
IEJMHOJM_01103	tr|D4MZM0|D4MZM0_ANAHA	99.1	317	3	0	1	317	1	317	2.04e-226	616	GCF_001405715.1_13414_6_52_genomic	ldh	L-lactate dehydrogenase
EHNAPLNG_02484	tr|A0A1Q2C936|A0A1Q2C936_ANAHA	100	318	0	0	1	318	1	318	1.73e-223	609	GCF_001998765.1_ASM199876v1_genomic	ldh	L-lactate dehydrogenase
EHNAPLNG_02484	tr|A0A415YKX9|A0A415YKX9_9FIRM	100	318	0	0	1	318	1	318	1.73e-223	609	GCF_001998765.1_ASM199876v1_genomic	ldh	L-lactate dehydrogenase
EHNAPLNG_02484	tr|E5VGS4|E5VGS4_9FIRM	100	318	0	0	1	318	1	318	1.73e-223	609	GCF_001998765.1_ASM199876v1_genomic	ldh	L-lactate dehydrogenase
EHNAPLNG_02493	tr|A0A415WB88|A0A415WB88_9FIRM	100	317	0	0	1	317	19	335	5.179999999999999e-222	606	GCF_001998765.1_ASM199876v1_genomic	ldh	L-lactate dehydrogenase
EHNAPLNG_02493	tr|A0A415YL33|A0A415YL33_9FIRM	100	317	0	0	1	317	19	335	5.179999999999999e-222	606	GCF_001998765.1_ASM199876v1_genomic	ldh	L-lactate dehydrogenase
EHNAPLNG_02493	tr|A0A417JUU1|A0A417JUU1_9FIRM	100	317	0	0	1	317	19	335	5.179999999999999e-222	606	GCF_001998765.1_ASM199876v1_genomic	ldh	L-lactate dehydrogenase
EHNAPLNG_02493	tr|A0A417V7X9|A0A417V7X9_9FIRM	100	317	0	0	1	317	19	335	5.179999999999999e-222	606	GCF_001998765.1_ASM199876v1_genomic	ldh	L-lactate dehydrogenase
EHNAPLNG_02493	tr|A0A173TV67|A0A173TV67_ANAHA	100	317	0	0	1	317	1	317	2.6599999999999995e-222	606	GCF_001998765.1_ASM199876v1_genomic	ldh	L-lactate dehydrogenase
EHNAPLNG_02493	tr|E5VGR6|E5VGR6_9FIRM	100	317	0	0	1	317	1	317	2.6599999999999995e-222	606	GCF_001998765.1_ASM199876v1_genomic	ldh	L-lactate dehydrogenase
EHNAPLNG_02493	tr|A0A173RVN0|A0A173RVN0_ANAHA	99.7	317	1	0	1	317	1	317	1.54e-221	604	GCF_001998765.1_ASM199876v1_genomic	ldh	L-lactate dehydrogenase
EHNAPLNG_02493	tr|D4MZ79|D4MZ79_ANAHA	99.7	317	1	0	1	317	1	317	2.1799999999999999e-221	603	GCF_001998765.1_ASM199876v1_genomic	ldh	L-lactate dehydrogenase
EHNAPLNG_02681	tr|A0A174KPY8|A0A174KPY8_ANAHA	100	317	0	0	1	317	1	317	2.1199999999999997e-228	621	GCF_001998765.1_ASM199876v1_genomic	ldh	L-lactate dehydrogenase
EHNAPLNG_02681	tr|A0A417V6R1|A0A417V6R1_9FIRM	100	317	0	0	1	317	1	317	2.1199999999999997e-228	621	GCF_001998765.1_ASM199876v1_genomic	ldh	L-lactate dehydrogenase
EHNAPLNG_02681	tr|A0A415WCX6|A0A415WCX6_9FIRM	99.7	317	1	0	1	317	1	317	1.7399999999999996e-227	619	GCF_001998765.1_ASM199876v1_genomic	ldh	L-lactate dehydrogenase
EHNAPLNG_02681	tr|A0A173XAM2|A0A173XAM2_ANAHA	99.4	317	2	0	1	317	1	317	2.4799999999999994e-227	619	GCF_001998765.1_ASM199876v1_genomic	ldh	L-lactate dehydrogenase
EHNAPLNG_02681	tr|A0A6N2QXW7|A0A6N2QXW7_ANAHA	99.1	317	3	0	1	317	1	317	4.11e-226	615	GCF_001998765.1_ASM199876v1_genomic	ldh	L-lactate dehydrogenase
DBAKHCIC_00033	tr|A0A6N2S1F9|A0A6N2S1F9_9FIRM	95.2	314	15	0	1	314	1	314	5.9999999999999996e-220	600	GCF_002270485.1_ASM227048v1_genomic	ldh	L-lactate dehydrogenase
DBAKHCIC_00033	tr|B0MJF7|B0MJF7_ANACD	95.2	314	15	0	1	314	1	314	5.9999999999999996e-220	600	GCF_002270485.1_ASM227048v1_genomic	ldh	L-lactate dehydrogenase
DBAKHCIC_00033	tr|A0A374AT20|A0A374AT20_9FIRM	94.6	314	17	0	1	314	1	314	2.85e-218	595	GCF_002270485.1_ASM227048v1_genomic	ldh	L-lactate dehydrogenase
DBAKHCIC_01067	tr|A2CHG9|A2CHG9_9FIRM	97.8	314	7	0	1	314	1	314	3.49e-221	603	GCF_002270485.1_ASM227048v1_genomic	ldh	L-lactate dehydrogenase
DBAKHCIC_01067	tr|B0MC57|B0MC57_ANACD	97.8	314	7	0	1	314	1	314	3.49e-221	603	GCF_002270485.1_ASM227048v1_genomic	ldh	L-lactate dehydrogenase
DBAKHCIC_01067	tr|A0A374AUN4|A0A374AUN4_9FIRM	97.5	314	8	0	1	314	1	314	2.0199999999999997e-220	601	GCF_002270485.1_ASM227048v1_genomic	ldh	L-lactate dehydrogenase
CPPLKMCL_01028	tr|A0A374AWZ2|A0A374AWZ2_9FIRM	100	315	0	0	1	315	1	315	4.789999999999999e-224	610	GCF_003461705.1_ASM346170v1_genomic	ldh	L-lactate dehydrogenase
CPPLKMCL_02265	tr|A0A374AS61|A0A374AS61_9FIRM	100	317	0	0	1	317	1	317	1.49e-228	622	GCF_003461705.1_ASM346170v1_genomic	ldh	L-lactate dehydrogenase
CPPLKMCL_02321	tr|A0A374AQT8|A0A374AQT8_9FIRM	100	317	0	0	1	317	8	324	3.449999999999999e-222	606	GCF_003461705.1_ASM346170v1_genomic	ldh	L-lactate dehydrogenase
IJGKDCGE_01199	tr|A0A374AUN4|A0A374AUN4_9FIRM	100	314	0	0	1	314	1	314	2.67e-225	613	GCF_003461725.1_ASM346172v1_genomic	ldh	L-lactate dehydrogenase
IJGKDCGE_01199	tr|A2CHG9|A2CHG9_9FIRM	99.7	314	1	0	1	314	1	314	3.119999999999999e-224	610	GCF_003461725.1_ASM346172v1_genomic	ldh	L-lactate dehydrogenase
IJGKDCGE_01199	tr|B0MC57|B0MC57_ANACD	99.7	314	1	0	1	314	1	314	3.119999999999999e-224	610	GCF_003461725.1_ASM346172v1_genomic	ldh	L-lactate dehydrogenase
IJGKDCGE_01452	tr|A0A374AT20|A0A374AT20_9FIRM	100	315	0	0	1	315	1	315	1.0999999999999998e-229	624	GCF_003461725.1_ASM346172v1_genomic	ldh	L-lactate dehydrogenase
KIKGGPNJ_01085	tr|A0A415WB88|A0A415WB88_9FIRM	100	317	0	0	1	317	19	335	5.179999999999999e-222	606	GCF_003473625.1_ASM347362v1_genomic	ldh	L-lactate dehydrogenase
KIKGGPNJ_01085	tr|A0A415YL33|A0A415YL33_9FIRM	100	317	0	0	1	317	19	335	5.179999999999999e-222	606	GCF_003473625.1_ASM347362v1_genomic	ldh	L-lactate dehydrogenase
KIKGGPNJ_01085	tr|A0A417JUU1|A0A417JUU1_9FIRM	100	317	0	0	1	317	19	335	5.179999999999999e-222	606	GCF_003473625.1_ASM347362v1_genomic	ldh	L-lactate dehydrogenase
KIKGGPNJ_01085	tr|A0A417V7X9|A0A417V7X9_9FIRM	100	317	0	0	1	317	19	335	5.179999999999999e-222	606	GCF_003473625.1_ASM347362v1_genomic	ldh	L-lactate dehydrogenase
KIKGGPNJ_01085	tr|A0A173TV67|A0A173TV67_ANAHA	100	317	0	0	1	317	1	317	2.6599999999999995e-222	606	GCF_003473625.1_ASM347362v1_genomic	ldh	L-lactate dehydrogenase
KIKGGPNJ_01085	tr|E5VGR6|E5VGR6_9FIRM	100	317	0	0	1	317	1	317	2.6599999999999995e-222	606	GCF_003473625.1_ASM347362v1_genomic	ldh	L-lactate dehydrogenase
KIKGGPNJ_01085	tr|A0A173RVN0|A0A173RVN0_ANAHA	99.7	317	1	0	1	317	1	317	1.54e-221	604	GCF_003473625.1_ASM347362v1_genomic	ldh	L-lactate dehydrogenase
KIKGGPNJ_01085	tr|D4MZ79|D4MZ79_ANAHA	99.7	317	1	0	1	317	1	317	2.1799999999999999e-221	603	GCF_003473625.1_ASM347362v1_genomic	ldh	L-lactate dehydrogenase
KIKGGPNJ_01991	tr|A0A174KPY8|A0A174KPY8_ANAHA	100	317	0	0	1	317	1	317	2.1199999999999997e-228	621	GCF_003473625.1_ASM347362v1_genomic	ldh	L-lactate dehydrogenase
KIKGGPNJ_01991	tr|A0A417V6R1|A0A417V6R1_9FIRM	100	317	0	0	1	317	1	317	2.1199999999999997e-228	621	GCF_003473625.1_ASM347362v1_genomic	ldh	L-lactate dehydrogenase
KIKGGPNJ_01991	tr|A0A415WCX6|A0A415WCX6_9FIRM	99.7	317	1	0	1	317	1	317	1.7399999999999996e-227	619	GCF_003473625.1_ASM347362v1_genomic	ldh	L-lactate dehydrogenase
KIKGGPNJ_01991	tr|A0A173XAM2|A0A173XAM2_ANAHA	99.4	317	2	0	1	317	1	317	2.4799999999999994e-227	619	GCF_003473625.1_ASM347362v1_genomic	ldh	L-lactate dehydrogenase
KIKGGPNJ_01991	tr|A0A6N2QXW7|A0A6N2QXW7_ANAHA	99.1	317	3	0	1	317	1	317	4.11e-226	615	GCF_003473625.1_ASM347362v1_genomic	ldh	L-lactate dehydrogenase
IKIFGNDM_00943	tr|A0A415WCX6|A0A415WCX6_9FIRM	100	317	0	0	1	317	1	317	6.089999999999999e-228	620	GCF_003473725.1_ASM347372v1_genomic	ldh	L-lactate dehydrogenase
IKIFGNDM_00943	tr|A0A173XAM2|A0A173XAM2_ANAHA	99.7	317	1	0	1	317	1	317	8.649999999999999e-228	620	GCF_003473725.1_ASM347372v1_genomic	ldh	L-lactate dehydrogenase
IKIFGNDM_00943	tr|A0A174KPY8|A0A174KPY8_ANAHA	99.7	317	1	0	1	317	1	317	2.4799999999999994e-227	619	GCF_003473725.1_ASM347372v1_genomic	ldh	L-lactate dehydrogenase
IKIFGNDM_00943	tr|A0A417V6R1|A0A417V6R1_9FIRM	99.7	317	1	0	1	317	1	317	2.4799999999999994e-227	619	GCF_003473725.1_ASM347372v1_genomic	ldh	L-lactate dehydrogenase
IKIFGNDM_00943	tr|A0A6N2QXW7|A0A6N2QXW7_ANAHA	99.4	317	2	0	1	317	1	317	1.43e-226	617	GCF_003473725.1_ASM347372v1_genomic	ldh	L-lactate dehydrogenase
IKIFGNDM_00943	tr|D4MZM0|D4MZM0_ANAHA	99.4	317	2	0	1	317	1	317	2.8899999999999998e-226	616	GCF_003473725.1_ASM347372v1_genomic	ldh	L-lactate dehydrogenase
IKIFGNDM_00943	tr|A0A415Y5S4|A0A415Y5S4_9FIRM	99.1	317	3	0	1	317	1	317	1.1799999999999998e-225	614	GCF_003473725.1_ASM347372v1_genomic	ldh	L-lactate dehydrogenase
IKIFGNDM_01973	tr|A0A415WB88|A0A415WB88_9FIRM	100	317	0	0	1	317	19	335	5.179999999999999e-222	606	GCF_003473725.1_ASM347372v1_genomic	ldh	L-lactate dehydrogenase
IKIFGNDM_01973	tr|A0A415YL33|A0A415YL33_9FIRM	100	317	0	0	1	317	19	335	5.179999999999999e-222	606	GCF_003473725.1_ASM347372v1_genomic	ldh	L-lactate dehydrogenase
IKIFGNDM_01973	tr|A0A417JUU1|A0A417JUU1_9FIRM	100	317	0	0	1	317	19	335	5.179999999999999e-222	606	GCF_003473725.1_ASM347372v1_genomic	ldh	L-lactate dehydrogenase
IKIFGNDM_01973	tr|A0A417V7X9|A0A417V7X9_9FIRM	100	317	0	0	1	317	19	335	5.179999999999999e-222	606	GCF_003473725.1_ASM347372v1_genomic	ldh	L-lactate dehydrogenase
IKIFGNDM_01973	tr|A0A173TV67|A0A173TV67_ANAHA	100	317	0	0	1	317	1	317	2.6599999999999995e-222	606	GCF_003473725.1_ASM347372v1_genomic	ldh	L-lactate dehydrogenase
IKIFGNDM_01973	tr|E5VGR6|E5VGR6_9FIRM	100	317	0	0	1	317	1	317	2.6599999999999995e-222	606	GCF_003473725.1_ASM347372v1_genomic	ldh	L-lactate dehydrogenase
IKIFGNDM_01973	tr|A0A173RVN0|A0A173RVN0_ANAHA	99.7	317	1	0	1	317	1	317	1.54e-221	604	GCF_003473725.1_ASM347372v1_genomic	ldh	L-lactate dehydrogenase
IKIFGNDM_01973	tr|D4MZ79|D4MZ79_ANAHA	99.7	317	1	0	1	317	1	317	2.1799999999999999e-221	603	GCF_003473725.1_ASM347372v1_genomic	ldh	L-lactate dehydrogenase
OAFBMJDC_00066	tr|A0A1Q2C936|A0A1Q2C936_ANAHA	100	318	0	0	1	318	1	318	1.73e-223	609	GCF_003477415.1_ASM347741v1_genomic	ldh	L-lactate dehydrogenase
OAFBMJDC_00066	tr|A0A415YKX9|A0A415YKX9_9FIRM	100	318	0	0	1	318	1	318	1.73e-223	609	GCF_003477415.1_ASM347741v1_genomic	ldh	L-lactate dehydrogenase
OAFBMJDC_00066	tr|E5VGS4|E5VGS4_9FIRM	100	318	0	0	1	318	1	318	1.73e-223	609	GCF_003477415.1_ASM347741v1_genomic	ldh	L-lactate dehydrogenase
OAFBMJDC_00074	tr|A0A415WB88|A0A415WB88_9FIRM	100	317	0	0	1	317	19	335	5.179999999999999e-222	606	GCF_003477415.1_ASM347741v1_genomic	ldh	L-lactate dehydrogenase
OAFBMJDC_00074	tr|A0A415YL33|A0A415YL33_9FIRM	100	317	0	0	1	317	19	335	5.179999999999999e-222	606	GCF_003477415.1_ASM347741v1_genomic	ldh	L-lactate dehydrogenase
OAFBMJDC_00074	tr|A0A417JUU1|A0A417JUU1_9FIRM	100	317	0	0	1	317	19	335	5.179999999999999e-222	606	GCF_003477415.1_ASM347741v1_genomic	ldh	L-lactate dehydrogenase
OAFBMJDC_00074	tr|A0A417V7X9|A0A417V7X9_9FIRM	100	317	0	0	1	317	19	335	5.179999999999999e-222	606	GCF_003477415.1_ASM347741v1_genomic	ldh	L-lactate dehydrogenase
OAFBMJDC_00074	tr|A0A173TV67|A0A173TV67_ANAHA	100	317	0	0	1	317	1	317	2.6599999999999995e-222	606	GCF_003477415.1_ASM347741v1_genomic	ldh	L-lactate dehydrogenase
OAFBMJDC_00074	tr|E5VGR6|E5VGR6_9FIRM	100	317	0	0	1	317	1	317	2.6599999999999995e-222	606	GCF_003477415.1_ASM347741v1_genomic	ldh	L-lactate dehydrogenase
OAFBMJDC_00074	tr|A0A173RVN0|A0A173RVN0_ANAHA	99.7	317	1	0	1	317	1	317	1.54e-221	604	GCF_003477415.1_ASM347741v1_genomic	ldh	L-lactate dehydrogenase
OAFBMJDC_00074	tr|D4MZ79|D4MZ79_ANAHA	99.7	317	1	0	1	317	1	317	2.1799999999999999e-221	603	GCF_003477415.1_ASM347741v1_genomic	ldh	L-lactate dehydrogenase
OAFBMJDC_01553	tr|A0A415Y5S4|A0A415Y5S4_9FIRM	100	317	0	0	1	317	1	317	4.2799999999999996e-228	620	GCF_003477415.1_ASM347741v1_genomic	ldh	L-lactate dehydrogenase
OAFBMJDC_01553	tr|D4MZM0|D4MZM0_ANAHA	99.7	317	1	0	1	317	1	317	2.4799999999999994e-227	619	GCF_003477415.1_ASM347741v1_genomic	ldh	L-lactate dehydrogenase
OAFBMJDC_01553	tr|A0A173S8Z7|A0A173S8Z7_ANAHA	99.1	317	3	0	1	317	1	317	4.11e-226	615	GCF_003477415.1_ASM347741v1_genomic	ldh	L-lactate dehydrogenase
OAFBMJDC_01553	tr|A0AAQ3GQJ6|A0AAQ3GQJ6_ANAHA	99.1	317	3	0	1	317	1	317	4.11e-226	615	GCF_003477415.1_ASM347741v1_genomic	ldh	L-lactate dehydrogenase
OAFBMJDC_01553	tr|E5VG93|E5VG93_9FIRM	99.1	317	3	0	1	317	1	317	4.11e-226	615	GCF_003477415.1_ASM347741v1_genomic	ldh	L-lactate dehydrogenase
OAFBMJDC_01553	tr|A0A415WCX6|A0A415WCX6_9FIRM	99.1	317	3	0	1	317	1	317	1.1799999999999998e-225	614	GCF_003477415.1_ASM347741v1_genomic	ldh	L-lactate dehydrogenase
MCKGPBFA_01532	tr|A0A417K180|A0A417K180_9FIRM	100	317	0	0	1	317	1	317	2.1199999999999997e-228	621	GCF_003480775.1_ASM348077v1_genomic	ldh	L-lactate dehydrogenase
MCKGPBFA_01532	tr|D4MZM0|D4MZM0_ANAHA	99.4	317	2	0	1	317	1	317	5.829999999999999e-226	615	GCF_003480775.1_ASM348077v1_genomic	ldh	L-lactate dehydrogenase
MCKGPBFA_02671	tr|A0A415WB88|A0A415WB88_9FIRM	100	317	0	0	1	317	19	335	5.179999999999999e-222	606	GCF_003480775.1_ASM348077v1_genomic	ldh	L-lactate dehydrogenase
MCKGPBFA_02671	tr|A0A415YL33|A0A415YL33_9FIRM	100	317	0	0	1	317	19	335	5.179999999999999e-222	606	GCF_003480775.1_ASM348077v1_genomic	ldh	L-lactate dehydrogenase
MCKGPBFA_02671	tr|A0A417JUU1|A0A417JUU1_9FIRM	100	317	0	0	1	317	19	335	5.179999999999999e-222	606	GCF_003480775.1_ASM348077v1_genomic	ldh	L-lactate dehydrogenase
MCKGPBFA_02671	tr|A0A417V7X9|A0A417V7X9_9FIRM	100	317	0	0	1	317	19	335	5.179999999999999e-222	606	GCF_003480775.1_ASM348077v1_genomic	ldh	L-lactate dehydrogenase
MCKGPBFA_02671	tr|A0A173TV67|A0A173TV67_ANAHA	100	317	0	0	1	317	1	317	2.6599999999999995e-222	606	GCF_003480775.1_ASM348077v1_genomic	ldh	L-lactate dehydrogenase
MCKGPBFA_02671	tr|E5VGR6|E5VGR6_9FIRM	100	317	0	0	1	317	1	317	2.6599999999999995e-222	606	GCF_003480775.1_ASM348077v1_genomic	ldh	L-lactate dehydrogenase
MCKGPBFA_02671	tr|A0A173RVN0|A0A173RVN0_ANAHA	99.7	317	1	0	1	317	1	317	1.54e-221	604	GCF_003480775.1_ASM348077v1_genomic	ldh	L-lactate dehydrogenase
MCKGPBFA_02671	tr|D4MZ79|D4MZ79_ANAHA	99.7	317	1	0	1	317	1	317	2.1799999999999999e-221	603	GCF_003480775.1_ASM348077v1_genomic	ldh	L-lactate dehydrogenase
KJNMABBL_02148	tr|A0A174KPY8|A0A174KPY8_ANAHA	100	317	0	0	1	317	1	317	2.1199999999999997e-228	621	GCF_003480825.1_ASM348082v1_genomic	ldh	L-lactate dehydrogenase
KJNMABBL_02148	tr|A0A417V6R1|A0A417V6R1_9FIRM	100	317	0	0	1	317	1	317	2.1199999999999997e-228	621	GCF_003480825.1_ASM348082v1_genomic	ldh	L-lactate dehydrogenase
KJNMABBL_02148	tr|A0A415WCX6|A0A415WCX6_9FIRM	99.7	317	1	0	1	317	1	317	1.7399999999999996e-227	619	GCF_003480825.1_ASM348082v1_genomic	ldh	L-lactate dehydrogenase
KJNMABBL_02148	tr|A0A173XAM2|A0A173XAM2_ANAHA	99.4	317	2	0	1	317	1	317	2.4799999999999994e-227	619	GCF_003480825.1_ASM348082v1_genomic	ldh	L-lactate dehydrogenase
KJNMABBL_02148	tr|A0A6N2QXW7|A0A6N2QXW7_ANAHA	99.1	317	3	0	1	317	1	317	4.11e-226	615	GCF_003480825.1_ASM348082v1_genomic	ldh	L-lactate dehydrogenase
KJNMABBL_02353	tr|A0A415WB88|A0A415WB88_9FIRM	100	317	0	0	1	317	19	335	5.179999999999999e-222	606	GCF_003480825.1_ASM348082v1_genomic	ldh	L-lactate dehydrogenase
KJNMABBL_02353	tr|A0A415YL33|A0A415YL33_9FIRM	100	317	0	0	1	317	19	335	5.179999999999999e-222	606	GCF_003480825.1_ASM348082v1_genomic	ldh	L-lactate dehydrogenase
KJNMABBL_02353	tr|A0A417JUU1|A0A417JUU1_9FIRM	100	317	0	0	1	317	19	335	5.179999999999999e-222	606	GCF_003480825.1_ASM348082v1_genomic	ldh	L-lactate dehydrogenase
KJNMABBL_02353	tr|A0A417V7X9|A0A417V7X9_9FIRM	100	317	0	0	1	317	19	335	5.179999999999999e-222	606	GCF_003480825.1_ASM348082v1_genomic	ldh	L-lactate dehydrogenase
KJNMABBL_02353	tr|A0A173TV67|A0A173TV67_ANAHA	100	317	0	0	1	317	1	317	2.6599999999999995e-222	606	GCF_003480825.1_ASM348082v1_genomic	ldh	L-lactate dehydrogenase
KJNMABBL_02353	tr|E5VGR6|E5VGR6_9FIRM	100	317	0	0	1	317	1	317	2.6599999999999995e-222	606	GCF_003480825.1_ASM348082v1_genomic	ldh	L-lactate dehydrogenase
KJNMABBL_02353	tr|A0A173RVN0|A0A173RVN0_ANAHA	99.7	317	1	0	1	317	1	317	1.54e-221	604	GCF_003480825.1_ASM348082v1_genomic	ldh	L-lactate dehydrogenase
KJNMABBL_02353	tr|D4MZ79|D4MZ79_ANAHA	99.7	317	1	0	1	317	1	317	2.1799999999999999e-221	603	GCF_003480825.1_ASM348082v1_genomic	ldh	L-lactate dehydrogenase
NBKPIGMC_00193	tr|A0A415WB88|A0A415WB88_9FIRM	100	317	0	0	1	317	19	335	5.179999999999999e-222	606	GCF_003481105.1_ASM348110v1_genomic	ldh	L-lactate dehydrogenase
NBKPIGMC_00193	tr|A0A415YL33|A0A415YL33_9FIRM	100	317	0	0	1	317	19	335	5.179999999999999e-222	606	GCF_003481105.1_ASM348110v1_genomic	ldh	L-lactate dehydrogenase
NBKPIGMC_00193	tr|A0A417JUU1|A0A417JUU1_9FIRM	100	317	0	0	1	317	19	335	5.179999999999999e-222	606	GCF_003481105.1_ASM348110v1_genomic	ldh	L-lactate dehydrogenase
NBKPIGMC_00193	tr|A0A417V7X9|A0A417V7X9_9FIRM	100	317	0	0	1	317	19	335	5.179999999999999e-222	606	GCF_003481105.1_ASM348110v1_genomic	ldh	L-lactate dehydrogenase
NBKPIGMC_00193	tr|A0A173TV67|A0A173TV67_ANAHA	100	317	0	0	1	317	1	317	2.6599999999999995e-222	606	GCF_003481105.1_ASM348110v1_genomic	ldh	L-lactate dehydrogenase
NBKPIGMC_00193	tr|E5VGR6|E5VGR6_9FIRM	100	317	0	0	1	317	1	317	2.6599999999999995e-222	606	GCF_003481105.1_ASM348110v1_genomic	ldh	L-lactate dehydrogenase
NBKPIGMC_00193	tr|A0A173RVN0|A0A173RVN0_ANAHA	99.7	317	1	0	1	317	1	317	1.54e-221	604	GCF_003481105.1_ASM348110v1_genomic	ldh	L-lactate dehydrogenase
NBKPIGMC_00193	tr|D4MZ79|D4MZ79_ANAHA	99.7	317	1	0	1	317	1	317	2.1799999999999999e-221	603	GCF_003481105.1_ASM348110v1_genomic	ldh	L-lactate dehydrogenase
NBKPIGMC_01054	tr|A0A415WCX6|A0A415WCX6_9FIRM	100	317	0	0	1	317	1	317	6.089999999999999e-228	620	GCF_003481105.1_ASM348110v1_genomic	ldh	L-lactate dehydrogenase
NBKPIGMC_01054	tr|A0A173XAM2|A0A173XAM2_ANAHA	99.7	317	1	0	1	317	1	317	8.649999999999999e-228	620	GCF_003481105.1_ASM348110v1_genomic	ldh	L-lactate dehydrogenase
NBKPIGMC_01054	tr|A0A174KPY8|A0A174KPY8_ANAHA	99.7	317	1	0	1	317	1	317	2.4799999999999994e-227	619	GCF_003481105.1_ASM348110v1_genomic	ldh	L-lactate dehydrogenase
NBKPIGMC_01054	tr|A0A417V6R1|A0A417V6R1_9FIRM	99.7	317	1	0	1	317	1	317	2.4799999999999994e-227	619	GCF_003481105.1_ASM348110v1_genomic	ldh	L-lactate dehydrogenase
NBKPIGMC_01054	tr|A0A6N2QXW7|A0A6N2QXW7_ANAHA	99.4	317	2	0	1	317	1	317	1.43e-226	617	GCF_003481105.1_ASM348110v1_genomic	ldh	L-lactate dehydrogenase
NBKPIGMC_01054	tr|D4MZM0|D4MZM0_ANAHA	99.4	317	2	0	1	317	1	317	2.8899999999999998e-226	616	GCF_003481105.1_ASM348110v1_genomic	ldh	L-lactate dehydrogenase
NBKPIGMC_01054	tr|A0A415Y5S4|A0A415Y5S4_9FIRM	99.1	317	3	0	1	317	1	317	1.1799999999999998e-225	614	GCF_003481105.1_ASM348110v1_genomic	ldh	L-lactate dehydrogenase
LNILJCCL_01758	tr|A0A415WB88|A0A415WB88_9FIRM	100	317	0	0	1	317	19	335	5.179999999999999e-222	606	GCF_003481805.1_ASM348180v1_genomic	ldh	L-lactate dehydrogenase
LNILJCCL_01758	tr|A0A415YL33|A0A415YL33_9FIRM	100	317	0	0	1	317	19	335	5.179999999999999e-222	606	GCF_003481805.1_ASM348180v1_genomic	ldh	L-lactate dehydrogenase
LNILJCCL_01758	tr|A0A417JUU1|A0A417JUU1_9FIRM	100	317	0	0	1	317	19	335	5.179999999999999e-222	606	GCF_003481805.1_ASM348180v1_genomic	ldh	L-lactate dehydrogenase
LNILJCCL_01758	tr|A0A417V7X9|A0A417V7X9_9FIRM	100	317	0	0	1	317	19	335	5.179999999999999e-222	606	GCF_003481805.1_ASM348180v1_genomic	ldh	L-lactate dehydrogenase
LNILJCCL_01758	tr|A0A173TV67|A0A173TV67_ANAHA	100	317	0	0	1	317	1	317	2.6599999999999995e-222	606	GCF_003481805.1_ASM348180v1_genomic	ldh	L-lactate dehydrogenase
LNILJCCL_01758	tr|E5VGR6|E5VGR6_9FIRM	100	317	0	0	1	317	1	317	2.6599999999999995e-222	606	GCF_003481805.1_ASM348180v1_genomic	ldh	L-lactate dehydrogenase
LNILJCCL_01758	tr|A0A173RVN0|A0A173RVN0_ANAHA	99.7	317	1	0	1	317	1	317	1.54e-221	604	GCF_003481805.1_ASM348180v1_genomic	ldh	L-lactate dehydrogenase
LNILJCCL_01758	tr|D4MZ79|D4MZ79_ANAHA	99.7	317	1	0	1	317	1	317	2.1799999999999999e-221	603	GCF_003481805.1_ASM348180v1_genomic	ldh	L-lactate dehydrogenase
LNILJCCL_02194	tr|A0A174KPY8|A0A174KPY8_ANAHA	100	317	0	0	1	317	1	317	2.1199999999999997e-228	621	GCF_003481805.1_ASM348180v1_genomic	ldh	L-lactate dehydrogenase
LNILJCCL_02194	tr|A0A417V6R1|A0A417V6R1_9FIRM	100	317	0	0	1	317	1	317	2.1199999999999997e-228	621	GCF_003481805.1_ASM348180v1_genomic	ldh	L-lactate dehydrogenase
LNILJCCL_02194	tr|A0A415WCX6|A0A415WCX6_9FIRM	99.7	317	1	0	1	317	1	317	1.7399999999999996e-227	619	GCF_003481805.1_ASM348180v1_genomic	ldh	L-lactate dehydrogenase
LNILJCCL_02194	tr|A0A173XAM2|A0A173XAM2_ANAHA	99.4	317	2	0	1	317	1	317	2.4799999999999994e-227	619	GCF_003481805.1_ASM348180v1_genomic	ldh	L-lactate dehydrogenase
LNILJCCL_02194	tr|A0A6N2QXW7|A0A6N2QXW7_ANAHA	99.1	317	3	0	1	317	1	317	4.11e-226	615	GCF_003481805.1_ASM348180v1_genomic	ldh	L-lactate dehydrogenase
PFDPBJPF_02201	tr|A0A4P8IKH9|A0A4P8IKH9_9FIRM	100	314	0	0	1	314	1	314	8.939999999999998e-224	609	GCF_005280655.1_ASM528065v1_genomic	ldh	L-lactate dehydrogenase
PFDPBJPF_02459	tr|A0A4P8IGL8|A0A4P8IGL8_9FIRM	100	314	0	0	1	314	1	314	1.68e-228	621	GCF_005280655.1_ASM528065v1_genomic	ldh	L-lactate dehydrogenase
AMDOHACK_00802	tr|A0A1Q2C936|A0A1Q2C936_ANAHA	100	318	0	0	1	318	1	318	1.73e-223	609	GCF_008416325.1_ASM841632v1_genomic	ldh	L-lactate dehydrogenase
AMDOHACK_00802	tr|A0A415YKX9|A0A415YKX9_9FIRM	100	318	0	0	1	318	1	318	1.73e-223	609	GCF_008416325.1_ASM841632v1_genomic	ldh	L-lactate dehydrogenase
AMDOHACK_00802	tr|E5VGS4|E5VGS4_9FIRM	100	318	0	0	1	318	1	318	1.73e-223	609	GCF_008416325.1_ASM841632v1_genomic	ldh	L-lactate dehydrogenase
AMDOHACK_00811	tr|A0A415WB88|A0A415WB88_9FIRM	99.4	317	2	0	1	317	19	335	2.4599999999999998e-220	602	GCF_008416325.1_ASM841632v1_genomic	ldh	L-lactate dehydrogenase
AMDOHACK_00811	tr|A0A415YL33|A0A415YL33_9FIRM	99.4	317	2	0	1	317	19	335	2.4599999999999998e-220	602	GCF_008416325.1_ASM841632v1_genomic	ldh	L-lactate dehydrogenase
AMDOHACK_00811	tr|A0A417JUU1|A0A417JUU1_9FIRM	99.4	317	2	0	1	317	19	335	2.4599999999999998e-220	602	GCF_008416325.1_ASM841632v1_genomic	ldh	L-lactate dehydrogenase
AMDOHACK_00811	tr|A0A417V7X9|A0A417V7X9_9FIRM	99.4	317	2	0	1	317	19	335	2.4599999999999998e-220	602	GCF_008416325.1_ASM841632v1_genomic	ldh	L-lactate dehydrogenase
AMDOHACK_00811	tr|A0A173TV67|A0A173TV67_ANAHA	99.4	317	2	0	1	317	1	317	1.26e-220	602	GCF_008416325.1_ASM841632v1_genomic	ldh	L-lactate dehydrogenase
AMDOHACK_00811	tr|E5VGR6|E5VGR6_9FIRM	99.4	317	2	0	1	317	1	317	1.26e-220	602	GCF_008416325.1_ASM841632v1_genomic	ldh	L-lactate dehydrogenase
AMDOHACK_00811	tr|A0A173RVN0|A0A173RVN0_ANAHA	99.1	317	3	0	1	317	1	317	7.3e-220	600	GCF_008416325.1_ASM841632v1_genomic	ldh	L-lactate dehydrogenase
AMDOHACK_00811	tr|D4MZ79|D4MZ79_ANAHA	99.1	317	3	0	1	317	1	317	1.04e-219	599	GCF_008416325.1_ASM841632v1_genomic	ldh	L-lactate dehydrogenase
AMDOHACK_00979	tr|D4MZM0|D4MZM0_ANAHA	100	317	0	0	1	317	1	317	6.089999999999999e-228	620	GCF_008416325.1_ASM841632v1_genomic	ldh	L-lactate dehydrogenase
AMDOHACK_00979	tr|A0A415Y5S4|A0A415Y5S4_9FIRM	99.7	317	1	0	1	317	1	317	2.4799999999999994e-227	619	GCF_008416325.1_ASM841632v1_genomic	ldh	L-lactate dehydrogenase
AMDOHACK_00979	tr|A0AAQ3GQJ6|A0AAQ3GQJ6_ANAHA	99.4	317	2	0	1	317	1	317	1.01e-226	617	GCF_008416325.1_ASM841632v1_genomic	ldh	L-lactate dehydrogenase
AMDOHACK_00979	tr|E5VG93|E5VG93_9FIRM	99.4	317	2	0	1	317	1	317	1.01e-226	617	GCF_008416325.1_ASM841632v1_genomic	ldh	L-lactate dehydrogenase
AMDOHACK_00979	tr|A0A415WCX6|A0A415WCX6_9FIRM	99.4	317	2	0	1	317	1	317	2.8899999999999998e-226	616	GCF_008416325.1_ASM841632v1_genomic	ldh	L-lactate dehydrogenase
AMDOHACK_00979	tr|A0A173S8Z7|A0A173S8Z7_ANAHA	99.1	317	3	0	1	317	1	317	4.11e-226	615	GCF_008416325.1_ASM841632v1_genomic	ldh	L-lactate dehydrogenase
AMDOHACK_00979	tr|A0A173XAM2|A0A173XAM2_ANAHA	99.1	317	3	0	1	317	1	317	4.11e-226	615	GCF_008416325.1_ASM841632v1_genomic	ldh	L-lactate dehydrogenase
AMDOHACK_00979	tr|A0A6N2QXW7|A0A6N2QXW7_ANAHA	99.4	317	2	0	1	317	1	317	5.829999999999999e-226	615	GCF_008416325.1_ASM841632v1_genomic	ldh	L-lactate dehydrogenase
AMDOHACK_00979	tr|A0A417K180|A0A417K180_9FIRM	99.4	317	2	0	1	317	1	317	8.29e-226	615	GCF_008416325.1_ASM841632v1_genomic	ldh	L-lactate dehydrogenase
AMDOHACK_00979	tr|A0A174KPY8|A0A174KPY8_ANAHA	99.1	317	3	0	1	317	1	317	1.1799999999999998e-225	614	GCF_008416325.1_ASM841632v1_genomic	ldh	L-lactate dehydrogenase
AMDOHACK_00979	tr|A0A417V6R1|A0A417V6R1_9FIRM	99.1	317	3	0	1	317	1	317	1.1799999999999998e-225	614	GCF_008416325.1_ASM841632v1_genomic	ldh	L-lactate dehydrogenase
EGFDKNMG_01425	tr|A0A173RVN0|A0A173RVN0_ANAHA	100	317	0	0	1	317	1	317	1.3199999999999998e-222	607	GCF_013302355.1_ASM1330235v1_genomic	ldh	L-lactate dehydrogenase
EGFDKNMG_01425	tr|A0A415WB88|A0A415WB88_9FIRM	99.7	317	1	0	1	317	19	335	1.49e-221	605	GCF_013302355.1_ASM1330235v1_genomic	ldh	L-lactate dehydrogenase
EGFDKNMG_01425	tr|A0A415YL33|A0A415YL33_9FIRM	99.7	317	1	0	1	317	19	335	1.49e-221	605	GCF_013302355.1_ASM1330235v1_genomic	ldh	L-lactate dehydrogenase
EGFDKNMG_01425	tr|A0A417JUU1|A0A417JUU1_9FIRM	99.7	317	1	0	1	317	19	335	1.49e-221	605	GCF_013302355.1_ASM1330235v1_genomic	ldh	L-lactate dehydrogenase
EGFDKNMG_01425	tr|A0A417V7X9|A0A417V7X9_9FIRM	99.7	317	1	0	1	317	19	335	1.49e-221	605	GCF_013302355.1_ASM1330235v1_genomic	ldh	L-lactate dehydrogenase
EGFDKNMG_01425	tr|A0A173TV67|A0A173TV67_ANAHA	99.7	317	1	0	1	317	1	317	7.609999999999999e-222	605	GCF_013302355.1_ASM1330235v1_genomic	ldh	L-lactate dehydrogenase
EGFDKNMG_01425	tr|E5VGR6|E5VGR6_9FIRM	99.7	317	1	0	1	317	1	317	7.609999999999999e-222	605	GCF_013302355.1_ASM1330235v1_genomic	ldh	L-lactate dehydrogenase
EGFDKNMG_01425	tr|D4MZ79|D4MZ79_ANAHA	99.4	317	2	0	1	317	1	317	6.25e-221	602	GCF_013302355.1_ASM1330235v1_genomic	ldh	L-lactate dehydrogenase
EGFDKNMG_02882	tr|A0A417K180|A0A417K180_9FIRM	99.1	317	3	0	1	317	1	317	2.04e-226	616	GCF_013302355.1_ASM1330235v1_genomic	ldh	L-lactate dehydrogenase
EGFDKNMG_02882	tr|D4MZM0|D4MZM0_ANAHA	99.1	317	3	0	1	317	1	317	1.67e-225	614	GCF_013302355.1_ASM1330235v1_genomic	ldh	L-lactate dehydrogenase
EGFDKNMG_02882	tr|A0A415Y5S4|A0A415Y5S4_9FIRM	98.7	317	4	0	1	317	1	317	6.809999999999999e-225	612	GCF_013302355.1_ASM1330235v1_genomic	ldh	L-lactate dehydrogenase
EGFDKNMG_02882	tr|A0AAQ3GQJ6|A0AAQ3GQJ6_ANAHA	98.4	317	5	0	1	317	1	317	2.7699999999999996e-224	611	GCF_013302355.1_ASM1330235v1_genomic	ldh	L-lactate dehydrogenase
EGFDKNMG_02882	tr|E5VG93|E5VG93_9FIRM	98.4	317	5	0	1	317	1	317	2.7699999999999996e-224	611	GCF_013302355.1_ASM1330235v1_genomic	ldh	L-lactate dehydrogenase
HLIEKABP_01354	tr|A0A173RVN0|A0A173RVN0_ANAHA	100	317	0	0	1	317	1	317	1.3199999999999998e-222	607	GCF_013302445.1_ASM1330244v1_genomic	ldh	L-lactate dehydrogenase
HLIEKABP_01354	tr|A0A415WB88|A0A415WB88_9FIRM	99.7	317	1	0	1	317	19	335	1.49e-221	605	GCF_013302445.1_ASM1330244v1_genomic	ldh	L-lactate dehydrogenase
HLIEKABP_01354	tr|A0A415YL33|A0A415YL33_9FIRM	99.7	317	1	0	1	317	19	335	1.49e-221	605	GCF_013302445.1_ASM1330244v1_genomic	ldh	L-lactate dehydrogenase
HLIEKABP_01354	tr|A0A417JUU1|A0A417JUU1_9FIRM	99.7	317	1	0	1	317	19	335	1.49e-221	605	GCF_013302445.1_ASM1330244v1_genomic	ldh	L-lactate dehydrogenase
HLIEKABP_01354	tr|A0A417V7X9|A0A417V7X9_9FIRM	99.7	317	1	0	1	317	19	335	1.49e-221	605	GCF_013302445.1_ASM1330244v1_genomic	ldh	L-lactate dehydrogenase
HLIEKABP_01354	tr|A0A173TV67|A0A173TV67_ANAHA	99.7	317	1	0	1	317	1	317	7.609999999999999e-222	605	GCF_013302445.1_ASM1330244v1_genomic	ldh	L-lactate dehydrogenase
HLIEKABP_01354	tr|E5VGR6|E5VGR6_9FIRM	99.7	317	1	0	1	317	1	317	7.609999999999999e-222	605	GCF_013302445.1_ASM1330244v1_genomic	ldh	L-lactate dehydrogenase
HLIEKABP_01354	tr|D4MZ79|D4MZ79_ANAHA	99.4	317	2	0	1	317	1	317	6.25e-221	602	GCF_013302445.1_ASM1330244v1_genomic	ldh	L-lactate dehydrogenase
HLIEKABP_02917	tr|A0A417K180|A0A417K180_9FIRM	99.1	317	3	0	1	317	1	317	2.04e-226	616	GCF_013302445.1_ASM1330244v1_genomic	ldh	L-lactate dehydrogenase
HLIEKABP_02917	tr|D4MZM0|D4MZM0_ANAHA	99.1	317	3	0	1	317	1	317	1.67e-225	614	GCF_013302445.1_ASM1330244v1_genomic	ldh	L-lactate dehydrogenase
HLIEKABP_02917	tr|A0A415Y5S4|A0A415Y5S4_9FIRM	98.7	317	4	0	1	317	1	317	6.809999999999999e-225	612	GCF_013302445.1_ASM1330244v1_genomic	ldh	L-lactate dehydrogenase
HLIEKABP_02917	tr|A0AAQ3GQJ6|A0AAQ3GQJ6_ANAHA	98.4	317	5	0	1	317	1	317	2.7699999999999996e-224	611	GCF_013302445.1_ASM1330244v1_genomic	ldh	L-lactate dehydrogenase
HLIEKABP_02917	tr|E5VG93|E5VG93_9FIRM	98.4	317	5	0	1	317	1	317	2.7699999999999996e-224	611	GCF_013302445.1_ASM1330244v1_genomic	ldh	L-lactate dehydrogenase
JONNAMEE_02480	tr|A0AAQ3GQJ6|A0AAQ3GQJ6_ANAHA	99.4	317	2	0	1	317	1	317	4.999999999999999e-227	618	GCF_013302455.1_ASM1330245v1_genomic	ldh	L-lactate dehydrogenase
JONNAMEE_02480	tr|E5VG93|E5VG93_9FIRM	99.4	317	2	0	1	317	1	317	4.999999999999999e-227	618	GCF_013302455.1_ASM1330245v1_genomic	ldh	L-lactate dehydrogenase
JONNAMEE_02480	tr|D4MZM0|D4MZM0_ANAHA	98.7	317	4	0	1	317	1	317	1.67e-225	614	GCF_013302455.1_ASM1330245v1_genomic	ldh	L-lactate dehydrogenase
JONNAMEE_02480	tr|A0A415Y5S4|A0A415Y5S4_9FIRM	98.4	317	5	0	1	317	1	317	6.809999999999999e-225	612	GCF_013302455.1_ASM1330245v1_genomic	ldh	L-lactate dehydrogenase
JONNAMEE_02894	tr|A0A173RVN0|A0A173RVN0_ANAHA	100	317	0	0	1	317	1	317	1.3199999999999998e-222	607	GCF_013302455.1_ASM1330245v1_genomic	ldh	L-lactate dehydrogenase
JONNAMEE_02894	tr|A0A415WB88|A0A415WB88_9FIRM	99.7	317	1	0	1	317	19	335	1.49e-221	605	GCF_013302455.1_ASM1330245v1_genomic	ldh	L-lactate dehydrogenase
JONNAMEE_02894	tr|A0A415YL33|A0A415YL33_9FIRM	99.7	317	1	0	1	317	19	335	1.49e-221	605	GCF_013302455.1_ASM1330245v1_genomic	ldh	L-lactate dehydrogenase
JONNAMEE_02894	tr|A0A417JUU1|A0A417JUU1_9FIRM	99.7	317	1	0	1	317	19	335	1.49e-221	605	GCF_013302455.1_ASM1330245v1_genomic	ldh	L-lactate dehydrogenase
JONNAMEE_02894	tr|A0A417V7X9|A0A417V7X9_9FIRM	99.7	317	1	0	1	317	19	335	1.49e-221	605	GCF_013302455.1_ASM1330245v1_genomic	ldh	L-lactate dehydrogenase
JONNAMEE_02894	tr|A0A173TV67|A0A173TV67_ANAHA	99.7	317	1	0	1	317	1	317	7.609999999999999e-222	605	GCF_013302455.1_ASM1330245v1_genomic	ldh	L-lactate dehydrogenase
JONNAMEE_02894	tr|E5VGR6|E5VGR6_9FIRM	99.7	317	1	0	1	317	1	317	7.609999999999999e-222	605	GCF_013302455.1_ASM1330245v1_genomic	ldh	L-lactate dehydrogenase
JONNAMEE_02894	tr|D4MZ79|D4MZ79_ANAHA	99.4	317	2	0	1	317	1	317	6.25e-221	602	GCF_013302455.1_ASM1330245v1_genomic	ldh	L-lactate dehydrogenase
EMIBJJME_00738	tr|A0A415WB88|A0A415WB88_9FIRM	100	317	0	0	1	317	19	335	5.179999999999999e-222	606	GCF_013302465.1_ASM1330246v1_genomic	ldh	L-lactate dehydrogenase
EMIBJJME_00738	tr|A0A415YL33|A0A415YL33_9FIRM	100	317	0	0	1	317	19	335	5.179999999999999e-222	606	GCF_013302465.1_ASM1330246v1_genomic	ldh	L-lactate dehydrogenase
EMIBJJME_00738	tr|A0A417JUU1|A0A417JUU1_9FIRM	100	317	0	0	1	317	19	335	5.179999999999999e-222	606	GCF_013302465.1_ASM1330246v1_genomic	ldh	L-lactate dehydrogenase
EMIBJJME_00738	tr|A0A417V7X9|A0A417V7X9_9FIRM	100	317	0	0	1	317	19	335	5.179999999999999e-222	606	GCF_013302465.1_ASM1330246v1_genomic	ldh	L-lactate dehydrogenase
EMIBJJME_00738	tr|A0A173TV67|A0A173TV67_ANAHA	100	317	0	0	1	317	1	317	2.6599999999999995e-222	606	GCF_013302465.1_ASM1330246v1_genomic	ldh	L-lactate dehydrogenase
EMIBJJME_00738	tr|E5VGR6|E5VGR6_9FIRM	100	317	0	0	1	317	1	317	2.6599999999999995e-222	606	GCF_013302465.1_ASM1330246v1_genomic	ldh	L-lactate dehydrogenase
EMIBJJME_00738	tr|A0A173RVN0|A0A173RVN0_ANAHA	99.7	317	1	0	1	317	1	317	1.54e-221	604	GCF_013302465.1_ASM1330246v1_genomic	ldh	L-lactate dehydrogenase
EMIBJJME_00738	tr|D4MZ79|D4MZ79_ANAHA	99.7	317	1	0	1	317	1	317	2.1799999999999999e-221	603	GCF_013302465.1_ASM1330246v1_genomic	ldh	L-lactate dehydrogenase
EMIBJJME_00886	tr|A0A174KPY8|A0A174KPY8_ANAHA	100	317	0	0	1	317	1	317	2.1199999999999997e-228	621	GCF_013302465.1_ASM1330246v1_genomic	ldh	L-lactate dehydrogenase
EMIBJJME_00886	tr|A0A417V6R1|A0A417V6R1_9FIRM	100	317	0	0	1	317	1	317	2.1199999999999997e-228	621	GCF_013302465.1_ASM1330246v1_genomic	ldh	L-lactate dehydrogenase
EMIBJJME_00886	tr|A0A415WCX6|A0A415WCX6_9FIRM	99.7	317	1	0	1	317	1	317	1.7399999999999996e-227	619	GCF_013302465.1_ASM1330246v1_genomic	ldh	L-lactate dehydrogenase
EMIBJJME_00886	tr|A0A173XAM2|A0A173XAM2_ANAHA	99.4	317	2	0	1	317	1	317	2.4799999999999994e-227	619	GCF_013302465.1_ASM1330246v1_genomic	ldh	L-lactate dehydrogenase
EMIBJJME_00886	tr|A0A6N2QXW7|A0A6N2QXW7_ANAHA	99.1	317	3	0	1	317	1	317	4.11e-226	615	GCF_013302465.1_ASM1330246v1_genomic	ldh	L-lactate dehydrogenase
OPNJLELE_00856	tr|A0A1Q2C936|A0A1Q2C936_ANAHA	100	318	0	0	1	318	1	318	1.73e-223	609	GCF_013302475.1_ASM1330247v1_genomic	ldh	L-lactate dehydrogenase
OPNJLELE_00856	tr|A0A415YKX9|A0A415YKX9_9FIRM	100	318	0	0	1	318	1	318	1.73e-223	609	GCF_013302475.1_ASM1330247v1_genomic	ldh	L-lactate dehydrogenase
OPNJLELE_00856	tr|E5VGS4|E5VGS4_9FIRM	100	318	0	0	1	318	1	318	1.73e-223	609	GCF_013302475.1_ASM1330247v1_genomic	ldh	L-lactate dehydrogenase
OPNJLELE_00864	tr|A0A415WB88|A0A415WB88_9FIRM	100	317	0	0	1	317	19	335	5.179999999999999e-222	606	GCF_013302475.1_ASM1330247v1_genomic	ldh	L-lactate dehydrogenase
OPNJLELE_00864	tr|A0A415YL33|A0A415YL33_9FIRM	100	317	0	0	1	317	19	335	5.179999999999999e-222	606	GCF_013302475.1_ASM1330247v1_genomic	ldh	L-lactate dehydrogenase
OPNJLELE_00864	tr|A0A417JUU1|A0A417JUU1_9FIRM	100	317	0	0	1	317	19	335	5.179999999999999e-222	606	GCF_013302475.1_ASM1330247v1_genomic	ldh	L-lactate dehydrogenase
OPNJLELE_00864	tr|A0A417V7X9|A0A417V7X9_9FIRM	100	317	0	0	1	317	19	335	5.179999999999999e-222	606	GCF_013302475.1_ASM1330247v1_genomic	ldh	L-lactate dehydrogenase
OPNJLELE_00864	tr|A0A173TV67|A0A173TV67_ANAHA	100	317	0	0	1	317	1	317	2.6599999999999995e-222	606	GCF_013302475.1_ASM1330247v1_genomic	ldh	L-lactate dehydrogenase
OPNJLELE_00864	tr|E5VGR6|E5VGR6_9FIRM	100	317	0	0	1	317	1	317	2.6599999999999995e-222	606	GCF_013302475.1_ASM1330247v1_genomic	ldh	L-lactate dehydrogenase
OPNJLELE_00864	tr|A0A173RVN0|A0A173RVN0_ANAHA	99.7	317	1	0	1	317	1	317	1.54e-221	604	GCF_013302475.1_ASM1330247v1_genomic	ldh	L-lactate dehydrogenase
OPNJLELE_00864	tr|D4MZ79|D4MZ79_ANAHA	99.7	317	1	0	1	317	1	317	2.1799999999999999e-221	603	GCF_013302475.1_ASM1330247v1_genomic	ldh	L-lactate dehydrogenase
OPNJLELE_01305	tr|A0A415Y5S4|A0A415Y5S4_9FIRM	100	317	0	0	1	317	1	317	4.2799999999999996e-228	620	GCF_013302475.1_ASM1330247v1_genomic	ldh	L-lactate dehydrogenase
OPNJLELE_01305	tr|D4MZM0|D4MZM0_ANAHA	99.7	317	1	0	1	317	1	317	2.4799999999999994e-227	619	GCF_013302475.1_ASM1330247v1_genomic	ldh	L-lactate dehydrogenase
OPNJLELE_01305	tr|A0A173S8Z7|A0A173S8Z7_ANAHA	99.1	317	3	0	1	317	1	317	4.11e-226	615	GCF_013302475.1_ASM1330247v1_genomic	ldh	L-lactate dehydrogenase
OPNJLELE_01305	tr|A0AAQ3GQJ6|A0AAQ3GQJ6_ANAHA	99.1	317	3	0	1	317	1	317	4.11e-226	615	GCF_013302475.1_ASM1330247v1_genomic	ldh	L-lactate dehydrogenase
OPNJLELE_01305	tr|E5VG93|E5VG93_9FIRM	99.1	317	3	0	1	317	1	317	4.11e-226	615	GCF_013302475.1_ASM1330247v1_genomic	ldh	L-lactate dehydrogenase
OPNJLELE_01305	tr|A0A415WCX6|A0A415WCX6_9FIRM	99.1	317	3	0	1	317	1	317	1.1799999999999998e-225	614	GCF_013302475.1_ASM1330247v1_genomic	ldh	L-lactate dehydrogenase
HFIKEABA_00916	tr|A0A415WB88|A0A415WB88_9FIRM	100	317	0	0	1	317	19	335	5.179999999999999e-222	606	GCF_013302525.1_ASM1330252v1_genomic	ldh	L-lactate dehydrogenase
HFIKEABA_00916	tr|A0A415YL33|A0A415YL33_9FIRM	100	317	0	0	1	317	19	335	5.179999999999999e-222	606	GCF_013302525.1_ASM1330252v1_genomic	ldh	L-lactate dehydrogenase
HFIKEABA_00916	tr|A0A417JUU1|A0A417JUU1_9FIRM	100	317	0	0	1	317	19	335	5.179999999999999e-222	606	GCF_013302525.1_ASM1330252v1_genomic	ldh	L-lactate dehydrogenase
HFIKEABA_00916	tr|A0A417V7X9|A0A417V7X9_9FIRM	100	317	0	0	1	317	19	335	5.179999999999999e-222	606	GCF_013302525.1_ASM1330252v1_genomic	ldh	L-lactate dehydrogenase
HFIKEABA_00916	tr|A0A173TV67|A0A173TV67_ANAHA	100	317	0	0	1	317	1	317	2.6599999999999995e-222	606	GCF_013302525.1_ASM1330252v1_genomic	ldh	L-lactate dehydrogenase
HFIKEABA_00916	tr|E5VGR6|E5VGR6_9FIRM	100	317	0	0	1	317	1	317	2.6599999999999995e-222	606	GCF_013302525.1_ASM1330252v1_genomic	ldh	L-lactate dehydrogenase
HFIKEABA_00916	tr|A0A173RVN0|A0A173RVN0_ANAHA	99.7	317	1	0	1	317	1	317	1.54e-221	604	GCF_013302525.1_ASM1330252v1_genomic	ldh	L-lactate dehydrogenase
HFIKEABA_00916	tr|D4MZ79|D4MZ79_ANAHA	99.7	317	1	0	1	317	1	317	2.1799999999999999e-221	603	GCF_013302525.1_ASM1330252v1_genomic	ldh	L-lactate dehydrogenase
HFIKEABA_00924	tr|A0A1Q2C936|A0A1Q2C936_ANAHA	100	318	0	0	1	318	1	318	1.73e-223	609	GCF_013302525.1_ASM1330252v1_genomic	ldh	L-lactate dehydrogenase
HFIKEABA_00924	tr|A0A415YKX9|A0A415YKX9_9FIRM	100	318	0	0	1	318	1	318	1.73e-223	609	GCF_013302525.1_ASM1330252v1_genomic	ldh	L-lactate dehydrogenase
HFIKEABA_00924	tr|E5VGS4|E5VGS4_9FIRM	100	318	0	0	1	318	1	318	1.73e-223	609	GCF_013302525.1_ASM1330252v1_genomic	ldh	L-lactate dehydrogenase
HFIKEABA_01334	tr|A0A415Y5S4|A0A415Y5S4_9FIRM	100	317	0	0	1	317	1	317	4.2799999999999996e-228	620	GCF_013302525.1_ASM1330252v1_genomic	ldh	L-lactate dehydrogenase
HFIKEABA_01334	tr|D4MZM0|D4MZM0_ANAHA	99.7	317	1	0	1	317	1	317	2.4799999999999994e-227	619	GCF_013302525.1_ASM1330252v1_genomic	ldh	L-lactate dehydrogenase
HFIKEABA_01334	tr|A0A173S8Z7|A0A173S8Z7_ANAHA	99.1	317	3	0	1	317	1	317	4.11e-226	615	GCF_013302525.1_ASM1330252v1_genomic	ldh	L-lactate dehydrogenase
HFIKEABA_01334	tr|A0AAQ3GQJ6|A0AAQ3GQJ6_ANAHA	99.1	317	3	0	1	317	1	317	4.11e-226	615	GCF_013302525.1_ASM1330252v1_genomic	ldh	L-lactate dehydrogenase
HFIKEABA_01334	tr|E5VG93|E5VG93_9FIRM	99.1	317	3	0	1	317	1	317	4.11e-226	615	GCF_013302525.1_ASM1330252v1_genomic	ldh	L-lactate dehydrogenase
HFIKEABA_01334	tr|A0A415WCX6|A0A415WCX6_9FIRM	99.1	317	3	0	1	317	1	317	1.1799999999999998e-225	614	GCF_013302525.1_ASM1330252v1_genomic	ldh	L-lactate dehydrogenase
EKLJFINO_02501	tr|A0AAQ3GQJ6|A0AAQ3GQJ6_ANAHA	99.4	317	2	0	1	317	1	317	4.999999999999999e-227	618	GCF_013302545.1_ASM1330254v1_genomic	ldh	L-lactate dehydrogenase
EKLJFINO_02501	tr|E5VG93|E5VG93_9FIRM	99.4	317	2	0	1	317	1	317	4.999999999999999e-227	618	GCF_013302545.1_ASM1330254v1_genomic	ldh	L-lactate dehydrogenase
EKLJFINO_02501	tr|D4MZM0|D4MZM0_ANAHA	98.7	317	4	0	1	317	1	317	1.67e-225	614	GCF_013302545.1_ASM1330254v1_genomic	ldh	L-lactate dehydrogenase
EKLJFINO_02501	tr|A0A415Y5S4|A0A415Y5S4_9FIRM	98.4	317	5	0	1	317	1	317	6.809999999999999e-225	612	GCF_013302545.1_ASM1330254v1_genomic	ldh	L-lactate dehydrogenase
EKLJFINO_02724	tr|A0A173RVN0|A0A173RVN0_ANAHA	100	317	0	0	1	317	1	317	1.3199999999999998e-222	607	GCF_013302545.1_ASM1330254v1_genomic	ldh	L-lactate dehydrogenase
EKLJFINO_02724	tr|A0A415WB88|A0A415WB88_9FIRM	99.7	317	1	0	1	317	19	335	1.49e-221	605	GCF_013302545.1_ASM1330254v1_genomic	ldh	L-lactate dehydrogenase
EKLJFINO_02724	tr|A0A415YL33|A0A415YL33_9FIRM	99.7	317	1	0	1	317	19	335	1.49e-221	605	GCF_013302545.1_ASM1330254v1_genomic	ldh	L-lactate dehydrogenase
EKLJFINO_02724	tr|A0A417JUU1|A0A417JUU1_9FIRM	99.7	317	1	0	1	317	19	335	1.49e-221	605	GCF_013302545.1_ASM1330254v1_genomic	ldh	L-lactate dehydrogenase
EKLJFINO_02724	tr|A0A417V7X9|A0A417V7X9_9FIRM	99.7	317	1	0	1	317	19	335	1.49e-221	605	GCF_013302545.1_ASM1330254v1_genomic	ldh	L-lactate dehydrogenase
EKLJFINO_02724	tr|A0A173TV67|A0A173TV67_ANAHA	99.7	317	1	0	1	317	1	317	7.609999999999999e-222	605	GCF_013302545.1_ASM1330254v1_genomic	ldh	L-lactate dehydrogenase
EKLJFINO_02724	tr|E5VGR6|E5VGR6_9FIRM	99.7	317	1	0	1	317	1	317	7.609999999999999e-222	605	GCF_013302545.1_ASM1330254v1_genomic	ldh	L-lactate dehydrogenase
EKLJFINO_02724	tr|D4MZ79|D4MZ79_ANAHA	99.4	317	2	0	1	317	1	317	6.25e-221	602	GCF_013302545.1_ASM1330254v1_genomic	ldh	L-lactate dehydrogenase
CGGOBLDE_01546	tr|A0AAQ3GQJ6|A0AAQ3GQJ6_ANAHA	99.4	317	2	0	1	317	1	317	4.999999999999999e-227	618	GCF_013302555.1_ASM1330255v1_genomic	ldh	L-lactate dehydrogenase
CGGOBLDE_01546	tr|E5VG93|E5VG93_9FIRM	99.4	317	2	0	1	317	1	317	4.999999999999999e-227	618	GCF_013302555.1_ASM1330255v1_genomic	ldh	L-lactate dehydrogenase
CGGOBLDE_01546	tr|D4MZM0|D4MZM0_ANAHA	98.7	317	4	0	1	317	1	317	1.67e-225	614	GCF_013302555.1_ASM1330255v1_genomic	ldh	L-lactate dehydrogenase
CGGOBLDE_01546	tr|A0A415Y5S4|A0A415Y5S4_9FIRM	98.4	317	5	0	1	317	1	317	6.809999999999999e-225	612	GCF_013302555.1_ASM1330255v1_genomic	ldh	L-lactate dehydrogenase
CGGOBLDE_02065	tr|A0A173RVN0|A0A173RVN0_ANAHA	100	317	0	0	1	317	1	317	1.3199999999999998e-222	607	GCF_013302555.1_ASM1330255v1_genomic	ldh	L-lactate dehydrogenase
CGGOBLDE_02065	tr|A0A415WB88|A0A415WB88_9FIRM	99.7	317	1	0	1	317	19	335	1.49e-221	605	GCF_013302555.1_ASM1330255v1_genomic	ldh	L-lactate dehydrogenase
CGGOBLDE_02065	tr|A0A415YL33|A0A415YL33_9FIRM	99.7	317	1	0	1	317	19	335	1.49e-221	605	GCF_013302555.1_ASM1330255v1_genomic	ldh	L-lactate dehydrogenase
CGGOBLDE_02065	tr|A0A417JUU1|A0A417JUU1_9FIRM	99.7	317	1	0	1	317	19	335	1.49e-221	605	GCF_013302555.1_ASM1330255v1_genomic	ldh	L-lactate dehydrogenase
CGGOBLDE_02065	tr|A0A417V7X9|A0A417V7X9_9FIRM	99.7	317	1	0	1	317	19	335	1.49e-221	605	GCF_013302555.1_ASM1330255v1_genomic	ldh	L-lactate dehydrogenase
CGGOBLDE_02065	tr|A0A173TV67|A0A173TV67_ANAHA	99.7	317	1	0	1	317	1	317	7.609999999999999e-222	605	GCF_013302555.1_ASM1330255v1_genomic	ldh	L-lactate dehydrogenase
CGGOBLDE_02065	tr|E5VGR6|E5VGR6_9FIRM	99.7	317	1	0	1	317	1	317	7.609999999999999e-222	605	GCF_013302555.1_ASM1330255v1_genomic	ldh	L-lactate dehydrogenase
CGGOBLDE_02065	tr|D4MZ79|D4MZ79_ANAHA	99.4	317	2	0	1	317	1	317	6.25e-221	602	GCF_013302555.1_ASM1330255v1_genomic	ldh	L-lactate dehydrogenase
CFLOBBPJ_01263	tr|A0AAQ3GQJ6|A0AAQ3GQJ6_ANAHA	99.4	317	2	0	1	317	1	317	4.999999999999999e-227	618	GCF_013302565.1_ASM1330256v1_genomic	ldh	L-lactate dehydrogenase
CFLOBBPJ_01263	tr|E5VG93|E5VG93_9FIRM	99.4	317	2	0	1	317	1	317	4.999999999999999e-227	618	GCF_013302565.1_ASM1330256v1_genomic	ldh	L-lactate dehydrogenase
CFLOBBPJ_01263	tr|D4MZM0|D4MZM0_ANAHA	98.7	317	4	0	1	317	1	317	1.67e-225	614	GCF_013302565.1_ASM1330256v1_genomic	ldh	L-lactate dehydrogenase
CFLOBBPJ_01263	tr|A0A415Y5S4|A0A415Y5S4_9FIRM	98.4	317	5	0	1	317	1	317	6.809999999999999e-225	612	GCF_013302565.1_ASM1330256v1_genomic	ldh	L-lactate dehydrogenase
CFLOBBPJ_02135	tr|A0A173RVN0|A0A173RVN0_ANAHA	100	317	0	0	1	317	1	317	1.3199999999999998e-222	607	GCF_013302565.1_ASM1330256v1_genomic	ldh	L-lactate dehydrogenase
CFLOBBPJ_02135	tr|A0A415WB88|A0A415WB88_9FIRM	99.7	317	1	0	1	317	19	335	1.49e-221	605	GCF_013302565.1_ASM1330256v1_genomic	ldh	L-lactate dehydrogenase
CFLOBBPJ_02135	tr|A0A415YL33|A0A415YL33_9FIRM	99.7	317	1	0	1	317	19	335	1.49e-221	605	GCF_013302565.1_ASM1330256v1_genomic	ldh	L-lactate dehydrogenase
CFLOBBPJ_02135	tr|A0A417JUU1|A0A417JUU1_9FIRM	99.7	317	1	0	1	317	19	335	1.49e-221	605	GCF_013302565.1_ASM1330256v1_genomic	ldh	L-lactate dehydrogenase
CFLOBBPJ_02135	tr|A0A417V7X9|A0A417V7X9_9FIRM	99.7	317	1	0	1	317	19	335	1.49e-221	605	GCF_013302565.1_ASM1330256v1_genomic	ldh	L-lactate dehydrogenase
CFLOBBPJ_02135	tr|A0A173TV67|A0A173TV67_ANAHA	99.7	317	1	0	1	317	1	317	7.609999999999999e-222	605	GCF_013302565.1_ASM1330256v1_genomic	ldh	L-lactate dehydrogenase
CFLOBBPJ_02135	tr|E5VGR6|E5VGR6_9FIRM	99.7	317	1	0	1	317	1	317	7.609999999999999e-222	605	GCF_013302565.1_ASM1330256v1_genomic	ldh	L-lactate dehydrogenase
CFLOBBPJ_02135	tr|D4MZ79|D4MZ79_ANAHA	99.4	317	2	0	1	317	1	317	6.25e-221	602	GCF_013302565.1_ASM1330256v1_genomic	ldh	L-lactate dehydrogenase
CNJAGMEN_00773	tr|A0A173RVN0|A0A173RVN0_ANAHA	100	317	0	0	1	317	1	317	1.3199999999999998e-222	607	GCF_013302595.1_ASM1330259v1_genomic	ldh	L-lactate dehydrogenase
CNJAGMEN_00773	tr|A0A415WB88|A0A415WB88_9FIRM	99.7	317	1	0	1	317	19	335	1.49e-221	605	GCF_013302595.1_ASM1330259v1_genomic	ldh	L-lactate dehydrogenase
CNJAGMEN_00773	tr|A0A415YL33|A0A415YL33_9FIRM	99.7	317	1	0	1	317	19	335	1.49e-221	605	GCF_013302595.1_ASM1330259v1_genomic	ldh	L-lactate dehydrogenase
CNJAGMEN_00773	tr|A0A417JUU1|A0A417JUU1_9FIRM	99.7	317	1	0	1	317	19	335	1.49e-221	605	GCF_013302595.1_ASM1330259v1_genomic	ldh	L-lactate dehydrogenase
CNJAGMEN_00773	tr|A0A417V7X9|A0A417V7X9_9FIRM	99.7	317	1	0	1	317	19	335	1.49e-221	605	GCF_013302595.1_ASM1330259v1_genomic	ldh	L-lactate dehydrogenase
CNJAGMEN_00773	tr|A0A173TV67|A0A173TV67_ANAHA	99.7	317	1	0	1	317	1	317	7.609999999999999e-222	605	GCF_013302595.1_ASM1330259v1_genomic	ldh	L-lactate dehydrogenase
CNJAGMEN_00773	tr|E5VGR6|E5VGR6_9FIRM	99.7	317	1	0	1	317	1	317	7.609999999999999e-222	605	GCF_013302595.1_ASM1330259v1_genomic	ldh	L-lactate dehydrogenase
CNJAGMEN_00773	tr|D4MZ79|D4MZ79_ANAHA	99.4	317	2	0	1	317	1	317	6.25e-221	602	GCF_013302595.1_ASM1330259v1_genomic	ldh	L-lactate dehydrogenase
CNJAGMEN_00932	tr|A0A415Y5S4|A0A415Y5S4_9FIRM	100	317	0	0	1	317	1	317	4.2799999999999996e-228	620	GCF_013302595.1_ASM1330259v1_genomic	ldh	L-lactate dehydrogenase
CNJAGMEN_00932	tr|D4MZM0|D4MZM0_ANAHA	99.7	317	1	0	1	317	1	317	2.4799999999999994e-227	619	GCF_013302595.1_ASM1330259v1_genomic	ldh	L-lactate dehydrogenase
CNJAGMEN_00932	tr|A0A173S8Z7|A0A173S8Z7_ANAHA	99.1	317	3	0	1	317	1	317	4.11e-226	615	GCF_013302595.1_ASM1330259v1_genomic	ldh	L-lactate dehydrogenase
CNJAGMEN_00932	tr|A0AAQ3GQJ6|A0AAQ3GQJ6_ANAHA	99.1	317	3	0	1	317	1	317	4.11e-226	615	GCF_013302595.1_ASM1330259v1_genomic	ldh	L-lactate dehydrogenase
CNJAGMEN_00932	tr|E5VG93|E5VG93_9FIRM	99.1	317	3	0	1	317	1	317	4.11e-226	615	GCF_013302595.1_ASM1330259v1_genomic	ldh	L-lactate dehydrogenase
CNJAGMEN_00932	tr|A0A415WCX6|A0A415WCX6_9FIRM	99.1	317	3	0	1	317	1	317	1.1799999999999998e-225	614	GCF_013302595.1_ASM1330259v1_genomic	ldh	L-lactate dehydrogenase
BPMFDCLE_00872	tr|A0A173RVN0|A0A173RVN0_ANAHA	100	317	0	0	1	317	1	317	1.3199999999999998e-222	607	GCF_013302605.1_ASM1330260v1_genomic	ldh	L-lactate dehydrogenase
BPMFDCLE_00872	tr|A0A415WB88|A0A415WB88_9FIRM	99.7	317	1	0	1	317	19	335	1.49e-221	605	GCF_013302605.1_ASM1330260v1_genomic	ldh	L-lactate dehydrogenase
BPMFDCLE_00872	tr|A0A415YL33|A0A415YL33_9FIRM	99.7	317	1	0	1	317	19	335	1.49e-221	605	GCF_013302605.1_ASM1330260v1_genomic	ldh	L-lactate dehydrogenase
BPMFDCLE_00872	tr|A0A417JUU1|A0A417JUU1_9FIRM	99.7	317	1	0	1	317	19	335	1.49e-221	605	GCF_013302605.1_ASM1330260v1_genomic	ldh	L-lactate dehydrogenase
BPMFDCLE_00872	tr|A0A417V7X9|A0A417V7X9_9FIRM	99.7	317	1	0	1	317	19	335	1.49e-221	605	GCF_013302605.1_ASM1330260v1_genomic	ldh	L-lactate dehydrogenase
BPMFDCLE_00872	tr|A0A173TV67|A0A173TV67_ANAHA	99.7	317	1	0	1	317	1	317	7.609999999999999e-222	605	GCF_013302605.1_ASM1330260v1_genomic	ldh	L-lactate dehydrogenase
BPMFDCLE_00872	tr|E5VGR6|E5VGR6_9FIRM	99.7	317	1	0	1	317	1	317	7.609999999999999e-222	605	GCF_013302605.1_ASM1330260v1_genomic	ldh	L-lactate dehydrogenase
BPMFDCLE_00872	tr|D4MZ79|D4MZ79_ANAHA	99.4	317	2	0	1	317	1	317	6.25e-221	602	GCF_013302605.1_ASM1330260v1_genomic	ldh	L-lactate dehydrogenase
BPMFDCLE_01016	tr|A0A415Y5S4|A0A415Y5S4_9FIRM	100	317	0	0	1	317	1	317	4.2799999999999996e-228	620	GCF_013302605.1_ASM1330260v1_genomic	ldh	L-lactate dehydrogenase
BPMFDCLE_01016	tr|D4MZM0|D4MZM0_ANAHA	99.7	317	1	0	1	317	1	317	2.4799999999999994e-227	619	GCF_013302605.1_ASM1330260v1_genomic	ldh	L-lactate dehydrogenase
BPMFDCLE_01016	tr|A0A173S8Z7|A0A173S8Z7_ANAHA	99.1	317	3	0	1	317	1	317	4.11e-226	615	GCF_013302605.1_ASM1330260v1_genomic	ldh	L-lactate dehydrogenase
BPMFDCLE_01016	tr|A0AAQ3GQJ6|A0AAQ3GQJ6_ANAHA	99.1	317	3	0	1	317	1	317	4.11e-226	615	GCF_013302605.1_ASM1330260v1_genomic	ldh	L-lactate dehydrogenase
BPMFDCLE_01016	tr|E5VG93|E5VG93_9FIRM	99.1	317	3	0	1	317	1	317	4.11e-226	615	GCF_013302605.1_ASM1330260v1_genomic	ldh	L-lactate dehydrogenase
BPMFDCLE_01016	tr|A0A415WCX6|A0A415WCX6_9FIRM	99.1	317	3	0	1	317	1	317	1.1799999999999998e-225	614	GCF_013302605.1_ASM1330260v1_genomic	ldh	L-lactate dehydrogenase
PBOEODCG_00743	tr|A0A415Y5S4|A0A415Y5S4_9FIRM	99.4	317	2	0	1	317	1	317	1.01e-226	617	GCF_013302645.1_ASM1330264v1_genomic	ldh	L-lactate dehydrogenase
PBOEODCG_00743	tr|D4MZM0|D4MZM0_ANAHA	99.4	317	2	0	1	317	1	317	1.01e-226	617	GCF_013302645.1_ASM1330264v1_genomic	ldh	L-lactate dehydrogenase
PBOEODCG_00743	tr|A0A173S8Z7|A0A173S8Z7_ANAHA	99.1	317	3	0	1	317	1	317	4.11e-226	615	GCF_013302645.1_ASM1330264v1_genomic	ldh	L-lactate dehydrogenase
PBOEODCG_00743	tr|A0AAQ3GQJ6|A0AAQ3GQJ6_ANAHA	98.7	317	4	0	1	317	1	317	1.67e-225	614	GCF_013302645.1_ASM1330264v1_genomic	ldh	L-lactate dehydrogenase
PBOEODCG_00743	tr|E5VG93|E5VG93_9FIRM	98.7	317	4	0	1	317	1	317	1.67e-225	614	GCF_013302645.1_ASM1330264v1_genomic	ldh	L-lactate dehydrogenase
PBOEODCG_00743	tr|A0A415WCX6|A0A415WCX6_9FIRM	98.7	317	4	0	1	317	1	317	4.79e-225	613	GCF_013302645.1_ASM1330264v1_genomic	ldh	L-lactate dehydrogenase
PBOEODCG_00743	tr|A0A173XAM2|A0A173XAM2_ANAHA	98.4	317	5	0	1	317	1	317	6.809999999999999e-225	612	GCF_013302645.1_ASM1330264v1_genomic	ldh	L-lactate dehydrogenase
PBOEODCG_00743	tr|A0A6N2QXW7|A0A6N2QXW7_ANAHA	98.7	317	4	0	1	317	1	317	9.669999999999999e-225	612	GCF_013302645.1_ASM1330264v1_genomic	ldh	L-lactate dehydrogenase
PBOEODCG_00743	tr|A0A417K180|A0A417K180_9FIRM	98.7	317	4	0	1	317	1	317	1.3699999999999997e-224	612	GCF_013302645.1_ASM1330264v1_genomic	ldh	L-lactate dehydrogenase
PBOEODCG_00743	tr|A0A174KPY8|A0A174KPY8_ANAHA	98.4	317	5	0	1	317	1	317	1.9499999999999997e-224	611	GCF_013302645.1_ASM1330264v1_genomic	ldh	L-lactate dehydrogenase
PBOEODCG_00743	tr|A0A417V6R1|A0A417V6R1_9FIRM	98.4	317	5	0	1	317	1	317	1.9499999999999997e-224	611	GCF_013302645.1_ASM1330264v1_genomic	ldh	L-lactate dehydrogenase
PBOEODCG_02199	tr|A0A1Q2C936|A0A1Q2C936_ANAHA	100	318	0	0	1	318	1	318	1.73e-223	609	GCF_013302645.1_ASM1330264v1_genomic	ldh	L-lactate dehydrogenase
PBOEODCG_02199	tr|A0A415YKX9|A0A415YKX9_9FIRM	100	318	0	0	1	318	1	318	1.73e-223	609	GCF_013302645.1_ASM1330264v1_genomic	ldh	L-lactate dehydrogenase
PBOEODCG_02199	tr|E5VGS4|E5VGS4_9FIRM	100	318	0	0	1	318	1	318	1.73e-223	609	GCF_013302645.1_ASM1330264v1_genomic	ldh	L-lactate dehydrogenase
PBOEODCG_02207	tr|A0A415WB88|A0A415WB88_9FIRM	100	317	0	0	1	317	19	335	5.179999999999999e-222	606	GCF_013302645.1_ASM1330264v1_genomic	ldh	L-lactate dehydrogenase
PBOEODCG_02207	tr|A0A415YL33|A0A415YL33_9FIRM	100	317	0	0	1	317	19	335	5.179999999999999e-222	606	GCF_013302645.1_ASM1330264v1_genomic	ldh	L-lactate dehydrogenase
PBOEODCG_02207	tr|A0A417JUU1|A0A417JUU1_9FIRM	100	317	0	0	1	317	19	335	5.179999999999999e-222	606	GCF_013302645.1_ASM1330264v1_genomic	ldh	L-lactate dehydrogenase
PBOEODCG_02207	tr|A0A417V7X9|A0A417V7X9_9FIRM	100	317	0	0	1	317	19	335	5.179999999999999e-222	606	GCF_013302645.1_ASM1330264v1_genomic	ldh	L-lactate dehydrogenase
PBOEODCG_02207	tr|A0A173TV67|A0A173TV67_ANAHA	100	317	0	0	1	317	1	317	2.6599999999999995e-222	606	GCF_013302645.1_ASM1330264v1_genomic	ldh	L-lactate dehydrogenase
PBOEODCG_02207	tr|E5VGR6|E5VGR6_9FIRM	100	317	0	0	1	317	1	317	2.6599999999999995e-222	606	GCF_013302645.1_ASM1330264v1_genomic	ldh	L-lactate dehydrogenase
PBOEODCG_02207	tr|A0A173RVN0|A0A173RVN0_ANAHA	99.7	317	1	0	1	317	1	317	1.54e-221	604	GCF_013302645.1_ASM1330264v1_genomic	ldh	L-lactate dehydrogenase
PBOEODCG_02207	tr|D4MZ79|D4MZ79_ANAHA	99.7	317	1	0	1	317	1	317	2.1799999999999999e-221	603	GCF_013302645.1_ASM1330264v1_genomic	ldh	L-lactate dehydrogenase
PDPFBEPF_00760	tr|A0A415Y5S4|A0A415Y5S4_9FIRM	99.4	317	2	0	1	317	1	317	1.01e-226	617	GCF_013302665.1_ASM1330266v1_genomic	ldh	L-lactate dehydrogenase
PDPFBEPF_00760	tr|D4MZM0|D4MZM0_ANAHA	99.4	317	2	0	1	317	1	317	1.01e-226	617	GCF_013302665.1_ASM1330266v1_genomic	ldh	L-lactate dehydrogenase
PDPFBEPF_00760	tr|A0A173S8Z7|A0A173S8Z7_ANAHA	99.1	317	3	0	1	317	1	317	4.11e-226	615	GCF_013302665.1_ASM1330266v1_genomic	ldh	L-lactate dehydrogenase
PDPFBEPF_00760	tr|A0AAQ3GQJ6|A0AAQ3GQJ6_ANAHA	98.7	317	4	0	1	317	1	317	1.67e-225	614	GCF_013302665.1_ASM1330266v1_genomic	ldh	L-lactate dehydrogenase
PDPFBEPF_00760	tr|E5VG93|E5VG93_9FIRM	98.7	317	4	0	1	317	1	317	1.67e-225	614	GCF_013302665.1_ASM1330266v1_genomic	ldh	L-lactate dehydrogenase
PDPFBEPF_00760	tr|A0A415WCX6|A0A415WCX6_9FIRM	98.7	317	4	0	1	317	1	317	4.79e-225	613	GCF_013302665.1_ASM1330266v1_genomic	ldh	L-lactate dehydrogenase
PDPFBEPF_00760	tr|A0A173XAM2|A0A173XAM2_ANAHA	98.4	317	5	0	1	317	1	317	6.809999999999999e-225	612	GCF_013302665.1_ASM1330266v1_genomic	ldh	L-lactate dehydrogenase
PDPFBEPF_00760	tr|A0A6N2QXW7|A0A6N2QXW7_ANAHA	98.7	317	4	0	1	317	1	317	9.669999999999999e-225	612	GCF_013302665.1_ASM1330266v1_genomic	ldh	L-lactate dehydrogenase
PDPFBEPF_00760	tr|A0A417K180|A0A417K180_9FIRM	98.7	317	4	0	1	317	1	317	1.3699999999999997e-224	612	GCF_013302665.1_ASM1330266v1_genomic	ldh	L-lactate dehydrogenase
PDPFBEPF_00760	tr|A0A174KPY8|A0A174KPY8_ANAHA	98.4	317	5	0	1	317	1	317	1.9499999999999997e-224	611	GCF_013302665.1_ASM1330266v1_genomic	ldh	L-lactate dehydrogenase
PDPFBEPF_00760	tr|A0A417V6R1|A0A417V6R1_9FIRM	98.4	317	5	0	1	317	1	317	1.9499999999999997e-224	611	GCF_013302665.1_ASM1330266v1_genomic	ldh	L-lactate dehydrogenase
PDPFBEPF_02211	tr|A0A1Q2C936|A0A1Q2C936_ANAHA	100	318	0	0	1	318	1	318	1.73e-223	609	GCF_013302665.1_ASM1330266v1_genomic	ldh	L-lactate dehydrogenase
PDPFBEPF_02211	tr|A0A415YKX9|A0A415YKX9_9FIRM	100	318	0	0	1	318	1	318	1.73e-223	609	GCF_013302665.1_ASM1330266v1_genomic	ldh	L-lactate dehydrogenase
PDPFBEPF_02211	tr|E5VGS4|E5VGS4_9FIRM	100	318	0	0	1	318	1	318	1.73e-223	609	GCF_013302665.1_ASM1330266v1_genomic	ldh	L-lactate dehydrogenase
PDPFBEPF_02219	tr|A0A415WB88|A0A415WB88_9FIRM	100	317	0	0	1	317	19	335	5.179999999999999e-222	606	GCF_013302665.1_ASM1330266v1_genomic	ldh	L-lactate dehydrogenase
PDPFBEPF_02219	tr|A0A415YL33|A0A415YL33_9FIRM	100	317	0	0	1	317	19	335	5.179999999999999e-222	606	GCF_013302665.1_ASM1330266v1_genomic	ldh	L-lactate dehydrogenase
PDPFBEPF_02219	tr|A0A417JUU1|A0A417JUU1_9FIRM	100	317	0	0	1	317	19	335	5.179999999999999e-222	606	GCF_013302665.1_ASM1330266v1_genomic	ldh	L-lactate dehydrogenase
PDPFBEPF_02219	tr|A0A417V7X9|A0A417V7X9_9FIRM	100	317	0	0	1	317	19	335	5.179999999999999e-222	606	GCF_013302665.1_ASM1330266v1_genomic	ldh	L-lactate dehydrogenase
PDPFBEPF_02219	tr|A0A173TV67|A0A173TV67_ANAHA	100	317	0	0	1	317	1	317	2.6599999999999995e-222	606	GCF_013302665.1_ASM1330266v1_genomic	ldh	L-lactate dehydrogenase
PDPFBEPF_02219	tr|E5VGR6|E5VGR6_9FIRM	100	317	0	0	1	317	1	317	2.6599999999999995e-222	606	GCF_013302665.1_ASM1330266v1_genomic	ldh	L-lactate dehydrogenase
PDPFBEPF_02219	tr|A0A173RVN0|A0A173RVN0_ANAHA	99.7	317	1	0	1	317	1	317	1.54e-221	604	GCF_013302665.1_ASM1330266v1_genomic	ldh	L-lactate dehydrogenase
PDPFBEPF_02219	tr|D4MZ79|D4MZ79_ANAHA	99.7	317	1	0	1	317	1	317	2.1799999999999999e-221	603	GCF_013302665.1_ASM1330266v1_genomic	ldh	L-lactate dehydrogenase
AMFMHKFD_01390	tr|A0A415WB88|A0A415WB88_9FIRM	99.4	317	2	0	1	317	19	335	2.4599999999999998e-220	602	GCF_013302675.1_ASM1330267v1_genomic	ldh	L-lactate dehydrogenase
AMFMHKFD_01390	tr|A0A415YL33|A0A415YL33_9FIRM	99.4	317	2	0	1	317	19	335	2.4599999999999998e-220	602	GCF_013302675.1_ASM1330267v1_genomic	ldh	L-lactate dehydrogenase
AMFMHKFD_01390	tr|A0A417JUU1|A0A417JUU1_9FIRM	99.4	317	2	0	1	317	19	335	2.4599999999999998e-220	602	GCF_013302675.1_ASM1330267v1_genomic	ldh	L-lactate dehydrogenase
AMFMHKFD_01390	tr|A0A417V7X9|A0A417V7X9_9FIRM	99.4	317	2	0	1	317	19	335	2.4599999999999998e-220	602	GCF_013302675.1_ASM1330267v1_genomic	ldh	L-lactate dehydrogenase
AMFMHKFD_01390	tr|A0A173TV67|A0A173TV67_ANAHA	99.4	317	2	0	1	317	1	317	1.26e-220	602	GCF_013302675.1_ASM1330267v1_genomic	ldh	L-lactate dehydrogenase
AMFMHKFD_01390	tr|E5VGR6|E5VGR6_9FIRM	99.4	317	2	0	1	317	1	317	1.26e-220	602	GCF_013302675.1_ASM1330267v1_genomic	ldh	L-lactate dehydrogenase
AMFMHKFD_01390	tr|A0A173RVN0|A0A173RVN0_ANAHA	99.1	317	3	0	1	317	1	317	7.3e-220	600	GCF_013302675.1_ASM1330267v1_genomic	ldh	L-lactate dehydrogenase
AMFMHKFD_01390	tr|D4MZ79|D4MZ79_ANAHA	99.1	317	3	0	1	317	1	317	1.04e-219	599	GCF_013302675.1_ASM1330267v1_genomic	ldh	L-lactate dehydrogenase
AMFMHKFD_01399	tr|A0A1Q2C936|A0A1Q2C936_ANAHA	100	318	0	0	1	318	1	318	1.73e-223	609	GCF_013302675.1_ASM1330267v1_genomic	ldh	L-lactate dehydrogenase
AMFMHKFD_01399	tr|A0A415YKX9|A0A415YKX9_9FIRM	100	318	0	0	1	318	1	318	1.73e-223	609	GCF_013302675.1_ASM1330267v1_genomic	ldh	L-lactate dehydrogenase
AMFMHKFD_01399	tr|E5VGS4|E5VGS4_9FIRM	100	318	0	0	1	318	1	318	1.73e-223	609	GCF_013302675.1_ASM1330267v1_genomic	ldh	L-lactate dehydrogenase
AMFMHKFD_02663	tr|A0A415Y5S4|A0A415Y5S4_9FIRM	99.4	317	2	0	1	317	1	317	1.01e-226	617	GCF_013302675.1_ASM1330267v1_genomic	ldh	L-lactate dehydrogenase
AMFMHKFD_02663	tr|D4MZM0|D4MZM0_ANAHA	99.4	317	2	0	1	317	1	317	1.01e-226	617	GCF_013302675.1_ASM1330267v1_genomic	ldh	L-lactate dehydrogenase
AMFMHKFD_02663	tr|A0A173S8Z7|A0A173S8Z7_ANAHA	99.1	317	3	0	1	317	1	317	4.11e-226	615	GCF_013302675.1_ASM1330267v1_genomic	ldh	L-lactate dehydrogenase
AMFMHKFD_02663	tr|A0AAQ3GQJ6|A0AAQ3GQJ6_ANAHA	98.7	317	4	0	1	317	1	317	1.67e-225	614	GCF_013302675.1_ASM1330267v1_genomic	ldh	L-lactate dehydrogenase
AMFMHKFD_02663	tr|E5VG93|E5VG93_9FIRM	98.7	317	4	0	1	317	1	317	1.67e-225	614	GCF_013302675.1_ASM1330267v1_genomic	ldh	L-lactate dehydrogenase
AMFMHKFD_02663	tr|A0A415WCX6|A0A415WCX6_9FIRM	98.7	317	4	0	1	317	1	317	4.79e-225	613	GCF_013302675.1_ASM1330267v1_genomic	ldh	L-lactate dehydrogenase
AMFMHKFD_02663	tr|A0A173XAM2|A0A173XAM2_ANAHA	98.4	317	5	0	1	317	1	317	6.809999999999999e-225	612	GCF_013302675.1_ASM1330267v1_genomic	ldh	L-lactate dehydrogenase
AMFMHKFD_02663	tr|A0A6N2QXW7|A0A6N2QXW7_ANAHA	98.7	317	4	0	1	317	1	317	9.669999999999999e-225	612	GCF_013302675.1_ASM1330267v1_genomic	ldh	L-lactate dehydrogenase
AMFMHKFD_02663	tr|A0A417K180|A0A417K180_9FIRM	98.7	317	4	0	1	317	1	317	1.3699999999999997e-224	612	GCF_013302675.1_ASM1330267v1_genomic	ldh	L-lactate dehydrogenase
AMFMHKFD_02663	tr|A0A174KPY8|A0A174KPY8_ANAHA	98.4	317	5	0	1	317	1	317	1.9499999999999997e-224	611	GCF_013302675.1_ASM1330267v1_genomic	ldh	L-lactate dehydrogenase
AMFMHKFD_02663	tr|A0A417V6R1|A0A417V6R1_9FIRM	98.4	317	5	0	1	317	1	317	1.9499999999999997e-224	611	GCF_013302675.1_ASM1330267v1_genomic	ldh	L-lactate dehydrogenase
NOEHOIPN_00713	tr|A0A415Y5S4|A0A415Y5S4_9FIRM	99.4	317	2	0	1	317	1	317	1.01e-226	617	GCF_013302685.1_ASM1330268v1_genomic	ldh	L-lactate dehydrogenase
NOEHOIPN_00713	tr|D4MZM0|D4MZM0_ANAHA	99.4	317	2	0	1	317	1	317	1.01e-226	617	GCF_013302685.1_ASM1330268v1_genomic	ldh	L-lactate dehydrogenase
NOEHOIPN_00713	tr|A0A173S8Z7|A0A173S8Z7_ANAHA	99.1	317	3	0	1	317	1	317	4.11e-226	615	GCF_013302685.1_ASM1330268v1_genomic	ldh	L-lactate dehydrogenase
NOEHOIPN_00713	tr|A0AAQ3GQJ6|A0AAQ3GQJ6_ANAHA	98.7	317	4	0	1	317	1	317	1.67e-225	614	GCF_013302685.1_ASM1330268v1_genomic	ldh	L-lactate dehydrogenase
NOEHOIPN_00713	tr|E5VG93|E5VG93_9FIRM	98.7	317	4	0	1	317	1	317	1.67e-225	614	GCF_013302685.1_ASM1330268v1_genomic	ldh	L-lactate dehydrogenase
NOEHOIPN_00713	tr|A0A415WCX6|A0A415WCX6_9FIRM	98.7	317	4	0	1	317	1	317	4.79e-225	613	GCF_013302685.1_ASM1330268v1_genomic	ldh	L-lactate dehydrogenase
NOEHOIPN_00713	tr|A0A173XAM2|A0A173XAM2_ANAHA	98.4	317	5	0	1	317	1	317	6.809999999999999e-225	612	GCF_013302685.1_ASM1330268v1_genomic	ldh	L-lactate dehydrogenase
NOEHOIPN_00713	tr|A0A6N2QXW7|A0A6N2QXW7_ANAHA	98.7	317	4	0	1	317	1	317	9.669999999999999e-225	612	GCF_013302685.1_ASM1330268v1_genomic	ldh	L-lactate dehydrogenase
NOEHOIPN_00713	tr|A0A417K180|A0A417K180_9FIRM	98.7	317	4	0	1	317	1	317	1.3699999999999997e-224	612	GCF_013302685.1_ASM1330268v1_genomic	ldh	L-lactate dehydrogenase
NOEHOIPN_00713	tr|A0A174KPY8|A0A174KPY8_ANAHA	98.4	317	5	0	1	317	1	317	1.9499999999999997e-224	611	GCF_013302685.1_ASM1330268v1_genomic	ldh	L-lactate dehydrogenase
NOEHOIPN_00713	tr|A0A417V6R1|A0A417V6R1_9FIRM	98.4	317	5	0	1	317	1	317	1.9499999999999997e-224	611	GCF_013302685.1_ASM1330268v1_genomic	ldh	L-lactate dehydrogenase
NOEHOIPN_02073	tr|A0A415WB88|A0A415WB88_9FIRM	100	317	0	0	1	317	19	335	5.179999999999999e-222	606	GCF_013302685.1_ASM1330268v1_genomic	ldh	L-lactate dehydrogenase
NOEHOIPN_02073	tr|A0A415YL33|A0A415YL33_9FIRM	100	317	0	0	1	317	19	335	5.179999999999999e-222	606	GCF_013302685.1_ASM1330268v1_genomic	ldh	L-lactate dehydrogenase
NOEHOIPN_02073	tr|A0A417JUU1|A0A417JUU1_9FIRM	100	317	0	0	1	317	19	335	5.179999999999999e-222	606	GCF_013302685.1_ASM1330268v1_genomic	ldh	L-lactate dehydrogenase
NOEHOIPN_02073	tr|A0A417V7X9|A0A417V7X9_9FIRM	100	317	0	0	1	317	19	335	5.179999999999999e-222	606	GCF_013302685.1_ASM1330268v1_genomic	ldh	L-lactate dehydrogenase
NOEHOIPN_02073	tr|A0A173TV67|A0A173TV67_ANAHA	100	317	0	0	1	317	1	317	2.6599999999999995e-222	606	GCF_013302685.1_ASM1330268v1_genomic	ldh	L-lactate dehydrogenase
NOEHOIPN_02073	tr|E5VGR6|E5VGR6_9FIRM	100	317	0	0	1	317	1	317	2.6599999999999995e-222	606	GCF_013302685.1_ASM1330268v1_genomic	ldh	L-lactate dehydrogenase
NOEHOIPN_02073	tr|A0A173RVN0|A0A173RVN0_ANAHA	99.7	317	1	0	1	317	1	317	1.54e-221	604	GCF_013302685.1_ASM1330268v1_genomic	ldh	L-lactate dehydrogenase
NOEHOIPN_02073	tr|D4MZ79|D4MZ79_ANAHA	99.7	317	1	0	1	317	1	317	2.1799999999999999e-221	603	GCF_013302685.1_ASM1330268v1_genomic	ldh	L-lactate dehydrogenase
NOEHOIPN_02081	tr|A0A1Q2C936|A0A1Q2C936_ANAHA	100	318	0	0	1	318	1	318	1.73e-223	609	GCF_013302685.1_ASM1330268v1_genomic	ldh	L-lactate dehydrogenase
NOEHOIPN_02081	tr|A0A415YKX9|A0A415YKX9_9FIRM	100	318	0	0	1	318	1	318	1.73e-223	609	GCF_013302685.1_ASM1330268v1_genomic	ldh	L-lactate dehydrogenase
NOEHOIPN_02081	tr|E5VGS4|E5VGS4_9FIRM	100	318	0	0	1	318	1	318	1.73e-223	609	GCF_013302685.1_ASM1330268v1_genomic	ldh	L-lactate dehydrogenase
GKONJLLH_01632	tr|A0A415WCX6|A0A415WCX6_9FIRM	100	317	0	0	1	317	1	317	6.089999999999999e-228	620	GCF_013302715.1_ASM1330271v1_genomic	ldh	L-lactate dehydrogenase
GKONJLLH_01632	tr|A0A173XAM2|A0A173XAM2_ANAHA	99.7	317	1	0	1	317	1	317	8.649999999999999e-228	620	GCF_013302715.1_ASM1330271v1_genomic	ldh	L-lactate dehydrogenase
GKONJLLH_01632	tr|A0A174KPY8|A0A174KPY8_ANAHA	99.7	317	1	0	1	317	1	317	2.4799999999999994e-227	619	GCF_013302715.1_ASM1330271v1_genomic	ldh	L-lactate dehydrogenase
GKONJLLH_01632	tr|A0A417V6R1|A0A417V6R1_9FIRM	99.7	317	1	0	1	317	1	317	2.4799999999999994e-227	619	GCF_013302715.1_ASM1330271v1_genomic	ldh	L-lactate dehydrogenase
GKONJLLH_01632	tr|A0A6N2QXW7|A0A6N2QXW7_ANAHA	99.4	317	2	0	1	317	1	317	1.43e-226	617	GCF_013302715.1_ASM1330271v1_genomic	ldh	L-lactate dehydrogenase
GKONJLLH_01632	tr|D4MZM0|D4MZM0_ANAHA	99.4	317	2	0	1	317	1	317	2.8899999999999998e-226	616	GCF_013302715.1_ASM1330271v1_genomic	ldh	L-lactate dehydrogenase
GKONJLLH_01632	tr|A0A415Y5S4|A0A415Y5S4_9FIRM	99.1	317	3	0	1	317	1	317	1.1799999999999998e-225	614	GCF_013302715.1_ASM1330271v1_genomic	ldh	L-lactate dehydrogenase
GKONJLLH_02601	tr|A0A415WB88|A0A415WB88_9FIRM	99.4	317	2	0	1	317	19	335	1.49e-221	605	GCF_013302715.1_ASM1330271v1_genomic	ldh	L-lactate dehydrogenase
GKONJLLH_02601	tr|A0A415YL33|A0A415YL33_9FIRM	99.4	317	2	0	1	317	19	335	1.49e-221	605	GCF_013302715.1_ASM1330271v1_genomic	ldh	L-lactate dehydrogenase
GKONJLLH_02601	tr|A0A417JUU1|A0A417JUU1_9FIRM	99.4	317	2	0	1	317	19	335	1.49e-221	605	GCF_013302715.1_ASM1330271v1_genomic	ldh	L-lactate dehydrogenase
GKONJLLH_02601	tr|A0A417V7X9|A0A417V7X9_9FIRM	99.4	317	2	0	1	317	19	335	1.49e-221	605	GCF_013302715.1_ASM1330271v1_genomic	ldh	L-lactate dehydrogenase
GKONJLLH_02601	tr|A0A173TV67|A0A173TV67_ANAHA	99.4	317	2	0	1	317	1	317	7.609999999999999e-222	605	GCF_013302715.1_ASM1330271v1_genomic	ldh	L-lactate dehydrogenase
GKONJLLH_02601	tr|E5VGR6|E5VGR6_9FIRM	99.4	317	2	0	1	317	1	317	7.609999999999999e-222	605	GCF_013302715.1_ASM1330271v1_genomic	ldh	L-lactate dehydrogenase
GKONJLLH_02601	tr|A0A173RVN0|A0A173RVN0_ANAHA	99.1	317	3	0	1	317	1	317	4.4e-221	603	GCF_013302715.1_ASM1330271v1_genomic	ldh	L-lactate dehydrogenase
GKONJLLH_02601	tr|D4MZ79|D4MZ79_ANAHA	99.1	317	3	0	1	317	1	317	6.25e-221	602	GCF_013302715.1_ASM1330271v1_genomic	ldh	L-lactate dehydrogenase
JHAHNFPD_00681	tr|A0A173RVN0|A0A173RVN0_ANAHA	100	317	0	0	1	317	1	317	1.3199999999999998e-222	607	GCF_013302745.1_ASM1330274v1_genomic	ldh	L-lactate dehydrogenase
JHAHNFPD_00681	tr|A0A415WB88|A0A415WB88_9FIRM	99.7	317	1	0	1	317	19	335	1.49e-221	605	GCF_013302745.1_ASM1330274v1_genomic	ldh	L-lactate dehydrogenase
JHAHNFPD_00681	tr|A0A415YL33|A0A415YL33_9FIRM	99.7	317	1	0	1	317	19	335	1.49e-221	605	GCF_013302745.1_ASM1330274v1_genomic	ldh	L-lactate dehydrogenase
JHAHNFPD_00681	tr|A0A417JUU1|A0A417JUU1_9FIRM	99.7	317	1	0	1	317	19	335	1.49e-221	605	GCF_013302745.1_ASM1330274v1_genomic	ldh	L-lactate dehydrogenase
JHAHNFPD_00681	tr|A0A417V7X9|A0A417V7X9_9FIRM	99.7	317	1	0	1	317	19	335	1.49e-221	605	GCF_013302745.1_ASM1330274v1_genomic	ldh	L-lactate dehydrogenase
JHAHNFPD_00681	tr|A0A173TV67|A0A173TV67_ANAHA	99.7	317	1	0	1	317	1	317	7.609999999999999e-222	605	GCF_013302745.1_ASM1330274v1_genomic	ldh	L-lactate dehydrogenase
JHAHNFPD_00681	tr|E5VGR6|E5VGR6_9FIRM	99.7	317	1	0	1	317	1	317	7.609999999999999e-222	605	GCF_013302745.1_ASM1330274v1_genomic	ldh	L-lactate dehydrogenase
JHAHNFPD_00681	tr|D4MZ79|D4MZ79_ANAHA	99.4	317	2	0	1	317	1	317	6.25e-221	602	GCF_013302745.1_ASM1330274v1_genomic	ldh	L-lactate dehydrogenase
JHAHNFPD_00842	tr|A0A417K180|A0A417K180_9FIRM	99.7	317	1	0	1	317	1	317	8.649999999999999e-228	620	GCF_013302745.1_ASM1330274v1_genomic	ldh	L-lactate dehydrogenase
JHAHNFPD_00842	tr|D4MZM0|D4MZM0_ANAHA	99.7	317	1	0	1	317	1	317	7.099999999999998e-227	617	GCF_013302745.1_ASM1330274v1_genomic	ldh	L-lactate dehydrogenase
JHAHNFPD_00842	tr|A0A415Y5S4|A0A415Y5S4_9FIRM	99.4	317	2	0	1	317	1	317	2.8899999999999998e-226	616	GCF_013302745.1_ASM1330274v1_genomic	ldh	L-lactate dehydrogenase
JHAHNFPD_00842	tr|A0AAQ3GQJ6|A0AAQ3GQJ6_ANAHA	99.1	317	3	0	1	317	1	317	1.1799999999999998e-225	614	GCF_013302745.1_ASM1330274v1_genomic	ldh	L-lactate dehydrogenase
JHAHNFPD_00842	tr|E5VG93|E5VG93_9FIRM	99.1	317	3	0	1	317	1	317	1.1799999999999998e-225	614	GCF_013302745.1_ASM1330274v1_genomic	ldh	L-lactate dehydrogenase
GDEOMAJN_02048	tr|A0A415WCX6|A0A415WCX6_9FIRM	100	317	0	0	1	317	1	317	6.089999999999999e-228	620	GCF_013302755.1_ASM1330275v1_genomic	ldh	L-lactate dehydrogenase
GDEOMAJN_02048	tr|A0A173XAM2|A0A173XAM2_ANAHA	99.7	317	1	0	1	317	1	317	8.649999999999999e-228	620	GCF_013302755.1_ASM1330275v1_genomic	ldh	L-lactate dehydrogenase
GDEOMAJN_02048	tr|A0A174KPY8|A0A174KPY8_ANAHA	99.7	317	1	0	1	317	1	317	2.4799999999999994e-227	619	GCF_013302755.1_ASM1330275v1_genomic	ldh	L-lactate dehydrogenase
GDEOMAJN_02048	tr|A0A417V6R1|A0A417V6R1_9FIRM	99.7	317	1	0	1	317	1	317	2.4799999999999994e-227	619	GCF_013302755.1_ASM1330275v1_genomic	ldh	L-lactate dehydrogenase
GDEOMAJN_02048	tr|A0A6N2QXW7|A0A6N2QXW7_ANAHA	99.4	317	2	0	1	317	1	317	1.43e-226	617	GCF_013302755.1_ASM1330275v1_genomic	ldh	L-lactate dehydrogenase
GDEOMAJN_02048	tr|D4MZM0|D4MZM0_ANAHA	99.4	317	2	0	1	317	1	317	2.8899999999999998e-226	616	GCF_013302755.1_ASM1330275v1_genomic	ldh	L-lactate dehydrogenase
GDEOMAJN_02048	tr|A0A415Y5S4|A0A415Y5S4_9FIRM	99.1	317	3	0	1	317	1	317	1.1799999999999998e-225	614	GCF_013302755.1_ASM1330275v1_genomic	ldh	L-lactate dehydrogenase
GDEOMAJN_02389	tr|A0A415WB88|A0A415WB88_9FIRM	99.4	317	2	0	1	317	19	335	1.49e-221	605	GCF_013302755.1_ASM1330275v1_genomic	ldh	L-lactate dehydrogenase
GDEOMAJN_02389	tr|A0A415YL33|A0A415YL33_9FIRM	99.4	317	2	0	1	317	19	335	1.49e-221	605	GCF_013302755.1_ASM1330275v1_genomic	ldh	L-lactate dehydrogenase
GDEOMAJN_02389	tr|A0A417JUU1|A0A417JUU1_9FIRM	99.4	317	2	0	1	317	19	335	1.49e-221	605	GCF_013302755.1_ASM1330275v1_genomic	ldh	L-lactate dehydrogenase
GDEOMAJN_02389	tr|A0A417V7X9|A0A417V7X9_9FIRM	99.4	317	2	0	1	317	19	335	1.49e-221	605	GCF_013302755.1_ASM1330275v1_genomic	ldh	L-lactate dehydrogenase
GDEOMAJN_02389	tr|A0A173TV67|A0A173TV67_ANAHA	99.4	317	2	0	1	317	1	317	7.609999999999999e-222	605	GCF_013302755.1_ASM1330275v1_genomic	ldh	L-lactate dehydrogenase
GDEOMAJN_02389	tr|E5VGR6|E5VGR6_9FIRM	99.4	317	2	0	1	317	1	317	7.609999999999999e-222	605	GCF_013302755.1_ASM1330275v1_genomic	ldh	L-lactate dehydrogenase
GDEOMAJN_02389	tr|A0A173RVN0|A0A173RVN0_ANAHA	99.1	317	3	0	1	317	1	317	4.4e-221	603	GCF_013302755.1_ASM1330275v1_genomic	ldh	L-lactate dehydrogenase
GDEOMAJN_02389	tr|D4MZ79|D4MZ79_ANAHA	99.1	317	3	0	1	317	1	317	6.25e-221	602	GCF_013302755.1_ASM1330275v1_genomic	ldh	L-lactate dehydrogenase
MBKEJNJN_00777	tr|A0A173RVN0|A0A173RVN0_ANAHA	100	317	0	0	1	317	1	317	1.3199999999999998e-222	607	GCF_013302785.1_ASM1330278v1_genomic	ldh	L-lactate dehydrogenase
MBKEJNJN_00777	tr|A0A415WB88|A0A415WB88_9FIRM	99.7	317	1	0	1	317	19	335	1.49e-221	605	GCF_013302785.1_ASM1330278v1_genomic	ldh	L-lactate dehydrogenase
MBKEJNJN_00777	tr|A0A415YL33|A0A415YL33_9FIRM	99.7	317	1	0	1	317	19	335	1.49e-221	605	GCF_013302785.1_ASM1330278v1_genomic	ldh	L-lactate dehydrogenase
MBKEJNJN_00777	tr|A0A417JUU1|A0A417JUU1_9FIRM	99.7	317	1	0	1	317	19	335	1.49e-221	605	GCF_013302785.1_ASM1330278v1_genomic	ldh	L-lactate dehydrogenase
MBKEJNJN_00777	tr|A0A417V7X9|A0A417V7X9_9FIRM	99.7	317	1	0	1	317	19	335	1.49e-221	605	GCF_013302785.1_ASM1330278v1_genomic	ldh	L-lactate dehydrogenase
MBKEJNJN_00777	tr|A0A173TV67|A0A173TV67_ANAHA	99.7	317	1	0	1	317	1	317	7.609999999999999e-222	605	GCF_013302785.1_ASM1330278v1_genomic	ldh	L-lactate dehydrogenase
MBKEJNJN_00777	tr|E5VGR6|E5VGR6_9FIRM	99.7	317	1	0	1	317	1	317	7.609999999999999e-222	605	GCF_013302785.1_ASM1330278v1_genomic	ldh	L-lactate dehydrogenase
MBKEJNJN_00777	tr|D4MZ79|D4MZ79_ANAHA	99.4	317	2	0	1	317	1	317	6.25e-221	602	GCF_013302785.1_ASM1330278v1_genomic	ldh	L-lactate dehydrogenase
MBKEJNJN_00938	tr|A0A417K180|A0A417K180_9FIRM	99.7	317	1	0	1	317	1	317	8.649999999999999e-228	620	GCF_013302785.1_ASM1330278v1_genomic	ldh	L-lactate dehydrogenase
MBKEJNJN_00938	tr|D4MZM0|D4MZM0_ANAHA	99.7	317	1	0	1	317	1	317	7.099999999999998e-227	617	GCF_013302785.1_ASM1330278v1_genomic	ldh	L-lactate dehydrogenase
MBKEJNJN_00938	tr|A0A415Y5S4|A0A415Y5S4_9FIRM	99.4	317	2	0	1	317	1	317	2.8899999999999998e-226	616	GCF_013302785.1_ASM1330278v1_genomic	ldh	L-lactate dehydrogenase
MBKEJNJN_00938	tr|A0AAQ3GQJ6|A0AAQ3GQJ6_ANAHA	99.1	317	3	0	1	317	1	317	1.1799999999999998e-225	614	GCF_013302785.1_ASM1330278v1_genomic	ldh	L-lactate dehydrogenase
MBKEJNJN_00938	tr|E5VG93|E5VG93_9FIRM	99.1	317	3	0	1	317	1	317	1.1799999999999998e-225	614	GCF_013302785.1_ASM1330278v1_genomic	ldh	L-lactate dehydrogenase
OPKLNLBG_01548	tr|A0A415WCX6|A0A415WCX6_9FIRM	100	317	0	0	1	317	1	317	6.089999999999999e-228	620	GCF_013302795.1_ASM1330279v1_genomic	ldh	L-lactate dehydrogenase
OPKLNLBG_01548	tr|A0A173XAM2|A0A173XAM2_ANAHA	99.7	317	1	0	1	317	1	317	8.649999999999999e-228	620	GCF_013302795.1_ASM1330279v1_genomic	ldh	L-lactate dehydrogenase
OPKLNLBG_01548	tr|A0A174KPY8|A0A174KPY8_ANAHA	99.7	317	1	0	1	317	1	317	2.4799999999999994e-227	619	GCF_013302795.1_ASM1330279v1_genomic	ldh	L-lactate dehydrogenase
OPKLNLBG_01548	tr|A0A417V6R1|A0A417V6R1_9FIRM	99.7	317	1	0	1	317	1	317	2.4799999999999994e-227	619	GCF_013302795.1_ASM1330279v1_genomic	ldh	L-lactate dehydrogenase
OPKLNLBG_01548	tr|A0A6N2QXW7|A0A6N2QXW7_ANAHA	99.4	317	2	0	1	317	1	317	1.43e-226	617	GCF_013302795.1_ASM1330279v1_genomic	ldh	L-lactate dehydrogenase
OPKLNLBG_01548	tr|D4MZM0|D4MZM0_ANAHA	99.4	317	2	0	1	317	1	317	2.8899999999999998e-226	616	GCF_013302795.1_ASM1330279v1_genomic	ldh	L-lactate dehydrogenase
OPKLNLBG_01548	tr|A0A415Y5S4|A0A415Y5S4_9FIRM	99.1	317	3	0	1	317	1	317	1.1799999999999998e-225	614	GCF_013302795.1_ASM1330279v1_genomic	ldh	L-lactate dehydrogenase
OPKLNLBG_02385	tr|A0A415WB88|A0A415WB88_9FIRM	99.4	317	2	0	1	317	19	335	1.49e-221	605	GCF_013302795.1_ASM1330279v1_genomic	ldh	L-lactate dehydrogenase
OPKLNLBG_02385	tr|A0A415YL33|A0A415YL33_9FIRM	99.4	317	2	0	1	317	19	335	1.49e-221	605	GCF_013302795.1_ASM1330279v1_genomic	ldh	L-lactate dehydrogenase
OPKLNLBG_02385	tr|A0A417JUU1|A0A417JUU1_9FIRM	99.4	317	2	0	1	317	19	335	1.49e-221	605	GCF_013302795.1_ASM1330279v1_genomic	ldh	L-lactate dehydrogenase
OPKLNLBG_02385	tr|A0A417V7X9|A0A417V7X9_9FIRM	99.4	317	2	0	1	317	19	335	1.49e-221	605	GCF_013302795.1_ASM1330279v1_genomic	ldh	L-lactate dehydrogenase
OPKLNLBG_02385	tr|A0A173TV67|A0A173TV67_ANAHA	99.4	317	2	0	1	317	1	317	7.609999999999999e-222	605	GCF_013302795.1_ASM1330279v1_genomic	ldh	L-lactate dehydrogenase
OPKLNLBG_02385	tr|E5VGR6|E5VGR6_9FIRM	99.4	317	2	0	1	317	1	317	7.609999999999999e-222	605	GCF_013302795.1_ASM1330279v1_genomic	ldh	L-lactate dehydrogenase
OPKLNLBG_02385	tr|A0A173RVN0|A0A173RVN0_ANAHA	99.1	317	3	0	1	317	1	317	4.4e-221	603	GCF_013302795.1_ASM1330279v1_genomic	ldh	L-lactate dehydrogenase
OPKLNLBG_02385	tr|D4MZ79|D4MZ79_ANAHA	99.1	317	3	0	1	317	1	317	6.25e-221	602	GCF_013302795.1_ASM1330279v1_genomic	ldh	L-lactate dehydrogenase
JGHPJKMJ_01988	tr|A0A415WCX6|A0A415WCX6_9FIRM	100	317	0	0	1	317	1	317	6.089999999999999e-228	620	GCF_013302815.1_ASM1330281v1_genomic	ldh	L-lactate dehydrogenase
JGHPJKMJ_01988	tr|A0A173XAM2|A0A173XAM2_ANAHA	99.7	317	1	0	1	317	1	317	8.649999999999999e-228	620	GCF_013302815.1_ASM1330281v1_genomic	ldh	L-lactate dehydrogenase
JGHPJKMJ_01988	tr|A0A174KPY8|A0A174KPY8_ANAHA	99.7	317	1	0	1	317	1	317	2.4799999999999994e-227	619	GCF_013302815.1_ASM1330281v1_genomic	ldh	L-lactate dehydrogenase
JGHPJKMJ_01988	tr|A0A417V6R1|A0A417V6R1_9FIRM	99.7	317	1	0	1	317	1	317	2.4799999999999994e-227	619	GCF_013302815.1_ASM1330281v1_genomic	ldh	L-lactate dehydrogenase
JGHPJKMJ_01988	tr|A0A6N2QXW7|A0A6N2QXW7_ANAHA	99.4	317	2	0	1	317	1	317	1.43e-226	617	GCF_013302815.1_ASM1330281v1_genomic	ldh	L-lactate dehydrogenase
JGHPJKMJ_01988	tr|D4MZM0|D4MZM0_ANAHA	99.4	317	2	0	1	317	1	317	2.8899999999999998e-226	616	GCF_013302815.1_ASM1330281v1_genomic	ldh	L-lactate dehydrogenase
JGHPJKMJ_01988	tr|A0A415Y5S4|A0A415Y5S4_9FIRM	99.1	317	3	0	1	317	1	317	1.1799999999999998e-225	614	GCF_013302815.1_ASM1330281v1_genomic	ldh	L-lactate dehydrogenase
JGHPJKMJ_02331	tr|A0A415WB88|A0A415WB88_9FIRM	99.4	317	2	0	1	317	19	335	1.49e-221	605	GCF_013302815.1_ASM1330281v1_genomic	ldh	L-lactate dehydrogenase
JGHPJKMJ_02331	tr|A0A415YL33|A0A415YL33_9FIRM	99.4	317	2	0	1	317	19	335	1.49e-221	605	GCF_013302815.1_ASM1330281v1_genomic	ldh	L-lactate dehydrogenase
JGHPJKMJ_02331	tr|A0A417JUU1|A0A417JUU1_9FIRM	99.4	317	2	0	1	317	19	335	1.49e-221	605	GCF_013302815.1_ASM1330281v1_genomic	ldh	L-lactate dehydrogenase
JGHPJKMJ_02331	tr|A0A417V7X9|A0A417V7X9_9FIRM	99.4	317	2	0	1	317	19	335	1.49e-221	605	GCF_013302815.1_ASM1330281v1_genomic	ldh	L-lactate dehydrogenase
JGHPJKMJ_02331	tr|A0A173TV67|A0A173TV67_ANAHA	99.4	317	2	0	1	317	1	317	7.609999999999999e-222	605	GCF_013302815.1_ASM1330281v1_genomic	ldh	L-lactate dehydrogenase
JGHPJKMJ_02331	tr|E5VGR6|E5VGR6_9FIRM	99.4	317	2	0	1	317	1	317	7.609999999999999e-222	605	GCF_013302815.1_ASM1330281v1_genomic	ldh	L-lactate dehydrogenase
JGHPJKMJ_02331	tr|A0A173RVN0|A0A173RVN0_ANAHA	99.1	317	3	0	1	317	1	317	4.4e-221	603	GCF_013302815.1_ASM1330281v1_genomic	ldh	L-lactate dehydrogenase
JGHPJKMJ_02331	tr|D4MZ79|D4MZ79_ANAHA	99.1	317	3	0	1	317	1	317	6.25e-221	602	GCF_013302815.1_ASM1330281v1_genomic	ldh	L-lactate dehydrogenase
BNIKGBIE_00147	tr|A0A173RVN0|A0A173RVN0_ANAHA	100	317	0	0	1	317	1	317	1.3199999999999998e-222	607	GCF_013302845.1_ASM1330284v1_genomic	ldh	L-lactate dehydrogenase
BNIKGBIE_00147	tr|A0A415WB88|A0A415WB88_9FIRM	99.7	317	1	0	1	317	19	335	1.49e-221	605	GCF_013302845.1_ASM1330284v1_genomic	ldh	L-lactate dehydrogenase
BNIKGBIE_00147	tr|A0A415YL33|A0A415YL33_9FIRM	99.7	317	1	0	1	317	19	335	1.49e-221	605	GCF_013302845.1_ASM1330284v1_genomic	ldh	L-lactate dehydrogenase
BNIKGBIE_00147	tr|A0A417JUU1|A0A417JUU1_9FIRM	99.7	317	1	0	1	317	19	335	1.49e-221	605	GCF_013302845.1_ASM1330284v1_genomic	ldh	L-lactate dehydrogenase
BNIKGBIE_00147	tr|A0A417V7X9|A0A417V7X9_9FIRM	99.7	317	1	0	1	317	19	335	1.49e-221	605	GCF_013302845.1_ASM1330284v1_genomic	ldh	L-lactate dehydrogenase
BNIKGBIE_00147	tr|A0A173TV67|A0A173TV67_ANAHA	99.7	317	1	0	1	317	1	317	7.609999999999999e-222	605	GCF_013302845.1_ASM1330284v1_genomic	ldh	L-lactate dehydrogenase
BNIKGBIE_00147	tr|E5VGR6|E5VGR6_9FIRM	99.7	317	1	0	1	317	1	317	7.609999999999999e-222	605	GCF_013302845.1_ASM1330284v1_genomic	ldh	L-lactate dehydrogenase
BNIKGBIE_00147	tr|D4MZ79|D4MZ79_ANAHA	99.4	317	2	0	1	317	1	317	6.25e-221	602	GCF_013302845.1_ASM1330284v1_genomic	ldh	L-lactate dehydrogenase
BNIKGBIE_02803	tr|A0A415Y5S4|A0A415Y5S4_9FIRM	99.1	317	3	0	1	317	1	317	8.29e-226	615	GCF_013302845.1_ASM1330284v1_genomic	ldh	L-lactate dehydrogenase
BNIKGBIE_02803	tr|D4MZM0|D4MZM0_ANAHA	99.1	317	3	0	1	317	1	317	8.29e-226	615	GCF_013302845.1_ASM1330284v1_genomic	ldh	L-lactate dehydrogenase
BNIKGBIE_02803	tr|A0A6N2QXW7|A0A6N2QXW7_ANAHA	99.1	317	3	0	1	317	1	317	1.67e-225	614	GCF_013302845.1_ASM1330284v1_genomic	ldh	L-lactate dehydrogenase
BNIKGBIE_02803	tr|A0A173S8Z7|A0A173S8Z7_ANAHA	98.7	317	4	0	1	317	1	317	3.37e-225	613	GCF_013302845.1_ASM1330284v1_genomic	ldh	L-lactate dehydrogenase
BNIKGBIE_02803	tr|A0AAQ3GQJ6|A0AAQ3GQJ6_ANAHA	98.4	317	5	0	1	317	1	317	1.3699999999999997e-224	612	GCF_013302845.1_ASM1330284v1_genomic	ldh	L-lactate dehydrogenase
BNIKGBIE_02803	tr|E5VG93|E5VG93_9FIRM	98.4	317	5	0	1	317	1	317	1.3699999999999997e-224	612	GCF_013302845.1_ASM1330284v1_genomic	ldh	L-lactate dehydrogenase
BNIKGBIE_02803	tr|A0A415WCX6|A0A415WCX6_9FIRM	98.4	317	5	0	1	317	1	317	3.9399999999999992e-224	610	GCF_013302845.1_ASM1330284v1_genomic	ldh	L-lactate dehydrogenase
BNIKGBIE_02803	tr|A0A173XAM2|A0A173XAM2_ANAHA	98.1	317	6	0	1	317	1	317	5.589999999999998e-224	610	GCF_013302845.1_ASM1330284v1_genomic	ldh	L-lactate dehydrogenase
BNIKGBIE_02803	tr|A0A417K180|A0A417K180_9FIRM	98.4	317	5	0	1	317	1	317	1.13e-223	609	GCF_013302845.1_ASM1330284v1_genomic	ldh	L-lactate dehydrogenase
BNIKGBIE_02803	tr|A0A174KPY8|A0A174KPY8_ANAHA	98.1	317	6	0	1	317	1	317	1.5999999999999998e-223	609	GCF_013302845.1_ASM1330284v1_genomic	ldh	L-lactate dehydrogenase
BNIKGBIE_02803	tr|A0A417V6R1|A0A417V6R1_9FIRM	98.1	317	6	0	1	317	1	317	1.5999999999999998e-223	609	GCF_013302845.1_ASM1330284v1_genomic	ldh	L-lactate dehydrogenase
LODAONLG_00270	tr|A0A173RVN0|A0A173RVN0_ANAHA	100	317	0	0	1	317	1	317	1.3199999999999998e-222	607	GCF_013302855.1_ASM1330285v1_genomic	ldh	L-lactate dehydrogenase
LODAONLG_00270	tr|A0A415WB88|A0A415WB88_9FIRM	99.7	317	1	0	1	317	19	335	1.49e-221	605	GCF_013302855.1_ASM1330285v1_genomic	ldh	L-lactate dehydrogenase
LODAONLG_00270	tr|A0A415YL33|A0A415YL33_9FIRM	99.7	317	1	0	1	317	19	335	1.49e-221	605	GCF_013302855.1_ASM1330285v1_genomic	ldh	L-lactate dehydrogenase
LODAONLG_00270	tr|A0A417JUU1|A0A417JUU1_9FIRM	99.7	317	1	0	1	317	19	335	1.49e-221	605	GCF_013302855.1_ASM1330285v1_genomic	ldh	L-lactate dehydrogenase
LODAONLG_00270	tr|A0A417V7X9|A0A417V7X9_9FIRM	99.7	317	1	0	1	317	19	335	1.49e-221	605	GCF_013302855.1_ASM1330285v1_genomic	ldh	L-lactate dehydrogenase
LODAONLG_00270	tr|A0A173TV67|A0A173TV67_ANAHA	99.7	317	1	0	1	317	1	317	7.609999999999999e-222	605	GCF_013302855.1_ASM1330285v1_genomic	ldh	L-lactate dehydrogenase
LODAONLG_00270	tr|E5VGR6|E5VGR6_9FIRM	99.7	317	1	0	1	317	1	317	7.609999999999999e-222	605	GCF_013302855.1_ASM1330285v1_genomic	ldh	L-lactate dehydrogenase
LODAONLG_00270	tr|D4MZ79|D4MZ79_ANAHA	99.4	317	2	0	1	317	1	317	6.25e-221	602	GCF_013302855.1_ASM1330285v1_genomic	ldh	L-lactate dehydrogenase
LODAONLG_02590	tr|A0A415Y5S4|A0A415Y5S4_9FIRM	99.1	317	3	0	1	317	1	317	8.29e-226	615	GCF_013302855.1_ASM1330285v1_genomic	ldh	L-lactate dehydrogenase
LODAONLG_02590	tr|D4MZM0|D4MZM0_ANAHA	99.1	317	3	0	1	317	1	317	8.29e-226	615	GCF_013302855.1_ASM1330285v1_genomic	ldh	L-lactate dehydrogenase
LODAONLG_02590	tr|A0A6N2QXW7|A0A6N2QXW7_ANAHA	99.1	317	3	0	1	317	1	317	1.67e-225	614	GCF_013302855.1_ASM1330285v1_genomic	ldh	L-lactate dehydrogenase
LODAONLG_02590	tr|A0A173S8Z7|A0A173S8Z7_ANAHA	98.7	317	4	0	1	317	1	317	3.37e-225	613	GCF_013302855.1_ASM1330285v1_genomic	ldh	L-lactate dehydrogenase
LODAONLG_02590	tr|A0AAQ3GQJ6|A0AAQ3GQJ6_ANAHA	98.4	317	5	0	1	317	1	317	1.3699999999999997e-224	612	GCF_013302855.1_ASM1330285v1_genomic	ldh	L-lactate dehydrogenase
LODAONLG_02590	tr|E5VG93|E5VG93_9FIRM	98.4	317	5	0	1	317	1	317	1.3699999999999997e-224	612	GCF_013302855.1_ASM1330285v1_genomic	ldh	L-lactate dehydrogenase
LODAONLG_02590	tr|A0A415WCX6|A0A415WCX6_9FIRM	98.4	317	5	0	1	317	1	317	3.9399999999999992e-224	610	GCF_013302855.1_ASM1330285v1_genomic	ldh	L-lactate dehydrogenase
LODAONLG_02590	tr|A0A173XAM2|A0A173XAM2_ANAHA	98.1	317	6	0	1	317	1	317	5.589999999999998e-224	610	GCF_013302855.1_ASM1330285v1_genomic	ldh	L-lactate dehydrogenase
LODAONLG_02590	tr|A0A417K180|A0A417K180_9FIRM	98.4	317	5	0	1	317	1	317	1.13e-223	609	GCF_013302855.1_ASM1330285v1_genomic	ldh	L-lactate dehydrogenase
LODAONLG_02590	tr|A0A174KPY8|A0A174KPY8_ANAHA	98.1	317	6	0	1	317	1	317	1.5999999999999998e-223	609	GCF_013302855.1_ASM1330285v1_genomic	ldh	L-lactate dehydrogenase
LODAONLG_02590	tr|A0A417V6R1|A0A417V6R1_9FIRM	98.1	317	6	0	1	317	1	317	1.5999999999999998e-223	609	GCF_013302855.1_ASM1330285v1_genomic	ldh	L-lactate dehydrogenase
BAOEOFND_00242	tr|A0A173RVN0|A0A173RVN0_ANAHA	100	317	0	0	1	317	1	317	1.3199999999999998e-222	607	GCF_013303175.1_ASM1330317v1_genomic	ldh	L-lactate dehydrogenase
BAOEOFND_00242	tr|A0A415WB88|A0A415WB88_9FIRM	99.7	317	1	0	1	317	19	335	1.49e-221	605	GCF_013303175.1_ASM1330317v1_genomic	ldh	L-lactate dehydrogenase
BAOEOFND_00242	tr|A0A415YL33|A0A415YL33_9FIRM	99.7	317	1	0	1	317	19	335	1.49e-221	605	GCF_013303175.1_ASM1330317v1_genomic	ldh	L-lactate dehydrogenase
BAOEOFND_00242	tr|A0A417JUU1|A0A417JUU1_9FIRM	99.7	317	1	0	1	317	19	335	1.49e-221	605	GCF_013303175.1_ASM1330317v1_genomic	ldh	L-lactate dehydrogenase
BAOEOFND_00242	tr|A0A417V7X9|A0A417V7X9_9FIRM	99.7	317	1	0	1	317	19	335	1.49e-221	605	GCF_013303175.1_ASM1330317v1_genomic	ldh	L-lactate dehydrogenase
BAOEOFND_00242	tr|A0A173TV67|A0A173TV67_ANAHA	99.7	317	1	0	1	317	1	317	7.609999999999999e-222	605	GCF_013303175.1_ASM1330317v1_genomic	ldh	L-lactate dehydrogenase
BAOEOFND_00242	tr|E5VGR6|E5VGR6_9FIRM	99.7	317	1	0	1	317	1	317	7.609999999999999e-222	605	GCF_013303175.1_ASM1330317v1_genomic	ldh	L-lactate dehydrogenase
BAOEOFND_00242	tr|D4MZ79|D4MZ79_ANAHA	99.4	317	2	0	1	317	1	317	6.25e-221	602	GCF_013303175.1_ASM1330317v1_genomic	ldh	L-lactate dehydrogenase
BAOEOFND_02784	tr|A0A415Y5S4|A0A415Y5S4_9FIRM	99.1	317	3	0	1	317	1	317	8.29e-226	615	GCF_013303175.1_ASM1330317v1_genomic	ldh	L-lactate dehydrogenase
BAOEOFND_02784	tr|D4MZM0|D4MZM0_ANAHA	99.1	317	3	0	1	317	1	317	8.29e-226	615	GCF_013303175.1_ASM1330317v1_genomic	ldh	L-lactate dehydrogenase
BAOEOFND_02784	tr|A0A6N2QXW7|A0A6N2QXW7_ANAHA	99.1	317	3	0	1	317	1	317	1.67e-225	614	GCF_013303175.1_ASM1330317v1_genomic	ldh	L-lactate dehydrogenase
BAOEOFND_02784	tr|A0A173S8Z7|A0A173S8Z7_ANAHA	98.7	317	4	0	1	317	1	317	3.37e-225	613	GCF_013303175.1_ASM1330317v1_genomic	ldh	L-lactate dehydrogenase
BAOEOFND_02784	tr|A0AAQ3GQJ6|A0AAQ3GQJ6_ANAHA	98.4	317	5	0	1	317	1	317	1.3699999999999997e-224	612	GCF_013303175.1_ASM1330317v1_genomic	ldh	L-lactate dehydrogenase
BAOEOFND_02784	tr|E5VG93|E5VG93_9FIRM	98.4	317	5	0	1	317	1	317	1.3699999999999997e-224	612	GCF_013303175.1_ASM1330317v1_genomic	ldh	L-lactate dehydrogenase
BAOEOFND_02784	tr|A0A415WCX6|A0A415WCX6_9FIRM	98.4	317	5	0	1	317	1	317	3.9399999999999992e-224	610	GCF_013303175.1_ASM1330317v1_genomic	ldh	L-lactate dehydrogenase
BAOEOFND_02784	tr|A0A173XAM2|A0A173XAM2_ANAHA	98.1	317	6	0	1	317	1	317	5.589999999999998e-224	610	GCF_013303175.1_ASM1330317v1_genomic	ldh	L-lactate dehydrogenase
BAOEOFND_02784	tr|A0A417K180|A0A417K180_9FIRM	98.4	317	5	0	1	317	1	317	1.13e-223	609	GCF_013303175.1_ASM1330317v1_genomic	ldh	L-lactate dehydrogenase
BAOEOFND_02784	tr|A0A174KPY8|A0A174KPY8_ANAHA	98.1	317	6	0	1	317	1	317	1.5999999999999998e-223	609	GCF_013303175.1_ASM1330317v1_genomic	ldh	L-lactate dehydrogenase
BAOEOFND_02784	tr|A0A417V6R1|A0A417V6R1_9FIRM	98.1	317	6	0	1	317	1	317	1.5999999999999998e-223	609	GCF_013303175.1_ASM1330317v1_genomic	ldh	L-lactate dehydrogenase
EBNLJOOF_00547	tr|A0A415WB88|A0A415WB88_9FIRM	100	317	0	0	1	317	19	335	5.179999999999999e-222	606	GCF_013303185.1_ASM1330318v1_genomic	ldh	L-lactate dehydrogenase
EBNLJOOF_00547	tr|A0A415YL33|A0A415YL33_9FIRM	100	317	0	0	1	317	19	335	5.179999999999999e-222	606	GCF_013303185.1_ASM1330318v1_genomic	ldh	L-lactate dehydrogenase
EBNLJOOF_00547	tr|A0A417JUU1|A0A417JUU1_9FIRM	100	317	0	0	1	317	19	335	5.179999999999999e-222	606	GCF_013303185.1_ASM1330318v1_genomic	ldh	L-lactate dehydrogenase
EBNLJOOF_00547	tr|A0A417V7X9|A0A417V7X9_9FIRM	100	317	0	0	1	317	19	335	5.179999999999999e-222	606	GCF_013303185.1_ASM1330318v1_genomic	ldh	L-lactate dehydrogenase
EBNLJOOF_00547	tr|A0A173TV67|A0A173TV67_ANAHA	100	317	0	0	1	317	1	317	2.6599999999999995e-222	606	GCF_013303185.1_ASM1330318v1_genomic	ldh	L-lactate dehydrogenase
EBNLJOOF_00547	tr|E5VGR6|E5VGR6_9FIRM	100	317	0	0	1	317	1	317	2.6599999999999995e-222	606	GCF_013303185.1_ASM1330318v1_genomic	ldh	L-lactate dehydrogenase
EBNLJOOF_00547	tr|A0A173RVN0|A0A173RVN0_ANAHA	99.7	317	1	0	1	317	1	317	1.54e-221	604	GCF_013303185.1_ASM1330318v1_genomic	ldh	L-lactate dehydrogenase
EBNLJOOF_00547	tr|D4MZ79|D4MZ79_ANAHA	99.7	317	1	0	1	317	1	317	2.1799999999999999e-221	603	GCF_013303185.1_ASM1330318v1_genomic	ldh	L-lactate dehydrogenase
EBNLJOOF_01053	tr|A0A417K180|A0A417K180_9FIRM	99.4	317	2	0	1	317	1	317	3.519999999999999e-227	618	GCF_013303185.1_ASM1330318v1_genomic	ldh	L-lactate dehydrogenase
EBNLJOOF_01053	tr|D4MZM0|D4MZM0_ANAHA	99.4	317	2	0	1	317	1	317	2.8899999999999998e-226	616	GCF_013303185.1_ASM1330318v1_genomic	ldh	L-lactate dehydrogenase
EBNLJOOF_01053	tr|A0A415Y5S4|A0A415Y5S4_9FIRM	99.1	317	3	0	1	317	1	317	1.1799999999999998e-225	614	GCF_013303185.1_ASM1330318v1_genomic	ldh	L-lactate dehydrogenase
EBNLJOOF_01053	tr|A0AAQ3GQJ6|A0AAQ3GQJ6_ANAHA	98.7	317	4	0	1	317	1	317	4.79e-225	613	GCF_013303185.1_ASM1330318v1_genomic	ldh	L-lactate dehydrogenase
EBNLJOOF_01053	tr|E5VG93|E5VG93_9FIRM	98.7	317	4	0	1	317	1	317	4.79e-225	613	GCF_013303185.1_ASM1330318v1_genomic	ldh	L-lactate dehydrogenase
MEADLIFI_01480	tr|A0A173RVN0|A0A173RVN0_ANAHA	100	317	0	0	1	317	1	317	1.3199999999999998e-222	607	GCF_013303225.1_ASM1330322v1_genomic	ldh	L-lactate dehydrogenase
MEADLIFI_01480	tr|A0A415WB88|A0A415WB88_9FIRM	99.7	317	1	0	1	317	19	335	1.49e-221	605	GCF_013303225.1_ASM1330322v1_genomic	ldh	L-lactate dehydrogenase
MEADLIFI_01480	tr|A0A415YL33|A0A415YL33_9FIRM	99.7	317	1	0	1	317	19	335	1.49e-221	605	GCF_013303225.1_ASM1330322v1_genomic	ldh	L-lactate dehydrogenase
MEADLIFI_01480	tr|A0A417JUU1|A0A417JUU1_9FIRM	99.7	317	1	0	1	317	19	335	1.49e-221	605	GCF_013303225.1_ASM1330322v1_genomic	ldh	L-lactate dehydrogenase
MEADLIFI_01480	tr|A0A417V7X9|A0A417V7X9_9FIRM	99.7	317	1	0	1	317	19	335	1.49e-221	605	GCF_013303225.1_ASM1330322v1_genomic	ldh	L-lactate dehydrogenase
MEADLIFI_01480	tr|A0A173TV67|A0A173TV67_ANAHA	99.7	317	1	0	1	317	1	317	7.609999999999999e-222	605	GCF_013303225.1_ASM1330322v1_genomic	ldh	L-lactate dehydrogenase
MEADLIFI_01480	tr|E5VGR6|E5VGR6_9FIRM	99.7	317	1	0	1	317	1	317	7.609999999999999e-222	605	GCF_013303225.1_ASM1330322v1_genomic	ldh	L-lactate dehydrogenase
MEADLIFI_01480	tr|D4MZ79|D4MZ79_ANAHA	99.4	317	2	0	1	317	1	317	6.25e-221	602	GCF_013303225.1_ASM1330322v1_genomic	ldh	L-lactate dehydrogenase
MEADLIFI_02073	tr|A0AAQ3GQJ6|A0AAQ3GQJ6_ANAHA	99.4	317	2	0	1	317	1	317	4.999999999999999e-227	618	GCF_013303225.1_ASM1330322v1_genomic	ldh	L-lactate dehydrogenase
MEADLIFI_02073	tr|E5VG93|E5VG93_9FIRM	99.4	317	2	0	1	317	1	317	4.999999999999999e-227	618	GCF_013303225.1_ASM1330322v1_genomic	ldh	L-lactate dehydrogenase
MEADLIFI_02073	tr|D4MZM0|D4MZM0_ANAHA	98.7	317	4	0	1	317	1	317	1.67e-225	614	GCF_013303225.1_ASM1330322v1_genomic	ldh	L-lactate dehydrogenase
MEADLIFI_02073	tr|A0A415Y5S4|A0A415Y5S4_9FIRM	98.4	317	5	0	1	317	1	317	6.809999999999999e-225	612	GCF_013303225.1_ASM1330322v1_genomic	ldh	L-lactate dehydrogenase
PELCBIIC_01262	tr|A0A415WB88|A0A415WB88_9FIRM	99.4	317	2	0	1	317	19	335	1.49e-221	605	GCF_013304505.1_ASM1330450v1_genomic	ldh	L-lactate dehydrogenase
PELCBIIC_01262	tr|A0A415YL33|A0A415YL33_9FIRM	99.4	317	2	0	1	317	19	335	1.49e-221	605	GCF_013304505.1_ASM1330450v1_genomic	ldh	L-lactate dehydrogenase
PELCBIIC_01262	tr|A0A417JUU1|A0A417JUU1_9FIRM	99.4	317	2	0	1	317	19	335	1.49e-221	605	GCF_013304505.1_ASM1330450v1_genomic	ldh	L-lactate dehydrogenase
PELCBIIC_01262	tr|A0A417V7X9|A0A417V7X9_9FIRM	99.4	317	2	0	1	317	19	335	1.49e-221	605	GCF_013304505.1_ASM1330450v1_genomic	ldh	L-lactate dehydrogenase
PELCBIIC_01262	tr|A0A173TV67|A0A173TV67_ANAHA	99.4	317	2	0	1	317	1	317	7.609999999999999e-222	605	GCF_013304505.1_ASM1330450v1_genomic	ldh	L-lactate dehydrogenase
PELCBIIC_01262	tr|E5VGR6|E5VGR6_9FIRM	99.4	317	2	0	1	317	1	317	7.609999999999999e-222	605	GCF_013304505.1_ASM1330450v1_genomic	ldh	L-lactate dehydrogenase
PELCBIIC_01262	tr|A0A173RVN0|A0A173RVN0_ANAHA	99.1	317	3	0	1	317	1	317	4.4e-221	603	GCF_013304505.1_ASM1330450v1_genomic	ldh	L-lactate dehydrogenase
PELCBIIC_01262	tr|D4MZ79|D4MZ79_ANAHA	99.1	317	3	0	1	317	1	317	6.25e-221	602	GCF_013304505.1_ASM1330450v1_genomic	ldh	L-lactate dehydrogenase
PELCBIIC_02517	tr|A0A415Y5S4|A0A415Y5S4_9FIRM	100	317	0	0	1	317	1	317	4.2799999999999996e-228	620	GCF_013304505.1_ASM1330450v1_genomic	ldh	L-lactate dehydrogenase
PELCBIIC_02517	tr|D4MZM0|D4MZM0_ANAHA	99.7	317	1	0	1	317	1	317	2.4799999999999994e-227	619	GCF_013304505.1_ASM1330450v1_genomic	ldh	L-lactate dehydrogenase
PELCBIIC_02517	tr|A0A173S8Z7|A0A173S8Z7_ANAHA	99.1	317	3	0	1	317	1	317	4.11e-226	615	GCF_013304505.1_ASM1330450v1_genomic	ldh	L-lactate dehydrogenase
PELCBIIC_02517	tr|A0AAQ3GQJ6|A0AAQ3GQJ6_ANAHA	99.1	317	3	0	1	317	1	317	4.11e-226	615	GCF_013304505.1_ASM1330450v1_genomic	ldh	L-lactate dehydrogenase
PELCBIIC_02517	tr|E5VG93|E5VG93_9FIRM	99.1	317	3	0	1	317	1	317	4.11e-226	615	GCF_013304505.1_ASM1330450v1_genomic	ldh	L-lactate dehydrogenase
PELCBIIC_02517	tr|A0A415WCX6|A0A415WCX6_9FIRM	99.1	317	3	0	1	317	1	317	1.1799999999999998e-225	614	GCF_013304505.1_ASM1330450v1_genomic	ldh	L-lactate dehydrogenase
KCCNKEMN_01668	tr|A0AAQ3GQJ6|A0AAQ3GQJ6_ANAHA	99.4	317	2	0	1	317	1	317	4.999999999999999e-227	618	GCF_013304555.1_ASM1330455v1_genomic	ldh	L-lactate dehydrogenase
KCCNKEMN_01668	tr|E5VG93|E5VG93_9FIRM	99.4	317	2	0	1	317	1	317	4.999999999999999e-227	618	GCF_013304555.1_ASM1330455v1_genomic	ldh	L-lactate dehydrogenase
KCCNKEMN_01668	tr|D4MZM0|D4MZM0_ANAHA	98.7	317	4	0	1	317	1	317	1.67e-225	614	GCF_013304555.1_ASM1330455v1_genomic	ldh	L-lactate dehydrogenase
KCCNKEMN_01668	tr|A0A415Y5S4|A0A415Y5S4_9FIRM	98.4	317	5	0	1	317	1	317	6.809999999999999e-225	612	GCF_013304555.1_ASM1330455v1_genomic	ldh	L-lactate dehydrogenase
KCCNKEMN_02177	tr|A0A173RVN0|A0A173RVN0_ANAHA	100	317	0	0	1	317	1	317	1.3199999999999998e-222	607	GCF_013304555.1_ASM1330455v1_genomic	ldh	L-lactate dehydrogenase
KCCNKEMN_02177	tr|A0A415WB88|A0A415WB88_9FIRM	99.7	317	1	0	1	317	19	335	1.49e-221	605	GCF_013304555.1_ASM1330455v1_genomic	ldh	L-lactate dehydrogenase
KCCNKEMN_02177	tr|A0A415YL33|A0A415YL33_9FIRM	99.7	317	1	0	1	317	19	335	1.49e-221	605	GCF_013304555.1_ASM1330455v1_genomic	ldh	L-lactate dehydrogenase
KCCNKEMN_02177	tr|A0A417JUU1|A0A417JUU1_9FIRM	99.7	317	1	0	1	317	19	335	1.49e-221	605	GCF_013304555.1_ASM1330455v1_genomic	ldh	L-lactate dehydrogenase
KCCNKEMN_02177	tr|A0A417V7X9|A0A417V7X9_9FIRM	99.7	317	1	0	1	317	19	335	1.49e-221	605	GCF_013304555.1_ASM1330455v1_genomic	ldh	L-lactate dehydrogenase
KCCNKEMN_02177	tr|A0A173TV67|A0A173TV67_ANAHA	99.7	317	1	0	1	317	1	317	7.609999999999999e-222	605	GCF_013304555.1_ASM1330455v1_genomic	ldh	L-lactate dehydrogenase
KCCNKEMN_02177	tr|E5VGR6|E5VGR6_9FIRM	99.7	317	1	0	1	317	1	317	7.609999999999999e-222	605	GCF_013304555.1_ASM1330455v1_genomic	ldh	L-lactate dehydrogenase
KCCNKEMN_02177	tr|D4MZ79|D4MZ79_ANAHA	99.4	317	2	0	1	317	1	317	6.25e-221	602	GCF_013304555.1_ASM1330455v1_genomic	ldh	L-lactate dehydrogenase
BDIBMIHG_01128	tr|A0A6N2S1F9|A0A6N2S1F9_9FIRM	100	315	0	0	1	315	1	315	1.33e-230	627	GCF_014131675.1_ASM1413167v1_genomic	ldh	L-lactate dehydrogenase
BDIBMIHG_01128	tr|B0MJF7|B0MJF7_ANACD	100	315	0	0	1	315	1	315	1.33e-230	627	GCF_014131675.1_ASM1413167v1_genomic	ldh	L-lactate dehydrogenase
BDIBMIHG_01402	tr|A2CHG9|A2CHG9_9FIRM	100	314	0	0	1	314	1	314	1.5499999999999996e-224	611	GCF_014131675.1_ASM1413167v1_genomic	ldh	L-lactate dehydrogenase
BDIBMIHG_01402	tr|B0MC57|B0MC57_ANACD	100	314	0	0	1	314	1	314	1.5499999999999996e-224	611	GCF_014131675.1_ASM1413167v1_genomic	ldh	L-lactate dehydrogenase
BDIBMIHG_01402	tr|A0A374AUN4|A0A374AUN4_9FIRM	99.7	314	1	0	1	314	1	314	8.939999999999998e-224	609	GCF_014131675.1_ASM1413167v1_genomic	ldh	L-lactate dehydrogenase
NPHNFAPN_01521	tr|A0A6N2S1F9|A0A6N2S1F9_9FIRM	95.2	314	15	0	1	314	1	314	5.9999999999999996e-220	600	GCF_014290215.1_ASM1429021v1_genomic	ldh	L-lactate dehydrogenase
NPHNFAPN_01521	tr|B0MJF7|B0MJF7_ANACD	95.2	314	15	0	1	314	1	314	5.9999999999999996e-220	600	GCF_014290215.1_ASM1429021v1_genomic	ldh	L-lactate dehydrogenase
NPHNFAPN_01521	tr|A0A374AT20|A0A374AT20_9FIRM	94.6	314	17	0	1	314	1	314	2.85e-218	595	GCF_014290215.1_ASM1429021v1_genomic	ldh	L-lactate dehydrogenase
NPHNFAPN_03220	tr|A2CHG9|A2CHG9_9FIRM	97.8	314	7	0	1	314	1	314	3.49e-221	603	GCF_014290215.1_ASM1429021v1_genomic	ldh	L-lactate dehydrogenase
NPHNFAPN_03220	tr|B0MC57|B0MC57_ANACD	97.8	314	7	0	1	314	1	314	3.49e-221	603	GCF_014290215.1_ASM1429021v1_genomic	ldh	L-lactate dehydrogenase
NPHNFAPN_03220	tr|A0A374AUN4|A0A374AUN4_9FIRM	97.5	314	8	0	1	314	1	314	2.0199999999999997e-220	601	GCF_014290215.1_ASM1429021v1_genomic	ldh	L-lactate dehydrogenase
MNMGKBAP_02103	tr|A2CHG9|A2CHG9_9FIRM	100	314	0	0	1	314	1	314	1.5499999999999996e-224	611	GCF_014467075.1_ASM1446707v1_genomic	ldh	L-lactate dehydrogenase
MNMGKBAP_02103	tr|B0MC57|B0MC57_ANACD	100	314	0	0	1	314	1	314	1.5499999999999996e-224	611	GCF_014467075.1_ASM1446707v1_genomic	ldh	L-lactate dehydrogenase
MNMGKBAP_02103	tr|A0A374AUN4|A0A374AUN4_9FIRM	99.7	314	1	0	1	314	1	314	8.939999999999998e-224	609	GCF_014467075.1_ASM1446707v1_genomic	ldh	L-lactate dehydrogenase
MNMGKBAP_02375	tr|A0A6N2S1F9|A0A6N2S1F9_9FIRM	100	315	0	0	1	315	1	315	1.33e-230	627	GCF_014467075.1_ASM1446707v1_genomic	ldh	L-lactate dehydrogenase
MNMGKBAP_02375	tr|B0MJF7|B0MJF7_ANACD	100	315	0	0	1	315	1	315	1.33e-230	627	GCF_014467075.1_ASM1446707v1_genomic	ldh	L-lactate dehydrogenase
FIMAFPCP_00868	tr|A0A174KPY8|A0A174KPY8_ANAHA	100	317	0	0	1	317	1	317	2.1199999999999997e-228	621	GCF_015554695.1_ASM1555469v1_genomic	ldh	L-lactate dehydrogenase
FIMAFPCP_00868	tr|A0A417V6R1|A0A417V6R1_9FIRM	100	317	0	0	1	317	1	317	2.1199999999999997e-228	621	GCF_015554695.1_ASM1555469v1_genomic	ldh	L-lactate dehydrogenase
FIMAFPCP_00868	tr|A0A415WCX6|A0A415WCX6_9FIRM	99.7	317	1	0	1	317	1	317	1.7399999999999996e-227	619	GCF_015554695.1_ASM1555469v1_genomic	ldh	L-lactate dehydrogenase
FIMAFPCP_00868	tr|A0A173XAM2|A0A173XAM2_ANAHA	99.4	317	2	0	1	317	1	317	2.4799999999999994e-227	619	GCF_015554695.1_ASM1555469v1_genomic	ldh	L-lactate dehydrogenase
FIMAFPCP_00868	tr|A0A6N2QXW7|A0A6N2QXW7_ANAHA	99.1	317	3	0	1	317	1	317	4.11e-226	615	GCF_015554695.1_ASM1555469v1_genomic	ldh	L-lactate dehydrogenase
FIMAFPCP_01764	tr|A0A415WB88|A0A415WB88_9FIRM	100	317	0	0	1	317	19	335	5.179999999999999e-222	606	GCF_015554695.1_ASM1555469v1_genomic	ldh	L-lactate dehydrogenase
FIMAFPCP_01764	tr|A0A415YL33|A0A415YL33_9FIRM	100	317	0	0	1	317	19	335	5.179999999999999e-222	606	GCF_015554695.1_ASM1555469v1_genomic	ldh	L-lactate dehydrogenase
FIMAFPCP_01764	tr|A0A417JUU1|A0A417JUU1_9FIRM	100	317	0	0	1	317	19	335	5.179999999999999e-222	606	GCF_015554695.1_ASM1555469v1_genomic	ldh	L-lactate dehydrogenase
FIMAFPCP_01764	tr|A0A417V7X9|A0A417V7X9_9FIRM	100	317	0	0	1	317	19	335	5.179999999999999e-222	606	GCF_015554695.1_ASM1555469v1_genomic	ldh	L-lactate dehydrogenase
FIMAFPCP_01764	tr|A0A173TV67|A0A173TV67_ANAHA	100	317	0	0	1	317	1	317	2.6599999999999995e-222	606	GCF_015554695.1_ASM1555469v1_genomic	ldh	L-lactate dehydrogenase
FIMAFPCP_01764	tr|E5VGR6|E5VGR6_9FIRM	100	317	0	0	1	317	1	317	2.6599999999999995e-222	606	GCF_015554695.1_ASM1555469v1_genomic	ldh	L-lactate dehydrogenase
FIMAFPCP_01764	tr|A0A173RVN0|A0A173RVN0_ANAHA	99.7	317	1	0	1	317	1	317	1.54e-221	604	GCF_015554695.1_ASM1555469v1_genomic	ldh	L-lactate dehydrogenase
FIMAFPCP_01764	tr|D4MZ79|D4MZ79_ANAHA	99.7	317	1	0	1	317	1	317	2.1799999999999999e-221	603	GCF_015554695.1_ASM1555469v1_genomic	ldh	L-lactate dehydrogenase
EFNOLNOC_00215	tr|A0A916Q742|A0A916Q742_9FIRM	100	316	0	0	1	316	1	316	6.849999999999999e-229	622	GCF_016586355.1_ASM1658635v1_genomic	ldh	L-lactate dehydrogenase
EFNOLNOC_00241	tr|A0A916Q762|A0A916Q762_9FIRM	100	317	0	0	1	317	1	317	1.2799999999999996e-229	624	GCF_016586355.1_ASM1658635v1_genomic	ldh	L-lactate dehydrogenase
AOFLGCOF_00027	tr|A0A1Q2C936|A0A1Q2C936_ANAHA	100	318	0	0	1	318	1	318	1.73e-223	609	GCF_017776395.1_ASM1777639v1_genomic	ldh	L-lactate dehydrogenase
AOFLGCOF_00027	tr|A0A415YKX9|A0A415YKX9_9FIRM	100	318	0	0	1	318	1	318	1.73e-223	609	GCF_017776395.1_ASM1777639v1_genomic	ldh	L-lactate dehydrogenase
AOFLGCOF_00027	tr|E5VGS4|E5VGS4_9FIRM	100	318	0	0	1	318	1	318	1.73e-223	609	GCF_017776395.1_ASM1777639v1_genomic	ldh	L-lactate dehydrogenase
AOFLGCOF_00034	tr|A0A415WB88|A0A415WB88_9FIRM	100	317	0	0	1	317	19	335	5.179999999999999e-222	606	GCF_017776395.1_ASM1777639v1_genomic	ldh	L-lactate dehydrogenase
AOFLGCOF_00034	tr|A0A415YL33|A0A415YL33_9FIRM	100	317	0	0	1	317	19	335	5.179999999999999e-222	606	GCF_017776395.1_ASM1777639v1_genomic	ldh	L-lactate dehydrogenase
AOFLGCOF_00034	tr|A0A417JUU1|A0A417JUU1_9FIRM	100	317	0	0	1	317	19	335	5.179999999999999e-222	606	GCF_017776395.1_ASM1777639v1_genomic	ldh	L-lactate dehydrogenase
AOFLGCOF_00034	tr|A0A417V7X9|A0A417V7X9_9FIRM	100	317	0	0	1	317	19	335	5.179999999999999e-222	606	GCF_017776395.1_ASM1777639v1_genomic	ldh	L-lactate dehydrogenase
AOFLGCOF_00034	tr|A0A173TV67|A0A173TV67_ANAHA	100	317	0	0	1	317	1	317	2.6599999999999995e-222	606	GCF_017776395.1_ASM1777639v1_genomic	ldh	L-lactate dehydrogenase
AOFLGCOF_00034	tr|E5VGR6|E5VGR6_9FIRM	100	317	0	0	1	317	1	317	2.6599999999999995e-222	606	GCF_017776395.1_ASM1777639v1_genomic	ldh	L-lactate dehydrogenase
AOFLGCOF_00034	tr|A0A173RVN0|A0A173RVN0_ANAHA	99.7	317	1	0	1	317	1	317	1.54e-221	604	GCF_017776395.1_ASM1777639v1_genomic	ldh	L-lactate dehydrogenase
AOFLGCOF_00034	tr|D4MZ79|D4MZ79_ANAHA	99.7	317	1	0	1	317	1	317	2.1799999999999999e-221	603	GCF_017776395.1_ASM1777639v1_genomic	ldh	L-lactate dehydrogenase
AOFLGCOF_00192	tr|D4MZM0|D4MZM0_ANAHA	99.7	317	1	0	1	317	1	317	1.7399999999999996e-227	619	GCF_017776395.1_ASM1777639v1_genomic	ldh	L-lactate dehydrogenase
AOFLGCOF_00192	tr|A0A415Y5S4|A0A415Y5S4_9FIRM	99.4	317	2	0	1	317	1	317	7.099999999999998e-227	617	GCF_017776395.1_ASM1777639v1_genomic	ldh	L-lactate dehydrogenase
AOFLGCOF_00192	tr|A0AAQ3GQJ6|A0AAQ3GQJ6_ANAHA	99.1	317	3	0	1	317	1	317	2.8899999999999998e-226	616	GCF_017776395.1_ASM1777639v1_genomic	ldh	L-lactate dehydrogenase
AOFLGCOF_00192	tr|E5VG93|E5VG93_9FIRM	99.1	317	3	0	1	317	1	317	2.8899999999999998e-226	616	GCF_017776395.1_ASM1777639v1_genomic	ldh	L-lactate dehydrogenase
AOFLGCOF_00192	tr|A0A415WCX6|A0A415WCX6_9FIRM	99.1	317	3	0	1	317	1	317	8.29e-226	615	GCF_017776395.1_ASM1777639v1_genomic	ldh	L-lactate dehydrogenase
AOFLGCOF_00192	tr|A0A173S8Z7|A0A173S8Z7_ANAHA	98.7	317	4	0	1	317	1	317	1.1799999999999998e-225	614	GCF_017776395.1_ASM1777639v1_genomic	ldh	L-lactate dehydrogenase
AOFLGCOF_00192	tr|A0A173XAM2|A0A173XAM2_ANAHA	98.7	317	4	0	1	317	1	317	1.1799999999999998e-225	614	GCF_017776395.1_ASM1777639v1_genomic	ldh	L-lactate dehydrogenase
AOFLGCOF_00192	tr|A0A6N2QXW7|A0A6N2QXW7_ANAHA	99.1	317	3	0	1	317	1	317	1.67e-225	614	GCF_017776395.1_ASM1777639v1_genomic	ldh	L-lactate dehydrogenase
AOFLGCOF_00192	tr|A0A417K180|A0A417K180_9FIRM	99.1	317	3	0	1	317	1	317	2.3799999999999998e-225	613	GCF_017776395.1_ASM1777639v1_genomic	ldh	L-lactate dehydrogenase
AOFLGCOF_00192	tr|A0A174KPY8|A0A174KPY8_ANAHA	98.7	317	4	0	1	317	1	317	3.37e-225	613	GCF_017776395.1_ASM1777639v1_genomic	ldh	L-lactate dehydrogenase
AOFLGCOF_00192	tr|A0A417V6R1|A0A417V6R1_9FIRM	98.7	317	4	0	1	317	1	317	3.37e-225	613	GCF_017776395.1_ASM1777639v1_genomic	ldh	L-lactate dehydrogenase
LBKPHDGB_00027	tr|A0A1Q2C936|A0A1Q2C936_ANAHA	100	318	0	0	1	318	1	318	1.73e-223	609	GCF_017776445.1_ASM1777644v1_genomic	ldh	L-lactate dehydrogenase
LBKPHDGB_00027	tr|A0A415YKX9|A0A415YKX9_9FIRM	100	318	0	0	1	318	1	318	1.73e-223	609	GCF_017776445.1_ASM1777644v1_genomic	ldh	L-lactate dehydrogenase
LBKPHDGB_00027	tr|E5VGS4|E5VGS4_9FIRM	100	318	0	0	1	318	1	318	1.73e-223	609	GCF_017776445.1_ASM1777644v1_genomic	ldh	L-lactate dehydrogenase
LBKPHDGB_00034	tr|A0A415WB88|A0A415WB88_9FIRM	100	317	0	0	1	317	19	335	5.179999999999999e-222	606	GCF_017776445.1_ASM1777644v1_genomic	ldh	L-lactate dehydrogenase
LBKPHDGB_00034	tr|A0A415YL33|A0A415YL33_9FIRM	100	317	0	0	1	317	19	335	5.179999999999999e-222	606	GCF_017776445.1_ASM1777644v1_genomic	ldh	L-lactate dehydrogenase
LBKPHDGB_00034	tr|A0A417JUU1|A0A417JUU1_9FIRM	100	317	0	0	1	317	19	335	5.179999999999999e-222	606	GCF_017776445.1_ASM1777644v1_genomic	ldh	L-lactate dehydrogenase
LBKPHDGB_00034	tr|A0A417V7X9|A0A417V7X9_9FIRM	100	317	0	0	1	317	19	335	5.179999999999999e-222	606	GCF_017776445.1_ASM1777644v1_genomic	ldh	L-lactate dehydrogenase
LBKPHDGB_00034	tr|A0A173TV67|A0A173TV67_ANAHA	100	317	0	0	1	317	1	317	2.6599999999999995e-222	606	GCF_017776445.1_ASM1777644v1_genomic	ldh	L-lactate dehydrogenase
LBKPHDGB_00034	tr|E5VGR6|E5VGR6_9FIRM	100	317	0	0	1	317	1	317	2.6599999999999995e-222	606	GCF_017776445.1_ASM1777644v1_genomic	ldh	L-lactate dehydrogenase
LBKPHDGB_00034	tr|A0A173RVN0|A0A173RVN0_ANAHA	99.7	317	1	0	1	317	1	317	1.54e-221	604	GCF_017776445.1_ASM1777644v1_genomic	ldh	L-lactate dehydrogenase
LBKPHDGB_00034	tr|D4MZ79|D4MZ79_ANAHA	99.7	317	1	0	1	317	1	317	2.1799999999999999e-221	603	GCF_017776445.1_ASM1777644v1_genomic	ldh	L-lactate dehydrogenase
LBKPHDGB_00192	tr|D4MZM0|D4MZM0_ANAHA	99.7	317	1	0	1	317	1	317	1.7399999999999996e-227	619	GCF_017776445.1_ASM1777644v1_genomic	ldh	L-lactate dehydrogenase
LBKPHDGB_00192	tr|A0A415Y5S4|A0A415Y5S4_9FIRM	99.4	317	2	0	1	317	1	317	7.099999999999998e-227	617	GCF_017776445.1_ASM1777644v1_genomic	ldh	L-lactate dehydrogenase
LBKPHDGB_00192	tr|A0AAQ3GQJ6|A0AAQ3GQJ6_ANAHA	99.1	317	3	0	1	317	1	317	2.8899999999999998e-226	616	GCF_017776445.1_ASM1777644v1_genomic	ldh	L-lactate dehydrogenase
LBKPHDGB_00192	tr|E5VG93|E5VG93_9FIRM	99.1	317	3	0	1	317	1	317	2.8899999999999998e-226	616	GCF_017776445.1_ASM1777644v1_genomic	ldh	L-lactate dehydrogenase
LBKPHDGB_00192	tr|A0A415WCX6|A0A415WCX6_9FIRM	99.1	317	3	0	1	317	1	317	8.29e-226	615	GCF_017776445.1_ASM1777644v1_genomic	ldh	L-lactate dehydrogenase
LBKPHDGB_00192	tr|A0A173S8Z7|A0A173S8Z7_ANAHA	98.7	317	4	0	1	317	1	317	1.1799999999999998e-225	614	GCF_017776445.1_ASM1777644v1_genomic	ldh	L-lactate dehydrogenase
LBKPHDGB_00192	tr|A0A173XAM2|A0A173XAM2_ANAHA	98.7	317	4	0	1	317	1	317	1.1799999999999998e-225	614	GCF_017776445.1_ASM1777644v1_genomic	ldh	L-lactate dehydrogenase
LBKPHDGB_00192	tr|A0A6N2QXW7|A0A6N2QXW7_ANAHA	99.1	317	3	0	1	317	1	317	1.67e-225	614	GCF_017776445.1_ASM1777644v1_genomic	ldh	L-lactate dehydrogenase
LBKPHDGB_00192	tr|A0A417K180|A0A417K180_9FIRM	99.1	317	3	0	1	317	1	317	2.3799999999999998e-225	613	GCF_017776445.1_ASM1777644v1_genomic	ldh	L-lactate dehydrogenase
LBKPHDGB_00192	tr|A0A174KPY8|A0A174KPY8_ANAHA	98.7	317	4	0	1	317	1	317	3.37e-225	613	GCF_017776445.1_ASM1777644v1_genomic	ldh	L-lactate dehydrogenase
LBKPHDGB_00192	tr|A0A417V6R1|A0A417V6R1_9FIRM	98.7	317	4	0	1	317	1	317	3.37e-225	613	GCF_017776445.1_ASM1777644v1_genomic	ldh	L-lactate dehydrogenase
FIHOGCNH_00124	tr|A0A173RVN0|A0A173RVN0_ANAHA	99.7	317	1	0	1	317	1	317	3.1e-221	603	GCF_017776475.1_ASM1777647v1_genomic	ldh	L-lactate dehydrogenase
FIHOGCNH_00124	tr|A0A415WB88|A0A415WB88_9FIRM	99.4	317	2	0	1	317	19	335	3.5e-220	601	GCF_017776475.1_ASM1777647v1_genomic	ldh	L-lactate dehydrogenase
FIHOGCNH_00124	tr|A0A415YL33|A0A415YL33_9FIRM	99.4	317	2	0	1	317	19	335	3.5e-220	601	GCF_017776475.1_ASM1777647v1_genomic	ldh	L-lactate dehydrogenase
FIHOGCNH_00124	tr|A0A417JUU1|A0A417JUU1_9FIRM	99.4	317	2	0	1	317	19	335	3.5e-220	601	GCF_017776475.1_ASM1777647v1_genomic	ldh	L-lactate dehydrogenase
FIHOGCNH_00124	tr|A0A417V7X9|A0A417V7X9_9FIRM	99.4	317	2	0	1	317	19	335	3.5e-220	601	GCF_017776475.1_ASM1777647v1_genomic	ldh	L-lactate dehydrogenase
FIHOGCNH_00124	tr|A0A173TV67|A0A173TV67_ANAHA	99.4	317	2	0	1	317	1	317	1.79e-220	601	GCF_017776475.1_ASM1777647v1_genomic	ldh	L-lactate dehydrogenase
FIHOGCNH_00124	tr|E5VGR6|E5VGR6_9FIRM	99.4	317	2	0	1	317	1	317	1.79e-220	601	GCF_017776475.1_ASM1777647v1_genomic	ldh	L-lactate dehydrogenase
FIHOGCNH_00124	tr|D4MZ79|D4MZ79_ANAHA	99.1	317	3	0	1	317	1	317	1.47e-219	599	GCF_017776475.1_ASM1777647v1_genomic	ldh	L-lactate dehydrogenase
FIHOGCNH_02615	tr|A0AAQ3GQJ6|A0AAQ3GQJ6_ANAHA	100	317	0	0	1	317	1	317	3.0199999999999995e-228	621	GCF_017776475.1_ASM1777647v1_genomic	ldh	L-lactate dehydrogenase
FIHOGCNH_02615	tr|E5VG93|E5VG93_9FIRM	100	317	0	0	1	317	1	317	3.0199999999999995e-228	621	GCF_017776475.1_ASM1777647v1_genomic	ldh	L-lactate dehydrogenase
FIHOGCNH_02615	tr|D4MZM0|D4MZM0_ANAHA	99.4	317	2	0	1	317	1	317	1.01e-226	617	GCF_017776475.1_ASM1777647v1_genomic	ldh	L-lactate dehydrogenase
FIHOGCNH_02615	tr|A0A415Y5S4|A0A415Y5S4_9FIRM	99.1	317	3	0	1	317	1	317	4.11e-226	615	GCF_017776475.1_ASM1777647v1_genomic	ldh	L-lactate dehydrogenase
FJMMAGOF_00668	tr|A0A374AQT8|A0A374AQT8_9FIRM	99.4	317	2	0	1	317	8	324	5.71e-221	603	GCF_018223505.1_ASM1822350v1_genomic	ldh	L-lactate dehydrogenase
FJMMAGOF_01608	tr|A0A374AWZ2|A0A374AWZ2_9FIRM	99.7	315	1	0	1	315	1	315	2.7699999999999997e-223	608	GCF_018223505.1_ASM1822350v1_genomic	ldh	L-lactate dehydrogenase
FJMMAGOF_01871	tr|A0A374AS61|A0A374AS61_9FIRM	99.7	317	1	0	1	317	1	317	8.649999999999999e-228	620	GCF_018223505.1_ASM1822350v1_genomic	ldh	L-lactate dehydrogenase
HNBDCEJE_01927	tr|A0A1Q2C936|A0A1Q2C936_ANAHA	100	318	0	0	1	318	1	318	1.73e-223	609	GCF_018786105.1_ASM1878610v1_genomic	ldh	L-lactate dehydrogenase
HNBDCEJE_01927	tr|A0A415YKX9|A0A415YKX9_9FIRM	100	318	0	0	1	318	1	318	1.73e-223	609	GCF_018786105.1_ASM1878610v1_genomic	ldh	L-lactate dehydrogenase
HNBDCEJE_01927	tr|E5VGS4|E5VGS4_9FIRM	100	318	0	0	1	318	1	318	1.73e-223	609	GCF_018786105.1_ASM1878610v1_genomic	ldh	L-lactate dehydrogenase
HNBDCEJE_01935	tr|A0A415WB88|A0A415WB88_9FIRM	100	317	0	0	1	317	19	335	5.179999999999999e-222	606	GCF_018786105.1_ASM1878610v1_genomic	ldh	L-lactate dehydrogenase
HNBDCEJE_01935	tr|A0A415YL33|A0A415YL33_9FIRM	100	317	0	0	1	317	19	335	5.179999999999999e-222	606	GCF_018786105.1_ASM1878610v1_genomic	ldh	L-lactate dehydrogenase
HNBDCEJE_01935	tr|A0A417JUU1|A0A417JUU1_9FIRM	100	317	0	0	1	317	19	335	5.179999999999999e-222	606	GCF_018786105.1_ASM1878610v1_genomic	ldh	L-lactate dehydrogenase
HNBDCEJE_01935	tr|A0A417V7X9|A0A417V7X9_9FIRM	100	317	0	0	1	317	19	335	5.179999999999999e-222	606	GCF_018786105.1_ASM1878610v1_genomic	ldh	L-lactate dehydrogenase
HNBDCEJE_01935	tr|A0A173TV67|A0A173TV67_ANAHA	100	317	0	0	1	317	1	317	2.6599999999999995e-222	606	GCF_018786105.1_ASM1878610v1_genomic	ldh	L-lactate dehydrogenase
HNBDCEJE_01935	tr|E5VGR6|E5VGR6_9FIRM	100	317	0	0	1	317	1	317	2.6599999999999995e-222	606	GCF_018786105.1_ASM1878610v1_genomic	ldh	L-lactate dehydrogenase
HNBDCEJE_01935	tr|A0A173RVN0|A0A173RVN0_ANAHA	99.7	317	1	0	1	317	1	317	1.54e-221	604	GCF_018786105.1_ASM1878610v1_genomic	ldh	L-lactate dehydrogenase
HNBDCEJE_01935	tr|D4MZ79|D4MZ79_ANAHA	99.7	317	1	0	1	317	1	317	2.1799999999999999e-221	603	GCF_018786105.1_ASM1878610v1_genomic	ldh	L-lactate dehydrogenase
HNBDCEJE_02075	tr|A0A415Y5S4|A0A415Y5S4_9FIRM	100	317	0	0	1	317	1	317	4.2799999999999996e-228	620	GCF_018786105.1_ASM1878610v1_genomic	ldh	L-lactate dehydrogenase
HNBDCEJE_02075	tr|D4MZM0|D4MZM0_ANAHA	99.7	317	1	0	1	317	1	317	2.4799999999999994e-227	619	GCF_018786105.1_ASM1878610v1_genomic	ldh	L-lactate dehydrogenase
HNBDCEJE_02075	tr|A0A173S8Z7|A0A173S8Z7_ANAHA	99.1	317	3	0	1	317	1	317	4.11e-226	615	GCF_018786105.1_ASM1878610v1_genomic	ldh	L-lactate dehydrogenase
HNBDCEJE_02075	tr|A0AAQ3GQJ6|A0AAQ3GQJ6_ANAHA	99.1	317	3	0	1	317	1	317	4.11e-226	615	GCF_018786105.1_ASM1878610v1_genomic	ldh	L-lactate dehydrogenase
HNBDCEJE_02075	tr|E5VG93|E5VG93_9FIRM	99.1	317	3	0	1	317	1	317	4.11e-226	615	GCF_018786105.1_ASM1878610v1_genomic	ldh	L-lactate dehydrogenase
HNBDCEJE_02075	tr|A0A415WCX6|A0A415WCX6_9FIRM	99.1	317	3	0	1	317	1	317	1.1799999999999998e-225	614	GCF_018786105.1_ASM1878610v1_genomic	ldh	L-lactate dehydrogenase
PJECCCLI_00277	tr|A0A173RVN0|A0A173RVN0_ANAHA	100	317	0	0	1	317	1	317	1.3199999999999998e-222	607	GCF_018786145.1_ASM1878614v1_genomic	ldh	L-lactate dehydrogenase
PJECCCLI_00277	tr|A0A415WB88|A0A415WB88_9FIRM	99.7	317	1	0	1	317	19	335	1.49e-221	605	GCF_018786145.1_ASM1878614v1_genomic	ldh	L-lactate dehydrogenase
PJECCCLI_00277	tr|A0A415YL33|A0A415YL33_9FIRM	99.7	317	1	0	1	317	19	335	1.49e-221	605	GCF_018786145.1_ASM1878614v1_genomic	ldh	L-lactate dehydrogenase
PJECCCLI_00277	tr|A0A417JUU1|A0A417JUU1_9FIRM	99.7	317	1	0	1	317	19	335	1.49e-221	605	GCF_018786145.1_ASM1878614v1_genomic	ldh	L-lactate dehydrogenase
PJECCCLI_00277	tr|A0A417V7X9|A0A417V7X9_9FIRM	99.7	317	1	0	1	317	19	335	1.49e-221	605	GCF_018786145.1_ASM1878614v1_genomic	ldh	L-lactate dehydrogenase
PJECCCLI_00277	tr|A0A173TV67|A0A173TV67_ANAHA	99.7	317	1	0	1	317	1	317	7.609999999999999e-222	605	GCF_018786145.1_ASM1878614v1_genomic	ldh	L-lactate dehydrogenase
PJECCCLI_00277	tr|E5VGR6|E5VGR6_9FIRM	99.7	317	1	0	1	317	1	317	7.609999999999999e-222	605	GCF_018786145.1_ASM1878614v1_genomic	ldh	L-lactate dehydrogenase
PJECCCLI_00277	tr|D4MZ79|D4MZ79_ANAHA	99.4	317	2	0	1	317	1	317	6.25e-221	602	GCF_018786145.1_ASM1878614v1_genomic	ldh	L-lactate dehydrogenase
PJECCCLI_01856	tr|A0A417K180|A0A417K180_9FIRM	99.1	317	3	0	1	317	1	317	1.43e-226	617	GCF_018786145.1_ASM1878614v1_genomic	ldh	L-lactate dehydrogenase
PJECCCLI_01856	tr|D4MZM0|D4MZM0_ANAHA	99.1	317	3	0	1	317	1	317	1.1799999999999998e-225	614	GCF_018786145.1_ASM1878614v1_genomic	ldh	L-lactate dehydrogenase
PJECCCLI_01856	tr|A0A415Y5S4|A0A415Y5S4_9FIRM	98.7	317	4	0	1	317	1	317	4.79e-225	613	GCF_018786145.1_ASM1878614v1_genomic	ldh	L-lactate dehydrogenase
PJECCCLI_01856	tr|A0AAQ3GQJ6|A0AAQ3GQJ6_ANAHA	98.4	317	5	0	1	317	1	317	1.9499999999999997e-224	611	GCF_018786145.1_ASM1878614v1_genomic	ldh	L-lactate dehydrogenase
PJECCCLI_01856	tr|E5VG93|E5VG93_9FIRM	98.4	317	5	0	1	317	1	317	1.9499999999999997e-224	611	GCF_018786145.1_ASM1878614v1_genomic	ldh	L-lactate dehydrogenase
BKDKBNHJ_01704	tr|A0A374AS61|A0A374AS61_9FIRM	99.7	317	1	0	1	317	1	317	4.2799999999999996e-228	620	GCF_018786165.1_ASM1878616v1_genomic	ldh	L-lactate dehydrogenase
BKDKBNHJ_01868	tr|A0A374AQT8|A0A374AQT8_9FIRM	99.1	317	3	0	1	317	8	324	2.32e-220	601	GCF_018786165.1_ASM1878616v1_genomic	ldh	L-lactate dehydrogenase
BKDKBNHJ_02067	tr|A0A374AWZ2|A0A374AWZ2_9FIRM	99.7	315	1	0	1	315	1	315	2.7699999999999997e-223	608	GCF_018786165.1_ASM1878616v1_genomic	ldh	L-lactate dehydrogenase
CENNCKIL_00047	tr|A0A1Q9JR73|A0A1Q9JR73_9FIRM	77.8	316	70	0	1	316	1	316	6.6499999999999995e-177	491	GCF_018918155.1_ASM1891815v1_genomic	ldh	L-lactate dehydrogenase
CENNCKIL_00057	tr|A0A9D1WUL9|A0A9D1WUL9_9FIRM	80.3	314	62	0	1	314	1	314	8.009999999999999e-182	503	GCF_018918155.1_ASM1891815v1_genomic	ldh	L-lactate dehydrogenase
AMMGAKMD_00425	tr|A0A1Q9JRC1|A0A1Q9JRC1_9FIRM	99.7	315	1	0	1	315	1	315	8.639999999999998e-227	617	GCF_018982945.1_ASM1898294v1_genomic	ldh	L-lactate dehydrogenase
AMMGAKMD_00439	tr|A0A1Q9JR73|A0A1Q9JR73_9FIRM	100	317	0	0	1	317	1	317	3.2799999999999996e-232	631	GCF_018982945.1_ASM1898294v1_genomic	ldh	L-lactate dehydrogenase
AMMGAKMD_00555	tr|B0N2I9|B0N2I9_9FIRM	77.5	373	84	0	1	373	1	373	7.31e-216	594	GCF_018982945.1_ASM1898294v1_genomic	ldh	L-lactate dehydrogenase
AMMGAKMD_00555	tr|B1C425|B1C425_9FIRM	78	373	82	0	1	373	1	373	2.0899999999999997e-215	593	GCF_018982945.1_ASM1898294v1_genomic	ldh	L-lactate dehydrogenase
AMMGAKMD_01796	tr|A0A1Q9JUY6|A0A1Q9JUY6_9FIRM	99.7	317	1	0	1	317	1	317	2.4099999999999994e-234	636	GCF_018982945.1_ASM1898294v1_genomic	ldh	L-lactate dehydrogenase
LKKNDKGL_02883	tr|A2CHG9|A2CHG9_9FIRM	97.1	314	9	0	1	314	1	314	2.87e-220	600	GCF_900624715.1_81B4_genomic	ldh	L-lactate dehydrogenase
LKKNDKGL_02883	tr|B0MC57|B0MC57_ANACD	97.1	314	9	0	1	314	1	314	2.87e-220	600	GCF_900624715.1_81B4_genomic	ldh	L-lactate dehydrogenase
LKKNDKGL_02883	tr|A0A374AUN4|A0A374AUN4_9FIRM	96.8	314	10	0	1	314	1	314	1.66e-219	598	GCF_900624715.1_81B4_genomic	ldh	L-lactate dehydrogenase
LKKNDKGL_03176	tr|A0A6N2S1F9|A0A6N2S1F9_9FIRM	99	315	3	0	1	315	1	315	2.5799999999999996e-228	621	GCF_900624715.1_81B4_genomic	ldh	L-lactate dehydrogenase
LKKNDKGL_03176	tr|B0MJF7|B0MJF7_ANACD	99	315	3	0	1	315	1	315	2.5799999999999996e-228	621	GCF_900624715.1_81B4_genomic	ldh	L-lactate dehydrogenase
LKKNDKGL_03176	tr|A0A374AT20|A0A374AT20_9FIRM	99	315	3	0	1	315	1	315	7.399999999999999e-228	620	GCF_900624715.1_81B4_genomic	ldh	L-lactate dehydrogenase
IMCKJKOO_02474	tr|A0A6N2S1F9|A0A6N2S1F9_9FIRM	94.9	314	16	0	1	314	1	314	2.4399999999999998e-219	598	GCF_902362655.1_MGYG-HGUT-00052_genomic	ldh	L-lactate dehydrogenase
IMCKJKOO_02474	tr|B0MJF7|B0MJF7_ANACD	94.9	314	16	0	1	314	1	314	2.4399999999999998e-219	598	GCF_902362655.1_MGYG-HGUT-00052_genomic	ldh	L-lactate dehydrogenase
IMCKJKOO_02474	tr|A0A374AT20|A0A374AT20_9FIRM	94.3	314	18	0	1	314	1	314	1.1599999999999999e-217	594	GCF_902362655.1_MGYG-HGUT-00052_genomic	ldh	L-lactate dehydrogenase
IMCKJKOO_02948	tr|A2CHG9|A2CHG9_9FIRM	97.8	314	7	0	1	314	1	314	3.49e-221	603	GCF_902362655.1_MGYG-HGUT-00052_genomic	ldh	L-lactate dehydrogenase
IMCKJKOO_02948	tr|B0MC57|B0MC57_ANACD	97.8	314	7	0	1	314	1	314	3.49e-221	603	GCF_902362655.1_MGYG-HGUT-00052_genomic	ldh	L-lactate dehydrogenase
IMCKJKOO_02948	tr|A0A374AUN4|A0A374AUN4_9FIRM	97.5	314	8	0	1	314	1	314	2.0199999999999997e-220	601	GCF_902362655.1_MGYG-HGUT-00052_genomic	ldh	L-lactate dehydrogenase
LINHNLFA_00693	tr|A0A1C5YE08|A0A1C5YE08_9FIRM	100	317	0	0	1	317	1	317	4.5899999999999995e-223	608	GCF_902362875.1_MGYG-HGUT-00065_genomic	ldh	L-lactate dehydrogenase
LINHNLFA_00996	tr|A0A1C5ZCL2|A0A1C5ZCL2_9FIRM	100	317	0	0	1	317	1	317	1.2299999999999997e-227	619	GCF_902362875.1_MGYG-HGUT-00065_genomic	ldh	L-lactate dehydrogenase
LINHNLFA_01248	tr|A0A1C6A540|A0A1C6A540_9FIRM	100	313	0	0	1	313	1	313	2.7699999999999996e-222	605	GCF_902362875.1_MGYG-HGUT-00065_genomic	ldh	L-lactate dehydrogenase
PMLNHHOO_01258	tr|A0A374AT20|A0A374AT20_9FIRM	100	315	0	0	1	315	1	315	1.0999999999999998e-229	624	GCF_902362985.1_MGYG-HGUT-00080_genomic	ldh	L-lactate dehydrogenase
PMLNHHOO_01502	tr|A0A374AUN4|A0A374AUN4_9FIRM	100	314	0	0	1	314	1	314	2.67e-225	613	GCF_902362985.1_MGYG-HGUT-00080_genomic	ldh	L-lactate dehydrogenase
PMLNHHOO_01502	tr|A2CHG9|A2CHG9_9FIRM	99.7	314	1	0	1	314	1	314	3.119999999999999e-224	610	GCF_902362985.1_MGYG-HGUT-00080_genomic	ldh	L-lactate dehydrogenase
PMLNHHOO_01502	tr|B0MC57|B0MC57_ANACD	99.7	314	1	0	1	314	1	314	3.119999999999999e-224	610	GCF_902362985.1_MGYG-HGUT-00080_genomic	ldh	L-lactate dehydrogenase
FCFHFNCF_02484	tr|A0A1Q2C936|A0A1Q2C936_ANAHA	100	318	0	0	1	318	1	318	1.73e-223	609	GCF_902388025.1_UHGG_MGYG-HGUT-02528_genomic	ldh	L-lactate dehydrogenase
FCFHFNCF_02484	tr|A0A415YKX9|A0A415YKX9_9FIRM	100	318	0	0	1	318	1	318	1.73e-223	609	GCF_902388025.1_UHGG_MGYG-HGUT-02528_genomic	ldh	L-lactate dehydrogenase
FCFHFNCF_02484	tr|E5VGS4|E5VGS4_9FIRM	100	318	0	0	1	318	1	318	1.73e-223	609	GCF_902388025.1_UHGG_MGYG-HGUT-02528_genomic	ldh	L-lactate dehydrogenase
FCFHFNCF_02493	tr|A0A415WB88|A0A415WB88_9FIRM	100	317	0	0	1	317	19	335	5.179999999999999e-222	606	GCF_902388025.1_UHGG_MGYG-HGUT-02528_genomic	ldh	L-lactate dehydrogenase
FCFHFNCF_02493	tr|A0A415YL33|A0A415YL33_9FIRM	100	317	0	0	1	317	19	335	5.179999999999999e-222	606	GCF_902388025.1_UHGG_MGYG-HGUT-02528_genomic	ldh	L-lactate dehydrogenase
FCFHFNCF_02493	tr|A0A417JUU1|A0A417JUU1_9FIRM	100	317	0	0	1	317	19	335	5.179999999999999e-222	606	GCF_902388025.1_UHGG_MGYG-HGUT-02528_genomic	ldh	L-lactate dehydrogenase
FCFHFNCF_02493	tr|A0A417V7X9|A0A417V7X9_9FIRM	100	317	0	0	1	317	19	335	5.179999999999999e-222	606	GCF_902388025.1_UHGG_MGYG-HGUT-02528_genomic	ldh	L-lactate dehydrogenase
FCFHFNCF_02493	tr|A0A173TV67|A0A173TV67_ANAHA	100	317	0	0	1	317	1	317	2.6599999999999995e-222	606	GCF_902388025.1_UHGG_MGYG-HGUT-02528_genomic	ldh	L-lactate dehydrogenase
FCFHFNCF_02493	tr|E5VGR6|E5VGR6_9FIRM	100	317	0	0	1	317	1	317	2.6599999999999995e-222	606	GCF_902388025.1_UHGG_MGYG-HGUT-02528_genomic	ldh	L-lactate dehydrogenase
FCFHFNCF_02493	tr|A0A173RVN0|A0A173RVN0_ANAHA	99.7	317	1	0	1	317	1	317	1.54e-221	604	GCF_902388025.1_UHGG_MGYG-HGUT-02528_genomic	ldh	L-lactate dehydrogenase
FCFHFNCF_02493	tr|D4MZ79|D4MZ79_ANAHA	99.7	317	1	0	1	317	1	317	2.1799999999999999e-221	603	GCF_902388025.1_UHGG_MGYG-HGUT-02528_genomic	ldh	L-lactate dehydrogenase
FCFHFNCF_02681	tr|A0A174KPY8|A0A174KPY8_ANAHA	100	317	0	0	1	317	1	317	2.1199999999999997e-228	621	GCF_902388025.1_UHGG_MGYG-HGUT-02528_genomic	ldh	L-lactate dehydrogenase
FCFHFNCF_02681	tr|A0A417V6R1|A0A417V6R1_9FIRM	100	317	0	0	1	317	1	317	2.1199999999999997e-228	621	GCF_902388025.1_UHGG_MGYG-HGUT-02528_genomic	ldh	L-lactate dehydrogenase
FCFHFNCF_02681	tr|A0A415WCX6|A0A415WCX6_9FIRM	99.7	317	1	0	1	317	1	317	1.7399999999999996e-227	619	GCF_902388025.1_UHGG_MGYG-HGUT-02528_genomic	ldh	L-lactate dehydrogenase
FCFHFNCF_02681	tr|A0A173XAM2|A0A173XAM2_ANAHA	99.4	317	2	0	1	317	1	317	2.4799999999999994e-227	619	GCF_902388025.1_UHGG_MGYG-HGUT-02528_genomic	ldh	L-lactate dehydrogenase
FCFHFNCF_02681	tr|A0A6N2QXW7|A0A6N2QXW7_ANAHA	99.1	317	3	0	1	317	1	317	4.11e-226	615	GCF_902388025.1_UHGG_MGYG-HGUT-02528_genomic	ldh	L-lactate dehydrogenase
ALDEGNKM_00052	tr|A0A415WB88|A0A415WB88_9FIRM	100	317	0	0	1	317	19	335	5.179999999999999e-222	606	SRR13592713	ldh	L-lactate dehydrogenase
ALDEGNKM_00052	tr|A0A415YL33|A0A415YL33_9FIRM	100	317	0	0	1	317	19	335	5.179999999999999e-222	606	SRR13592713	ldh	L-lactate dehydrogenase
ALDEGNKM_00052	tr|A0A417JUU1|A0A417JUU1_9FIRM	100	317	0	0	1	317	19	335	5.179999999999999e-222	606	SRR13592713	ldh	L-lactate dehydrogenase
ALDEGNKM_00052	tr|A0A417V7X9|A0A417V7X9_9FIRM	100	317	0	0	1	317	19	335	5.179999999999999e-222	606	SRR13592713	ldh	L-lactate dehydrogenase
ALDEGNKM_00052	tr|A0A173TV67|A0A173TV67_ANAHA	100	317	0	0	1	317	1	317	2.6599999999999995e-222	606	SRR13592713	ldh	L-lactate dehydrogenase
ALDEGNKM_00052	tr|E5VGR6|E5VGR6_9FIRM	100	317	0	0	1	317	1	317	2.6599999999999995e-222	606	SRR13592713	ldh	L-lactate dehydrogenase
ALDEGNKM_00052	tr|A0A173RVN0|A0A173RVN0_ANAHA	99.7	317	1	0	1	317	1	317	1.54e-221	604	SRR13592713	ldh	L-lactate dehydrogenase
ALDEGNKM_00052	tr|D4MZ79|D4MZ79_ANAHA	99.7	317	1	0	1	317	1	317	2.1799999999999999e-221	603	SRR13592713	ldh	L-lactate dehydrogenase
ALDEGNKM_02741	tr|D4MZM0|D4MZM0_ANAHA	99.4	317	2	0	1	317	1	317	7.099999999999998e-227	617	SRR13592713	ldh	L-lactate dehydrogenase
ALDEGNKM_02741	tr|A0A173S8Z7|A0A173S8Z7_ANAHA	99.1	317	3	0	1	317	1	317	1.43e-226	617	SRR13592713	ldh	L-lactate dehydrogenase
ALDEGNKM_02741	tr|A0A415Y5S4|A0A415Y5S4_9FIRM	99.1	317	3	0	1	317	1	317	2.8899999999999998e-226	616	SRR13592713	ldh	L-lactate dehydrogenase
ALDEGNKM_02741	tr|A0A174KPY8|A0A174KPY8_ANAHA	99.1	317	3	0	1	317	1	317	4.11e-226	615	SRR13592713	ldh	L-lactate dehydrogenase
ALDEGNKM_02741	tr|A0A417V6R1|A0A417V6R1_9FIRM	99.1	317	3	0	1	317	1	317	4.11e-226	615	SRR13592713	ldh	L-lactate dehydrogenase
ALDEGNKM_02741	tr|A0AAQ3GQJ6|A0AAQ3GQJ6_ANAHA	98.7	317	4	0	1	317	1	317	1.1799999999999998e-225	614	SRR13592713	ldh	L-lactate dehydrogenase
ALDEGNKM_02741	tr|E5VG93|E5VG93_9FIRM	98.7	317	4	0	1	317	1	317	1.1799999999999998e-225	614	SRR13592713	ldh	L-lactate dehydrogenase
ALDEGNKM_02741	tr|A0A415WCX6|A0A415WCX6_9FIRM	98.7	317	4	0	1	317	1	317	3.37e-225	613	SRR13592713	ldh	L-lactate dehydrogenase
ALDEGNKM_02741	tr|A0A173XAM2|A0A173XAM2_ANAHA	98.4	317	5	0	1	317	1	317	4.79e-225	613	SRR13592713	ldh	L-lactate dehydrogenase
ALDEGNKM_02741	tr|A0A6N2QXW7|A0A6N2QXW7_ANAHA	98.7	317	4	0	1	317	1	317	6.809999999999999e-225	612	SRR13592713	ldh	L-lactate dehydrogenase
ALDEGNKM_02741	tr|A0A417K180|A0A417K180_9FIRM	98.7	317	4	0	1	317	1	317	9.669999999999999e-225	612	SRR13592713	ldh	L-lactate dehydrogenase
ENPNCEFK_00235	tr|A0A173RVN0|A0A173RVN0_ANAHA	100	317	0	0	1	317	1	317	1.3199999999999998e-222	607	SRR13592785	ldh	L-lactate dehydrogenase
ENPNCEFK_00235	tr|A0A415WB88|A0A415WB88_9FIRM	99.7	317	1	0	1	317	19	335	1.49e-221	605	SRR13592785	ldh	L-lactate dehydrogenase
ENPNCEFK_00235	tr|A0A415YL33|A0A415YL33_9FIRM	99.7	317	1	0	1	317	19	335	1.49e-221	605	SRR13592785	ldh	L-lactate dehydrogenase
ENPNCEFK_00235	tr|A0A417JUU1|A0A417JUU1_9FIRM	99.7	317	1	0	1	317	19	335	1.49e-221	605	SRR13592785	ldh	L-lactate dehydrogenase
ENPNCEFK_00235	tr|A0A417V7X9|A0A417V7X9_9FIRM	99.7	317	1	0	1	317	19	335	1.49e-221	605	SRR13592785	ldh	L-lactate dehydrogenase
ENPNCEFK_00235	tr|A0A173TV67|A0A173TV67_ANAHA	99.7	317	1	0	1	317	1	317	7.609999999999999e-222	605	SRR13592785	ldh	L-lactate dehydrogenase
ENPNCEFK_00235	tr|E5VGR6|E5VGR6_9FIRM	99.7	317	1	0	1	317	1	317	7.609999999999999e-222	605	SRR13592785	ldh	L-lactate dehydrogenase
ENPNCEFK_00235	tr|D4MZ79|D4MZ79_ANAHA	99.4	317	2	0	1	317	1	317	6.25e-221	602	SRR13592785	ldh	L-lactate dehydrogenase
ENPNCEFK_00707	tr|D4MZM0|D4MZM0_ANAHA	99.4	317	2	0	1	317	1	317	1.2299999999999997e-227	619	SRR13592785	ldh	L-lactate dehydrogenase
ENPNCEFK_00707	tr|A0A415Y5S4|A0A415Y5S4_9FIRM	99.1	317	3	0	1	317	1	317	4.999999999999999e-227	618	SRR13592785	ldh	L-lactate dehydrogenase
ENPNCEFK_00707	tr|A0AAQ3GQJ6|A0AAQ3GQJ6_ANAHA	98.7	317	4	0	1	317	1	317	2.04e-226	616	SRR13592785	ldh	L-lactate dehydrogenase
ENPNCEFK_00707	tr|E5VG93|E5VG93_9FIRM	98.7	317	4	0	1	317	1	317	2.04e-226	616	SRR13592785	ldh	L-lactate dehydrogenase
ENPNCEFK_00707	tr|A0A173XAM2|A0A173XAM2_ANAHA	99.1	317	3	0	1	317	1	317	4.11e-226	615	SRR13592785	ldh	L-lactate dehydrogenase
ENPNCEFK_00707	tr|A0A415WCX6|A0A415WCX6_9FIRM	98.7	317	4	0	1	317	1	317	5.829999999999999e-226	615	SRR13592785	ldh	L-lactate dehydrogenase
ENPNCEFK_00707	tr|A0A173S8Z7|A0A173S8Z7_ANAHA	98.4	317	5	0	1	317	1	317	8.29e-226	615	SRR13592785	ldh	L-lactate dehydrogenase
ENPNCEFK_00707	tr|A0A6N2QXW7|A0A6N2QXW7_ANAHA	98.7	317	4	0	1	317	1	317	1.1799999999999998e-225	614	SRR13592785	ldh	L-lactate dehydrogenase
ENPNCEFK_00707	tr|A0A417K180|A0A417K180_9FIRM	98.7	317	4	0	1	317	1	317	1.67e-225	614	SRR13592785	ldh	L-lactate dehydrogenase
ENPNCEFK_00707	tr|A0A174KPY8|A0A174KPY8_ANAHA	98.4	317	5	0	1	317	1	317	2.3799999999999998e-225	613	SRR13592785	ldh	L-lactate dehydrogenase
ENPNCEFK_00707	tr|A0A417V6R1|A0A417V6R1_9FIRM	98.4	317	5	0	1	317	1	317	2.3799999999999998e-225	613	SRR13592785	ldh	L-lactate dehydrogenase
DBDDGIGG_00586	tr|D4MZM0|D4MZM0_ANAHA	99.4	317	2	0	1	317	1	317	1.2299999999999997e-227	619	SRR13592839	ldh	L-lactate dehydrogenase
DBDDGIGG_00586	tr|A0A415Y5S4|A0A415Y5S4_9FIRM	99.1	317	3	0	1	317	1	317	4.999999999999999e-227	618	SRR13592839	ldh	L-lactate dehydrogenase
DBDDGIGG_00586	tr|A0AAQ3GQJ6|A0AAQ3GQJ6_ANAHA	98.7	317	4	0	1	317	1	317	2.04e-226	616	SRR13592839	ldh	L-lactate dehydrogenase
DBDDGIGG_00586	tr|E5VG93|E5VG93_9FIRM	98.7	317	4	0	1	317	1	317	2.04e-226	616	SRR13592839	ldh	L-lactate dehydrogenase
DBDDGIGG_00586	tr|A0A173XAM2|A0A173XAM2_ANAHA	99.1	317	3	0	1	317	1	317	4.11e-226	615	SRR13592839	ldh	L-lactate dehydrogenase
DBDDGIGG_00586	tr|A0A415WCX6|A0A415WCX6_9FIRM	98.7	317	4	0	1	317	1	317	5.829999999999999e-226	615	SRR13592839	ldh	L-lactate dehydrogenase
DBDDGIGG_00586	tr|A0A173S8Z7|A0A173S8Z7_ANAHA	98.4	317	5	0	1	317	1	317	8.29e-226	615	SRR13592839	ldh	L-lactate dehydrogenase
DBDDGIGG_00586	tr|A0A6N2QXW7|A0A6N2QXW7_ANAHA	98.7	317	4	0	1	317	1	317	1.1799999999999998e-225	614	SRR13592839	ldh	L-lactate dehydrogenase
DBDDGIGG_00586	tr|A0A417K180|A0A417K180_9FIRM	98.7	317	4	0	1	317	1	317	1.67e-225	614	SRR13592839	ldh	L-lactate dehydrogenase
DBDDGIGG_00586	tr|A0A174KPY8|A0A174KPY8_ANAHA	98.4	317	5	0	1	317	1	317	2.3799999999999998e-225	613	SRR13592839	ldh	L-lactate dehydrogenase
DBDDGIGG_00586	tr|A0A417V6R1|A0A417V6R1_9FIRM	98.4	317	5	0	1	317	1	317	2.3799999999999998e-225	613	SRR13592839	ldh	L-lactate dehydrogenase
DBDDGIGG_00802	tr|A0A173RVN0|A0A173RVN0_ANAHA	100	317	0	0	1	317	1	317	1.3199999999999998e-222	607	SRR13592839	ldh	L-lactate dehydrogenase
DBDDGIGG_00802	tr|A0A415WB88|A0A415WB88_9FIRM	99.7	317	1	0	1	317	19	335	1.49e-221	605	SRR13592839	ldh	L-lactate dehydrogenase
DBDDGIGG_00802	tr|A0A415YL33|A0A415YL33_9FIRM	99.7	317	1	0	1	317	19	335	1.49e-221	605	SRR13592839	ldh	L-lactate dehydrogenase
DBDDGIGG_00802	tr|A0A417JUU1|A0A417JUU1_9FIRM	99.7	317	1	0	1	317	19	335	1.49e-221	605	SRR13592839	ldh	L-lactate dehydrogenase
DBDDGIGG_00802	tr|A0A417V7X9|A0A417V7X9_9FIRM	99.7	317	1	0	1	317	19	335	1.49e-221	605	SRR13592839	ldh	L-lactate dehydrogenase
DBDDGIGG_00802	tr|A0A173TV67|A0A173TV67_ANAHA	99.7	317	1	0	1	317	1	317	7.609999999999999e-222	605	SRR13592839	ldh	L-lactate dehydrogenase
DBDDGIGG_00802	tr|E5VGR6|E5VGR6_9FIRM	99.7	317	1	0	1	317	1	317	7.609999999999999e-222	605	SRR13592839	ldh	L-lactate dehydrogenase
DBDDGIGG_00802	tr|D4MZ79|D4MZ79_ANAHA	99.4	317	2	0	1	317	1	317	6.25e-221	602	SRR13592839	ldh	L-lactate dehydrogenase
AKKHJBDF_00620	tr|A0A1Q2C936|A0A1Q2C936_ANAHA	99.4	318	2	0	1	318	1	318	7.05e-223	607	SRR18440051	ldh	L-lactate dehydrogenase
AKKHJBDF_00620	tr|A0A415YKX9|A0A415YKX9_9FIRM	99.4	318	2	0	1	318	1	318	7.05e-223	607	SRR18440051	ldh	L-lactate dehydrogenase
AKKHJBDF_00620	tr|E5VGS4|E5VGS4_9FIRM	99.4	318	2	0	1	318	1	318	7.05e-223	607	SRR18440051	ldh	L-lactate dehydrogenase
AKKHJBDF_00761	tr|A0A174KPY8|A0A174KPY8_ANAHA	100	317	0	0	1	317	1	317	2.1199999999999997e-228	621	SRR18440051	ldh	L-lactate dehydrogenase
AKKHJBDF_00761	tr|A0A417V6R1|A0A417V6R1_9FIRM	100	317	0	0	1	317	1	317	2.1199999999999997e-228	621	SRR18440051	ldh	L-lactate dehydrogenase
AKKHJBDF_00761	tr|A0A415WCX6|A0A415WCX6_9FIRM	99.7	317	1	0	1	317	1	317	1.7399999999999996e-227	619	SRR18440051	ldh	L-lactate dehydrogenase
AKKHJBDF_00761	tr|A0A173XAM2|A0A173XAM2_ANAHA	99.4	317	2	0	1	317	1	317	2.4799999999999994e-227	619	SRR18440051	ldh	L-lactate dehydrogenase
AKKHJBDF_00761	tr|A0A6N2QXW7|A0A6N2QXW7_ANAHA	99.1	317	3	0	1	317	1	317	4.11e-226	615	SRR18440051	ldh	L-lactate dehydrogenase
KNONKLPG_02999	tr|A0A173S8Z7|A0A173S8Z7_ANAHA	94.8	96	5	0	1	96	222	317	2.3600000000000003e-58	181	SRR18440091	ldh	L-lactate dehydrogenase
KNONKLPG_02999	tr|A0A415Y5S4|A0A415Y5S4_9FIRM	93.8	96	6	0	1	96	222	317	9.47e-58	179	SRR18440091	ldh	L-lactate dehydrogenase
KNONKLPG_02999	tr|A0AAQ3GQJ6|A0AAQ3GQJ6_ANAHA	93.8	96	6	0	1	96	222	317	9.47e-58	179	SRR18440091	ldh	L-lactate dehydrogenase
KNONKLPG_02999	tr|D4MZM0|D4MZM0_ANAHA	93.8	96	6	0	1	96	222	317	9.47e-58	179	SRR18440091	ldh	L-lactate dehydrogenase
KNONKLPG_02999	tr|E5VG93|E5VG93_9FIRM	93.8	96	6	0	1	96	222	317	9.47e-58	179	SRR18440091	ldh	L-lactate dehydrogenase
KNONKLPG_03006	tr|A0A415WB88|A0A415WB88_9FIRM	100	146	0	0	1	146	19	164	1.3399999999999998e-96	281	SRR18440091	ldh	L-lactate dehydrogenase
KNONKLPG_03006	tr|A0A415YL33|A0A415YL33_9FIRM	100	146	0	0	1	146	19	164	1.3399999999999998e-96	281	SRR18440091	ldh	L-lactate dehydrogenase
KNONKLPG_03006	tr|A0A417JUU1|A0A417JUU1_9FIRM	100	146	0	0	1	146	19	164	1.3399999999999998e-96	281	SRR18440091	ldh	L-lactate dehydrogenase
KNONKLPG_03006	tr|A0A417V7X9|A0A417V7X9_9FIRM	100	146	0	0	1	146	19	164	1.3399999999999998e-96	281	SRR18440091	ldh	L-lactate dehydrogenase
KNONKLPG_03006	tr|A0A173RVN0|A0A173RVN0_ANAHA	100	146	0	0	1	146	1	146	7.52e-97	281	SRR18440091	ldh	L-lactate dehydrogenase
KNONKLPG_03006	tr|A0A173TV67|A0A173TV67_ANAHA	100	146	0	0	1	146	1	146	7.52e-97	281	SRR18440091	ldh	L-lactate dehydrogenase
KNONKLPG_03006	tr|D4MZ79|D4MZ79_ANAHA	100	146	0	0	1	146	1	146	7.52e-97	281	SRR18440091	ldh	L-lactate dehydrogenase
KNONKLPG_03006	tr|E5VGR6|E5VGR6_9FIRM	100	146	0	0	1	146	1	146	7.52e-97	281	SRR18440091	ldh	L-lactate dehydrogenase
KNONKLPG_03040	tr|A0A415WB88|A0A415WB88_9FIRM	100	78	0	0	1	78	258	335	3.13e-44	144	SRR18440091	ldh	L-lactate dehydrogenase
KNONKLPG_03040	tr|A0A415YL33|A0A415YL33_9FIRM	100	78	0	0	1	78	258	335	3.13e-44	144	SRR18440091	ldh	L-lactate dehydrogenase
KNONKLPG_03040	tr|A0A417JUU1|A0A417JUU1_9FIRM	100	78	0	0	1	78	258	335	3.13e-44	144	SRR18440091	ldh	L-lactate dehydrogenase
KNONKLPG_03040	tr|A0A417V7X9|A0A417V7X9_9FIRM	100	78	0	0	1	78	258	335	3.13e-44	144	SRR18440091	ldh	L-lactate dehydrogenase
KNONKLPG_03040	tr|A0A173TV67|A0A173TV67_ANAHA	100	78	0	0	1	78	240	317	2.08e-44	144	SRR18440091	ldh	L-lactate dehydrogenase
KNONKLPG_03040	tr|E5VGR6|E5VGR6_9FIRM	100	78	0	0	1	78	240	317	2.08e-44	144	SRR18440091	ldh	L-lactate dehydrogenase
KIAEFJNH_00007	tr|A0A173S8Z7|A0A173S8Z7_ANAHA	96.5	317	11	0	1	317	1	317	2.1799999999999999e-221	603	SRR18440093	ldh	L-lactate dehydrogenase
KIAEFJNH_00007	tr|A0A415Y5S4|A0A415Y5S4_9FIRM	96.2	317	12	0	1	317	1	317	6.25e-221	602	SRR18440093	ldh	L-lactate dehydrogenase
KIAEFJNH_00007	tr|D4MZM0|D4MZM0_ANAHA	96.2	317	12	0	1	317	1	317	6.25e-221	602	SRR18440093	ldh	L-lactate dehydrogenase
KIAEFJNH_00007	tr|A0A415WCX6|A0A415WCX6_9FIRM	96.2	317	12	0	1	317	1	317	2.55e-220	601	SRR18440093	ldh	L-lactate dehydrogenase
KIAEFJNH_00007	tr|A0A173XAM2|A0A173XAM2_ANAHA	95.9	317	13	0	1	317	1	317	3.6199999999999996e-220	600	SRR18440093	ldh	L-lactate dehydrogenase
KIAEFJNH_00007	tr|A0A174KPY8|A0A174KPY8_ANAHA	96.2	317	12	0	1	317	1	317	3.6199999999999996e-220	600	SRR18440093	ldh	L-lactate dehydrogenase
KIAEFJNH_00007	tr|A0A417V6R1|A0A417V6R1_9FIRM	96.2	317	12	0	1	317	1	317	3.6199999999999996e-220	600	SRR18440093	ldh	L-lactate dehydrogenase
KIAEFJNH_00007	tr|A0AAQ3GQJ6|A0AAQ3GQJ6_ANAHA	95.6	317	14	0	1	317	1	317	1.04e-219	599	SRR18440093	ldh	L-lactate dehydrogenase
KIAEFJNH_00007	tr|E5VG93|E5VG93_9FIRM	95.6	317	14	0	1	317	1	317	1.04e-219	599	SRR18440093	ldh	L-lactate dehydrogenase
KIAEFJNH_02388	tr|A0A415WB88|A0A415WB88_9FIRM	100	317	0	0	1	317	19	335	5.179999999999999e-222	606	SRR18440093	ldh	L-lactate dehydrogenase
KIAEFJNH_02388	tr|A0A415YL33|A0A415YL33_9FIRM	100	317	0	0	1	317	19	335	5.179999999999999e-222	606	SRR18440093	ldh	L-lactate dehydrogenase
KIAEFJNH_02388	tr|A0A417JUU1|A0A417JUU1_9FIRM	100	317	0	0	1	317	19	335	5.179999999999999e-222	606	SRR18440093	ldh	L-lactate dehydrogenase
KIAEFJNH_02388	tr|A0A417V7X9|A0A417V7X9_9FIRM	100	317	0	0	1	317	19	335	5.179999999999999e-222	606	SRR18440093	ldh	L-lactate dehydrogenase
KIAEFJNH_02388	tr|A0A173TV67|A0A173TV67_ANAHA	100	317	0	0	1	317	1	317	2.6599999999999995e-222	606	SRR18440093	ldh	L-lactate dehydrogenase
KIAEFJNH_02388	tr|E5VGR6|E5VGR6_9FIRM	100	317	0	0	1	317	1	317	2.6599999999999995e-222	606	SRR18440093	ldh	L-lactate dehydrogenase
KIAEFJNH_02388	tr|A0A173RVN0|A0A173RVN0_ANAHA	99.7	317	1	0	1	317	1	317	1.54e-221	604	SRR18440093	ldh	L-lactate dehydrogenase
KIAEFJNH_02388	tr|D4MZ79|D4MZ79_ANAHA	99.7	317	1	0	1	317	1	317	2.1799999999999999e-221	603	SRR18440093	ldh	L-lactate dehydrogenase
HCPJCGEL_00181	tr|A0A173S8Z7|A0A173S8Z7_ANAHA	96.5	317	11	0	1	317	1	317	2.1799999999999999e-221	603	SRR18440101	ldh	L-lactate dehydrogenase
HCPJCGEL_00181	tr|A0A415Y5S4|A0A415Y5S4_9FIRM	96.2	317	12	0	1	317	1	317	6.25e-221	602	SRR18440101	ldh	L-lactate dehydrogenase
HCPJCGEL_00181	tr|D4MZM0|D4MZM0_ANAHA	96.2	317	12	0	1	317	1	317	6.25e-221	602	SRR18440101	ldh	L-lactate dehydrogenase
HCPJCGEL_00181	tr|A0A415WCX6|A0A415WCX6_9FIRM	96.2	317	12	0	1	317	1	317	2.55e-220	601	SRR18440101	ldh	L-lactate dehydrogenase
HCPJCGEL_00181	tr|A0A173XAM2|A0A173XAM2_ANAHA	95.9	317	13	0	1	317	1	317	3.6199999999999996e-220	600	SRR18440101	ldh	L-lactate dehydrogenase
HCPJCGEL_00181	tr|A0A174KPY8|A0A174KPY8_ANAHA	96.2	317	12	0	1	317	1	317	3.6199999999999996e-220	600	SRR18440101	ldh	L-lactate dehydrogenase
HCPJCGEL_00181	tr|A0A417V6R1|A0A417V6R1_9FIRM	96.2	317	12	0	1	317	1	317	3.6199999999999996e-220	600	SRR18440101	ldh	L-lactate dehydrogenase
HCPJCGEL_00181	tr|A0AAQ3GQJ6|A0AAQ3GQJ6_ANAHA	95.6	317	14	0	1	317	1	317	1.04e-219	599	SRR18440101	ldh	L-lactate dehydrogenase
HCPJCGEL_00181	tr|E5VG93|E5VG93_9FIRM	95.6	317	14	0	1	317	1	317	1.04e-219	599	SRR18440101	ldh	L-lactate dehydrogenase
HCPJCGEL_02857	tr|A0A415WB88|A0A415WB88_9FIRM	100	317	0	0	1	317	19	335	5.179999999999999e-222	606	SRR18440101	ldh	L-lactate dehydrogenase
HCPJCGEL_02857	tr|A0A415YL33|A0A415YL33_9FIRM	100	317	0	0	1	317	19	335	5.179999999999999e-222	606	SRR18440101	ldh	L-lactate dehydrogenase
HCPJCGEL_02857	tr|A0A417JUU1|A0A417JUU1_9FIRM	100	317	0	0	1	317	19	335	5.179999999999999e-222	606	SRR18440101	ldh	L-lactate dehydrogenase
HCPJCGEL_02857	tr|A0A417V7X9|A0A417V7X9_9FIRM	100	317	0	0	1	317	19	335	5.179999999999999e-222	606	SRR18440101	ldh	L-lactate dehydrogenase
HCPJCGEL_02857	tr|A0A173TV67|A0A173TV67_ANAHA	100	317	0	0	1	317	1	317	2.6599999999999995e-222	606	SRR18440101	ldh	L-lactate dehydrogenase
HCPJCGEL_02857	tr|E5VGR6|E5VGR6_9FIRM	100	317	0	0	1	317	1	317	2.6599999999999995e-222	606	SRR18440101	ldh	L-lactate dehydrogenase
HCPJCGEL_02857	tr|A0A173RVN0|A0A173RVN0_ANAHA	99.7	317	1	0	1	317	1	317	1.54e-221	604	SRR18440101	ldh	L-lactate dehydrogenase
HCPJCGEL_02857	tr|D4MZ79|D4MZ79_ANAHA	99.7	317	1	0	1	317	1	317	2.1799999999999999e-221	603	SRR18440101	ldh	L-lactate dehydrogenase
