group	media	sugar	species	strain	condition	time	mean	n	sd	se	sample_id
chondroitin_sodium_sulfate	BMAA	chondroitin_sodium_sulfate	A. hadrus	CM02_02	chondroitin_sodium_sulfate	0	0	3	0	0	02_2
chondroitin_sodium_sulfate	BMAA	chondroitin_sodium_sulfate	A. hadrus	CM02_02	chondroitin_sodium_sulfate	0.25	0	3	0	0	02_2
chondroitin_sodium_sulfate	BMAA	chondroitin_sodium_sulfate	A. hadrus	CM02_02	chondroitin_sodium_sulfate	0.5	0	3	0	0	02_2
chondroitin_sodium_sulfate	BMAA	chondroitin_sodium_sulfate	A. hadrus	CM02_02	chondroitin_sodium_sulfate	0.75	0.003333333333333336	3	0.005773502691896263	0.0033333333333333366	02_2
chondroitin_sodium_sulfate	BMAA	chondroitin_sodium_sulfate	A. hadrus	CM02_02	chondroitin_sodium_sulfate	1	0.006666666666666664	3	0.0057735026918962545	0.003333333333333332	02_2
chondroitin_sodium_sulfate	BMAA	chondroitin_sodium_sulfate	A. hadrus	CM02_02	chondroitin_sodium_sulfate	1.25	0.00999999999999999	3	0.009999999999999995	0.005773502691896255	02_2
chondroitin_sodium_sulfate	BMAA	chondroitin_sodium_sulfate	A. hadrus	CM02_02	chondroitin_sodium_sulfate	1.5	0.013333333333333317	3	0.005773502691896263	0.0033333333333333366	02_2
chondroitin_sodium_sulfate	BMAA	chondroitin_sodium_sulfate	A. hadrus	CM02_02	chondroitin_sodium_sulfate	1.75	0.016666666666666653	3	0.005773502691896263	0.0033333333333333366	02_2
chondroitin_sodium_sulfate	BMAA	chondroitin_sodium_sulfate	A. hadrus	CM02_02	chondroitin_sodium_sulfate	2	0.016666666666666653	3	0.005773502691896263	0.0033333333333333366	02_2
chondroitin_sodium_sulfate	BMAA	chondroitin_sodium_sulfate	A. hadrus	CM02_02	chondroitin_sodium_sulfate	2.25	0.016666666666666653	3	0.005773502691896263	0.0033333333333333366	02_2
chondroitin_sodium_sulfate	BMAA	chondroitin_sodium_sulfate	A. hadrus	CM02_02	chondroitin_sodium_sulfate	2.5	0.016666666666666653	3	0.005773502691896263	0.0033333333333333366	02_2
chondroitin_sodium_sulfate	BMAA	chondroitin_sodium_sulfate	A. hadrus	CM02_02	chondroitin_sodium_sulfate	2.75	0.013333333333333327	3	0.0057735026918962545	0.003333333333333332	02_2
chondroitin_sodium_sulfate	BMAA	chondroitin_sodium_sulfate	A. hadrus	CM02_02	chondroitin_sodium_sulfate	3	0.016666666666666653	3	0.005773502691896263	0.0033333333333333366	02_2
chondroitin_sodium_sulfate	BMAA	chondroitin_sodium_sulfate	A. hadrus	CM02_02	chondroitin_sodium_sulfate	3.25	0.016666666666666653	3	0.005773502691896263	0.0033333333333333366	02_2
chondroitin_sodium_sulfate	BMAA	chondroitin_sodium_sulfate	A. hadrus	CM02_02	chondroitin_sodium_sulfate	3.5	0.016666666666666653	3	0.005773502691896263	0.0033333333333333366	02_2
chondroitin_sodium_sulfate	BMAA	chondroitin_sodium_sulfate	A. hadrus	CM02_02	chondroitin_sodium_sulfate	3.75	0.016666666666666653	3	0.005773502691896263	0.0033333333333333366	02_2
chondroitin_sodium_sulfate	BMAA	chondroitin_sodium_sulfate	A. hadrus	CM02_02	chondroitin_sodium_sulfate	4	0.01999999999999999	3	0.010000000000000009	0.005773502691896263	02_2
chondroitin_sodium_sulfate	BMAA	chondroitin_sodium_sulfate	A. hadrus	CM02_02	chondroitin_sodium_sulfate	4.25	0.01999999999999999	3	0	0	02_2
chondroitin_sodium_sulfate	BMAA	chondroitin_sodium_sulfate	A. hadrus	CM02_02	chondroitin_sodium_sulfate	4.5	0.023333333333333327	3	0.005773502691896263	0.0033333333333333366	02_2
chondroitin_sodium_sulfate	BMAA	chondroitin_sodium_sulfate	A. hadrus	CM02_02	chondroitin_sodium_sulfate	4.75	0.023333333333333327	3	0.005773502691896263	0.0033333333333333366	02_2
chondroitin_sodium_sulfate	BMAA	chondroitin_sodium_sulfate	A. hadrus	CM02_02	chondroitin_sodium_sulfate	5	0.023333333333333327	3	0.005773502691896263	0.0033333333333333366	02_2
chondroitin_sodium_sulfate	BMAA	chondroitin_sodium_sulfate	A. hadrus	CM02_02	chondroitin_sodium_sulfate	5.25	0.023333333333333327	3	0.005773502691896263	0.0033333333333333366	02_2
chondroitin_sodium_sulfate	BMAA	chondroitin_sodium_sulfate	A. hadrus	CM02_02	chondroitin_sodium_sulfate	5.5	0.02	3	0.009999999999999995	0.005773502691896255	02_2
chondroitin_sodium_sulfate	BMAA	chondroitin_sodium_sulfate	A. hadrus	CM02_02	chondroitin_sodium_sulfate	5.75	0.023333333333333327	3	0.005773502691896263	0.0033333333333333366	02_2
chondroitin_sodium_sulfate	BMAA	chondroitin_sodium_sulfate	A. hadrus	CM02_02	chondroitin_sodium_sulfate	6	0.023333333333333327	3	0.005773502691896263	0.0033333333333333366	02_2
chondroitin_sodium_sulfate	BMAA	chondroitin_sodium_sulfate	A. hadrus	CM02_02	chondroitin_sodium_sulfate	6.25	0.023333333333333327	3	0.005773502691896263	0.0033333333333333366	02_2
chondroitin_sodium_sulfate	BMAA	chondroitin_sodium_sulfate	A. hadrus	CM02_02	chondroitin_sodium_sulfate	6.5	0.02	3	0.009999999999999995	0.005773502691896255	02_2
chondroitin_sodium_sulfate	BMAA	chondroitin_sodium_sulfate	A. hadrus	CM02_02	chondroitin_sodium_sulfate	6.75	0.02	3	0.009999999999999995	0.005773502691896255	02_2
chondroitin_sodium_sulfate	BMAA	chondroitin_sodium_sulfate	A. hadrus	CM02_02	chondroitin_sodium_sulfate	7	0.023333333333333327	3	0.005773502691896263	0.0033333333333333366	02_2
chondroitin_sodium_sulfate	BMAA	chondroitin_sodium_sulfate	A. hadrus	CM02_02	chondroitin_sodium_sulfate	7.25	0.023333333333333327	3	0.005773502691896263	0.0033333333333333366	02_2
chondroitin_sodium_sulfate	BMAA	chondroitin_sodium_sulfate	A. hadrus	CM02_02	chondroitin_sodium_sulfate	7.5	0.02	3	0.009999999999999995	0.005773502691896255	02_2
chondroitin_sodium_sulfate	BMAA	chondroitin_sodium_sulfate	A. hadrus	CM02_02	chondroitin_sodium_sulfate	7.75	0.02	3	0.009999999999999995	0.005773502691896255	02_2
chondroitin_sodium_sulfate	BMAA	chondroitin_sodium_sulfate	A. hadrus	CM02_02	chondroitin_sodium_sulfate	8	0.02	3	0.009999999999999995	0.005773502691896255	02_2
chondroitin_sodium_sulfate	BMAA	chondroitin_sodium_sulfate	A. hadrus	CM02_02	chondroitin_sodium_sulfate	8.25	0.023333333333333334	3	0.011547005383792509	0.006666666666666664	02_2
chondroitin_sodium_sulfate	BMAA	chondroitin_sodium_sulfate	A. hadrus	CM02_02	chondroitin_sodium_sulfate	8.5	0.023333333333333334	3	0.011547005383792509	0.006666666666666664	02_2
chondroitin_sodium_sulfate	BMAA	chondroitin_sodium_sulfate	A. hadrus	CM02_02	chondroitin_sodium_sulfate	8.75	0.02	3	0.009999999999999995	0.005773502691896255	02_2
chondroitin_sodium_sulfate	BMAA	chondroitin_sodium_sulfate	A. hadrus	CM02_02	chondroitin_sodium_sulfate	9	0.023333333333333334	3	0.011547005383792509	0.006666666666666664	02_2
chondroitin_sodium_sulfate	BMAA	chondroitin_sodium_sulfate	A. hadrus	CM02_02	chondroitin_sodium_sulfate	9.25	0.023333333333333334	3	0.011547005383792509	0.006666666666666664	02_2
chondroitin_sodium_sulfate	BMAA	chondroitin_sodium_sulfate	A. hadrus	CM02_02	chondroitin_sodium_sulfate	9.5	0.023333333333333334	3	0.011547005383792509	0.006666666666666664	02_2
chondroitin_sodium_sulfate	BMAA	chondroitin_sodium_sulfate	A. hadrus	CM02_02	chondroitin_sodium_sulfate	9.75	0.023333333333333334	3	0.011547005383792509	0.006666666666666664	02_2
chondroitin_sodium_sulfate	BMAA	chondroitin_sodium_sulfate	A. hadrus	CM02_02	chondroitin_sodium_sulfate	10	0.02666666666666666	3	0.005773502691896263	0.0033333333333333366	02_2
chondroitin_sodium_sulfate	BMAA	chondroitin_sodium_sulfate	A. hadrus	CM02_02	chondroitin_sodium_sulfate	10.25	0.023333333333333334	3	0.011547005383792509	0.006666666666666664	02_2
chondroitin_sodium_sulfate	BMAA	chondroitin_sodium_sulfate	A. hadrus	CM02_02	chondroitin_sodium_sulfate	10.5	0.02666666666666666	3	0.005773502691896263	0.0033333333333333366	02_2
chondroitin_sodium_sulfate	BMAA	chondroitin_sodium_sulfate	A. hadrus	CM02_02	chondroitin_sodium_sulfate	10.75	0.02666666666666666	3	0.015275252316519453	0.008819171036881962	02_2
chondroitin_sodium_sulfate	BMAA	chondroitin_sodium_sulfate	A. hadrus	CM02_02	chondroitin_sodium_sulfate	11	0.02999999999999999	3	0.009999999999999995	0.005773502691896255	02_2
chondroitin_sodium_sulfate	BMAA	chondroitin_sodium_sulfate	A. hadrus	CM02_02	chondroitin_sodium_sulfate	11.25	0.02999999999999999	3	0.009999999999999995	0.005773502691896255	02_2
chondroitin_sodium_sulfate	BMAA	chondroitin_sodium_sulfate	A. hadrus	CM02_02	chondroitin_sodium_sulfate	11.5	0.02999999999999999	3	0.009999999999999995	0.005773502691896255	02_2
chondroitin_sodium_sulfate	BMAA	chondroitin_sodium_sulfate	A. hadrus	CM02_02	chondroitin_sodium_sulfate	11.75	0.02999999999999999	3	0.009999999999999995	0.005773502691896255	02_2
chondroitin_sodium_sulfate	BMAA	chondroitin_sodium_sulfate	A. hadrus	CM02_02	chondroitin_sodium_sulfate	12	0.02999999999999999	3	0.009999999999999995	0.005773502691896255	02_2
chondroitin_sodium_sulfate	BMAA	chondroitin_sodium_sulfate	A. hadrus	CM02_02	chondroitin_sodium_sulfate	12.25	0.02999999999999999	3	0.009999999999999995	0.005773502691896255	02_2
chondroitin_sodium_sulfate	BMAA	chondroitin_sodium_sulfate	A. hadrus	CM02_02	chondroitin_sodium_sulfate	12.5	0.02999999999999999	3	0.009999999999999995	0.005773502691896255	02_2
chondroitin_sodium_sulfate	BMAA	chondroitin_sodium_sulfate	A. hadrus	CM02_02	chondroitin_sodium_sulfate	12.75	0.02999999999999999	3	0.009999999999999995	0.005773502691896255	02_2
chondroitin_sodium_sulfate	BMAA	chondroitin_sodium_sulfate	A. hadrus	CM02_02	chondroitin_sodium_sulfate	13	0.02999999999999999	3	0.009999999999999995	0.005773502691896255	02_2
chondroitin_sodium_sulfate	BMAA	chondroitin_sodium_sulfate	A. hadrus	CM02_02	chondroitin_sodium_sulfate	13.25	0.02999999999999999	3	0.009999999999999995	0.005773502691896255	02_2
chondroitin_sodium_sulfate	BMAA	chondroitin_sodium_sulfate	A. hadrus	CM02_02	chondroitin_sodium_sulfate	13.5	0.02999999999999999	3	0.009999999999999995	0.005773502691896255	02_2
chondroitin_sodium_sulfate	BMAA	chondroitin_sodium_sulfate	A. hadrus	CM02_02	chondroitin_sodium_sulfate	13.75	0.03333333333333332	3	0.011547005383792509	0.006666666666666664	02_2
chondroitin_sodium_sulfate	BMAA	chondroitin_sodium_sulfate	A. hadrus	CM02_02	chondroitin_sodium_sulfate	14	0.02999999999999999	3	0.009999999999999995	0.005773502691896255	02_2
chondroitin_sodium_sulfate	BMAA	chondroitin_sodium_sulfate	A. hadrus	CM02_02	chondroitin_sodium_sulfate	14.25	0.02999999999999999	3	0.009999999999999995	0.005773502691896255	02_2
chondroitin_sodium_sulfate	BMAA	chondroitin_sodium_sulfate	A. hadrus	CM02_02	chondroitin_sodium_sulfate	14.5	0.02999999999999999	3	0.009999999999999995	0.005773502691896255	02_2
chondroitin_sodium_sulfate	BMAA	chondroitin_sodium_sulfate	A. hadrus	CM02_02	chondroitin_sodium_sulfate	14.75	0.02999999999999999	3	0.009999999999999995	0.005773502691896255	02_2
chondroitin_sodium_sulfate	BMAA	chondroitin_sodium_sulfate	A. hadrus	CM02_02	chondroitin_sodium_sulfate	15	0.02999999999999999	3	0.009999999999999995	0.005773502691896255	02_2
chondroitin_sodium_sulfate	BMAA	chondroitin_sodium_sulfate	A. hadrus	CM02_02	chondroitin_sodium_sulfate	15.25	0.02999999999999999	3	0.009999999999999995	0.005773502691896255	02_2
chondroitin_sodium_sulfate	BMAA	chondroitin_sodium_sulfate	A. hadrus	CM02_02	chondroitin_sodium_sulfate	15.5	0.02999999999999999	3	0.009999999999999995	0.005773502691896255	02_2
chondroitin_sodium_sulfate	BMAA	chondroitin_sodium_sulfate	A. hadrus	CM02_02	chondroitin_sodium_sulfate	15.75	0.02999999999999999	3	0.009999999999999995	0.005773502691896255	02_2
chondroitin_sodium_sulfate	BMAA	chondroitin_sodium_sulfate	A. hadrus	CM02_02	chondroitin_sodium_sulfate	16	0.02999999999999999	3	0.009999999999999995	0.005773502691896255	02_2
chondroitin_sodium_sulfate	BMAA	chondroitin_sodium_sulfate	A. hadrus	CM02_02	chondroitin_sodium_sulfate	16.25	0.02999999999999999	3	0.009999999999999995	0.005773502691896255	02_2
chondroitin_sodium_sulfate	BMAA	chondroitin_sodium_sulfate	A. hadrus	CM02_02	chondroitin_sodium_sulfate	16.5	0.02999999999999999	3	0.009999999999999995	0.005773502691896255	02_2
chondroitin_sodium_sulfate	BMAA	chondroitin_sodium_sulfate	A. hadrus	CM02_02	chondroitin_sodium_sulfate	16.75	0.02999999999999999	3	0.009999999999999995	0.005773502691896255	02_2
chondroitin_sodium_sulfate	BMAA	chondroitin_sodium_sulfate	A. hadrus	CM02_02	chondroitin_sodium_sulfate	17	0.02666666666666666	3	0.015275252316519453	0.008819171036881962	02_2
chondroitin_sodium_sulfate	BMAA	chondroitin_sodium_sulfate	A. hadrus	CM02_02	chondroitin_sodium_sulfate	17.25	0.02666666666666666	3	0.015275252316519453	0.008819171036881962	02_2
chondroitin_sodium_sulfate	BMAA	chondroitin_sodium_sulfate	A. hadrus	CM02_02	chondroitin_sodium_sulfate	17.5	0.023333333333333334	3	0.011547005383792509	0.006666666666666664	02_2
chondroitin_sodium_sulfate	BMAA	chondroitin_sodium_sulfate	A. hadrus	CM02_02	chondroitin_sodium_sulfate	17.75	0.02	3	0.009999999999999995	0.005773502691896255	02_2
chondroitin_sodium_sulfate	BMAA	chondroitin_sodium_sulfate	A. hadrus	CM02_02	chondroitin_sodium_sulfate	18	0.02666666666666666	3	0.005773502691896263	0.0033333333333333366	02_2
chondroitin_sodium_sulfate	BMAA	chondroitin_sodium_sulfate	A. hadrus	CM02_02	chondroitin_sodium_sulfate	18.25	0.023333333333333327	3	0.005773502691896263	0.0033333333333333366	02_2
chondroitin_sodium_sulfate	BMAA	chondroitin_sodium_sulfate	A. hadrus	CM02_02	chondroitin_sodium_sulfate	18.5	0.02	3	0.009999999999999995	0.005773502691896255	02_2
chondroitin_sodium_sulfate	BMAA	chondroitin_sodium_sulfate	A. hadrus	CM02_02	chondroitin_sodium_sulfate	18.75	0.02	3	0.009999999999999995	0.005773502691896255	02_2
chondroitin_sodium_sulfate	BMAA	chondroitin_sodium_sulfate	A. hadrus	CM02_02	chondroitin_sodium_sulfate	19	0.016666666666666663	3	0.015275252316519465	0.008819171036881969	02_2
chondroitin_sodium_sulfate	BMAA	chondroitin_sodium_sulfate	A. hadrus	CM02_02	chondroitin_sodium_sulfate	19.25	0.016666666666666663	3	0.015275252316519465	0.008819171036881969	02_2
chondroitin_sodium_sulfate	BMAA	chondroitin_sodium_sulfate	A. hadrus	CM02_02	chondroitin_sodium_sulfate	19.5	0.016666666666666663	3	0.015275252316519465	0.008819171036881969	02_2
chondroitin_sodium_sulfate	BMAA	chondroitin_sodium_sulfate	A. hadrus	CM02_02	chondroitin_sodium_sulfate	19.75	0.013333333333333327	3	0.02081665999466133	0.012018504251546634	02_2
chondroitin_sodium_sulfate	BMAA	chondroitin_sodium_sulfate	A. hadrus	CM02_02	chondroitin_sodium_sulfate	20	0.013333333333333327	3	0.02081665999466133	0.012018504251546634	02_2
chondroitin_sodium_sulfate	BMAA	chondroitin_sodium_sulfate	A. hadrus	CM02_02	chondroitin_sodium_sulfate	20.25	0.00999999999999999	3	0.017320508075688773	0.01	02_2
chondroitin_sodium_sulfate	BMAA	chondroitin_sodium_sulfate	A. hadrus	CM02_02	chondroitin_sodium_sulfate	20.5	0.006666666666666664	3	0.023094010767585018	0.013333333333333327	02_2
chondroitin_sodium_sulfate	BMAA	chondroitin_sodium_sulfate	A. hadrus	CM02_02	chondroitin_sodium_sulfate	20.75	0.003333333333333327	3	0.020816659994661316	0.012018504251546625	02_2
chondroitin_sodium_sulfate	BMAA	chondroitin_sodium_sulfate	A. hadrus	CM02_02	chondroitin_sodium_sulfate	21	0.003333333333333327	3	0.020816659994661316	0.012018504251546625	02_2
chondroitin_sodium_sulfate	BMAA	chondroitin_sodium_sulfate	A. hadrus	CM02_02	chondroitin_sodium_sulfate	21.25	0.003333333333333327	3	0.020816659994661316	0.012018504251546625	02_2
chondroitin_sodium_sulfate	BMAA	chondroitin_sodium_sulfate	A. hadrus	CM02_02	chondroitin_sodium_sulfate	21.5	0.003333333333333327	3	0.020816659994661316	0.012018504251546625	02_2
chondroitin_sodium_sulfate	BMAA	chondroitin_sodium_sulfate	A. hadrus	CM02_02	chondroitin_sodium_sulfate	21.75	0.003333333333333327	3	0.020816659994661316	0.012018504251546625	02_2
chondroitin_sodium_sulfate	BMAA	chondroitin_sodium_sulfate	A. hadrus	CM02_02	chondroitin_sodium_sulfate	22	-9.252423227174475e-18	3	0.026457513110645897	0.015275252316519463	02_2
chondroitin_sodium_sulfate	BMAA	chondroitin_sodium_sulfate	A. hadrus	CM02_02	chondroitin_sodium_sulfate	22.25	-9.252423227174475e-18	3	0.026457513110645897	0.015275252316519463	02_2
chondroitin_sodium_sulfate	BMAA	chondroitin_sodium_sulfate	A. hadrus	CM02_02	chondroitin_sodium_sulfate	22.5	-9.252423227174475e-18	3	0.026457513110645897	0.015275252316519463	02_2
chondroitin_sodium_sulfate	BMAA	chondroitin_sodium_sulfate	A. hadrus	CM02_02	chondroitin_sodium_sulfate	22.75	-0.0033333333333333457	3	0.023094010767585018	0.013333333333333327	02_2
chondroitin_sodium_sulfate	BMAA	chondroitin_sodium_sulfate	A. hadrus	CM02_02	chondroitin_sodium_sulfate	23	-0.0033333333333333457	3	0.023094010767585018	0.013333333333333327	02_2
chondroitin_sodium_sulfate	BMAA	chondroitin_sodium_sulfate	A. hadrus	CM02_02	chondroitin_sodium_sulfate	23.25	-0.0033333333333333457	3	0.023094010767585018	0.013333333333333327	02_2
chondroitin_sodium_sulfate	BMAA	chondroitin_sodium_sulfate	A. hadrus	CM02_02	chondroitin_sodium_sulfate	23.5	-0.0033333333333333457	3	0.023094010767585018	0.013333333333333327	02_2
chondroitin_sodium_sulfate	BMAA	chondroitin_sodium_sulfate	A. hadrus	CM02_02	chondroitin_sodium_sulfate	23.75	-0.0033333333333333457	3	0.023094010767585018	0.013333333333333327	02_2
chondroitin_sodium_sulfate	BMAA	chondroitin_sodium_sulfate	A. hadrus	CM02_02	chondroitin_sodium_sulfate	24	-0.0033333333333333457	3	0.023094010767585018	0.013333333333333327	02_2
d_trehalose	BMAA	d_trehalose	A. hadrus	CM02_02	d_trehalose	0	0	3	0.008819171036881977	0.005091750772173161	02_2
d_trehalose	BMAA	d_trehalose	A. hadrus	CM02_02	d_trehalose	0.25	-0.006666666666666664	3	0.003333333333333327	0.001924500897298749	02_2
d_trehalose	BMAA	d_trehalose	A. hadrus	CM02_02	d_trehalose	0.5	0.006666666666666672	3	0.006666666666666668	0.003849001794597506	02_2
d_trehalose	BMAA	d_trehalose	A. hadrus	CM02_02	d_trehalose	0.75	0.026666666666666672	3	0.006666666666666654	0.003849001794597498	02_2
d_trehalose	BMAA	d_trehalose	A. hadrus	CM02_02	d_trehalose	1	0.060000000000000005	3	0.013333333333333336	0.007698003589195012	02_2
d_trehalose	BMAA	d_trehalose	A. hadrus	CM02_02	d_trehalose	1.25	0.09666666666666666	3	0.00881917103688194	0.00509175077217314	02_2
d_trehalose	BMAA	d_trehalose	A. hadrus	CM02_02	d_trehalose	1.5	0.13666666666666666	3	0.008819171036881963	0.005091750772173153	02_2
d_trehalose	BMAA	d_trehalose	A. hadrus	CM02_02	d_trehalose	1.75	0.19	3	0.003333333333333327	0.001924500897298749	02_2
d_trehalose	BMAA	d_trehalose	A. hadrus	CM02_02	d_trehalose	2	0.24666666666666667	3	0.00666666666666664	0.00384900179459749	02_2
d_trehalose	BMAA	d_trehalose	A. hadrus	CM02_02	d_trehalose	2.25	0.31333333333333335	3	0.008819171036881984	0.005091750772173165	02_2
d_trehalose	BMAA	d_trehalose	A. hadrus	CM02_02	d_trehalose	2.5	0.3533333333333334	3	0.008819171036881984	0.005091750772173165	02_2
d_trehalose	BMAA	d_trehalose	A. hadrus	CM02_02	d_trehalose	2.75	0.36666666666666664	3	0.014529663145135558	0.008388704928078599	02_2
d_trehalose	BMAA	d_trehalose	A. hadrus	CM02_02	d_trehalose	3	0.38666666666666666	3	0.013333333333333308	0.007698003589194996	02_2
d_trehalose	BMAA	d_trehalose	A. hadrus	CM02_02	d_trehalose	3.25	0.41	3	0.01855921454276678	0.010715167512214418	02_2
d_trehalose	BMAA	d_trehalose	A. hadrus	CM02_02	d_trehalose	3.5	0.41	3	0.029059326290271217	0.016777409856157256	02_2
d_trehalose	BMAA	d_trehalose	A. hadrus	CM02_02	d_trehalose	3.75	0.42333333333333334	3	0.03179797338056491	0.018358568490953707	02_2
d_trehalose	BMAA	d_trehalose	A. hadrus	CM02_02	d_trehalose	4	0.4166666666666667	3	0.01855921454276678	0.010715167512214418	02_2
d_trehalose	BMAA	d_trehalose	A. hadrus	CM02_02	d_trehalose	4.25	0.4166666666666667	3	0.014529663145135596	0.008388704928078621	02_2
d_trehalose	BMAA	d_trehalose	A. hadrus	CM02_02	d_trehalose	4.5	0.4166666666666667	3	0.008819171036882005	0.005091750772173177	02_2
d_trehalose	BMAA	d_trehalose	A. hadrus	CM02_02	d_trehalose	4.75	0.41333333333333333	3	0.01452966314513562	0.008388704928078635	02_2
d_trehalose	BMAA	d_trehalose	A. hadrus	CM02_02	d_trehalose	5	0.41333333333333333	3	0.01452966314513562	0.008388704928078635	02_2
d_trehalose	BMAA	d_trehalose	A. hadrus	CM02_02	d_trehalose	5.25	0.41333333333333333	3	0.00666666666666671	0.00384900179459753	02_2
d_trehalose	BMAA	d_trehalose	A. hadrus	CM02_02	d_trehalose	5.5	0.41333333333333333	3	0.008819171036881984	0.005091750772173165	02_2
d_trehalose	BMAA	d_trehalose	A. hadrus	CM02_02	d_trehalose	5.75	0.41333333333333333	3	0.008819171036881984	0.005091750772173165	02_2
d_trehalose	BMAA	d_trehalose	A. hadrus	CM02_02	d_trehalose	6	0.4166666666666667	3	0.003333333333333355	0.001924500897298765	02_2
d_trehalose	BMAA	d_trehalose	A. hadrus	CM02_02	d_trehalose	6.25	0.42333333333333334	3	0.008819171036881984	0.005091750772173165	02_2
d_trehalose	BMAA	d_trehalose	A. hadrus	CM02_02	d_trehalose	6.5	0.44	3	0.008819171036882005	0.005091750772173177	02_2
d_trehalose	BMAA	d_trehalose	A. hadrus	CM02_02	d_trehalose	6.75	0.4466666666666667	3	0.003333333333333355	0.001924500897298765	02_2
d_trehalose	BMAA	d_trehalose	A. hadrus	CM02_02	d_trehalose	7	0.45333333333333337	3	0.0033333333333332993	0.001924500897298733	02_2
d_trehalose	BMAA	d_trehalose	A. hadrus	CM02_02	d_trehalose	7.25	0.46	3	0.003333333333333355	0.001924500897298765	02_2
d_trehalose	BMAA	d_trehalose	A. hadrus	CM02_02	d_trehalose	7.5	0.46	3	0.006666666666666654	0.003849001794597498	02_2
d_trehalose	BMAA	d_trehalose	A. hadrus	CM02_02	d_trehalose	7.75	0.46666666666666673	3	0.006666666666666654	0.003849001794597498	02_2
d_trehalose	BMAA	d_trehalose	A. hadrus	CM02_02	d_trehalose	8	0.46666666666666673	3	0.008819171036882005	0.005091750772173177	02_2
d_trehalose	BMAA	d_trehalose	A. hadrus	CM02_02	d_trehalose	8.25	0.46666666666666673	3	0.003333333333333355	0.001924500897298765	02_2
d_trehalose	BMAA	d_trehalose	A. hadrus	CM02_02	d_trehalose	8.5	0.46666666666666673	3	0.003333333333333355	0.001924500897298765	02_2
d_trehalose	BMAA	d_trehalose	A. hadrus	CM02_02	d_trehalose	8.75	0.46666666666666673	3	0.008819171036882005	0.005091750772173177	02_2
d_trehalose	BMAA	d_trehalose	A. hadrus	CM02_02	d_trehalose	9	0.45333333333333337	3	0.00666666666666671	0.00384900179459753	02_2
d_trehalose	BMAA	d_trehalose	A. hadrus	CM02_02	d_trehalose	9.25	0.46	3	0.012018504251546679	0.006938886664887137	02_2
d_trehalose	BMAA	d_trehalose	A. hadrus	CM02_02	d_trehalose	9.5	0.4633333333333334	3	0.008819171036881984	0.005091750772173165	02_2
d_trehalose	BMAA	d_trehalose	A. hadrus	CM02_02	d_trehalose	9.75	0.46	3	0.013333333333333364	0.007698003589195028	02_2
d_trehalose	BMAA	d_trehalose	A. hadrus	CM02_02	d_trehalose	10	0.4633333333333334	3	0.008819171036881984	0.005091750772173165	02_2
d_trehalose	BMAA	d_trehalose	A. hadrus	CM02_02	d_trehalose	10.25	0.4566666666666667	3	0.003333333333333355	0.001924500897298765	02_2
d_trehalose	BMAA	d_trehalose	A. hadrus	CM02_02	d_trehalose	10.5	0.45	3	0.003333333333333355	0.001924500897298765	02_2
d_trehalose	BMAA	d_trehalose	A. hadrus	CM02_02	d_trehalose	10.75	0.45	3	0.003333333333333355	0.001924500897298765	02_2
d_trehalose	BMAA	d_trehalose	A. hadrus	CM02_02	d_trehalose	11	0.45333333333333337	3	0.00666666666666671	0.00384900179459753	02_2
d_trehalose	BMAA	d_trehalose	A. hadrus	CM02_02	d_trehalose	11.25	0.4566666666666667	3	0.003333333333333355	0.001924500897298765	02_2
d_trehalose	BMAA	d_trehalose	A. hadrus	CM02_02	d_trehalose	11.5	0.4566666666666667	3	0.003333333333333355	0.001924500897298765	02_2
d_trehalose	BMAA	d_trehalose	A. hadrus	CM02_02	d_trehalose	11.75	0.46	3	0.003333333333333355	0.001924500897298765	02_2
d_trehalose	BMAA	d_trehalose	A. hadrus	CM02_02	d_trehalose	12	0.4466666666666667	3	0.003333333333333355	0.001924500897298765	02_2
d_trehalose	BMAA	d_trehalose	A. hadrus	CM02_02	d_trehalose	12.25	0.45	3	0.003333333333333355	0.001924500897298765	02_2
d_trehalose	BMAA	d_trehalose	A. hadrus	CM02_02	d_trehalose	12.5	0.45	3	0.003333333333333355	0.001924500897298765	02_2
d_trehalose	BMAA	d_trehalose	A. hadrus	CM02_02	d_trehalose	12.75	0.4466666666666667	3	0.008819171036882005	0.005091750772173177	02_2
d_trehalose	BMAA	d_trehalose	A. hadrus	CM02_02	d_trehalose	13	0.45333333333333337	3	0.008819171036881984	0.005091750772173165	02_2
d_trehalose	BMAA	d_trehalose	A. hadrus	CM02_02	d_trehalose	13.25	0.45333333333333337	3	0.00666666666666671	0.00384900179459753	02_2
d_trehalose	BMAA	d_trehalose	A. hadrus	CM02_02	d_trehalose	13.5	0.45333333333333337	3	0.00666666666666671	0.00384900179459753	02_2
d_trehalose	BMAA	d_trehalose	A. hadrus	CM02_02	d_trehalose	13.75	0.44333333333333336	3	0.00666666666666671	0.00384900179459753	02_2
d_trehalose	BMAA	d_trehalose	A. hadrus	CM02_02	d_trehalose	14	0.45	3	0.003333333333333355	0.001924500897298765	02_2
d_trehalose	BMAA	d_trehalose	A. hadrus	CM02_02	d_trehalose	14.25	0.4466666666666667	3	0.003333333333333355	0.001924500897298765	02_2
d_trehalose	BMAA	d_trehalose	A. hadrus	CM02_02	d_trehalose	14.5	0.45333333333333337	3	0.00666666666666671	0.00384900179459753	02_2
d_trehalose	BMAA	d_trehalose	A. hadrus	CM02_02	d_trehalose	14.75	0.4633333333333334	3	0.00666666666666671	0.00384900179459753	02_2
d_trehalose	BMAA	d_trehalose	A. hadrus	CM02_02	d_trehalose	15	0.45333333333333337	3	0.00666666666666671	0.00384900179459753	02_2
d_trehalose	BMAA	d_trehalose	A. hadrus	CM02_02	d_trehalose	15.25	0.4566666666666667	3	0.008819171036882005	0.005091750772173177	02_2
d_trehalose	BMAA	d_trehalose	A. hadrus	CM02_02	d_trehalose	15.5	0.46	3	0.012018504251546679	0.006938886664887137	02_2
d_trehalose	BMAA	d_trehalose	A. hadrus	CM02_02	d_trehalose	15.75	0.46	3	0.012018504251546679	0.006938886664887137	02_2
d_trehalose	BMAA	d_trehalose	A. hadrus	CM02_02	d_trehalose	16	0.4566666666666667	3	0.012018504251546679	0.006938886664887137	02_2
d_trehalose	BMAA	d_trehalose	A. hadrus	CM02_02	d_trehalose	16.25	0.46	3	0.012018504251546679	0.006938886664887137	02_2
d_trehalose	BMAA	d_trehalose	A. hadrus	CM02_02	d_trehalose	16.5	0.46	3	0.012018504251546679	0.006938886664887137	02_2
d_trehalose	BMAA	d_trehalose	A. hadrus	CM02_02	d_trehalose	16.75	0.46	3	0.012018504251546679	0.006938886664887137	02_2
d_trehalose	BMAA	d_trehalose	A. hadrus	CM02_02	d_trehalose	17	0.45	3	0.012018504251546679	0.006938886664887137	02_2
d_trehalose	BMAA	d_trehalose	A. hadrus	CM02_02	d_trehalose	17.25	0.4566666666666667	3	0.012018504251546679	0.006938886664887137	02_2
d_trehalose	BMAA	d_trehalose	A. hadrus	CM02_02	d_trehalose	17.5	0.47000000000000003	3	0.012018504251546632	0.00693888666488711	02_2
d_trehalose	BMAA	d_trehalose	A. hadrus	CM02_02	d_trehalose	17.75	0.4633333333333333	3	0.016666666666666663	0.00962250448649376	02_2
d_trehalose	BMAA	d_trehalose	A. hadrus	CM02_02	d_trehalose	18	0.46	3	0.012018504251546679	0.006938886664887137	02_2
d_trehalose	BMAA	d_trehalose	A. hadrus	CM02_02	d_trehalose	18.25	0.4633333333333334	3	0.01452966314513562	0.008388704928078635	02_2
d_trehalose	BMAA	d_trehalose	A. hadrus	CM02_02	d_trehalose	18.5	0.4633333333333334	3	0.01452966314513562	0.008388704928078635	02_2
d_trehalose	BMAA	d_trehalose	A. hadrus	CM02_02	d_trehalose	18.75	0.4666666666666667	3	0.017638342073763944	0.010183501544346316	02_2
d_trehalose	BMAA	d_trehalose	A. hadrus	CM02_02	d_trehalose	19	0.47333333333333333	3	0.016666666666666663	0.00962250448649376	02_2
d_trehalose	BMAA	d_trehalose	A. hadrus	CM02_02	d_trehalose	19.25	0.4766666666666667	3	0.017638342073763944	0.010183501544346316	02_2
d_trehalose	BMAA	d_trehalose	A. hadrus	CM02_02	d_trehalose	19.5	0.4666666666666667	3	0.017638342073763944	0.010183501544346316	02_2
d_trehalose	BMAA	d_trehalose	A. hadrus	CM02_02	d_trehalose	19.75	0.4666666666666667	3	0.017638342073763944	0.010183501544346316	02_2
d_trehalose	BMAA	d_trehalose	A. hadrus	CM02_02	d_trehalose	20	0.4633333333333333	3	0.016666666666666663	0.00962250448649376	02_2
d_trehalose	BMAA	d_trehalose	A. hadrus	CM02_02	d_trehalose	20.25	0.4666666666666667	3	0.017638342073763944	0.010183501544346316	02_2
d_trehalose	BMAA	d_trehalose	A. hadrus	CM02_02	d_trehalose	20.5	0.4766666666666667	3	0.017638342073763944	0.010183501544346316	02_2
d_trehalose	BMAA	d_trehalose	A. hadrus	CM02_02	d_trehalose	20.75	0.4666666666666667	3	0.017638342073763944	0.010183501544346316	02_2
d_trehalose	BMAA	d_trehalose	A. hadrus	CM02_02	d_trehalose	21	0.47000000000000003	3	0.021858128414340008	0.012619796324000612	02_2
d_trehalose	BMAA	d_trehalose	A. hadrus	CM02_02	d_trehalose	21.25	0.46	3	0.021858128414340008	0.012619796324000612	02_2
d_trehalose	BMAA	d_trehalose	A. hadrus	CM02_02	d_trehalose	21.5	0.47333333333333333	3	0.016666666666666663	0.00962250448649376	02_2
d_trehalose	BMAA	d_trehalose	A. hadrus	CM02_02	d_trehalose	21.75	0.47000000000000003	3	0.012018504251546632	0.00693888666488711	02_2
d_trehalose	BMAA	d_trehalose	A. hadrus	CM02_02	d_trehalose	22	0.47333333333333333	3	0.016666666666666663	0.00962250448649376	02_2
d_trehalose	BMAA	d_trehalose	A. hadrus	CM02_02	d_trehalose	22.25	0.46	3	0.021858128414340008	0.012619796324000612	02_2
d_trehalose	BMAA	d_trehalose	A. hadrus	CM02_02	d_trehalose	22.5	0.47000000000000003	3	0.012018504251546632	0.00693888666488711	02_2
d_trehalose	BMAA	d_trehalose	A. hadrus	CM02_02	d_trehalose	22.75	0.47333333333333333	3	0.016666666666666663	0.00962250448649376	02_2
d_trehalose	BMAA	d_trehalose	A. hadrus	CM02_02	d_trehalose	23	0.47333333333333333	3	0.016666666666666663	0.00962250448649376	02_2
d_trehalose	BMAA	d_trehalose	A. hadrus	CM02_02	d_trehalose	23.25	0.4633333333333333	3	0.02333333333333335	0.013471506281091276	02_2
d_trehalose	BMAA	d_trehalose	A. hadrus	CM02_02	d_trehalose	23.5	0.47000000000000003	3	0.021858128414340008	0.012619796324000612	02_2
d_trehalose	BMAA	d_trehalose	A. hadrus	CM02_02	d_trehalose	23.75	0.45333333333333337	3	0.02333333333333339	0.0134715062810913	02_2
d_trehalose	BMAA	d_trehalose	A. hadrus	CM02_02	d_trehalose	24	0.4633333333333333	3	0.02333333333333335	0.013471506281091276	02_2
sucrose	BMAA	sucrose	A. hadrus	CM02_02	sucrose	0	-0.0011111111111110998	3	0.003849001794597514	0.0022222222222222274	02_2
sucrose	BMAA	sucrose	A. hadrus	CM02_02	sucrose	0.25	-0.004444444444444436	3	0.001924500897298749	0.0011111111111111092	02_2
sucrose	BMAA	sucrose	A. hadrus	CM02_02	sucrose	0.5	0.005555555555555564	3	0.001924500897298741	0.0011111111111111044	02_2
sucrose	BMAA	sucrose	A. hadrus	CM02_02	sucrose	0.75	0.02555555555555557	3	0.001924500897298733	0.0011111111111110998	02_2
sucrose	BMAA	sucrose	A. hadrus	CM02_02	sucrose	1	0.04555555555555555	3	0.001924500897298749	0.0011111111111111092	02_2
sucrose	BMAA	sucrose	A. hadrus	CM02_02	sucrose	1.25	0.0688888888888889	3	0.0069388866648871115	0.004006168083848878	02_2
sucrose	BMAA	sucrose	A. hadrus	CM02_02	sucrose	1.5	0.10888888888888888	3	0.0069388866648871115	0.004006168083848878	02_2
sucrose	BMAA	sucrose	A. hadrus	CM02_02	sucrose	1.75	0.16555555555555554	3	0.010183501544346319	0.005879447357921317	02_2
sucrose	BMAA	sucrose	A. hadrus	CM02_02	sucrose	2	0.23222222222222222	3	0.005091750772173161	0.00293972367896066	02_2
sucrose	BMAA	sucrose	A. hadrus	CM02_02	sucrose	2.25	0.3055555555555556	3	0.01018350154434631	0.005879447357921313	02_2
sucrose	BMAA	sucrose	A. hadrus	CM02_02	sucrose	2.5	0.39888888888888885	3	0.0038490017945975617	0.002222222222222255	02_2
sucrose	BMAA	sucrose	A. hadrus	CM02_02	sucrose	2.75	0.46555555555555556	3	0.015396007178390023	0.00888888888888889	02_2
sucrose	BMAA	sucrose	A. hadrus	CM02_02	sucrose	3	0.5022222222222222	3	0.026943012562182612	0.0155555555555556	02_2
sucrose	BMAA	sucrose	A. hadrus	CM02_02	sucrose	3.25	0.5155555555555555	3	0.01644294287438754	0.009493337494797286	02_2
sucrose	BMAA	sucrose	A. hadrus	CM02_02	sucrose	3.5	0.5188888888888888	3	0.010715167512214435	0.006186404847588937	02_2
sucrose	BMAA	sucrose	A. hadrus	CM02_02	sucrose	3.75	0.5055555555555555	3	0.011706281947614116	0.006758625033664667	02_2
sucrose	BMAA	sucrose	A. hadrus	CM02_02	sucrose	4	0.5088888888888888	3	0.006938886664887056	0.004006168083848846	02_2
sucrose	BMAA	sucrose	A. hadrus	CM02_02	sucrose	4.25	0.5122222222222222	3	0.007698003589194932	0.004444444444444399	02_2
sucrose	BMAA	sucrose	A. hadrus	CM02_02	sucrose	4.5	0.5088888888888888	3	0.013471506281091226	0.007777777777777754	02_2
sucrose	BMAA	sucrose	A. hadrus	CM02_02	sucrose	4.75	0.5155555555555555	3	0.01924500897298749	0.01111111111111109	02_2
sucrose	BMAA	sucrose	A. hadrus	CM02_02	sucrose	5	0.5222222222222223	3	0.017105338131489546	0.00987577157479506	02_2
sucrose	BMAA	sucrose	A. hadrus	CM02_02	sucrose	5.25	0.5155555555555555	3	0.028349668493717915	0.01636768873628469	02_2
sucrose	BMAA	sucrose	A. hadrus	CM02_02	sucrose	5.5	0.5222222222222221	3	0.043503937667670856	0.02511701012323847	02_2
sucrose	BMAA	sucrose	A. hadrus	CM02_02	sucrose	5.75	0.5222222222222221	3	0.04682512779045661	0.027034500134658752	02_2
sucrose	BMAA	sucrose	A. hadrus	CM02_02	sucrose	6	0.5222222222222221	3	0.04682512779045661	0.027034500134658752	02_2
sucrose	BMAA	sucrose	A. hadrus	CM02_02	sucrose	6.25	0.5288888888888889	3	0.05210388483419268	0.030082191934846406	02_2
sucrose	BMAA	sucrose	A. hadrus	CM02_02	sucrose	6.5	0.5288888888888889	3	0.05210388483419268	0.030082191934846406	02_2
sucrose	BMAA	sucrose	A. hadrus	CM02_02	sucrose	6.75	0.5255555555555556	3	0.04764840364975903	0.027509818673644323	02_2
sucrose	BMAA	sucrose	A. hadrus	CM02_02	sucrose	7	0.5222222222222221	3	0.056797235196142486	0.03279189902971935	02_2
sucrose	BMAA	sucrose	A. hadrus	CM02_02	sucrose	7.25	0.5255555555555556	3	0.057477854028344724	0.03318485449570684	02_2
sucrose	BMAA	sucrose	A. hadrus	CM02_02	sucrose	7.5	0.5222222222222221	3	0.056797235196142486	0.03279189902971935	02_2
sucrose	BMAA	sucrose	A. hadrus	CM02_02	sucrose	7.75	0.5155555555555555	3	0.057477854028344724	0.03318485449570684	02_2
sucrose	BMAA	sucrose	A. hadrus	CM02_02	sucrose	8	0.5188888888888888	3	0.062033443787590486	0.035815025469524885	02_2
sucrose	BMAA	sucrose	A. hadrus	CM02_02	sucrose	8.25	0.5188888888888888	3	0.062033443787590486	0.035815025469524885	02_2
sucrose	BMAA	sucrose	A. hadrus	CM02_02	sucrose	8.5	0.5255555555555556	3	0.057477854028344724	0.03318485449570684	02_2
sucrose	BMAA	sucrose	A. hadrus	CM02_02	sucrose	8.75	0.5088888888888888	3	0.058720934496550276	0.03390254733864968	02_2
sucrose	BMAA	sucrose	A. hadrus	CM02_02	sucrose	9	0.5022222222222221	3	0.06292264504341231	0.036328406053937376	02_2
sucrose	BMAA	sucrose	A. hadrus	CM02_02	sucrose	9.25	0.5088888888888888	3	0.062033443787590486	0.035815025469524885	02_2
sucrose	BMAA	sucrose	A. hadrus	CM02_02	sucrose	9.5	0.5188888888888888	3	0.062033443787590486	0.035815025469524885	02_2
sucrose	BMAA	sucrose	A. hadrus	CM02_02	sucrose	9.75	0.5155555555555555	3	0.06735753140545635	0.038888888888888896	02_2
sucrose	BMAA	sucrose	A. hadrus	CM02_02	sucrose	10	0.5122222222222221	3	0.06677768533918543	0.03855411460643884	02_2
sucrose	BMAA	sucrose	A. hadrus	CM02_02	sucrose	10.25	0.5088888888888888	3	0.06669443865981743	0.03850605211369658	02_2
sucrose	BMAA	sucrose	A. hadrus	CM02_02	sucrose	10.5	0.5122222222222221	3	0.06677768533918543	0.03855411460643884	02_2
sucrose	BMAA	sucrose	A. hadrus	CM02_02	sucrose	10.75	0.5188888888888888	3	0.07198250816331342	0.04155912046503344	02_2
sucrose	BMAA	sucrose	A. hadrus	CM02_02	sucrose	11	0.5155555555555555	3	0.0716731263238673	0.04138049877674684	02_2
sucrose	BMAA	sucrose	A. hadrus	CM02_02	sucrose	11.25	0.5088888888888888	3	0.06669443865981743	0.03850605211369658	02_2
sucrose	BMAA	sucrose	A. hadrus	CM02_02	sucrose	11.5	0.5122222222222221	3	0.06677768533918543	0.03855411460643884	02_2
sucrose	BMAA	sucrose	A. hadrus	CM02_02	sucrose	11.75	0.5055555555555555	3	0.07726817178094979	0.04461079977752161	02_2
sucrose	BMAA	sucrose	A. hadrus	CM02_02	sucrose	12	0.508888888888889	3	0.08194397363329906	0.04731037523565281	02_2
sucrose	BMAA	sucrose	A. hadrus	CM02_02	sucrose	12.25	0.4988888888888889	3	0.07819728137739065	0.04514722145313341	02_2
sucrose	BMAA	sucrose	A. hadrus	CM02_02	sucrose	12.5	0.508888888888889	3	0.07819728137739065	0.04514722145313341	02_2
sucrose	BMAA	sucrose	A. hadrus	CM02_02	sucrose	12.75	0.5122222222222222	3	0.07762683766537137	0.04481787562244154	02_2
sucrose	BMAA	sucrose	A. hadrus	CM02_02	sucrose	13	0.508888888888889	3	0.07819728137739065	0.04514722145313341	02_2
sucrose	BMAA	sucrose	A. hadrus	CM02_02	sucrose	13.25	0.5122222222222221	3	0.07275020682164825	0.042002351492079565	02_2
sucrose	BMAA	sucrose	A. hadrus	CM02_02	sucrose	13.5	0.5088888888888888	3	0.07198250816331342	0.04155912046503344	02_2
sucrose	BMAA	sucrose	A. hadrus	CM02_02	sucrose	13.75	0.49222222222222223	3	0.06292264504341226	0.03632840605393734	02_2
sucrose	BMAA	sucrose	A. hadrus	CM02_02	sucrose	14	0.5055555555555555	3	0.06431980283736136	0.03713505548237424	02_2
sucrose	BMAA	sucrose	A. hadrus	CM02_02	sucrose	14.25	0.5188888888888888	3	0.06842135252595846	0.0395030862991804	02_2
sucrose	BMAA	sucrose	A. hadrus	CM02_02	sucrose	14.5	0.5155555555555555	3	0.07396195218063388	0.0427019530012792	02_2
sucrose	BMAA	sucrose	A. hadrus	CM02_02	sucrose	14.75	0.5222222222222221	3	0.06994706993572064	0.04038395965641389	02_2
sucrose	BMAA	sucrose	A. hadrus	CM02_02	sucrose	15	0.4955555555555555	3	0.06735753140545629	0.03888888888888886	02_2
sucrose	BMAA	sucrose	A. hadrus	CM02_02	sucrose	15.25	0.5022222222222221	3	0.06292264504341231	0.036328406053937376	02_2
sucrose	BMAA	sucrose	A. hadrus	CM02_02	sucrose	15.5	0.5088888888888888	3	0.062033443787590486	0.035815025469524885	02_2
sucrose	BMAA	sucrose	A. hadrus	CM02_02	sucrose	15.75	0.5055555555555555	3	0.06735753140545635	0.038888888888888896	02_2
sucrose	BMAA	sucrose	A. hadrus	CM02_02	sucrose	16	0.5122222222222221	3	0.06677768533918543	0.03855411460643884	02_2
sucrose	BMAA	sucrose	A. hadrus	CM02_02	sucrose	16.25	0.5188888888888888	3	0.062033443787590486	0.035815025469524885	02_2
sucrose	BMAA	sucrose	A. hadrus	CM02_02	sucrose	16.5	0.5122222222222221	3	0.056797235196142486	0.03279189902971935	02_2
sucrose	BMAA	sucrose	A. hadrus	CM02_02	sucrose	16.75	0.5022222222222221	3	0.06292264504341231	0.036328406053937376	02_2
sucrose	BMAA	sucrose	A. hadrus	CM02_02	sucrose	17	0.5122222222222221	3	0.056797235196142486	0.03279189902971935	02_2
sucrose	BMAA	sucrose	A. hadrus	CM02_02	sucrose	17.25	0.5088888888888888	3	0.062033443787590486	0.035815025469524885	02_2
sucrose	BMAA	sucrose	A. hadrus	CM02_02	sucrose	17.5	0.5222222222222221	3	0.056797235196142486	0.03279189902971935	02_2
sucrose	BMAA	sucrose	A. hadrus	CM02_02	sucrose	17.75	0.5088888888888888	3	0.062033443787590486	0.035815025469524885	02_2
sucrose	BMAA	sucrose	A. hadrus	CM02_02	sucrose	18	0.5055555555555555	3	0.061674173717235194	0.035607600797693484	02_2
sucrose	BMAA	sucrose	A. hadrus	CM02_02	sucrose	18.25	0.5122222222222221	3	0.06677768533918543	0.03855411460643884	02_2
sucrose	BMAA	sucrose	A. hadrus	CM02_02	sucrose	18.5	0.5155555555555555	3	0.06735753140545635	0.038888888888888896	02_2
sucrose	BMAA	sucrose	A. hadrus	CM02_02	sucrose	18.75	0.5155555555555555	3	0.06735753140545635	0.038888888888888896	02_2
sucrose	BMAA	sucrose	A. hadrus	CM02_02	sucrose	19	0.5288888888888889	3	0.062033443787590486	0.035815025469524885	02_2
sucrose	BMAA	sucrose	A. hadrus	CM02_02	sucrose	19.25	0.5155555555555555	3	0.06735753140545635	0.038888888888888896	02_2
sucrose	BMAA	sucrose	A. hadrus	CM02_02	sucrose	19.5	0.5188888888888888	3	0.062033443787590486	0.035815025469524885	02_2
sucrose	BMAA	sucrose	A. hadrus	CM02_02	sucrose	19.75	0.5222222222222221	3	0.056797235196142486	0.03279189902971935	02_2
sucrose	BMAA	sucrose	A. hadrus	CM02_02	sucrose	20	0.5222222222222221	3	0.056797235196142486	0.03279189902971935	02_2
sucrose	BMAA	sucrose	A. hadrus	CM02_02	sucrose	20.25	0.5288888888888889	3	0.056699336987435886	0.03273537747256942	02_2
sucrose	BMAA	sucrose	A. hadrus	CM02_02	sucrose	20.5	0.5622222222222223	3	0.029876288132774986	0.01724908299584446	02_2
sucrose	BMAA	sucrose	A. hadrus	CM02_02	sucrose	20.75	0.5455555555555556	3	0.027148426050823585	0.015674151088517645	02_2
sucrose	BMAA	sucrose	A. hadrus	CM02_02	sucrose	21	0.5522222222222223	3	0.030971910810591904	0.01788164104381232	02_2
sucrose	BMAA	sucrose	A. hadrus	CM02_02	sucrose	21.25	0.5555555555555556	3	0.036565517048676305	0.021111111111111115	02_2
sucrose	BMAA	sucrose	A. hadrus	CM02_02	sucrose	21.5	0.5522222222222223	3	0.030971910810591904	0.01788164104381232	02_2
sucrose	BMAA	sucrose	A. hadrus	CM02_02	sucrose	21.75	0.5588888888888889	3	0.032885885748774976	0.018986674989594512	02_2
sucrose	BMAA	sucrose	A. hadrus	CM02_02	sucrose	22	0.5588888888888889	3	0.032885885748774976	0.018986674989594512	02_2
sucrose	BMAA	sucrose	A. hadrus	CM02_02	sucrose	22.25	0.5488888888888889	3	0.032885885748774976	0.018986674989594512	02_2
sucrose	BMAA	sucrose	A. hadrus	CM02_02	sucrose	22.5	0.5555555555555556	3	0.03564225540521208	0.020578065752724587	02_2
sucrose	BMAA	sucrose	A. hadrus	CM02_02	sucrose	22.75	0.5588888888888889	3	0.03338884266959268	0.019277057303219398	02_2
sucrose	BMAA	sucrose	A. hadrus	CM02_02	sucrose	23	0.5555555555555556	3	0.03564225540521208	0.020578065752724587	02_2
sucrose	BMAA	sucrose	A. hadrus	CM02_02	sucrose	23.25	0.5622222222222223	3	0.029876288132774986	0.01724908299584446	02_2
sucrose	BMAA	sucrose	A. hadrus	CM02_02	sucrose	23.5	0.5622222222222223	3	0.029876288132774986	0.01724908299584446	02_2
sucrose	BMAA	sucrose	A. hadrus	CM02_02	sucrose	23.75	0.5555555555555556	3	0.03564225540521208	0.020578065752724587	02_2
sucrose	BMAA	sucrose	A. hadrus	CM02_02	sucrose	24	0.5588888888888889	3	0.03338884266959268	0.019277057303219398	02_2
chondroitin_sodium_sulfate	BMAA	chondroitin_sodium_sulfate	A. hadrus	CM02_05	chondroitin_sodium_sulfate	0	0.005555555555555554	3	0.011706281947614146	0.006758625033664684	02_5
chondroitin_sodium_sulfate	BMAA	chondroitin_sodium_sulfate	A. hadrus	CM02_05	chondroitin_sodium_sulfate	0.25	-0.0011111111111111183	3	0.00384900179459753	0.0022222222222222365	02_5
chondroitin_sodium_sulfate	BMAA	chondroitin_sodium_sulfate	A. hadrus	CM02_05	chondroitin_sodium_sulfate	0.5	-0.004444444444444455	3	0.008388704928078635	0.004843221048378541	02_5
chondroitin_sodium_sulfate	BMAA	chondroitin_sodium_sulfate	A. hadrus	CM02_05	chondroitin_sodium_sulfate	0.75	-0.011111111111111108	3	0.01071516751221438	0.006186404847588905	02_5
chondroitin_sodium_sulfate	BMAA	chondroitin_sodium_sulfate	A. hadrus	CM02_05	chondroitin_sodium_sulfate	1	-0.007777777777777772	3	0.013877773329774214	0.008012336167697752	02_5
chondroitin_sodium_sulfate	BMAA	chondroitin_sodium_sulfate	A. hadrus	CM02_05	chondroitin_sodium_sulfate	1.25	-0.007777777777777772	3	0.013877773329774214	0.008012336167697752	02_5
chondroitin_sodium_sulfate	BMAA	chondroitin_sodium_sulfate	A. hadrus	CM02_05	chondroitin_sodium_sulfate	1.5	-0.014444444444444446	3	0.01644294287438748	0.009493337494797251	02_5
chondroitin_sodium_sulfate	BMAA	chondroitin_sodium_sulfate	A. hadrus	CM02_05	chondroitin_sodium_sulfate	1.75	-0.01777777777777778	3	0.022194427061597972	0.012813958438523105	02_5
chondroitin_sodium_sulfate	BMAA	chondroitin_sodium_sulfate	A. hadrus	CM02_05	chondroitin_sodium_sulfate	2	-0.01777777777777778	3	0.022194427061597972	0.012813958438523105	02_5
chondroitin_sodium_sulfate	BMAA	chondroitin_sodium_sulfate	A. hadrus	CM02_05	chondroitin_sodium_sulfate	2.25	-0.014444444444444446	3	0.02523959264800122	0.014572085609560005	02_5
chondroitin_sodium_sulfate	BMAA	chondroitin_sodium_sulfate	A. hadrus	CM02_05	chondroitin_sodium_sulfate	2.5	-0.01777777777777778	3	0.022194427061597972	0.012813958438523105	02_5
chondroitin_sodium_sulfate	BMAA	chondroitin_sodium_sulfate	A. hadrus	CM02_05	chondroitin_sodium_sulfate	2.75	-0.014444444444444446	3	0.02523959264800122	0.014572085609560005	02_5
chondroitin_sodium_sulfate	BMAA	chondroitin_sodium_sulfate	A. hadrus	CM02_05	chondroitin_sodium_sulfate	3	-0.02111111111111112	3	0.027954990278686944	0.016139821162593278	02_5
chondroitin_sodium_sulfate	BMAA	chondroitin_sodium_sulfate	A. hadrus	CM02_05	chondroitin_sodium_sulfate	3.25	-0.02111111111111112	3	0.027954990278686944	0.016139821162593278	02_5
chondroitin_sodium_sulfate	BMAA	chondroitin_sodium_sulfate	A. hadrus	CM02_05	chondroitin_sodium_sulfate	3.5	-0.02111111111111112	3	0.027954990278686944	0.016139821162593278	02_5
chondroitin_sodium_sulfate	BMAA	chondroitin_sodium_sulfate	A. hadrus	CM02_05	chondroitin_sodium_sulfate	3.75	-0.01777777777777778	3	0.030971910810591904	0.01788164104381232	02_5
chondroitin_sodium_sulfate	BMAA	chondroitin_sodium_sulfate	A. hadrus	CM02_05	chondroitin_sodium_sulfate	4	-0.02111111111111112	3	0.027954990278686944	0.016139821162593278	02_5
chondroitin_sodium_sulfate	BMAA	chondroitin_sodium_sulfate	A. hadrus	CM02_05	chondroitin_sodium_sulfate	4.25	-0.02111111111111112	3	0.027954990278686944	0.016139821162593278	02_5
chondroitin_sodium_sulfate	BMAA	chondroitin_sodium_sulfate	A. hadrus	CM02_05	chondroitin_sodium_sulfate	4.5	-0.02111111111111112	3	0.027954990278686944	0.016139821162593278	02_5
chondroitin_sodium_sulfate	BMAA	chondroitin_sodium_sulfate	A. hadrus	CM02_05	chondroitin_sodium_sulfate	4.75	-0.02111111111111112	3	0.027954990278686944	0.016139821162593278	02_5
chondroitin_sodium_sulfate	BMAA	chondroitin_sodium_sulfate	A. hadrus	CM02_05	chondroitin_sodium_sulfate	5	-0.02111111111111112	3	0.027954990278686944	0.016139821162593278	02_5
chondroitin_sodium_sulfate	BMAA	chondroitin_sodium_sulfate	A. hadrus	CM02_05	chondroitin_sodium_sulfate	5.25	-0.024444444444444453	3	0.0337199797899856	0.01946823940881693	02_5
chondroitin_sodium_sulfate	BMAA	chondroitin_sodium_sulfate	A. hadrus	CM02_05	chondroitin_sodium_sulfate	5.5	-0.024444444444444453	3	0.0337199797899856	0.01946823940881693	02_5
chondroitin_sodium_sulfate	BMAA	chondroitin_sodium_sulfate	A. hadrus	CM02_05	chondroitin_sodium_sulfate	5.75	-0.024444444444444453	3	0.0337199797899856	0.01946823940881693	02_5
chondroitin_sodium_sulfate	BMAA	chondroitin_sodium_sulfate	A. hadrus	CM02_05	chondroitin_sodium_sulfate	6	-0.024444444444444453	3	0.0337199797899856	0.01946823940881693	02_5
chondroitin_sodium_sulfate	BMAA	chondroitin_sodium_sulfate	A. hadrus	CM02_05	chondroitin_sodium_sulfate	6.25	-0.024444444444444453	3	0.0337199797899856	0.01946823940881693	02_5
chondroitin_sodium_sulfate	BMAA	chondroitin_sodium_sulfate	A. hadrus	CM02_05	chondroitin_sodium_sulfate	6.5	-0.024444444444444453	3	0.0337199797899856	0.01946823940881693	02_5
chondroitin_sodium_sulfate	BMAA	chondroitin_sodium_sulfate	A. hadrus	CM02_05	chondroitin_sodium_sulfate	6.75	-0.024444444444444453	3	0.0337199797899856	0.01946823940881693	02_5
chondroitin_sodium_sulfate	BMAA	chondroitin_sodium_sulfate	A. hadrus	CM02_05	chondroitin_sodium_sulfate	7	-0.02777777777777779	3	0.03948745698648193	0.02279809392075911	02_5
chondroitin_sodium_sulfate	BMAA	chondroitin_sodium_sulfate	A. hadrus	CM02_05	chondroitin_sodium_sulfate	7.25	-0.02777777777777779	3	0.03948745698648193	0.02279809392075911	02_5
chondroitin_sodium_sulfate	BMAA	chondroitin_sodium_sulfate	A. hadrus	CM02_05	chondroitin_sodium_sulfate	7.5	-0.02777777777777779	3	0.03948745698648193	0.02279809392075911	02_5
chondroitin_sodium_sulfate	BMAA	chondroitin_sodium_sulfate	A. hadrus	CM02_05	chondroitin_sodium_sulfate	7.75	-0.024444444444444453	3	0.042470033008036444	0.024520084989682132	02_5
chondroitin_sodium_sulfate	BMAA	chondroitin_sodium_sulfate	A. hadrus	CM02_05	chondroitin_sodium_sulfate	8	-0.02777777777777779	3	0.03948745698648193	0.02279809392075911	02_5
chondroitin_sodium_sulfate	BMAA	chondroitin_sodium_sulfate	A. hadrus	CM02_05	chondroitin_sodium_sulfate	8.25	-0.02777777777777779	3	0.03948745698648193	0.02279809392075911	02_5
chondroitin_sodium_sulfate	BMAA	chondroitin_sodium_sulfate	A. hadrus	CM02_05	chondroitin_sodium_sulfate	8.5	-0.02777777777777779	3	0.03948745698648193	0.02279809392075911	02_5
chondroitin_sodium_sulfate	BMAA	chondroitin_sodium_sulfate	A. hadrus	CM02_05	chondroitin_sodium_sulfate	8.75	-0.031111111111111128	3	0.03671713698190736	0.021198648920376578	02_5
chondroitin_sodium_sulfate	BMAA	chondroitin_sodium_sulfate	A. hadrus	CM02_05	chondroitin_sodium_sulfate	9	-0.02777777777777779	3	0.03948745698648193	0.02279809392075911	02_5
chondroitin_sodium_sulfate	BMAA	chondroitin_sodium_sulfate	A. hadrus	CM02_05	chondroitin_sodium_sulfate	9.25	-0.024444444444444453	3	0.042470033008036444	0.024520084989682132	02_5
chondroitin_sodium_sulfate	BMAA	chondroitin_sodium_sulfate	A. hadrus	CM02_05	chondroitin_sodium_sulfate	9.5	-0.031111111111111107	3	0.04525647078759177	0.026128835591788545	02_5
chondroitin_sodium_sulfate	BMAA	chondroitin_sodium_sulfate	A. hadrus	CM02_05	chondroitin_sodium_sulfate	9.75	-0.034444444444444444	3	0.042470033008036416	0.02452008498968212	02_5
chondroitin_sodium_sulfate	BMAA	chondroitin_sodium_sulfate	A. hadrus	CM02_05	chondroitin_sodium_sulfate	10	-0.031111111111111107	3	0.04525647078759177	0.026128835591788545	02_5
chondroitin_sodium_sulfate	BMAA	chondroitin_sodium_sulfate	A. hadrus	CM02_05	chondroitin_sodium_sulfate	10.25	-0.034444444444444444	3	0.042470033008036416	0.02452008498968212	02_5
chondroitin_sodium_sulfate	BMAA	chondroitin_sodium_sulfate	A. hadrus	CM02_05	chondroitin_sodium_sulfate	10.5	-0.034444444444444444	3	0.042470033008036416	0.02452008498968212	02_5
chondroitin_sodium_sulfate	BMAA	chondroitin_sodium_sulfate	A. hadrus	CM02_05	chondroitin_sodium_sulfate	10.75	-0.034444444444444444	3	0.042470033008036416	0.02452008498968212	02_5
chondroitin_sodium_sulfate	BMAA	chondroitin_sodium_sulfate	A. hadrus	CM02_05	chondroitin_sodium_sulfate	11	-0.034444444444444444	3	0.042470033008036416	0.02452008498968212	02_5
chondroitin_sodium_sulfate	BMAA	chondroitin_sodium_sulfate	A. hadrus	CM02_05	chondroitin_sodium_sulfate	11.25	-0.031111111111111107	3	0.04525647078759177	0.026128835591788545	02_5
chondroitin_sodium_sulfate	BMAA	chondroitin_sodium_sulfate	A. hadrus	CM02_05	chondroitin_sodium_sulfate	11.5	-0.031111111111111107	3	0.04525647078759177	0.026128835591788545	02_5
chondroitin_sodium_sulfate	BMAA	chondroitin_sodium_sulfate	A. hadrus	CM02_05	chondroitin_sodium_sulfate	11.75	-0.034444444444444444	3	0.042470033008036416	0.02452008498968212	02_5
chondroitin_sodium_sulfate	BMAA	chondroitin_sodium_sulfate	A. hadrus	CM02_05	chondroitin_sodium_sulfate	12	-0.034444444444444444	3	0.042470033008036416	0.02452008498968212	02_5
chondroitin_sodium_sulfate	BMAA	chondroitin_sodium_sulfate	A. hadrus	CM02_05	chondroitin_sodium_sulfate	12.25	-0.034444444444444444	3	0.04286067004885756	0.024745619390355644	02_5
chondroitin_sodium_sulfate	BMAA	chondroitin_sodium_sulfate	A. hadrus	CM02_05	chondroitin_sodium_sulfate	12.5	-0.034444444444444444	3	0.042470033008036416	0.02452008498968212	02_5
chondroitin_sodium_sulfate	BMAA	chondroitin_sodium_sulfate	A. hadrus	CM02_05	chondroitin_sodium_sulfate	12.75	-0.04111111111111112	3	0.04525647078759177	0.026128835591788545	02_5
chondroitin_sodium_sulfate	BMAA	chondroitin_sodium_sulfate	A. hadrus	CM02_05	chondroitin_sodium_sulfate	13	-0.034444444444444444	3	0.042470033008036416	0.02452008498968212	02_5
chondroitin_sodium_sulfate	BMAA	chondroitin_sodium_sulfate	A. hadrus	CM02_05	chondroitin_sodium_sulfate	13.25	-0.04111111111111112	3	0.04525647078759177	0.026128835591788545	02_5
chondroitin_sodium_sulfate	BMAA	chondroitin_sodium_sulfate	A. hadrus	CM02_05	chondroitin_sodium_sulfate	13.5	-0.04111111111111112	3	0.04525647078759177	0.026128835591788545	02_5
chondroitin_sodium_sulfate	BMAA	chondroitin_sodium_sulfate	A. hadrus	CM02_05	chondroitin_sodium_sulfate	13.75	-0.06777777777777778	3	0.04426352063787131	0.02555555555555556	02_5
chondroitin_sodium_sulfate	BMAA	chondroitin_sodium_sulfate	A. hadrus	CM02_05	chondroitin_sodium_sulfate	14	-0.06777777777777778	3	0.04426352063787131	0.02555555555555556	02_5
chondroitin_sodium_sulfate	BMAA	chondroitin_sodium_sulfate	A. hadrus	CM02_05	chondroitin_sodium_sulfate	14.25	-0.06777777777777778	3	0.04426352063787131	0.02555555555555556	02_5
chondroitin_sodium_sulfate	BMAA	chondroitin_sodium_sulfate	A. hadrus	CM02_05	chondroitin_sodium_sulfate	14.5	-0.06777777777777778	3	0.04426352063787131	0.02555555555555556	02_5
chondroitin_sodium_sulfate	BMAA	chondroitin_sodium_sulfate	A. hadrus	CM02_05	chondroitin_sodium_sulfate	14.75	-0.06777777777777778	3	0.04426352063787131	0.02555555555555556	02_5
chondroitin_sodium_sulfate	BMAA	chondroitin_sodium_sulfate	A. hadrus	CM02_05	chondroitin_sodium_sulfate	15	-0.06777777777777778	3	0.04426352063787131	0.02555555555555556	02_5
chondroitin_sodium_sulfate	BMAA	chondroitin_sodium_sulfate	A. hadrus	CM02_05	chondroitin_sodium_sulfate	15.25	-0.06777777777777778	3	0.04426352063787131	0.02555555555555556	02_5
chondroitin_sodium_sulfate	BMAA	chondroitin_sodium_sulfate	A. hadrus	CM02_05	chondroitin_sodium_sulfate	15.5	-0.06777777777777778	3	0.04426352063787131	0.02555555555555556	02_5
chondroitin_sodium_sulfate	BMAA	chondroitin_sodium_sulfate	A. hadrus	CM02_05	chondroitin_sodium_sulfate	15.75	-0.06777777777777778	3	0.04426352063787131	0.02555555555555556	02_5
chondroitin_sodium_sulfate	BMAA	chondroitin_sodium_sulfate	A. hadrus	CM02_05	chondroitin_sodium_sulfate	16	-0.06777777777777778	3	0.04426352063787131	0.02555555555555556	02_5
chondroitin_sodium_sulfate	BMAA	chondroitin_sodium_sulfate	A. hadrus	CM02_05	chondroitin_sodium_sulfate	16.25	-0.06777777777777778	3	0.04426352063787131	0.02555555555555556	02_5
chondroitin_sodium_sulfate	BMAA	chondroitin_sodium_sulfate	A. hadrus	CM02_05	chondroitin_sodium_sulfate	16.5	-0.07111111111111111	3	0.04741464065189305	0.027374855543899825	02_5
chondroitin_sodium_sulfate	BMAA	chondroitin_sodium_sulfate	A. hadrus	CM02_05	chondroitin_sodium_sulfate	16.75	-0.06777777777777778	3	0.04426352063787131	0.02555555555555556	02_5
chondroitin_sodium_sulfate	BMAA	chondroitin_sodium_sulfate	A. hadrus	CM02_05	chondroitin_sodium_sulfate	17	-0.06777777777777778	3	0.04426352063787131	0.02555555555555556	02_5
chondroitin_sodium_sulfate	BMAA	chondroitin_sodium_sulfate	A. hadrus	CM02_05	chondroitin_sodium_sulfate	17.25	-0.07111111111111111	3	0.04741464065189305	0.027374855543899825	02_5
chondroitin_sodium_sulfate	BMAA	chondroitin_sodium_sulfate	A. hadrus	CM02_05	chondroitin_sodium_sulfate	17.5	-0.07111111111111111	3	0.04741464065189305	0.027374855543899825	02_5
chondroitin_sodium_sulfate	BMAA	chondroitin_sodium_sulfate	A. hadrus	CM02_05	chondroitin_sodium_sulfate	17.75	-0.07111111111111111	3	0.04741464065189305	0.027374855543899825	02_5
chondroitin_sodium_sulfate	BMAA	chondroitin_sodium_sulfate	A. hadrus	CM02_05	chondroitin_sodium_sulfate	18	-0.07111111111111111	3	0.04741464065189305	0.027374855543899825	02_5
chondroitin_sodium_sulfate	BMAA	chondroitin_sodium_sulfate	A. hadrus	CM02_05	chondroitin_sodium_sulfate	18.25	-0.07111111111111111	3	0.04741464065189305	0.027374855543899825	02_5
chondroitin_sodium_sulfate	BMAA	chondroitin_sodium_sulfate	A. hadrus	CM02_05	chondroitin_sodium_sulfate	18.5	-0.07111111111111111	3	0.04741464065189305	0.027374855543899825	02_5
chondroitin_sodium_sulfate	BMAA	chondroitin_sodium_sulfate	A. hadrus	CM02_05	chondroitin_sodium_sulfate	18.75	-0.07111111111111111	3	0.04741464065189305	0.027374855543899825	02_5
chondroitin_sodium_sulfate	BMAA	chondroitin_sodium_sulfate	A. hadrus	CM02_05	chondroitin_sodium_sulfate	19	-0.07111111111111111	3	0.04741464065189305	0.027374855543899825	02_5
chondroitin_sodium_sulfate	BMAA	chondroitin_sodium_sulfate	A. hadrus	CM02_05	chondroitin_sodium_sulfate	19.25	-0.07111111111111111	3	0.04741464065189305	0.027374855543899825	02_5
chondroitin_sodium_sulfate	BMAA	chondroitin_sodium_sulfate	A. hadrus	CM02_05	chondroitin_sodium_sulfate	19.5	-0.07111111111111111	3	0.04741464065189305	0.027374855543899825	02_5
chondroitin_sodium_sulfate	BMAA	chondroitin_sodium_sulfate	A. hadrus	CM02_05	chondroitin_sodium_sulfate	19.75	-0.07444444444444445	3	0.0510265000142446	0.029460163519028564	02_5
chondroitin_sodium_sulfate	BMAA	chondroitin_sodium_sulfate	A. hadrus	CM02_05	chondroitin_sodium_sulfate	20	-0.07111111111111111	3	0.04741464065189305	0.027374855543899825	02_5
chondroitin_sodium_sulfate	BMAA	chondroitin_sodium_sulfate	A. hadrus	CM02_05	chondroitin_sodium_sulfate	20.25	-0.07111111111111111	3	0.04741464065189305	0.027374855543899825	02_5
chondroitin_sodium_sulfate	BMAA	chondroitin_sodium_sulfate	A. hadrus	CM02_05	chondroitin_sodium_sulfate	20.5	-0.07444444444444445	3	0.0510265000142446	0.029460163519028564	02_5
chondroitin_sodium_sulfate	BMAA	chondroitin_sodium_sulfate	A. hadrus	CM02_05	chondroitin_sodium_sulfate	20.75	-0.07111111111111111	3	0.04741464065189305	0.027374855543899825	02_5
chondroitin_sodium_sulfate	BMAA	chondroitin_sodium_sulfate	A. hadrus	CM02_05	chondroitin_sodium_sulfate	21	-0.07111111111111111	3	0.04741464065189305	0.027374855543899825	02_5
chondroitin_sodium_sulfate	BMAA	chondroitin_sodium_sulfate	A. hadrus	CM02_05	chondroitin_sodium_sulfate	21.25	-0.07777777777777779	3	0.04537906190369364	0.026199613605670215	02_5
chondroitin_sodium_sulfate	BMAA	chondroitin_sodium_sulfate	A. hadrus	CM02_05	chondroitin_sodium_sulfate	21.5	-0.07444444444444445	3	0.0510265000142446	0.029460163519028564	02_5
chondroitin_sodium_sulfate	BMAA	chondroitin_sodium_sulfate	A. hadrus	CM02_05	chondroitin_sodium_sulfate	21.75	-0.07111111111111111	3	0.04741464065189305	0.027374855543899825	02_5
chondroitin_sodium_sulfate	BMAA	chondroitin_sodium_sulfate	A. hadrus	CM02_05	chondroitin_sodium_sulfate	22	-0.07111111111111111	3	0.04741464065189305	0.027374855543899825	02_5
chondroitin_sodium_sulfate	BMAA	chondroitin_sodium_sulfate	A. hadrus	CM02_05	chondroitin_sodium_sulfate	22.25	-0.07777777777777779	3	0.04537906190369364	0.026199613605670215	02_5
chondroitin_sodium_sulfate	BMAA	chondroitin_sodium_sulfate	A. hadrus	CM02_05	chondroitin_sodium_sulfate	22.5	-0.07444444444444445	3	0.0510265000142446	0.029460163519028564	02_5
chondroitin_sodium_sulfate	BMAA	chondroitin_sodium_sulfate	A. hadrus	CM02_05	chondroitin_sodium_sulfate	22.75	-0.07444444444444445	3	0.0510265000142446	0.029460163519028564	02_5
chondroitin_sodium_sulfate	BMAA	chondroitin_sodium_sulfate	A. hadrus	CM02_05	chondroitin_sodium_sulfate	23	-0.07444444444444445	3	0.0510265000142446	0.029460163519028564	02_5
chondroitin_sodium_sulfate	BMAA	chondroitin_sodium_sulfate	A. hadrus	CM02_05	chondroitin_sodium_sulfate	23.25	-0.07444444444444445	3	0.0510265000142446	0.029460163519028564	02_5
chondroitin_sodium_sulfate	BMAA	chondroitin_sodium_sulfate	A. hadrus	CM02_05	chondroitin_sodium_sulfate	23.5	-0.07444444444444445	3	0.0510265000142446	0.029460163519028564	02_5
chondroitin_sodium_sulfate	BMAA	chondroitin_sodium_sulfate	A. hadrus	CM02_05	chondroitin_sodium_sulfate	23.75	-0.07777777777777779	3	0.04537906190369364	0.026199613605670215	02_5
chondroitin_sodium_sulfate	BMAA	chondroitin_sodium_sulfate	A. hadrus	CM02_05	chondroitin_sodium_sulfate	24	-0.07777777777777779	3	0.04537906190369364	0.026199613605670215	02_5
d_trehalose	BMAA	d_trehalose	A. hadrus	CM02_05	d_trehalose	0	0.003333333333333336	3	0.008819171036881963	0.005091750772173153	02_5
d_trehalose	BMAA	d_trehalose	A. hadrus	CM02_05	d_trehalose	0.25	-9.251811481157013e-18	3	0.003333333333333341	0.001924500897298757	02_5
d_trehalose	BMAA	d_trehalose	A. hadrus	CM02_05	d_trehalose	0.5	-0.0033333333333333457	3	0.006666666666666668	0.003849001794597506	02_5
d_trehalose	BMAA	d_trehalose	A. hadrus	CM02_05	d_trehalose	0.75	-0.010000000000000009	3	0.003333333333333355	0.001924500897298765	02_5
d_trehalose	BMAA	d_trehalose	A. hadrus	CM02_05	d_trehalose	1	-0.006666666666666672	3	0.003333333333333327	0.001924500897298749	02_5
d_trehalose	BMAA	d_trehalose	A. hadrus	CM02_05	d_trehalose	1.25	-0.006666666666666672	3	0.003333333333333327	0.001924500897298749	02_5
d_trehalose	BMAA	d_trehalose	A. hadrus	CM02_05	d_trehalose	1.5	-0.010000000000000009	3	0.003333333333333355	0.001924500897298765	02_5
d_trehalose	BMAA	d_trehalose	A. hadrus	CM02_05	d_trehalose	1.75	-0.010000000000000009	3	0.008819171036881972	0.005091750772173158	02_5
d_trehalose	BMAA	d_trehalose	A. hadrus	CM02_05	d_trehalose	2	-0.013333333333333345	3	0.006666666666666682	0.003849001794597514	02_5
d_trehalose	BMAA	d_trehalose	A. hadrus	CM02_05	d_trehalose	2.25	-0.013333333333333345	3	0.006666666666666682	0.003849001794597514	02_5
d_trehalose	BMAA	d_trehalose	A. hadrus	CM02_05	d_trehalose	2.5	-0.010000000000000009	3	0.008819171036881972	0.005091750772173158	02_5
d_trehalose	BMAA	d_trehalose	A. hadrus	CM02_05	d_trehalose	2.75	-0.013333333333333345	3	0.006666666666666682	0.003849001794597514	02_5
d_trehalose	BMAA	d_trehalose	A. hadrus	CM02_05	d_trehalose	3	-0.013333333333333345	3	0.006666666666666682	0.003849001794597514	02_5
d_trehalose	BMAA	d_trehalose	A. hadrus	CM02_05	d_trehalose	3.25	-0.01666666666666668	3	0.008819171036881995	0.005091750772173171	02_5
d_trehalose	BMAA	d_trehalose	A. hadrus	CM02_05	d_trehalose	3.5	-0.01666666666666668	3	0.008819171036881995	0.005091750772173171	02_5
d_trehalose	BMAA	d_trehalose	A. hadrus	CM02_05	d_trehalose	3.75	-0.01666666666666668	3	0.008819171036881995	0.005091750772173171	02_5
d_trehalose	BMAA	d_trehalose	A. hadrus	CM02_05	d_trehalose	4	-0.02	3	0.013333333333333336	0.007698003589195012	02_5
d_trehalose	BMAA	d_trehalose	A. hadrus	CM02_05	d_trehalose	4.25	-0.02	3	0.013333333333333336	0.007698003589195012	02_5
d_trehalose	BMAA	d_trehalose	A. hadrus	CM02_05	d_trehalose	4.5	-0.02	3	0.013333333333333336	0.007698003589195012	02_5
d_trehalose	BMAA	d_trehalose	A. hadrus	CM02_05	d_trehalose	4.75	-0.02	3	0.013333333333333336	0.007698003589195012	02_5
d_trehalose	BMAA	d_trehalose	A. hadrus	CM02_05	d_trehalose	5	-0.02	3	0.013333333333333336	0.007698003589195012	02_5
d_trehalose	BMAA	d_trehalose	A. hadrus	CM02_05	d_trehalose	5.25	-0.02	3	0.013333333333333336	0.007698003589195012	02_5
d_trehalose	BMAA	d_trehalose	A. hadrus	CM02_05	d_trehalose	5.5	-0.02	3	0.013333333333333336	0.007698003589195012	02_5
d_trehalose	BMAA	d_trehalose	A. hadrus	CM02_05	d_trehalose	5.75	-0.02	3	0.013333333333333336	0.007698003589195012	02_5
d_trehalose	BMAA	d_trehalose	A. hadrus	CM02_05	d_trehalose	6	-0.023333333333333334	3	0.018559214542766746	0.010715167512214399	02_5
d_trehalose	BMAA	d_trehalose	A. hadrus	CM02_05	d_trehalose	6.25	-0.023333333333333334	3	0.018559214542766746	0.010715167512214399	02_5
d_trehalose	BMAA	d_trehalose	A. hadrus	CM02_05	d_trehalose	6.5	-0.023333333333333334	3	0.018559214542766746	0.010715167512214399	02_5
d_trehalose	BMAA	d_trehalose	A. hadrus	CM02_05	d_trehalose	6.75	-0.023333333333333334	3	0.018559214542766746	0.010715167512214399	02_5
d_trehalose	BMAA	d_trehalose	A. hadrus	CM02_05	d_trehalose	7	-0.023333333333333334	3	0.018559214542766746	0.010715167512214399	02_5
d_trehalose	BMAA	d_trehalose	A. hadrus	CM02_05	d_trehalose	7.25	-0.023333333333333334	3	0.018559214542766746	0.010715167512214399	02_5
d_trehalose	BMAA	d_trehalose	A. hadrus	CM02_05	d_trehalose	7.5	-0.023333333333333334	3	0.018559214542766746	0.010715167512214399	02_5
d_trehalose	BMAA	d_trehalose	A. hadrus	CM02_05	d_trehalose	7.75	-0.023333333333333334	3	0.018559214542766746	0.010715167512214399	02_5
d_trehalose	BMAA	d_trehalose	A. hadrus	CM02_05	d_trehalose	8	-0.023333333333333334	3	0.018559214542766746	0.010715167512214399	02_5
d_trehalose	BMAA	d_trehalose	A. hadrus	CM02_05	d_trehalose	8.25	-0.023333333333333334	3	0.018559214542766746	0.010715167512214399	02_5
d_trehalose	BMAA	d_trehalose	A. hadrus	CM02_05	d_trehalose	8.5	-0.026666666666666672	3	0.02403700850309327	0.013877773329774225	02_5
d_trehalose	BMAA	d_trehalose	A. hadrus	CM02_05	d_trehalose	8.75	-0.026666666666666672	3	0.02403700850309327	0.013877773329774225	02_5
d_trehalose	BMAA	d_trehalose	A. hadrus	CM02_05	d_trehalose	9	-0.026666666666666672	3	0.02403700850309327	0.013877773329774225	02_5
d_trehalose	BMAA	d_trehalose	A. hadrus	CM02_05	d_trehalose	9.25	-0.026666666666666672	3	0.02403700850309327	0.013877773329774225	02_5
d_trehalose	BMAA	d_trehalose	A. hadrus	CM02_05	d_trehalose	9.5	-0.026666666666666672	3	0.02403700850309327	0.013877773329774225	02_5
d_trehalose	BMAA	d_trehalose	A. hadrus	CM02_05	d_trehalose	9.75	-0.026666666666666672	3	0.02403700850309327	0.013877773329774225	02_5
d_trehalose	BMAA	d_trehalose	A. hadrus	CM02_05	d_trehalose	10	-0.026666666666666672	3	0.02403700850309327	0.013877773329774225	02_5
d_trehalose	BMAA	d_trehalose	A. hadrus	CM02_05	d_trehalose	10.25	-0.026666666666666672	3	0.02403700850309327	0.013877773329774225	02_5
d_trehalose	BMAA	d_trehalose	A. hadrus	CM02_05	d_trehalose	10.5	-0.026666666666666672	3	0.02403700850309327	0.013877773329774225	02_5
d_trehalose	BMAA	d_trehalose	A. hadrus	CM02_05	d_trehalose	10.75	-0.026666666666666672	3	0.02403700850309327	0.013877773329774225	02_5
d_trehalose	BMAA	d_trehalose	A. hadrus	CM02_05	d_trehalose	11	-0.03000000000000001	3	0.02962731472438531	0.017105338131489622	02_5
d_trehalose	BMAA	d_trehalose	A. hadrus	CM02_05	d_trehalose	11.25	-0.03000000000000001	3	0.02962731472438531	0.017105338131489622	02_5
d_trehalose	BMAA	d_trehalose	A. hadrus	CM02_05	d_trehalose	11.5	-0.026666666666666672	3	0.02403700850309327	0.013877773329774225	02_5
d_trehalose	BMAA	d_trehalose	A. hadrus	CM02_05	d_trehalose	11.75	-0.03000000000000001	3	0.02962731472438531	0.017105338131489622	02_5
d_trehalose	BMAA	d_trehalose	A. hadrus	CM02_05	d_trehalose	12	-0.03000000000000001	3	0.02962731472438531	0.017105338131489622	02_5
d_trehalose	BMAA	d_trehalose	A. hadrus	CM02_05	d_trehalose	12.25	-0.03000000000000001	3	0.02962731472438531	0.017105338131489622	02_5
d_trehalose	BMAA	d_trehalose	A. hadrus	CM02_05	d_trehalose	12.5	-0.03000000000000001	3	0.02962731472438531	0.017105338131489622	02_5
d_trehalose	BMAA	d_trehalose	A. hadrus	CM02_05	d_trehalose	12.75	-0.03000000000000001	3	0.02962731472438531	0.017105338131489622	02_5
d_trehalose	BMAA	d_trehalose	A. hadrus	CM02_05	d_trehalose	13	-0.03000000000000001	3	0.02962731472438531	0.017105338131489622	02_5
d_trehalose	BMAA	d_trehalose	A. hadrus	CM02_05	d_trehalose	13.25	-0.03000000000000001	3	0.02962731472438531	0.017105338131489622	02_5
d_trehalose	BMAA	d_trehalose	A. hadrus	CM02_05	d_trehalose	13.5	-0.03000000000000001	3	0.02962731472438531	0.017105338131489622	02_5
d_trehalose	BMAA	d_trehalose	A. hadrus	CM02_05	d_trehalose	13.75	-0.03333333333333335	3	0.03527668414752789	0.02036700308869263	02_5
d_trehalose	BMAA	d_trehalose	A. hadrus	CM02_05	d_trehalose	14	-0.03000000000000001	3	0.02962731472438531	0.017105338131489622	02_5
d_trehalose	BMAA	d_trehalose	A. hadrus	CM02_05	d_trehalose	14.25	-0.03000000000000001	3	0.02962731472438531	0.017105338131489622	02_5
d_trehalose	BMAA	d_trehalose	A. hadrus	CM02_05	d_trehalose	14.5	-0.03000000000000001	3	0.02962731472438531	0.017105338131489622	02_5
d_trehalose	BMAA	d_trehalose	A. hadrus	CM02_05	d_trehalose	14.75	-0.03000000000000001	3	0.02962731472438531	0.017105338131489622	02_5
d_trehalose	BMAA	d_trehalose	A. hadrus	CM02_05	d_trehalose	15	-0.03000000000000001	3	0.02962731472438531	0.017105338131489622	02_5
d_trehalose	BMAA	d_trehalose	A. hadrus	CM02_05	d_trehalose	15.25	-0.03333333333333335	3	0.03527668414752789	0.02036700308869263	02_5
d_trehalose	BMAA	d_trehalose	A. hadrus	CM02_05	d_trehalose	15.5	-0.03333333333333335	3	0.03527668414752789	0.02036700308869263	02_5
d_trehalose	BMAA	d_trehalose	A. hadrus	CM02_05	d_trehalose	15.75	-0.03000000000000001	3	0.02962731472438531	0.017105338131489622	02_5
d_trehalose	BMAA	d_trehalose	A. hadrus	CM02_05	d_trehalose	16	-0.03000000000000001	3	0.02962731472438531	0.017105338131489622	02_5
d_trehalose	BMAA	d_trehalose	A. hadrus	CM02_05	d_trehalose	16.25	-0.036666666666666674	3	0.03382963855030742	0.01953155092360773	02_5
d_trehalose	BMAA	d_trehalose	A. hadrus	CM02_05	d_trehalose	16.5	-0.03333333333333335	3	0.03527668414752789	0.02036700308869263	02_5
d_trehalose	BMAA	d_trehalose	A. hadrus	CM02_05	d_trehalose	16.75	-0.03000000000000001	3	0.02962731472438531	0.017105338131489622	02_5
d_trehalose	BMAA	d_trehalose	A. hadrus	CM02_05	d_trehalose	17	-0.036666666666666674	3	0.03382963855030742	0.01953155092360773	02_5
d_trehalose	BMAA	d_trehalose	A. hadrus	CM02_05	d_trehalose	17.25	-0.036666666666666674	3	0.03382963855030742	0.01953155092360773	02_5
d_trehalose	BMAA	d_trehalose	A. hadrus	CM02_05	d_trehalose	17.5	-0.036666666666666674	3	0.03382963855030742	0.01953155092360773	02_5
d_trehalose	BMAA	d_trehalose	A. hadrus	CM02_05	d_trehalose	17.75	-0.036666666666666674	3	0.03382963855030742	0.01953155092360773	02_5
d_trehalose	BMAA	d_trehalose	A. hadrus	CM02_05	d_trehalose	18	-0.036666666666666674	3	0.03382963855030742	0.01953155092360773	02_5
d_trehalose	BMAA	d_trehalose	A. hadrus	CM02_05	d_trehalose	18.25	-0.036666666666666674	3	0.03382963855030742	0.01953155092360773	02_5
d_trehalose	BMAA	d_trehalose	A. hadrus	CM02_05	d_trehalose	18.5	-0.036666666666666674	3	0.03382963855030742	0.01953155092360773	02_5
d_trehalose	BMAA	d_trehalose	A. hadrus	CM02_05	d_trehalose	18.75	-0.04	3	0.03929942040850533	0.022689530951846826	02_5
d_trehalose	BMAA	d_trehalose	A. hadrus	CM02_05	d_trehalose	19	-0.036666666666666674	3	0.03382963855030742	0.01953155092360773	02_5
d_trehalose	BMAA	d_trehalose	A. hadrus	CM02_05	d_trehalose	19.25	-0.036666666666666674	3	0.03382963855030742	0.01953155092360773	02_5
d_trehalose	BMAA	d_trehalose	A. hadrus	CM02_05	d_trehalose	19.5	-0.04	3	0.03929942040850533	0.022689530951846826	02_5
d_trehalose	BMAA	d_trehalose	A. hadrus	CM02_05	d_trehalose	19.75	-0.036666666666666674	3	0.03382963855030742	0.01953155092360773	02_5
d_trehalose	BMAA	d_trehalose	A. hadrus	CM02_05	d_trehalose	20	-0.036666666666666674	3	0.03382963855030742	0.01953155092360773	02_5
d_trehalose	BMAA	d_trehalose	A. hadrus	CM02_05	d_trehalose	20.25	-0.04	3	0.03929942040850533	0.022689530951846826	02_5
d_trehalose	BMAA	d_trehalose	A. hadrus	CM02_05	d_trehalose	20.5	-0.04	3	0.03929942040850533	0.022689530951846826	02_5
d_trehalose	BMAA	d_trehalose	A. hadrus	CM02_05	d_trehalose	20.75	-0.036666666666666674	3	0.03382963855030742	0.01953155092360773	02_5
d_trehalose	BMAA	d_trehalose	A. hadrus	CM02_05	d_trehalose	21	-0.04	3	0.03929942040850533	0.022689530951846826	02_5
d_trehalose	BMAA	d_trehalose	A. hadrus	CM02_05	d_trehalose	21.25	-0.04	3	0.03929942040850533	0.022689530951846826	02_5
d_trehalose	BMAA	d_trehalose	A. hadrus	CM02_05	d_trehalose	21.5	-0.04	3	0.03929942040850533	0.022689530951846826	02_5
d_trehalose	BMAA	d_trehalose	A. hadrus	CM02_05	d_trehalose	21.75	-0.04	3	0.03929942040850533	0.022689530951846826	02_5
d_trehalose	BMAA	d_trehalose	A. hadrus	CM02_05	d_trehalose	22	-0.04	3	0.03929942040850533	0.022689530951846826	02_5
d_trehalose	BMAA	d_trehalose	A. hadrus	CM02_05	d_trehalose	22.25	-0.04	3	0.03929942040850533	0.022689530951846826	02_5
d_trehalose	BMAA	d_trehalose	A. hadrus	CM02_05	d_trehalose	22.5	-0.04	3	0.03929942040850533	0.022689530951846826	02_5
d_trehalose	BMAA	d_trehalose	A. hadrus	CM02_05	d_trehalose	22.75	-0.04	3	0.03929942040850533	0.022689530951846826	02_5
d_trehalose	BMAA	d_trehalose	A. hadrus	CM02_05	d_trehalose	23	-0.04	3	0.03929942040850533	0.022689530951846826	02_5
d_trehalose	BMAA	d_trehalose	A. hadrus	CM02_05	d_trehalose	23.25	-0.04	3	0.03929942040850533	0.022689530951846826	02_5
d_trehalose	BMAA	d_trehalose	A. hadrus	CM02_05	d_trehalose	23.5	-0.04	3	0.03929942040850533	0.022689530951846826	02_5
d_trehalose	BMAA	d_trehalose	A. hadrus	CM02_05	d_trehalose	23.75	-0.04	3	0.03929942040850533	0.022689530951846826	02_5
d_trehalose	BMAA	d_trehalose	A. hadrus	CM02_05	d_trehalose	24	-0.04	3	0.03929942040850533	0.022689530951846826	02_5
sucrose	BMAA	sucrose	A. hadrus	CM02_05	sucrose	0	-0.012222222222222209	3	0.006938886664887092	0.004006168083848867	02_5
sucrose	BMAA	sucrose	A. hadrus	CM02_05	sucrose	0.25	-0.002222222222222218	3	0.003849001794597498	0.0022222222222222183	02_5
sucrose	BMAA	sucrose	A. hadrus	CM02_05	sucrose	0.5	0.014444444444444446	3	0.005091750772173164	0.002939723678960661	02_5
sucrose	BMAA	sucrose	A. hadrus	CM02_05	sucrose	0.75	0.034444444444444465	3	0.005091750772173164	0.002939723678960661	02_5
sucrose	BMAA	sucrose	A. hadrus	CM02_05	sucrose	1	0.05777777777777778	3	0.013471506281091271	0.00777777777777778	02_5
sucrose	BMAA	sucrose	A. hadrus	CM02_05	sucrose	1.25	0.08777777777777779	3	0.013471506281091299	0.007777777777777796	02_5
sucrose	BMAA	sucrose	A. hadrus	CM02_05	sucrose	1.5	0.12444444444444447	3	0.018954135676924437	0.010943175335329014	02_5
sucrose	BMAA	sucrose	A. hadrus	CM02_05	sucrose	1.75	0.17111111111111113	3	0.02834966849371793	0.016367688736284698	02_5
sucrose	BMAA	sucrose	A. hadrus	CM02_05	sucrose	2	0.22444444444444447	3	0.03863408589047496	0.022305399888760843	02_5
sucrose	BMAA	sucrose	A. hadrus	CM02_05	sucrose	2.25	0.2777777777777778	3	0.05669933698743589	0.03273537747256942	02_5
sucrose	BMAA	sucrose	A. hadrus	CM02_05	sucrose	2.5	0.3977777777777778	3	0.019531550923607706	0.011276546183435793	02_5
sucrose	BMAA	sucrose	A. hadrus	CM02_05	sucrose	2.75	0.4744444444444445	3	0.0834221748653154	0.04816381511487389	02_5
sucrose	BMAA	sucrose	A. hadrus	CM02_05	sucrose	3	0.6011111111111112	3	0.14833645439912505	0.08564209187796949	02_5
sucrose	BMAA	sucrose	A. hadrus	CM02_05	sucrose	3.25	0.6677777777777778	3	0.1207538052463834	0.0697172419646711	02_5
sucrose	BMAA	sucrose	A. hadrus	CM02_05	sucrose	3.5	0.7844444444444444	3	0.1273810265539021	0.07354346997054625	02_5
sucrose	BMAA	sucrose	A. hadrus	CM02_05	sucrose	3.75	0.9177777777777778	3	0.11481063313770849	0.06628594994788738	02_5
sucrose	BMAA	sucrose	A. hadrus	CM02_05	sucrose	4	1.0077777777777779	3	0.1411198597462979	0.08147558901252733	02_5
sucrose	BMAA	sucrose	A. hadrus	CM02_05	sucrose	4.25	1.1044444444444443	3	0.13877773329774223	0.08012336167697758	02_5
sucrose	BMAA	sucrose	A. hadrus	CM02_05	sucrose	4.5	1.1077777777777778	3	0.12850997943667578	0.07419527122131804	02_5
sucrose	BMAA	sucrose	A. hadrus	CM02_05	sucrose	4.75	1.0877777777777777	3	0.1333472214989179	0.07698805422808891	02_5
sucrose	BMAA	sucrose	A. hadrus	CM02_05	sucrose	5	1.0777777777777777	3	0.1333472214989179	0.07698805422808891	02_5
sucrose	BMAA	sucrose	A. hadrus	CM02_05	sucrose	5.25	1.0644444444444445	3	0.12842348925563649	0.07414533609201274	02_5
sucrose	BMAA	sucrose	A. hadrus	CM02_05	sucrose	5.5	1.0544444444444445	3	0.12842348925563649	0.07414533609201274	02_5
sucrose	BMAA	sucrose	A. hadrus	CM02_05	sucrose	5.75	1.041111111111111	3	0.12357334004699541	0.07134510114079397	02_5
sucrose	BMAA	sucrose	A. hadrus	CM02_05	sucrose	6	1.0277777777777777	3	0.12876910142375567	0.07434487537031156	02_5
sucrose	BMAA	sucrose	A. hadrus	CM02_05	sucrose	6.25	1.0177777777777777	3	0.12876910142375567	0.07434487537031156	02_5
sucrose	BMAA	sucrose	A. hadrus	CM02_05	sucrose	6.5	1.0044444444444445	3	0.1340121608633308	0.07737195714912747	02_5
sucrose	BMAA	sucrose	A. hadrus	CM02_05	sucrose	6.75	0.9977777777777778	3	0.13471506281091267	0.07777777777777778	02_5
sucrose	BMAA	sucrose	A. hadrus	CM02_05	sucrose	7	0.991111111111111	3	0.1392971776587871	0.08042326301865586	02_5
sucrose	BMAA	sucrose	A. hadrus	CM02_05	sucrose	7.25	0.981111111111111	3	0.1392971776587871	0.08042326301865586	02_5
sucrose	BMAA	sucrose	A. hadrus	CM02_05	sucrose	7.5	0.9744444444444443	3	0.14009256199358308	0.08088247837845954	02_5
sucrose	BMAA	sucrose	A. hadrus	CM02_05	sucrose	7.75	0.9644444444444443	3	0.14009256199358308	0.08088247837845954	02_5
sucrose	BMAA	sucrose	A. hadrus	CM02_05	sucrose	8	0.961111111111111	3	0.14550041364329644	0.0840047029841591	02_5
sucrose	BMAA	sucrose	A. hadrus	CM02_05	sucrose	8.25	0.9511111111111111	3	0.14550041364329655	0.08400470298415917	02_5
sucrose	BMAA	sucrose	A. hadrus	CM02_05	sucrose	8.5	0.9477777777777777	3	0.15093535530644075	0.08714256801640538	02_5
sucrose	BMAA	sucrose	A. hadrus	CM02_05	sucrose	8.75	0.9411111111111111	3	0.15536098943118593	0.0896977090696618	02_5
sucrose	BMAA	sucrose	A. hadrus	CM02_05	sucrose	9	0.9277777777777777	3	0.15093535530644075	0.08714256801640538	02_5
sucrose	BMAA	sucrose	A. hadrus	CM02_05	sucrose	9.25	0.9244444444444444	3	0.1563945627547815	0.09029444290626693	02_5
sucrose	BMAA	sucrose	A. hadrus	CM02_05	sucrose	9.5	0.9211111111111111	3	0.1618755809370386	0.0934589102292263	02_5
sucrose	BMAA	sucrose	A. hadrus	CM02_05	sucrose	9.75	0.9111111111111111	3	0.1618755809370386	0.0934589102292263	02_5
sucrose	BMAA	sucrose	A. hadrus	CM02_05	sucrose	10	0.9077777777777778	3	0.16737626717911597	0.09663473291181733	02_5
sucrose	BMAA	sucrose	A. hadrus	CM02_05	sucrose	10.25	0.8977777777777779	3	0.167376267179116	0.09663473291181734	02_5
sucrose	BMAA	sucrose	A. hadrus	CM02_05	sucrose	10.5	0.8911111111111112	3	0.1716693635171121	0.09911335323821639	02_5
sucrose	BMAA	sucrose	A. hadrus	CM02_05	sucrose	10.75	0.8911111111111112	3	0.1716693635171121	0.09911335323821639	02_5
sucrose	BMAA	sucrose	A. hadrus	CM02_05	sucrose	11	0.8911111111111112	3	0.1716693635171121	0.09911335323821639	02_5
sucrose	BMAA	sucrose	A. hadrus	CM02_05	sucrose	11.25	0.8844444444444445	3	0.17289474425960033	0.09982082713975177	02_5
sucrose	BMAA	sucrose	A. hadrus	CM02_05	sucrose	11.5	0.8711111111111112	3	0.1784293614768518	0.10301623987999342	02_5
sucrose	BMAA	sucrose	A. hadrus	CM02_05	sucrose	11.75	0.8711111111111112	3	0.1784293614768518	0.10301623987999342	02_5
sucrose	BMAA	sucrose	A. hadrus	CM02_05	sucrose	12	0.8611111111111112	3	0.1784293614768518	0.10301623987999342	02_5
sucrose	BMAA	sucrose	A. hadrus	CM02_05	sucrose	12.25	0.8611111111111112	3	0.1784293614768518	0.10301623987999342	02_5
sucrose	BMAA	sucrose	A. hadrus	CM02_05	sucrose	12.5	0.8611111111111112	3	0.1784293614768518	0.10301623987999342	02_5
sucrose	BMAA	sucrose	A. hadrus	CM02_05	sucrose	12.75	0.8511111111111112	3	0.1784293614768518	0.10301623987999342	02_5
sucrose	BMAA	sucrose	A. hadrus	CM02_05	sucrose	13	0.8411111111111111	3	0.1784293614768518	0.10301623987999342	02_5
sucrose	BMAA	sucrose	A. hadrus	CM02_05	sucrose	13.25	0.8344444444444444	3	0.1798867956778909	0.10385768990828953	02_5
sucrose	BMAA	sucrose	A. hadrus	CM02_05	sucrose	13.5	0.8344444444444444	3	0.1798867956778909	0.10385768990828953	02_5
sucrose	BMAA	sucrose	A. hadrus	CM02_05	sucrose	13.75	0.8344444444444444	3	0.1798867956778909	0.10385768990828953	02_5
sucrose	BMAA	sucrose	A. hadrus	CM02_05	sucrose	14	0.8211111111111111	3	0.1854823541572182	0.10708828710259544	02_5
sucrose	BMAA	sucrose	A. hadrus	CM02_05	sucrose	14.25	0.8111111111111111	3	0.1854823541572182	0.10708828710259544	02_5
sucrose	BMAA	sucrose	A. hadrus	CM02_05	sucrose	14.5	0.8111111111111111	3	0.1854823541572182	0.10708828710259544	02_5
sucrose	BMAA	sucrose	A. hadrus	CM02_05	sucrose	14.75	0.8011111111111111	3	0.1854823541572182	0.10708828710259544	02_5
sucrose	BMAA	sucrose	A. hadrus	CM02_05	sucrose	15	0.8011111111111111	3	0.1854823541572182	0.10708828710259544	02_5
sucrose	BMAA	sucrose	A. hadrus	CM02_05	sucrose	15.25	0.8011111111111111	3	0.1854823541572182	0.10708828710259544	02_5
sucrose	BMAA	sucrose	A. hadrus	CM02_05	sucrose	15.5	0.7944444444444444	3	0.18715214646358172	0.10805234214016518	02_5
sucrose	BMAA	sucrose	A. hadrus	CM02_05	sucrose	15.75	0.7777777777777778	3	0.19108849995437935	0.11032499688770271	02_5
sucrose	BMAA	sucrose	A. hadrus	CM02_05	sucrose	16	0.7777777777777778	3	0.19108849995437935	0.11032499688770271	02_5
sucrose	BMAA	sucrose	A. hadrus	CM02_05	sucrose	16.25	0.7744444444444444	3	0.18715214646358172	0.10805234214016518	02_5
sucrose	BMAA	sucrose	A. hadrus	CM02_05	sucrose	16.5	0.7711111111111111	3	0.1927961886821687	0.11131093143438398	02_5
sucrose	BMAA	sucrose	A. hadrus	CM02_05	sucrose	16.75	0.7544444444444444	3	0.18715214646358172	0.10805234214016518	02_5
sucrose	BMAA	sucrose	A. hadrus	CM02_05	sucrose	17	0.7577777777777778	3	0.18898363636784754	0.10910975332941113	02_5
sucrose	BMAA	sucrose	A. hadrus	CM02_05	sucrose	17.25	0.7577777777777778	3	0.18898363636784754	0.10910975332941113	02_5
sucrose	BMAA	sucrose	A. hadrus	CM02_05	sucrose	17.5	0.7477777777777778	3	0.18898363636784743	0.10910975332941107	02_5
sucrose	BMAA	sucrose	A. hadrus	CM02_05	sucrose	17.75	0.7477777777777778	3	0.18898363636784743	0.10910975332941107	02_5
sucrose	BMAA	sucrose	A. hadrus	CM02_05	sucrose	18	0.7377777777777778	3	0.18898363636784743	0.10910975332941107	02_5
sucrose	BMAA	sucrose	A. hadrus	CM02_05	sucrose	18.25	0.7244444444444444	3	0.19466019776161886	0.11238711757817645	02_5
sucrose	BMAA	sucrose	A. hadrus	CM02_05	sucrose	18.5	0.7244444444444444	3	0.19466019776161886	0.11238711757817645	02_5
sucrose	BMAA	sucrose	A. hadrus	CM02_05	sucrose	18.75	0.7244444444444444	3	0.19466019776161886	0.11238711757817645	02_5
sucrose	BMAA	sucrose	A. hadrus	CM02_05	sucrose	19	0.7177777777777777	3	0.19667608263711545	0.11355098925369969	02_5
sucrose	BMAA	sucrose	A. hadrus	CM02_05	sucrose	19.25	0.7077777777777777	3	0.19667608263711545	0.11355098925369969	02_5
sucrose	BMAA	sucrose	A. hadrus	CM02_05	sucrose	19.5	0.701111111111111	3	0.190972171717165	0.11025783474863265	02_5
sucrose	BMAA	sucrose	A. hadrus	CM02_05	sucrose	19.75	0.6944444444444444	3	0.1931129011552377	0.11149378546596608	02_5
sucrose	BMAA	sucrose	A. hadrus	CM02_05	sucrose	20	0.6944444444444444	3	0.1931129011552377	0.11149378546596608	02_5
sucrose	BMAA	sucrose	A. hadrus	CM02_05	sucrose	20.25	0.6911111111111111	3	0.19883922409081425	0.11479987955428794	02_5
sucrose	BMAA	sucrose	A. hadrus	CM02_05	sucrose	20.5	0.6911111111111111	3	0.19883922409081425	0.11479987955428794	02_5
sucrose	BMAA	sucrose	A. hadrus	CM02_05	sucrose	20.75	0.6744444444444444	3	0.1931129011552377	0.11149378546596608	02_5
sucrose	BMAA	sucrose	A. hadrus	CM02_05	sucrose	21	0.6711111111111111	3	0.19883922409081425	0.11479987955428794	02_5
sucrose	BMAA	sucrose	A. hadrus	CM02_05	sucrose	21.25	0.6711111111111111	3	0.19883922409081425	0.11479987955428794	02_5
sucrose	BMAA	sucrose	A. hadrus	CM02_05	sucrose	21.5	0.6611111111111111	3	0.19883922409081425	0.11479987955428794	02_5
sucrose	BMAA	sucrose	A. hadrus	CM02_05	sucrose	21.75	0.6611111111111111	3	0.19883922409081425	0.11479987955428794	02_5
sucrose	BMAA	sucrose	A. hadrus	CM02_05	sucrose	22	0.6511111111111111	3	0.19883922409081425	0.11479987955428794	02_5
sucrose	BMAA	sucrose	A. hadrus	CM02_05	sucrose	22.25	0.6411111111111112	3	0.1988392240908142	0.1147998795542879	02_5
sucrose	BMAA	sucrose	A. hadrus	CM02_05	sucrose	22.5	0.6377777777777778	3	0.1954008226223254	0.11281471754087388	02_5
sucrose	BMAA	sucrose	A. hadrus	CM02_05	sucrose	22.75	0.6344444444444445	3	0.20114487132228664	0.11613104560403484	02_5
sucrose	BMAA	sucrose	A. hadrus	CM02_05	sucrose	23	0.6344444444444445	3	0.20114487132228664	0.11613104560403484	02_5
sucrose	BMAA	sucrose	A. hadrus	CM02_05	sucrose	23.25	0.6211111111111112	3	0.1978308293392034	0.114217682572996	02_5
sucrose	BMAA	sucrose	A. hadrus	CM02_05	sucrose	23.5	0.6144444444444445	3	0.20114487132228664	0.11613104560403484	02_5
sucrose	BMAA	sucrose	A. hadrus	CM02_05	sucrose	23.75	0.6144444444444445	3	0.20114487132228664	0.11613104560403484	02_5
sucrose	BMAA	sucrose	A. hadrus	CM02_05	sucrose	24	0.6111111111111112	3	0.1978308293392034	0.114217682572996	02_5
chondroitin_sodium_sulfate	BMAA	chondroitin_sodium_sulfate	A. caccae	CM02_91A	chondroitin_sodium_sulfate	0	0.03555555555555556	3	0.024113927126900792	0.013922182317935192	02_91A
chondroitin_sodium_sulfate	BMAA	chondroitin_sodium_sulfate	A. caccae	CM02_91A	chondroitin_sodium_sulfate	0.25	-0.01777777777777778	3	0.01018350154434634	0.005879447357921329	02_91A
chondroitin_sodium_sulfate	BMAA	chondroitin_sodium_sulfate	A. caccae	CM02_91A	chondroitin_sodium_sulfate	0.5	-0.01777777777777778	3	0.018358568490953683	0.01059932446018829	02_91A
chondroitin_sodium_sulfate	BMAA	chondroitin_sodium_sulfate	A. caccae	CM02_91A	chondroitin_sodium_sulfate	0.75	-0.01777777777777778	3	0.018358568490953683	0.01059932446018829	02_91A
chondroitin_sodium_sulfate	BMAA	chondroitin_sodium_sulfate	A. caccae	CM02_91A	chondroitin_sodium_sulfate	1	-0.024444444444444453	3	0.02341256389522832	0.013517250067329385	02_91A
chondroitin_sodium_sulfate	BMAA	chondroitin_sodium_sulfate	A. caccae	CM02_91A	chondroitin_sodium_sulfate	1.25	-0.02777777777777779	3	0.028349668493717957	0.016367688736284716	02_91A
chondroitin_sodium_sulfate	BMAA	chondroitin_sodium_sulfate	A. caccae	CM02_91A	chondroitin_sodium_sulfate	1.5	-0.02777777777777779	3	0.028349668493717957	0.016367688736284716	02_91A
chondroitin_sodium_sulfate	BMAA	chondroitin_sodium_sulfate	A. caccae	CM02_91A	chondroitin_sodium_sulfate	1.75	-0.03777777777777778	3	0.028349668493717985	0.016367688736284733	02_91A
chondroitin_sodium_sulfate	BMAA	chondroitin_sodium_sulfate	A. caccae	CM02_91A	chondroitin_sodium_sulfate	2	-0.034444444444444465	3	0.03338884266959273	0.019277057303219425	02_91A
chondroitin_sodium_sulfate	BMAA	chondroitin_sodium_sulfate	A. caccae	CM02_91A	chondroitin_sodium_sulfate	2.25	-0.03777777777777778	3	0.028349668493717985	0.016367688736284733	02_91A
chondroitin_sodium_sulfate	BMAA	chondroitin_sodium_sulfate	A. caccae	CM02_91A	chondroitin_sodium_sulfate	2.5	-0.0377777777777778	3	0.03834540872608313	0.022138732050190322	02_91A
chondroitin_sodium_sulfate	BMAA	chondroitin_sodium_sulfate	A. caccae	CM02_91A	chondroitin_sodium_sulfate	2.75	-0.04444444444444445	3	0.03892062197363782	0.02247083157350746	02_91A
chondroitin_sodium_sulfate	BMAA	chondroitin_sodium_sulfate	A. caccae	CM02_91A	chondroitin_sodium_sulfate	3	-0.0377777777777778	3	0.03834540872608313	0.022138732050190322	02_91A
chondroitin_sodium_sulfate	BMAA	chondroitin_sodium_sulfate	A. caccae	CM02_91A	chondroitin_sodium_sulfate	3.25	-0.04444444444444445	3	0.04337604732431811	0.02504317259907701	02_91A
chondroitin_sodium_sulfate	BMAA	chondroitin_sodium_sulfate	A. caccae	CM02_91A	chondroitin_sodium_sulfate	3.5	-0.051111111111111086	3	0.043503937667670904	0.025117010123238498	02_91A
chondroitin_sodium_sulfate	BMAA	chondroitin_sodium_sulfate	A. caccae	CM02_91A	chondroitin_sodium_sulfate	3.75	-0.051111111111111086	3	0.043503937667670904	0.025117010123238498	02_91A
chondroitin_sodium_sulfate	BMAA	chondroitin_sodium_sulfate	A. caccae	CM02_91A	chondroitin_sodium_sulfate	4	-0.04777777777777777	3	0.04834291092846021	0.027910792637956604	02_91A
chondroitin_sodium_sulfate	BMAA	chondroitin_sodium_sulfate	A. caccae	CM02_91A	chondroitin_sodium_sulfate	4.25	-0.04777777777777777	3	0.04834291092846021	0.027910792637956604	02_91A
chondroitin_sodium_sulfate	BMAA	chondroitin_sodium_sulfate	A. caccae	CM02_91A	chondroitin_sodium_sulfate	4.5	-0.05444444444444443	3	0.04880042501332837	0.02817493851801328	02_91A
chondroitin_sodium_sulfate	BMAA	chondroitin_sodium_sulfate	A. caccae	CM02_91A	chondroitin_sodium_sulfate	4.75	-0.061111111111111095	3	0.05347204184673766	0.03087209775433292	02_91A
chondroitin_sodium_sulfate	BMAA	chondroitin_sodium_sulfate	A. caccae	CM02_91A	chondroitin_sodium_sulfate	5	-0.05777777777777776	3	0.048342910928460235	0.02791079263795662	02_91A
chondroitin_sodium_sulfate	BMAA	chondroitin_sodium_sulfate	A. caccae	CM02_91A	chondroitin_sodium_sulfate	5.25	-0.05444444444444443	3	0.04337604732431811	0.02504317259907701	02_91A
chondroitin_sodium_sulfate	BMAA	chondroitin_sodium_sulfate	A. caccae	CM02_91A	chondroitin_sodium_sulfate	5.5	-0.061111111111111095	3	0.05347204184673766	0.03087209775433292	02_91A
chondroitin_sodium_sulfate	BMAA	chondroitin_sodium_sulfate	A. caccae	CM02_91A	chondroitin_sodium_sulfate	5.75	-0.05444444444444444	3	0.058720934496550296	0.0339025473386497	02_91A
chondroitin_sodium_sulfate	BMAA	chondroitin_sodium_sulfate	A. caccae	CM02_91A	chondroitin_sodium_sulfate	6	-0.061111111111111095	3	0.05347204184673766	0.03087209775433292	02_91A
chondroitin_sodium_sulfate	BMAA	chondroitin_sodium_sulfate	A. caccae	CM02_91A	chondroitin_sodium_sulfate	6.25	-0.061111111111111095	3	0.05347204184673766	0.03087209775433292	02_91A
chondroitin_sodium_sulfate	BMAA	chondroitin_sodium_sulfate	A. caccae	CM02_91A	chondroitin_sodium_sulfate	6.5	-0.061111111111111095	3	0.05347204184673766	0.03087209775433292	02_91A
chondroitin_sodium_sulfate	BMAA	chondroitin_sodium_sulfate	A. caccae	CM02_91A	chondroitin_sodium_sulfate	6.75	-0.061111111111111095	3	0.05347204184673766	0.03087209775433292	02_91A
chondroitin_sodium_sulfate	BMAA	chondroitin_sodium_sulfate	A. caccae	CM02_91A	chondroitin_sodium_sulfate	7	-0.061111111111111095	3	0.05347204184673766	0.03087209775433292	02_91A
chondroitin_sodium_sulfate	BMAA	chondroitin_sodium_sulfate	A. caccae	CM02_91A	chondroitin_sodium_sulfate	7.25	-0.06777777777777777	3	0.05834126930144483	0.03368334753605362	02_91A
chondroitin_sodium_sulfate	BMAA	chondroitin_sodium_sulfate	A. caccae	CM02_91A	chondroitin_sodium_sulfate	7.5	-0.061111111111111095	3	0.05347204184673766	0.03087209775433292	02_91A
chondroitin_sodium_sulfate	BMAA	chondroitin_sodium_sulfate	A. caccae	CM02_91A	chondroitin_sodium_sulfate	7.75	-0.06777777777777777	3	0.05834126930144483	0.03368334753605362	02_91A
chondroitin_sodium_sulfate	BMAA	chondroitin_sodium_sulfate	A. caccae	CM02_91A	chondroitin_sodium_sulfate	8	-0.06777777777777777	3	0.05834126930144483	0.03368334753605362	02_91A
chondroitin_sodium_sulfate	BMAA	chondroitin_sodium_sulfate	A. caccae	CM02_91A	chondroitin_sodium_sulfate	8.25	-0.06777777777777777	3	0.05834126930144483	0.03368334753605362	02_91A
chondroitin_sodium_sulfate	BMAA	chondroitin_sodium_sulfate	A. caccae	CM02_91A	chondroitin_sodium_sulfate	8.5	-0.07444444444444444	3	0.05872093449655032	0.03390254733864971	02_91A
chondroitin_sodium_sulfate	BMAA	chondroitin_sodium_sulfate	A. caccae	CM02_91A	chondroitin_sodium_sulfate	8.75	-0.06777777777777777	3	0.05834126930144483	0.03368334753605362	02_91A
chondroitin_sodium_sulfate	BMAA	chondroitin_sodium_sulfate	A. caccae	CM02_91A	chondroitin_sodium_sulfate	9	-0.07111111111111111	3	0.05853140973807081	0.033793125168323467	02_91A
chondroitin_sodium_sulfate	BMAA	chondroitin_sodium_sulfate	A. caccae	CM02_91A	chondroitin_sodium_sulfate	9.25	-0.07111111111111111	3	0.05853140973807081	0.033793125168323467	02_91A
chondroitin_sodium_sulfate	BMAA	chondroitin_sodium_sulfate	A. caccae	CM02_91A	chondroitin_sodium_sulfate	9.5	-0.07444444444444444	3	0.06336256635281451	0.036582394740342986	02_91A
chondroitin_sodium_sulfate	BMAA	chondroitin_sodium_sulfate	A. caccae	CM02_91A	chondroitin_sodium_sulfate	9.75	-0.07444444444444444	3	0.06336256635281451	0.036582394740342986	02_91A
chondroitin_sodium_sulfate	BMAA	chondroitin_sodium_sulfate	A. caccae	CM02_91A	chondroitin_sodium_sulfate	10	-0.07444444444444444	3	0.06336256635281451	0.036582394740342986	02_91A
chondroitin_sodium_sulfate	BMAA	chondroitin_sodium_sulfate	A. caccae	CM02_91A	chondroitin_sodium_sulfate	10.25	-0.07444444444444444	3	0.06336256635281451	0.036582394740342986	02_91A
chondroitin_sodium_sulfate	BMAA	chondroitin_sodium_sulfate	A. caccae	CM02_91A	chondroitin_sodium_sulfate	10.5	-0.08444444444444445	3	0.06336256635281451	0.036582394740342986	02_91A
chondroitin_sodium_sulfate	BMAA	chondroitin_sodium_sulfate	A. caccae	CM02_91A	chondroitin_sodium_sulfate	10.75	-0.08111111111111112	3	0.06345018460119664	0.03663298115963233	02_91A
chondroitin_sodium_sulfate	BMAA	chondroitin_sodium_sulfate	A. caccae	CM02_91A	chondroitin_sodium_sulfate	11	-0.07777777777777778	3	0.06379945431091379	0.036834632120557306	02_91A
chondroitin_sodium_sulfate	BMAA	chondroitin_sodium_sulfate	A. caccae	CM02_91A	chondroitin_sodium_sulfate	11.25	-0.08111111111111112	3	0.06850250063021496	0.039549937179017114	02_91A
chondroitin_sodium_sulfate	BMAA	chondroitin_sodium_sulfate	A. caccae	CM02_91A	chondroitin_sodium_sulfate	11.5	-0.08111111111111112	3	0.06850250063021496	0.039549937179017114	02_91A
chondroitin_sodium_sulfate	BMAA	chondroitin_sodium_sulfate	A. caccae	CM02_91A	chondroitin_sodium_sulfate	11.75	-0.08111111111111112	3	0.06850250063021496	0.039549937179017114	02_91A
chondroitin_sodium_sulfate	BMAA	chondroitin_sodium_sulfate	A. caccae	CM02_91A	chondroitin_sodium_sulfate	12	-0.08111111111111112	3	0.06850250063021496	0.039549937179017114	02_91A
chondroitin_sodium_sulfate	BMAA	chondroitin_sodium_sulfate	A. caccae	CM02_91A	chondroitin_sodium_sulfate	12.25	-0.08444444444444445	3	0.06336256635281451	0.036582394740342986	02_91A
chondroitin_sodium_sulfate	BMAA	chondroitin_sodium_sulfate	A. caccae	CM02_91A	chondroitin_sodium_sulfate	12.5	-0.08111111111111112	3	0.06850250063021496	0.039549937179017114	02_91A
chondroitin_sodium_sulfate	BMAA	chondroitin_sodium_sulfate	A. caccae	CM02_91A	chondroitin_sodium_sulfate	12.75	-0.08444444444444443	3	0.07335858151219586	0.042353596783435386	02_91A
chondroitin_sodium_sulfate	BMAA	chondroitin_sodium_sulfate	A. caccae	CM02_91A	chondroitin_sodium_sulfate	13	-0.08777777777777777	3	0.06834010806525238	0.03945617978792158	02_91A
chondroitin_sodium_sulfate	BMAA	chondroitin_sodium_sulfate	A. caccae	CM02_91A	chondroitin_sodium_sulfate	13.25	-0.08777777777777777	3	0.06834010806525238	0.03945617978792158	02_91A
chondroitin_sodium_sulfate	BMAA	chondroitin_sodium_sulfate	A. caccae	CM02_91A	chondroitin_sodium_sulfate	13.5	-0.08444444444444443	3	0.07335858151219586	0.042353596783435386	02_91A
chondroitin_sodium_sulfate	BMAA	chondroitin_sodium_sulfate	A. caccae	CM02_91A	chondroitin_sodium_sulfate	13.75	-0.08444444444444443	3	0.07335858151219586	0.042353596783435386	02_91A
chondroitin_sodium_sulfate	BMAA	chondroitin_sodium_sulfate	A. caccae	CM02_91A	chondroitin_sodium_sulfate	14	-0.08777777777777777	3	0.06834010806525238	0.03945617978792158	02_91A
chondroitin_sodium_sulfate	BMAA	chondroitin_sodium_sulfate	A. caccae	CM02_91A	chondroitin_sodium_sulfate	14.25	-0.08777777777777777	3	0.06834010806525238	0.03945617978792158	02_91A
chondroitin_sodium_sulfate	BMAA	chondroitin_sodium_sulfate	A. caccae	CM02_91A	chondroitin_sodium_sulfate	14.5	-0.08777777777777777	3	0.06834010806525238	0.03945617978792158	02_91A
chondroitin_sodium_sulfate	BMAA	chondroitin_sodium_sulfate	A. caccae	CM02_91A	chondroitin_sodium_sulfate	14.75	-0.08777777777777777	3	0.06834010806525238	0.03945617978792158	02_91A
chondroitin_sodium_sulfate	BMAA	chondroitin_sodium_sulfate	A. caccae	CM02_91A	chondroitin_sodium_sulfate	15	-0.08444444444444443	3	0.07335858151219586	0.042353596783435386	02_91A
chondroitin_sodium_sulfate	BMAA	chondroitin_sodium_sulfate	A. caccae	CM02_91A	chondroitin_sodium_sulfate	15.25	-0.08777777777777777	3	0.06834010806525238	0.03945617978792158	02_91A
chondroitin_sodium_sulfate	BMAA	chondroitin_sodium_sulfate	A. caccae	CM02_91A	chondroitin_sodium_sulfate	15.5	-0.0911111111111111	3	0.07343427396381472	0.042397297840753155	02_91A
chondroitin_sodium_sulfate	BMAA	chondroitin_sodium_sulfate	A. caccae	CM02_91A	chondroitin_sodium_sulfate	15.75	-0.0911111111111111	3	0.07343427396381472	0.042397297840753155	02_91A
chondroitin_sodium_sulfate	BMAA	chondroitin_sodium_sulfate	A. caccae	CM02_91A	chondroitin_sodium_sulfate	16	-0.08777777777777777	3	0.06834010806525238	0.03945617978792158	02_91A
chondroitin_sodium_sulfate	BMAA	chondroitin_sodium_sulfate	A. caccae	CM02_91A	chondroitin_sodium_sulfate	16.25	-0.0911111111111111	3	0.07343427396381472	0.042397297840753155	02_91A
chondroitin_sodium_sulfate	BMAA	chondroitin_sodium_sulfate	A. caccae	CM02_91A	chondroitin_sodium_sulfate	16.5	-0.08444444444444443	3	0.07335858151219586	0.042353596783435386	02_91A
chondroitin_sodium_sulfate	BMAA	chondroitin_sodium_sulfate	A. caccae	CM02_91A	chondroitin_sodium_sulfate	16.75	-0.09444444444444444	3	0.07335858151219586	0.042353596783435386	02_91A
chondroitin_sodium_sulfate	BMAA	chondroitin_sodium_sulfate	A. caccae	CM02_91A	chondroitin_sodium_sulfate	17	-0.09777777777777778	3	0.07833924327587702	0.04522918319343918	02_91A
chondroitin_sodium_sulfate	BMAA	chondroitin_sodium_sulfate	A. caccae	CM02_91A	chondroitin_sodium_sulfate	17.25	-0.0911111111111111	3	0.07848094838404582	0.04531099667578598	02_91A
chondroitin_sodium_sulfate	BMAA	chondroitin_sodium_sulfate	A. caccae	CM02_91A	chondroitin_sodium_sulfate	17.5	-0.09444444444444444	3	0.07335858151219586	0.042353596783435386	02_91A
chondroitin_sodium_sulfate	BMAA	chondroitin_sodium_sulfate	A. caccae	CM02_91A	chondroitin_sodium_sulfate	17.75	-0.09777777777777776	3	0.07373626676905362	0.042571653468151165	02_91A
chondroitin_sodium_sulfate	BMAA	chondroitin_sodium_sulfate	A. caccae	CM02_91A	chondroitin_sodium_sulfate	18	-0.10444444444444444	3	0.07335858151219586	0.042353596783435386	02_91A
chondroitin_sodium_sulfate	BMAA	chondroitin_sodium_sulfate	A. caccae	CM02_91A	chondroitin_sodium_sulfate	18.25	-0.09777777777777776	3	0.07373626676905362	0.042571653468151165	02_91A
chondroitin_sodium_sulfate	BMAA	chondroitin_sodium_sulfate	A. caccae	CM02_91A	chondroitin_sodium_sulfate	18.5	-0.09777777777777776	3	0.07373626676905362	0.042571653468151165	02_91A
chondroitin_sodium_sulfate	BMAA	chondroitin_sodium_sulfate	A. caccae	CM02_91A	chondroitin_sodium_sulfate	18.75	-0.1011111111111111	3	0.07848094838404582	0.04531099667578598	02_91A
chondroitin_sodium_sulfate	BMAA	chondroitin_sodium_sulfate	A. caccae	CM02_91A	chondroitin_sodium_sulfate	19	-0.10444444444444444	3	0.07335858151219586	0.042353596783435386	02_91A
chondroitin_sodium_sulfate	BMAA	chondroitin_sodium_sulfate	A. caccae	CM02_91A	chondroitin_sodium_sulfate	19.25	-0.10444444444444444	3	0.07904522849703297	0.04563678395091746	02_91A
chondroitin_sodium_sulfate	BMAA	chondroitin_sodium_sulfate	A. caccae	CM02_91A	chondroitin_sodium_sulfate	19.5	-0.10444444444444444	3	0.07904522849703297	0.04563678395091746	02_91A
chondroitin_sodium_sulfate	BMAA	chondroitin_sodium_sulfate	A. caccae	CM02_91A	chondroitin_sodium_sulfate	19.75	-0.10444444444444444	3	0.07904522849703297	0.04563678395091746	02_91A
chondroitin_sodium_sulfate	BMAA	chondroitin_sodium_sulfate	A. caccae	CM02_91A	chondroitin_sodium_sulfate	20	-0.10777777777777776	3	0.07373626676905362	0.042571653468151165	02_91A
chondroitin_sodium_sulfate	BMAA	chondroitin_sodium_sulfate	A. caccae	CM02_91A	chondroitin_sodium_sulfate	20.25	-0.10444444444444444	3	0.07904522849703297	0.04563678395091746	02_91A
chondroitin_sodium_sulfate	BMAA	chondroitin_sodium_sulfate	A. caccae	CM02_91A	chondroitin_sodium_sulfate	20.5	-0.1111111111111111	3	0.07848094838404582	0.04531099667578598	02_91A
chondroitin_sodium_sulfate	BMAA	chondroitin_sodium_sulfate	A. caccae	CM02_91A	chondroitin_sodium_sulfate	20.75	-0.10444444444444444	3	0.07904522849703297	0.04563678395091746	02_91A
chondroitin_sodium_sulfate	BMAA	chondroitin_sodium_sulfate	A. caccae	CM02_91A	chondroitin_sodium_sulfate	21	-0.10444444444444444	3	0.07904522849703297	0.04563678395091746	02_91A
chondroitin_sodium_sulfate	BMAA	chondroitin_sodium_sulfate	A. caccae	CM02_91A	chondroitin_sodium_sulfate	21.25	-0.1111111111111111	3	0.07848094838404582	0.04531099667578598	02_91A
chondroitin_sodium_sulfate	BMAA	chondroitin_sodium_sulfate	A. caccae	CM02_91A	chondroitin_sodium_sulfate	21.5	-0.11444444444444445	3	0.07904522849703297	0.04563678395091746	02_91A
chondroitin_sodium_sulfate	BMAA	chondroitin_sodium_sulfate	A. caccae	CM02_91A	chondroitin_sodium_sulfate	21.75	-0.1111111111111111	3	0.07848094838404582	0.04531099667578598	02_91A
chondroitin_sodium_sulfate	BMAA	chondroitin_sodium_sulfate	A. caccae	CM02_91A	chondroitin_sodium_sulfate	22	-0.10444444444444444	3	0.07904522849703297	0.04563678395091746	02_91A
chondroitin_sodium_sulfate	BMAA	chondroitin_sodium_sulfate	A. caccae	CM02_91A	chondroitin_sodium_sulfate	22.25	-0.11444444444444445	3	0.07904522849703297	0.04563678395091746	02_91A
chondroitin_sodium_sulfate	BMAA	chondroitin_sodium_sulfate	A. caccae	CM02_91A	chondroitin_sodium_sulfate	22.5	-0.11777777777777777	3	0.08368813358955803	0.04831736645590869	02_91A
chondroitin_sodium_sulfate	BMAA	chondroitin_sodium_sulfate	A. caccae	CM02_91A	chondroitin_sodium_sulfate	22.75	-0.12111111111111111	3	0.07848094838404582	0.04531099667578598	02_91A
chondroitin_sodium_sulfate	BMAA	chondroitin_sodium_sulfate	A. caccae	CM02_91A	chondroitin_sodium_sulfate	23	-0.11444444444444445	3	0.07904522849703297	0.04563678395091746	02_91A
chondroitin_sodium_sulfate	BMAA	chondroitin_sodium_sulfate	A. caccae	CM02_91A	chondroitin_sodium_sulfate	23.25	-0.11777777777777777	3	0.08368813358955803	0.04831736645590869	02_91A
chondroitin_sodium_sulfate	BMAA	chondroitin_sodium_sulfate	A. caccae	CM02_91A	chondroitin_sodium_sulfate	23.5	-0.11777777777777777	3	0.08368813358955803	0.04831736645590869	02_91A
chondroitin_sodium_sulfate	BMAA	chondroitin_sodium_sulfate	A. caccae	CM02_91A	chondroitin_sodium_sulfate	23.75	-0.12111111111111111	3	0.07848094838404582	0.04531099667578598	02_91A
chondroitin_sodium_sulfate	BMAA	chondroitin_sodium_sulfate	A. caccae	CM02_91A	chondroitin_sodium_sulfate	24	-0.11777777777777777	3	0.08368813358955803	0.04831736645590869	02_91A
d_trehalose	BMAA	d_trehalose	A. caccae	CM02_91A	d_trehalose	0	0.021111111111111098	3	0.011706281947614148	0.006758625033664685	02_91A
d_trehalose	BMAA	d_trehalose	A. caccae	CM02_91A	d_trehalose	0.25	-0.0022222222222222365	3	0.00384900179459753	0.0022222222222222365	02_91A
d_trehalose	BMAA	d_trehalose	A. caccae	CM02_91A	d_trehalose	0.5	-0.018888888888888917	3	0.008388704928078635	0.004843221048378541	02_91A
d_trehalose	BMAA	d_trehalose	A. caccae	CM02_91A	d_trehalose	0.75	-0.018888888888888917	3	0.008388704928078635	0.004843221048378541	02_91A
d_trehalose	BMAA	d_trehalose	A. caccae	CM02_91A	d_trehalose	1	-0.022222222222222254	3	0.013471506281091299	0.007777777777777796	02_91A
d_trehalose	BMAA	d_trehalose	A. caccae	CM02_91A	d_trehalose	1.25	-0.022222222222222254	3	0.010715167512214411	0.006186404847588923	02_91A
d_trehalose	BMAA	d_trehalose	A. caccae	CM02_91A	d_trehalose	1.5	-0.018888888888888917	3	0.008388704928078635	0.004843221048378541	02_91A
d_trehalose	BMAA	d_trehalose	A. caccae	CM02_91A	d_trehalose	1.75	-0.015555555555555581	3	0.005091750772173164	0.002939723678960661	02_91A
d_trehalose	BMAA	d_trehalose	A. caccae	CM02_91A	d_trehalose	2	-0.022222222222222254	3	0.013471506281091299	0.007777777777777796	02_91A
d_trehalose	BMAA	d_trehalose	A. caccae	CM02_91A	d_trehalose	2.25	-0.025555555555555592	3	0.013877773329774246	0.00801233616769777	02_91A
d_trehalose	BMAA	d_trehalose	A. caccae	CM02_91A	d_trehalose	2.5	-0.018888888888888917	3	0.008388704928078635	0.004843221048378541	02_91A
d_trehalose	BMAA	d_trehalose	A. caccae	CM02_91A	d_trehalose	2.75	-0.018888888888888917	3	0.008388704928078635	0.004843221048378541	02_91A
d_trehalose	BMAA	d_trehalose	A. caccae	CM02_91A	d_trehalose	3	-0.00888888888888891	3	0.008388704928078635	0.004843221048378541	02_91A
d_trehalose	BMAA	d_trehalose	A. caccae	CM02_91A	d_trehalose	3.25	-0.00888888888888891	3	0.008388704928078635	0.004843221048378541	02_91A
d_trehalose	BMAA	d_trehalose	A. caccae	CM02_91A	d_trehalose	3.5	-0.015555555555555581	3	0.015030832509409663	0.008678055195451848	02_91A
d_trehalose	BMAA	d_trehalose	A. caccae	CM02_91A	d_trehalose	3.75	-0.00888888888888891	3	0.020092379244472377	0.011600340565456177	02_91A
d_trehalose	BMAA	d_trehalose	A. caccae	CM02_91A	d_trehalose	4	-0.00888888888888891	3	0.020092379244472377	0.011600340565456177	02_91A
d_trehalose	BMAA	d_trehalose	A. caccae	CM02_91A	d_trehalose	4.25	0.004444444444444436	3	0.0214303350244288	0.012372809695177834	02_91A
d_trehalose	BMAA	d_trehalose	A. caccae	CM02_91A	d_trehalose	4.5	0.004444444444444436	3	0.0214303350244288	0.012372809695177834	02_91A
d_trehalose	BMAA	d_trehalose	A. caccae	CM02_91A	d_trehalose	4.75	0.011111111111111108	3	0.02714842605082361	0.01567415108851766	02_91A
d_trehalose	BMAA	d_trehalose	A. caccae	CM02_91A	d_trehalose	5	0.021111111111111098	3	0.027148426050823588	0.01567415108851765	02_91A
d_trehalose	BMAA	d_trehalose	A. caccae	CM02_91A	d_trehalose	5.25	0.027777777777777773	3	0.02545875386086577	0.014698618394803279	02_91A
d_trehalose	BMAA	d_trehalose	A. caccae	CM02_91A	d_trehalose	5.5	0.027777777777777773	3	0.02545875386086577	0.014698618394803279	02_91A
d_trehalose	BMAA	d_trehalose	A. caccae	CM02_91A	d_trehalose	5.75	0.041111111111111064	3	0.027148426050823595	0.015674151088517652	02_91A
d_trehalose	BMAA	d_trehalose	A. caccae	CM02_91A	d_trehalose	6	0.05111111111111107	3	0.027148426050823595	0.015674151088517652	02_91A
d_trehalose	BMAA	d_trehalose	A. caccae	CM02_91A	d_trehalose	6.25	0.06444444444444442	3	0.03097191081059191	0.017881641043812322	02_91A
d_trehalose	BMAA	d_trehalose	A. caccae	CM02_91A	d_trehalose	6.5	0.06444444444444442	3	0.03863408589047492	0.02230539988876082	02_91A
d_trehalose	BMAA	d_trehalose	A. caccae	CM02_91A	d_trehalose	6.75	0.07444444444444442	3	0.03097191081059191	0.017881641043812322	02_91A
d_trehalose	BMAA	d_trehalose	A. caccae	CM02_91A	d_trehalose	7	0.08111111111111109	3	0.03656551704867632	0.021111111111111126	02_91A
d_trehalose	BMAA	d_trehalose	A. caccae	CM02_91A	d_trehalose	7.25	0.10111111111111111	3	0.03564225540521209	0.020578065752724594	02_91A
d_trehalose	BMAA	d_trehalose	A. caccae	CM02_91A	d_trehalose	7.5	0.11444444444444445	3	0.029876288132775035	0.01724908299584449	02_91A
d_trehalose	BMAA	d_trehalose	A. caccae	CM02_91A	d_trehalose	7.75	0.1011111111111111	3	0.031681283176407234	0.01829119737017148	02_91A
d_trehalose	BMAA	d_trehalose	A. caccae	CM02_91A	d_trehalose	8	0.09444444444444443	3	0.022194427061597986	0.012813958438523112	02_91A
d_trehalose	BMAA	d_trehalose	A. caccae	CM02_91A	d_trehalose	8.25	0.1277777777777777	3	0.05047918529600241	0.029144171219119993	02_91A
d_trehalose	BMAA	d_trehalose	A. caccae	CM02_91A	d_trehalose	8.5	0.13111111111111104	3	0.037466034000194104	0.021631024815479738	02_91A
d_trehalose	BMAA	d_trehalose	A. caccae	CM02_91A	d_trehalose	8.75	0.1311111111111111	3	0.03564225540521209	0.020578065752724594	02_91A
d_trehalose	BMAA	d_trehalose	A. caccae	CM02_91A	d_trehalose	9	0.16444444444444442	3	0.05189019746149161	0.029958819472695016	02_91A
d_trehalose	BMAA	d_trehalose	A. caccae	CM02_91A	d_trehalose	9.25	0.17111111111111107	3	0.04438885412319594	0.025627916877046207	02_91A
d_trehalose	BMAA	d_trehalose	A. caccae	CM02_91A	d_trehalose	9.5	0.17777777777777776	3	0.04141032256352047	0.02390826087927778	02_91A
d_trehalose	BMAA	d_trehalose	A. caccae	CM02_91A	d_trehalose	9.75	0.1911111111111111	3	0.03564225540521206	0.02057806575272458	02_91A
d_trehalose	BMAA	d_trehalose	A. caccae	CM02_91A	d_trehalose	10	0.20444444444444446	3	0.06185406959874123	0.035711463733307094	02_91A
d_trehalose	BMAA	d_trehalose	A. caccae	CM02_91A	d_trehalose	10.25	0.23777777777777773	3	0.059845480042201055	0.03455180401214716	02_91A
d_trehalose	BMAA	d_trehalose	A. caccae	CM02_91A	d_trehalose	10.5	0.25111111111111106	3	0.044388854123195966	0.02562791687704622	02_91A
d_trehalose	BMAA	d_trehalose	A. caccae	CM02_91A	d_trehalose	10.75	0.2744444444444444	3	0.048572206654209735	0.028043176586942123	02_91A
d_trehalose	BMAA	d_trehalose	A. caccae	CM02_91A	d_trehalose	11	0.2844444444444444	3	0.047179719434582525	0.02723922371584724	02_91A
d_trehalose	BMAA	d_trehalose	A. caccae	CM02_91A	d_trehalose	11.25	0.29777777777777775	3	0.05047918529600241	0.029144171219119993	02_91A
d_trehalose	BMAA	d_trehalose	A. caccae	CM02_91A	d_trehalose	11.5	0.3011111111111111	3	0.04729732589731722	0.027307123838765556	02_91A
d_trehalose	BMAA	d_trehalose	A. caccae	CM02_91A	d_trehalose	11.75	0.3244444444444444	3	0.05620728831085216	0.0324512930366894	02_91A
d_trehalose	BMAA	d_trehalose	A. caccae	CM02_91A	d_trehalose	12	0.34111111111111114	3	0.06379945431091373	0.03683463212055727	02_91A
d_trehalose	BMAA	d_trehalose	A. caccae	CM02_91A	d_trehalose	12.25	0.3477777777777778	3	0.0676866418245246	0.03907890087793106	02_91A
d_trehalose	BMAA	d_trehalose	A. caccae	CM02_91A	d_trehalose	12.5	0.37444444444444436	3	0.07343427396381469	0.04239729784075314	02_91A
d_trehalose	BMAA	d_trehalose	A. caccae	CM02_91A	d_trehalose	12.75	0.38444444444444437	3	0.06449231938191756	0.037234657955813426	02_91A
d_trehalose	BMAA	d_trehalose	A. caccae	CM02_91A	d_trehalose	13	0.3844444444444444	3	0.047881025392033885	0.02764412289916607	02_91A
d_trehalose	BMAA	d_trehalose	A. caccae	CM02_91A	d_trehalose	13.25	0.4211111111111111	3	0.05419443732558753	0.031289172978508265	02_91A
d_trehalose	BMAA	d_trehalose	A. caccae	CM02_91A	d_trehalose	13.5	0.4311111111111111	3	0.06379945431091373	0.03683463212055727	02_91A
d_trehalose	BMAA	d_trehalose	A. caccae	CM02_91A	d_trehalose	13.75	0.4477777777777778	3	0.05928587365312933	0.034228715112776364	02_91A
d_trehalose	BMAA	d_trehalose	A. caccae	CM02_91A	d_trehalose	14	0.4611111111111111	3	0.06167417371723517	0.03560760079769347	02_91A
d_trehalose	BMAA	d_trehalose	A. caccae	CM02_91A	d_trehalose	14.25	0.47444444444444445	3	0.07433657192745657	0.04291823981295103	02_91A
d_trehalose	BMAA	d_trehalose	A. caccae	CM02_91A	d_trehalose	14.5	0.4777777777777778	3	0.0760360538263361	0.04389943614475202	02_91A
d_trehalose	BMAA	d_trehalose	A. caccae	CM02_91A	d_trehalose	14.75	0.4944444444444444	3	0.06500712211693371	0.037531879453454556	02_91A
d_trehalose	BMAA	d_trehalose	A. caccae	CM02_91A	d_trehalose	15	0.4977777777777778	3	0.07647318581142117	0.04415181441401228	02_91A
d_trehalose	BMAA	d_trehalose	A. caccae	CM02_91A	d_trehalose	15.25	0.5077777777777778	3	0.07819728137739076	0.04514722145313347	02_91A
d_trehalose	BMAA	d_trehalose	A. caccae	CM02_91A	d_trehalose	15.5	0.5244444444444445	3	0.08382079650018805	0.04839395942307241	02_91A
d_trehalose	BMAA	d_trehalose	A. caccae	CM02_91A	d_trehalose	15.75	0.5277777777777778	3	0.07819728137739076	0.04514722145313347	02_91A
d_trehalose	BMAA	d_trehalose	A. caccae	CM02_91A	d_trehalose	16	0.5277777777777778	3	0.07647318581142122	0.044151814414012315	02_91A
d_trehalose	BMAA	d_trehalose	A. caccae	CM02_91A	d_trehalose	16.25	0.5411111111111111	3	0.08002314480013713	0.04620138419175957	02_91A
d_trehalose	BMAA	d_trehalose	A. caccae	CM02_91A	d_trehalose	16.5	0.5444444444444445	3	0.08655976312694372	0.0499753025423312	02_91A
d_trehalose	BMAA	d_trehalose	A. caccae	CM02_91A	d_trehalose	16.75	0.5477777777777778	3	0.07819728137739076	0.04514722145313347	02_91A
d_trehalose	BMAA	d_trehalose	A. caccae	CM02_91A	d_trehalose	17	0.5477777777777778	3	0.08513605668662462	0.04915332524576597	02_91A
d_trehalose	BMAA	d_trehalose	A. caccae	CM02_91A	d_trehalose	17.25	0.5611111111111111	3	0.07574323096513012	0.043730374787009876	02_91A
d_trehalose	BMAA	d_trehalose	A. caccae	CM02_91A	d_trehalose	17.5	0.5577777777777778	3	0.08112633038343034	0.04683830868524003	02_91A
d_trehalose	BMAA	d_trehalose	A. caccae	CM02_91A	d_trehalose	17.75	0.5577777777777778	3	0.07128451081042424	0.04115613150544922	02_91A
d_trehalose	BMAA	d_trehalose	A. caccae	CM02_91A	d_trehalose	18	0.5611111111111111	3	0.07574323096513012	0.043730374787009876	02_91A
d_trehalose	BMAA	d_trehalose	A. caccae	CM02_91A	d_trehalose	18.25	0.5677777777777778	3	0.0751541625470483	0.04339027597725923	02_91A
d_trehalose	BMAA	d_trehalose	A. caccae	CM02_91A	d_trehalose	18.5	0.5711111111111111	3	0.08228226036254949	0.04750568516984882	02_91A
d_trehalose	BMAA	d_trehalose	A. caccae	CM02_91A	d_trehalose	18.75	0.5744444444444445	3	0.06702680503046972	0.03869794392726226	02_91A
d_trehalose	BMAA	d_trehalose	A. caccae	CM02_91A	d_trehalose	19	0.5744444444444445	3	0.07676322421962617	0.044319268167064774	02_91A
d_trehalose	BMAA	d_trehalose	A. caccae	CM02_91A	d_trehalose	19.25	0.5877777777777778	3	0.08513605668662462	0.04915332524576597	02_91A
d_trehalose	BMAA	d_trehalose	A. caccae	CM02_91A	d_trehalose	19.5	0.5844444444444445	3	0.08036951697788951	0.04640136226182471	02_91A
d_trehalose	BMAA	d_trehalose	A. caccae	CM02_91A	d_trehalose	19.75	0.5877777777777777	3	0.08112633038343033	0.04683830868524002	02_91A
d_trehalose	BMAA	d_trehalose	A. caccae	CM02_91A	d_trehalose	20	0.5744444444444445	3	0.07500617258550082	0.043304833933122434	02_91A
d_trehalose	BMAA	d_trehalose	A. caccae	CM02_91A	d_trehalose	20.25	0.5677777777777778	3	0.09100264546419239	0.05254040185571955	02_91A
d_trehalose	BMAA	d_trehalose	A. caccae	CM02_91A	d_trehalose	20.5	0.5511111111111111	3	0.08565650609870244	0.04945380685392868	02_91A
d_trehalose	BMAA	d_trehalose	A. caccae	CM02_91A	d_trehalose	20.75	0.5411111111111111	3	0.08565650609870244	0.04945380685392868	02_91A
d_trehalose	BMAA	d_trehalose	A. caccae	CM02_91A	d_trehalose	21	0.5277777777777778	3	0.08112633038343034	0.04683830868524003	02_91A
d_trehalose	BMAA	d_trehalose	A. caccae	CM02_91A	d_trehalose	21.25	0.5111111111111111	3	0.08228226036254949	0.04750568516984882	02_91A
d_trehalose	BMAA	d_trehalose	A. caccae	CM02_91A	d_trehalose	21.5	0.4977777777777778	3	0.08112633038343027	0.046838308685239985	02_91A
d_trehalose	BMAA	d_trehalose	A. caccae	CM02_91A	d_trehalose	21.75	0.4877777777777778	3	0.08783401855098523	0.050710994254417906	02_91A
d_trehalose	BMAA	d_trehalose	A. caccae	CM02_91A	d_trehalose	22	0.47444444444444445	3	0.08382079650018799	0.04839395942307238	02_91A
d_trehalose	BMAA	d_trehalose	A. caccae	CM02_91A	d_trehalose	22.25	0.46444444444444444	3	0.08382079650018799	0.04839395942307238	02_91A
d_trehalose	BMAA	d_trehalose	A. caccae	CM02_91A	d_trehalose	22.5	0.4477777777777778	3	0.08572134009771516	0.049491238780711315	02_91A
d_trehalose	BMAA	d_trehalose	A. caccae	CM02_91A	d_trehalose	22.75	0.4344444444444444	3	0.08221471437193748	0.047466687473986295	02_91A
d_trehalose	BMAA	d_trehalose	A. caccae	CM02_91A	d_trehalose	23	0.4244444444444444	3	0.08221471437193748	0.047466687473986295	02_91A
d_trehalose	BMAA	d_trehalose	A. caccae	CM02_91A	d_trehalose	23.25	0.4144444444444444	3	0.08221471437193748	0.047466687473986295	02_91A
d_trehalose	BMAA	d_trehalose	A. caccae	CM02_91A	d_trehalose	23.5	0.4044444444444444	3	0.08221471437193748	0.047466687473986295	02_91A
d_trehalose	BMAA	d_trehalose	A. caccae	CM02_91A	d_trehalose	23.75	0.3944444444444444	3	0.08221471437193748	0.047466687473986295	02_91A
d_trehalose	BMAA	d_trehalose	A. caccae	CM02_91A	d_trehalose	24	0.38444444444444437	3	0.08180826726311097	0.04723202512629397	02_91A
sucrose	BMAA	sucrose	A. caccae	CM02_91A	sucrose	0	0.033333333333333354	3	0.008819171036882	0.005091750772173174	02_91A
sucrose	BMAA	sucrose	A. caccae	CM02_91A	sucrose	0.25	-0.013333333333333327	3	0.003333333333333327	0.001924500897298749	02_91A
sucrose	BMAA	sucrose	A. caccae	CM02_91A	sucrose	0.5	-0.01999999999999999	3	0.006666666666666682	0.003849001794597514	02_91A
sucrose	BMAA	sucrose	A. caccae	CM02_91A	sucrose	0.75	-0.023333333333333327	3	0.003333333333333341	0.001924500897298757	02_91A
sucrose	BMAA	sucrose	A. caccae	CM02_91A	sucrose	1	-0.026666666666666644	3	0.008819171036881951	0.005091750772173146	02_91A
sucrose	BMAA	sucrose	A. caccae	CM02_91A	sucrose	1.25	-0.02999999999999998	3	0.014529663145135567	0.008388704928078604	02_91A
sucrose	BMAA	sucrose	A. caccae	CM02_91A	sucrose	1.5	-0.026666666666666644	3	0.008819171036881951	0.005091750772173146	02_91A
sucrose	BMAA	sucrose	A. caccae	CM02_91A	sucrose	1.75	-0.026666666666666644	3	0.008819171036881951	0.005091750772173146	02_91A
sucrose	BMAA	sucrose	A. caccae	CM02_91A	sucrose	2	-0.03666666666666665	3	0.008819171036881951	0.005091750772173146	02_91A
sucrose	BMAA	sucrose	A. caccae	CM02_91A	sucrose	2.25	-0.03999999999999999	3	0.014529663145135567	0.008388704928078604	02_91A
sucrose	BMAA	sucrose	A. caccae	CM02_91A	sucrose	2.5	-0.03666666666666665	3	0.008819171036881951	0.005091750772173146	02_91A
sucrose	BMAA	sucrose	A. caccae	CM02_91A	sucrose	2.75	-0.03666666666666665	3	0.008819171036881951	0.005091750772173146	02_91A
sucrose	BMAA	sucrose	A. caccae	CM02_91A	sucrose	3	-0.04333333333333333	3	0.02027587510099406	0.011706281947614151	02_91A
sucrose	BMAA	sucrose	A. caccae	CM02_91A	sucrose	3.25	-0.03999999999999999	3	0.014529663145135567	0.008388704928078604	02_91A
sucrose	BMAA	sucrose	A. caccae	CM02_91A	sucrose	3.5	-0.04333333333333333	3	0.02027587510099406	0.011706281947614151	02_91A
sucrose	BMAA	sucrose	A. caccae	CM02_91A	sucrose	3.75	-0.04666666666666664	3	0.01855921454276674	0.010715167512214395	02_91A
sucrose	BMAA	sucrose	A. caccae	CM02_91A	sucrose	4	-0.04666666666666664	3	0.01855921454276674	0.010715167512214395	02_91A
sucrose	BMAA	sucrose	A. caccae	CM02_91A	sucrose	4.25	-0.04666666666666664	3	0.01855921454276674	0.010715167512214395	02_91A
sucrose	BMAA	sucrose	A. caccae	CM02_91A	sucrose	4.5	-0.053333333333333316	3	0.02333333333333333	0.013471506281091268	02_91A
sucrose	BMAA	sucrose	A. caccae	CM02_91A	sucrose	4.75	-0.053333333333333316	3	0.02333333333333333	0.013471506281091268	02_91A
sucrose	BMAA	sucrose	A. caccae	CM02_91A	sucrose	5	-0.05666666666666665	3	0.01855921454276674	0.010715167512214395	02_91A
sucrose	BMAA	sucrose	A. caccae	CM02_91A	sucrose	5.25	-0.05666666666666665	3	0.01855921454276674	0.010715167512214395	02_91A
sucrose	BMAA	sucrose	A. caccae	CM02_91A	sucrose	5.5	-0.06333333333333332	3	0.02333333333333333	0.013471506281091268	02_91A
sucrose	BMAA	sucrose	A. caccae	CM02_91A	sucrose	5.75	-0.06333333333333331	3	0.03333333333333331	0.019245008972987514	02_91A
sucrose	BMAA	sucrose	A. caccae	CM02_91A	sucrose	6	-0.06333333333333332	3	0.02333333333333333	0.013471506281091268	02_91A
sucrose	BMAA	sucrose	A. caccae	CM02_91A	sucrose	6.25	-0.06333333333333332	3	0.02333333333333333	0.013471506281091268	02_91A
sucrose	BMAA	sucrose	A. caccae	CM02_91A	sucrose	6.5	-0.06333333333333332	3	0.02333333333333333	0.013471506281091268	02_91A
sucrose	BMAA	sucrose	A. caccae	CM02_91A	sucrose	6.75	-0.06666666666666664	3	0.028480012484391744	0.016442942874387478	02_91A
sucrose	BMAA	sucrose	A. caccae	CM02_91A	sucrose	7	-0.06333333333333332	3	0.02333333333333333	0.013471506281091268	02_91A
sucrose	BMAA	sucrose	A. caccae	CM02_91A	sucrose	7.25	-0.06333333333333332	3	0.02333333333333333	0.013471506281091268	02_91A
sucrose	BMAA	sucrose	A. caccae	CM02_91A	sucrose	7.5	-0.06666666666666667	3	0.024037008503093253	0.013877773329774214	02_91A
sucrose	BMAA	sucrose	A. caccae	CM02_91A	sucrose	7.75	-0.06999999999999998	3	0.028480012484391744	0.016442942874387478	02_91A
sucrose	BMAA	sucrose	A. caccae	CM02_91A	sucrose	8	-0.07333333333333332	3	0.03333333333333331	0.019245008972987514	02_91A
sucrose	BMAA	sucrose	A. caccae	CM02_91A	sucrose	8.25	-0.06999999999999998	3	0.028480012484391744	0.016442942874387478	02_91A
sucrose	BMAA	sucrose	A. caccae	CM02_91A	sucrose	8.5	-0.06999999999999998	3	0.028480012484391744	0.016442942874387478	02_91A
sucrose	BMAA	sucrose	A. caccae	CM02_91A	sucrose	8.75	-0.07333333333333332	3	0.03333333333333331	0.019245008972987514	02_91A
sucrose	BMAA	sucrose	A. caccae	CM02_91A	sucrose	9	-0.07333333333333332	3	0.03333333333333331	0.019245008972987514	02_91A
sucrose	BMAA	sucrose	A. caccae	CM02_91A	sucrose	9.25	-0.07333333333333332	3	0.03333333333333331	0.019245008972987514	02_91A
sucrose	BMAA	sucrose	A. caccae	CM02_91A	sucrose	9.5	-0.07666666666666665	3	0.03382963855030738	0.019531550923607706	02_91A
sucrose	BMAA	sucrose	A. caccae	CM02_91A	sucrose	9.75	-0.07666666666666665	3	0.03382963855030738	0.019531550923607706	02_91A
sucrose	BMAA	sucrose	A. caccae	CM02_91A	sucrose	10	-0.07666666666666665	3	0.03382963855030738	0.019531550923607706	02_91A
sucrose	BMAA	sucrose	A. caccae	CM02_91A	sucrose	10.25	-0.07999999999999999	3	0.0384418753155693	0.022194427061597966	02_91A
sucrose	BMAA	sucrose	A. caccae	CM02_91A	sucrose	10.5	-0.07666666666666665	3	0.03382963855030738	0.019531550923607706	02_91A
sucrose	BMAA	sucrose	A. caccae	CM02_91A	sucrose	10.75	-0.07666666666666665	3	0.03382963855030738	0.019531550923607706	02_91A
sucrose	BMAA	sucrose	A. caccae	CM02_91A	sucrose	11	-0.07999999999999999	3	0.0384418753155693	0.022194427061597966	02_91A
sucrose	BMAA	sucrose	A. caccae	CM02_91A	sucrose	11.25	-0.08333333333333333	3	0.0392994204085053	0.02268953095184681	02_91A
sucrose	BMAA	sucrose	A. caccae	CM02_91A	sucrose	11.5	-0.08666666666666666	3	0.04371625682867999	0.025239592648001206	02_91A
sucrose	BMAA	sucrose	A. caccae	CM02_91A	sucrose	11.75	-0.07999999999999999	3	0.035276684147527854	0.02036700308869261	02_91A
sucrose	BMAA	sucrose	A. caccae	CM02_91A	sucrose	12	-0.08666666666666666	3	0.03382963855030739	0.019531550923607716	02_91A
sucrose	BMAA	sucrose	A. caccae	CM02_91A	sucrose	12.25	-0.08666666666666666	3	0.03382963855030739	0.019531550923607716	02_91A
sucrose	BMAA	sucrose	A. caccae	CM02_91A	sucrose	12.5	-0.08666666666666666	3	0.04371625682867999	0.025239592648001206	02_91A
sucrose	BMAA	sucrose	A. caccae	CM02_91A	sucrose	12.75	-0.08999999999999998	3	0.038441875315569314	0.022194427061597976	02_91A
sucrose	BMAA	sucrose	A. caccae	CM02_91A	sucrose	13	-0.08666666666666666	3	0.03382963855030739	0.019531550923607716	02_91A
sucrose	BMAA	sucrose	A. caccae	CM02_91A	sucrose	13.25	-0.08666666666666666	3	0.03382963855030739	0.019531550923607716	02_91A
sucrose	BMAA	sucrose	A. caccae	CM02_91A	sucrose	13.5	-0.08999999999999997	3	0.03527668414752786	0.020367003088692614	02_91A
sucrose	BMAA	sucrose	A. caccae	CM02_91A	sucrose	13.75	-0.09333333333333331	3	0.039299420408505314	0.022689530951846816	02_91A
sucrose	BMAA	sucrose	A. caccae	CM02_91A	sucrose	14	-0.09333333333333331	3	0.039299420408505314	0.022689530951846816	02_91A
sucrose	BMAA	sucrose	A. caccae	CM02_91A	sucrose	14.25	-0.09666666666666664	3	0.04371625682868	0.025239592648001217	02_91A
sucrose	BMAA	sucrose	A. caccae	CM02_91A	sucrose	14.5	-0.08999999999999997	3	0.03527668414752786	0.020367003088692614	02_91A
sucrose	BMAA	sucrose	A. caccae	CM02_91A	sucrose	14.75	-0.09333333333333331	3	0.039299420408505314	0.022689530951846816	02_91A
sucrose	BMAA	sucrose	A. caccae	CM02_91A	sucrose	15	-0.09666666666666664	3	0.04371625682868	0.025239592648001217	02_91A
sucrose	BMAA	sucrose	A. caccae	CM02_91A	sucrose	15.25	-0.09666666666666664	3	0.04371625682868	0.025239592648001217	02_91A
sucrose	BMAA	sucrose	A. caccae	CM02_91A	sucrose	15.5	-0.09333333333333331	3	0.039299420408505314	0.022689530951846816	02_91A
sucrose	BMAA	sucrose	A. caccae	CM02_91A	sucrose	15.75	-0.09666666666666664	3	0.040960685758148346	0.023648662948658618	02_91A
sucrose	BMAA	sucrose	A. caccae	CM02_91A	sucrose	16	-0.09666666666666664	3	0.040960685758148346	0.023648662948658618	02_91A
sucrose	BMAA	sucrose	A. caccae	CM02_91A	sucrose	16.25	-0.09999999999999998	3	0.0448454134902457	0.02589151155051343	02_91A
sucrose	BMAA	sucrose	A. caccae	CM02_91A	sucrose	16.5	-0.09999999999999998	3	0.0448454134902457	0.02589151155051343	02_91A
sucrose	BMAA	sucrose	A. caccae	CM02_91A	sucrose	16.75	-0.09666666666666664	3	0.040960685758148346	0.023648662948658618	02_91A
sucrose	BMAA	sucrose	A. caccae	CM02_91A	sucrose	17	-0.09999999999999998	3	0.0448454134902457	0.02589151155051343	02_91A
sucrose	BMAA	sucrose	A. caccae	CM02_91A	sucrose	17.25	-0.09999999999999998	3	0.0448454134902457	0.02589151155051343	02_91A
sucrose	BMAA	sucrose	A. caccae	CM02_91A	sucrose	17.5	-0.09999999999999998	3	0.0448454134902457	0.02589151155051343	02_91A
sucrose	BMAA	sucrose	A. caccae	CM02_91A	sucrose	17.75	-0.09999999999999998	3	0.0448454134902457	0.02589151155051343	02_91A
sucrose	BMAA	sucrose	A. caccae	CM02_91A	sucrose	18	-0.09999999999999998	3	0.0448454134902457	0.02589151155051343	02_91A
sucrose	BMAA	sucrose	A. caccae	CM02_91A	sucrose	18.25	-0.10333333333333332	3	0.04666666666666666	0.026943012562182535	02_91A
sucrose	BMAA	sucrose	A. caccae	CM02_91A	sucrose	18.5	-0.10333333333333332	3	0.04666666666666666	0.026943012562182535	02_91A
sucrose	BMAA	sucrose	A. caccae	CM02_91A	sucrose	18.75	-0.10333333333333332	3	0.04666666666666666	0.026943012562182535	02_91A
sucrose	BMAA	sucrose	A. caccae	CM02_91A	sucrose	19	-0.10333333333333332	3	0.04666666666666666	0.026943012562182535	02_91A
sucrose	BMAA	sucrose	A. caccae	CM02_91A	sucrose	19.25	-0.10333333333333332	3	0.04666666666666666	0.026943012562182535	02_91A
sucrose	BMAA	sucrose	A. caccae	CM02_91A	sucrose	19.5	-0.10333333333333332	3	0.04666666666666666	0.026943012562182535	02_91A
sucrose	BMAA	sucrose	A. caccae	CM02_91A	sucrose	19.75	-0.10333333333333332	3	0.04666666666666666	0.026943012562182535	02_91A
sucrose	BMAA	sucrose	A. caccae	CM02_91A	sucrose	20	-0.10666666666666665	3	0.05044248650140519	0.029122983160180353	02_91A
sucrose	BMAA	sucrose	A. caccae	CM02_91A	sucrose	20.25	-0.10333333333333332	3	0.04666666666666666	0.026943012562182535	02_91A
sucrose	BMAA	sucrose	A. caccae	CM02_91A	sucrose	20.5	-0.10333333333333332	3	0.04666666666666666	0.026943012562182535	02_91A
sucrose	BMAA	sucrose	A. caccae	CM02_91A	sucrose	20.75	-0.10333333333333332	3	0.04666666666666666	0.026943012562182535	02_91A
sucrose	BMAA	sucrose	A. caccae	CM02_91A	sucrose	21	-0.10666666666666665	3	0.05044248650140519	0.029122983160180353	02_91A
sucrose	BMAA	sucrose	A. caccae	CM02_91A	sucrose	21.25	-0.10333333333333332	3	0.04666666666666666	0.026943012562182535	02_91A
sucrose	BMAA	sucrose	A. caccae	CM02_91A	sucrose	21.5	-0.10666666666666665	3	0.049103066208854115	0.028349668493717943	02_91A
sucrose	BMAA	sucrose	A. caccae	CM02_91A	sucrose	21.75	-0.10666666666666665	3	0.049103066208854115	0.028349668493717943	02_91A
sucrose	BMAA	sucrose	A. caccae	CM02_91A	sucrose	22	-0.10999999999999999	3	0.0523874454850057	0.03024590575292489	02_91A
sucrose	BMAA	sucrose	A. caccae	CM02_91A	sucrose	22.25	-0.10666666666666665	3	0.049103066208854115	0.028349668493717943	02_91A
sucrose	BMAA	sucrose	A. caccae	CM02_91A	sucrose	22.5	-0.10666666666666665	3	0.049103066208854115	0.028349668493717943	02_91A
sucrose	BMAA	sucrose	A. caccae	CM02_91A	sucrose	22.75	-0.10666666666666665	3	0.049103066208854115	0.028349668493717943	02_91A
sucrose	BMAA	sucrose	A. caccae	CM02_91A	sucrose	23	-0.10999999999999999	3	0.0523874454850057	0.03024590575292489	02_91A
sucrose	BMAA	sucrose	A. caccae	CM02_91A	sucrose	23.25	-0.10666666666666665	3	0.049103066208854115	0.028349668493717943	02_91A
sucrose	BMAA	sucrose	A. caccae	CM02_91A	sucrose	23.5	-0.10666666666666665	3	0.049103066208854115	0.028349668493717943	02_91A
sucrose	BMAA	sucrose	A. caccae	CM02_91A	sucrose	23.75	-0.10666666666666665	3	0.049103066208854115	0.028349668493717943	02_91A
sucrose	BMAA	sucrose	A. caccae	CM02_91A	sucrose	24	-0.10999999999999999	3	0.0523874454850057	0.03024590575292489	02_91A
chondroitin_sodium_sulfate	BMAA	chondroitin_sodium_sulfate	A. caccae	CM06_28	chondroitin_sodium_sulfate	0	0	3	0.003333333333333355	0.001924500897298765	06_28
chondroitin_sodium_sulfate	BMAA	chondroitin_sodium_sulfate	A. caccae	CM06_28	chondroitin_sodium_sulfate	0.25	0.003333333333333336	3	0.003333333333333327	0.001924500897298749	06_28
chondroitin_sodium_sulfate	BMAA	chondroitin_sodium_sulfate	A. caccae	CM06_28	chondroitin_sodium_sulfate	0.5	-0.003333333333333336	3	0.003333333333333327	0.001924500897298749	06_28
chondroitin_sodium_sulfate	BMAA	chondroitin_sodium_sulfate	A. caccae	CM06_28	chondroitin_sodium_sulfate	0.75	-0.003333333333333336	3	0.003333333333333327	0.001924500897298749	06_28
chondroitin_sodium_sulfate	BMAA	chondroitin_sodium_sulfate	A. caccae	CM06_28	chondroitin_sodium_sulfate	1	-0.006666666666666672	3	0.006666666666666682	0.003849001794597514	06_28
chondroitin_sodium_sulfate	BMAA	chondroitin_sodium_sulfate	A. caccae	CM06_28	chondroitin_sodium_sulfate	1.25	-0.010000000000000009	3	0.003333333333333355	0.001924500897298765	06_28
chondroitin_sodium_sulfate	BMAA	chondroitin_sodium_sulfate	A. caccae	CM06_28	chondroitin_sodium_sulfate	1.5	-0.010000000000000009	3	0.003333333333333355	0.001924500897298765	06_28
chondroitin_sodium_sulfate	BMAA	chondroitin_sodium_sulfate	A. caccae	CM06_28	chondroitin_sodium_sulfate	1.75	-0.010000000000000009	3	0.003333333333333355	0.001924500897298765	06_28
chondroitin_sodium_sulfate	BMAA	chondroitin_sodium_sulfate	A. caccae	CM06_28	chondroitin_sodium_sulfate	2	-0.010000000000000009	3	0.003333333333333355	0.001924500897298765	06_28
chondroitin_sodium_sulfate	BMAA	chondroitin_sodium_sulfate	A. caccae	CM06_28	chondroitin_sodium_sulfate	2.25	-0.010000000000000009	3	0.003333333333333355	0.001924500897298765	06_28
chondroitin_sodium_sulfate	BMAA	chondroitin_sodium_sulfate	A. caccae	CM06_28	chondroitin_sodium_sulfate	2.5	-0.010000000000000009	3	0.003333333333333355	0.001924500897298765	06_28
chondroitin_sodium_sulfate	BMAA	chondroitin_sodium_sulfate	A. caccae	CM06_28	chondroitin_sodium_sulfate	2.75	-0.013333333333333345	3	0.012018504251546646	0.006938886664887118	06_28
chondroitin_sodium_sulfate	BMAA	chondroitin_sodium_sulfate	A. caccae	CM06_28	chondroitin_sodium_sulfate	3	-0.013333333333333345	3	0.012018504251546646	0.006938886664887118	06_28
chondroitin_sodium_sulfate	BMAA	chondroitin_sodium_sulfate	A. caccae	CM06_28	chondroitin_sodium_sulfate	3.25	-0.01666666666666668	3	0.006666666666666682	0.003849001794597514	06_28
chondroitin_sodium_sulfate	BMAA	chondroitin_sodium_sulfate	A. caccae	CM06_28	chondroitin_sodium_sulfate	3.5	-0.020000000000000018	3	0.012018504251546654	0.006938886664887123	06_28
chondroitin_sodium_sulfate	BMAA	chondroitin_sodium_sulfate	A. caccae	CM06_28	chondroitin_sodium_sulfate	3.75	-0.01666666666666668	3	0.01666666666666669	0.009622504486493778	06_28
chondroitin_sodium_sulfate	BMAA	chondroitin_sodium_sulfate	A. caccae	CM06_28	chondroitin_sodium_sulfate	4	-0.01666666666666668	3	0.01666666666666669	0.009622504486493778	06_28
chondroitin_sodium_sulfate	BMAA	chondroitin_sodium_sulfate	A. caccae	CM06_28	chondroitin_sodium_sulfate	4.25	-0.01666666666666668	3	0.01666666666666669	0.009622504486493778	06_28
chondroitin_sodium_sulfate	BMAA	chondroitin_sodium_sulfate	A. caccae	CM06_28	chondroitin_sodium_sulfate	4.5	-0.020000000000000018	3	0.012018504251546654	0.006938886664887123	06_28
chondroitin_sodium_sulfate	BMAA	chondroitin_sodium_sulfate	A. caccae	CM06_28	chondroitin_sodium_sulfate	4.75	-0.01666666666666668	3	0.01666666666666669	0.009622504486493778	06_28
chondroitin_sodium_sulfate	BMAA	chondroitin_sodium_sulfate	A. caccae	CM06_28	chondroitin_sodium_sulfate	5	-0.023333333333333355	3	0.012018504251546646	0.006938886664887118	06_28
chondroitin_sodium_sulfate	BMAA	chondroitin_sodium_sulfate	A. caccae	CM06_28	chondroitin_sodium_sulfate	5.25	-0.026666666666666682	3	0.016666666666666677	0.00962250448649377	06_28
chondroitin_sodium_sulfate	BMAA	chondroitin_sodium_sulfate	A. caccae	CM06_28	chondroitin_sodium_sulfate	5.5	-0.026666666666666682	3	0.016666666666666677	0.00962250448649377	06_28
chondroitin_sodium_sulfate	BMAA	chondroitin_sodium_sulfate	A. caccae	CM06_28	chondroitin_sodium_sulfate	5.75	-0.026666666666666682	3	0.016666666666666677	0.00962250448649377	06_28
chondroitin_sodium_sulfate	BMAA	chondroitin_sodium_sulfate	A. caccae	CM06_28	chondroitin_sodium_sulfate	6	-0.026666666666666682	3	0.016666666666666677	0.00962250448649377	06_28
chondroitin_sodium_sulfate	BMAA	chondroitin_sodium_sulfate	A. caccae	CM06_28	chondroitin_sodium_sulfate	6.25	-0.026666666666666682	3	0.016666666666666677	0.00962250448649377	06_28
chondroitin_sodium_sulfate	BMAA	chondroitin_sodium_sulfate	A. caccae	CM06_28	chondroitin_sodium_sulfate	6.5	-0.03333333333333335	3	0.021858128414340015	0.012619796324000615	06_28
chondroitin_sodium_sulfate	BMAA	chondroitin_sodium_sulfate	A. caccae	CM06_28	chondroitin_sodium_sulfate	6.75	-0.03333333333333335	3	0.021858128414340015	0.012619796324000615	06_28
chondroitin_sodium_sulfate	BMAA	chondroitin_sodium_sulfate	A. caccae	CM06_28	chondroitin_sodium_sulfate	7	-0.03333333333333335	3	0.021858128414340015	0.012619796324000615	06_28
chondroitin_sodium_sulfate	BMAA	chondroitin_sodium_sulfate	A. caccae	CM06_28	chondroitin_sodium_sulfate	7.25	-0.03333333333333335	3	0.021858128414340015	0.012619796324000615	06_28
chondroitin_sodium_sulfate	BMAA	chondroitin_sodium_sulfate	A. caccae	CM06_28	chondroitin_sodium_sulfate	7.5	-0.03333333333333335	3	0.021858128414340015	0.012619796324000615	06_28
chondroitin_sodium_sulfate	BMAA	chondroitin_sodium_sulfate	A. caccae	CM06_28	chondroitin_sodium_sulfate	7.75	-0.040000000000000015	3	0.01763834207376394	0.010183501544346314	06_28
chondroitin_sodium_sulfate	BMAA	chondroitin_sodium_sulfate	A. caccae	CM06_28	chondroitin_sodium_sulfate	8	-0.043333333333333356	3	0.021858128414340015	0.012619796324000615	06_28
chondroitin_sodium_sulfate	BMAA	chondroitin_sodium_sulfate	A. caccae	CM06_28	chondroitin_sodium_sulfate	8.25	-0.043333333333333356	3	0.021858128414340015	0.012619796324000615	06_28
chondroitin_sodium_sulfate	BMAA	chondroitin_sodium_sulfate	A. caccae	CM06_28	chondroitin_sodium_sulfate	8.5	-0.043333333333333356	3	0.021858128414340015	0.012619796324000615	06_28
chondroitin_sodium_sulfate	BMAA	chondroitin_sodium_sulfate	A. caccae	CM06_28	chondroitin_sodium_sulfate	8.75	-0.043333333333333356	3	0.021858128414340015	0.012619796324000615	06_28
chondroitin_sodium_sulfate	BMAA	chondroitin_sodium_sulfate	A. caccae	CM06_28	chondroitin_sodium_sulfate	9	-0.043333333333333356	3	0.021858128414340015	0.012619796324000615	06_28
chondroitin_sodium_sulfate	BMAA	chondroitin_sodium_sulfate	A. caccae	CM06_28	chondroitin_sodium_sulfate	9.25	-0.050000000000000024	3	0.01763834207376394	0.010183501544346314	06_28
chondroitin_sodium_sulfate	BMAA	chondroitin_sodium_sulfate	A. caccae	CM06_28	chondroitin_sodium_sulfate	9.5	-0.050000000000000024	3	0.01763834207376394	0.010183501544346314	06_28
chondroitin_sodium_sulfate	BMAA	chondroitin_sodium_sulfate	A. caccae	CM06_28	chondroitin_sodium_sulfate	9.75	-0.050000000000000024	3	0.01763834207376394	0.010183501544346314	06_28
chondroitin_sodium_sulfate	BMAA	chondroitin_sodium_sulfate	A. caccae	CM06_28	chondroitin_sodium_sulfate	10	-0.050000000000000024	3	0.01763834207376394	0.010183501544346314	06_28
chondroitin_sodium_sulfate	BMAA	chondroitin_sodium_sulfate	A. caccae	CM06_28	chondroitin_sodium_sulfate	10.25	-0.050000000000000024	3	0.01763834207376394	0.010183501544346314	06_28
chondroitin_sodium_sulfate	BMAA	chondroitin_sodium_sulfate	A. caccae	CM06_28	chondroitin_sodium_sulfate	10.5	-0.05333333333333335	3	0.012018504251546646	0.006938886664887118	06_28
chondroitin_sodium_sulfate	BMAA	chondroitin_sodium_sulfate	A. caccae	CM06_28	chondroitin_sodium_sulfate	10.75	-0.05666666666666668	3	0.016666666666666677	0.00962250448649377	06_28
chondroitin_sodium_sulfate	BMAA	chondroitin_sodium_sulfate	A. caccae	CM06_28	chondroitin_sodium_sulfate	11	-0.05666666666666668	3	0.016666666666666677	0.00962250448649377	06_28
chondroitin_sodium_sulfate	BMAA	chondroitin_sodium_sulfate	A. caccae	CM06_28	chondroitin_sodium_sulfate	11.25	-0.05666666666666668	3	0.016666666666666677	0.00962250448649377	06_28
chondroitin_sodium_sulfate	BMAA	chondroitin_sodium_sulfate	A. caccae	CM06_28	chondroitin_sodium_sulfate	11.5	-0.05666666666666668	3	0.016666666666666677	0.00962250448649377	06_28
chondroitin_sodium_sulfate	BMAA	chondroitin_sodium_sulfate	A. caccae	CM06_28	chondroitin_sodium_sulfate	11.75	-0.05666666666666668	3	0.016666666666666677	0.00962250448649377	06_28
chondroitin_sodium_sulfate	BMAA	chondroitin_sodium_sulfate	A. caccae	CM06_28	chondroitin_sodium_sulfate	12	-0.06333333333333334	3	0.012018504251546632	0.00693888666488711	06_28
chondroitin_sodium_sulfate	BMAA	chondroitin_sodium_sulfate	A. caccae	CM06_28	chondroitin_sodium_sulfate	12.25	-0.06333333333333334	3	0.012018504251546632	0.00693888666488711	06_28
chondroitin_sodium_sulfate	BMAA	chondroitin_sodium_sulfate	A. caccae	CM06_28	chondroitin_sodium_sulfate	12.5	-0.06333333333333334	3	0.012018504251546632	0.00693888666488711	06_28
chondroitin_sodium_sulfate	BMAA	chondroitin_sodium_sulfate	A. caccae	CM06_28	chondroitin_sodium_sulfate	12.75	-0.06333333333333334	3	0.012018504251546632	0.00693888666488711	06_28
chondroitin_sodium_sulfate	BMAA	chondroitin_sodium_sulfate	A. caccae	CM06_28	chondroitin_sodium_sulfate	13	-0.06333333333333334	3	0.012018504251546632	0.00693888666488711	06_28
chondroitin_sodium_sulfate	BMAA	chondroitin_sodium_sulfate	A. caccae	CM06_28	chondroitin_sodium_sulfate	13.25	-0.06333333333333334	3	0.012018504251546632	0.00693888666488711	06_28
chondroitin_sodium_sulfate	BMAA	chondroitin_sodium_sulfate	A. caccae	CM06_28	chondroitin_sodium_sulfate	13.5	-0.06333333333333334	3	0.012018504251546632	0.00693888666488711	06_28
chondroitin_sodium_sulfate	BMAA	chondroitin_sodium_sulfate	A. caccae	CM06_28	chondroitin_sodium_sulfate	13.75	-0.06666666666666668	3	0.006666666666666668	0.003849001794597506	06_28
chondroitin_sodium_sulfate	BMAA	chondroitin_sodium_sulfate	A. caccae	CM06_28	chondroitin_sodium_sulfate	14	-0.06666666666666668	3	0.006666666666666668	0.003849001794597506	06_28
chondroitin_sodium_sulfate	BMAA	chondroitin_sodium_sulfate	A. caccae	CM06_28	chondroitin_sodium_sulfate	14.25	-0.06666666666666668	3	0.006666666666666668	0.003849001794597506	06_28
chondroitin_sodium_sulfate	BMAA	chondroitin_sodium_sulfate	A. caccae	CM06_28	chondroitin_sodium_sulfate	14.5	-0.06666666666666668	3	0.006666666666666668	0.003849001794597506	06_28
chondroitin_sodium_sulfate	BMAA	chondroitin_sodium_sulfate	A. caccae	CM06_28	chondroitin_sodium_sulfate	14.75	-0.06666666666666668	3	0.006666666666666668	0.003849001794597506	06_28
chondroitin_sodium_sulfate	BMAA	chondroitin_sodium_sulfate	A. caccae	CM06_28	chondroitin_sodium_sulfate	15	-0.06666666666666668	3	0.006666666666666668	0.003849001794597506	06_28
chondroitin_sodium_sulfate	BMAA	chondroitin_sodium_sulfate	A. caccae	CM06_28	chondroitin_sodium_sulfate	15.25	-0.06666666666666668	3	0.006666666666666668	0.003849001794597506	06_28
chondroitin_sodium_sulfate	BMAA	chondroitin_sodium_sulfate	A. caccae	CM06_28	chondroitin_sodium_sulfate	15.5	-0.06666666666666668	3	0.006666666666666668	0.003849001794597506	06_28
chondroitin_sodium_sulfate	BMAA	chondroitin_sodium_sulfate	A. caccae	CM06_28	chondroitin_sodium_sulfate	15.75	-0.06666666666666668	3	0.006666666666666668	0.003849001794597506	06_28
chondroitin_sodium_sulfate	BMAA	chondroitin_sodium_sulfate	A. caccae	CM06_28	chondroitin_sodium_sulfate	16	-0.06666666666666668	3	0.006666666666666668	0.003849001794597506	06_28
chondroitin_sodium_sulfate	BMAA	chondroitin_sodium_sulfate	A. caccae	CM06_28	chondroitin_sodium_sulfate	16.25	-0.06666666666666668	3	0.006666666666666668	0.003849001794597506	06_28
chondroitin_sodium_sulfate	BMAA	chondroitin_sodium_sulfate	A. caccae	CM06_28	chondroitin_sodium_sulfate	16.5	-0.06666666666666668	3	0.006666666666666668	0.003849001794597506	06_28
chondroitin_sodium_sulfate	BMAA	chondroitin_sodium_sulfate	A. caccae	CM06_28	chondroitin_sodium_sulfate	16.75	-0.06666666666666668	3	0.006666666666666668	0.003849001794597506	06_28
chondroitin_sodium_sulfate	BMAA	chondroitin_sodium_sulfate	A. caccae	CM06_28	chondroitin_sodium_sulfate	17	-0.06666666666666668	3	0.006666666666666668	0.003849001794597506	06_28
chondroitin_sodium_sulfate	BMAA	chondroitin_sodium_sulfate	A. caccae	CM06_28	chondroitin_sodium_sulfate	17.25	-0.06666666666666668	3	0.006666666666666668	0.003849001794597506	06_28
chondroitin_sodium_sulfate	BMAA	chondroitin_sodium_sulfate	A. caccae	CM06_28	chondroitin_sodium_sulfate	17.5	-0.06666666666666668	3	0.006666666666666668	0.003849001794597506	06_28
chondroitin_sodium_sulfate	BMAA	chondroitin_sodium_sulfate	A. caccae	CM06_28	chondroitin_sodium_sulfate	17.75	-0.06666666666666668	3	0.006666666666666668	0.003849001794597506	06_28
chondroitin_sodium_sulfate	BMAA	chondroitin_sodium_sulfate	A. caccae	CM06_28	chondroitin_sodium_sulfate	18	-0.06666666666666668	3	0.006666666666666668	0.003849001794597506	06_28
chondroitin_sodium_sulfate	BMAA	chondroitin_sodium_sulfate	A. caccae	CM06_28	chondroitin_sodium_sulfate	18.25	-0.06666666666666668	3	0.006666666666666668	0.003849001794597506	06_28
chondroitin_sodium_sulfate	BMAA	chondroitin_sodium_sulfate	A. caccae	CM06_28	chondroitin_sodium_sulfate	18.5	-0.06666666666666668	3	0.006666666666666668	0.003849001794597506	06_28
chondroitin_sodium_sulfate	BMAA	chondroitin_sodium_sulfate	A. caccae	CM06_28	chondroitin_sodium_sulfate	18.75	-0.06666666666666668	3	0.006666666666666668	0.003849001794597506	06_28
chondroitin_sodium_sulfate	BMAA	chondroitin_sodium_sulfate	A. caccae	CM06_28	chondroitin_sodium_sulfate	19	-0.06666666666666668	3	0.006666666666666668	0.003849001794597506	06_28
chondroitin_sodium_sulfate	BMAA	chondroitin_sodium_sulfate	A. caccae	CM06_28	chondroitin_sodium_sulfate	19.25	-0.06666666666666668	3	0.006666666666666668	0.003849001794597506	06_28
chondroitin_sodium_sulfate	BMAA	chondroitin_sodium_sulfate	A. caccae	CM06_28	chondroitin_sodium_sulfate	19.5	-0.06666666666666668	3	0.006666666666666668	0.003849001794597506	06_28
chondroitin_sodium_sulfate	BMAA	chondroitin_sodium_sulfate	A. caccae	CM06_28	chondroitin_sodium_sulfate	19.75	-0.06666666666666668	3	0.006666666666666668	0.003849001794597506	06_28
chondroitin_sodium_sulfate	BMAA	chondroitin_sodium_sulfate	A. caccae	CM06_28	chondroitin_sodium_sulfate	20	-0.06666666666666668	3	0.006666666666666668	0.003849001794597506	06_28
chondroitin_sodium_sulfate	BMAA	chondroitin_sodium_sulfate	A. caccae	CM06_28	chondroitin_sodium_sulfate	20.25	-0.06666666666666668	3	0.006666666666666668	0.003849001794597506	06_28
chondroitin_sodium_sulfate	BMAA	chondroitin_sodium_sulfate	A. caccae	CM06_28	chondroitin_sodium_sulfate	20.5	-0.06666666666666668	3	0.006666666666666668	0.003849001794597506	06_28
chondroitin_sodium_sulfate	BMAA	chondroitin_sodium_sulfate	A. caccae	CM06_28	chondroitin_sodium_sulfate	20.75	-0.06666666666666668	3	0.006666666666666668	0.003849001794597506	06_28
chondroitin_sodium_sulfate	BMAA	chondroitin_sodium_sulfate	A. caccae	CM06_28	chondroitin_sodium_sulfate	21	-0.06666666666666668	3	0.006666666666666668	0.003849001794597506	06_28
chondroitin_sodium_sulfate	BMAA	chondroitin_sodium_sulfate	A. caccae	CM06_28	chondroitin_sodium_sulfate	21.25	-0.06666666666666668	3	0.006666666666666668	0.003849001794597506	06_28
chondroitin_sodium_sulfate	BMAA	chondroitin_sodium_sulfate	A. caccae	CM06_28	chondroitin_sodium_sulfate	21.5	-0.06666666666666668	3	0.006666666666666668	0.003849001794597506	06_28
chondroitin_sodium_sulfate	BMAA	chondroitin_sodium_sulfate	A. caccae	CM06_28	chondroitin_sodium_sulfate	21.75	-0.06666666666666668	3	0.006666666666666668	0.003849001794597506	06_28
chondroitin_sodium_sulfate	BMAA	chondroitin_sodium_sulfate	A. caccae	CM06_28	chondroitin_sodium_sulfate	22	-0.06666666666666668	3	0.006666666666666668	0.003849001794597506	06_28
chondroitin_sodium_sulfate	BMAA	chondroitin_sodium_sulfate	A. caccae	CM06_28	chondroitin_sodium_sulfate	22.25	-0.06666666666666668	3	0.006666666666666668	0.003849001794597506	06_28
chondroitin_sodium_sulfate	BMAA	chondroitin_sodium_sulfate	A. caccae	CM06_28	chondroitin_sodium_sulfate	22.5	-0.06666666666666668	3	0.006666666666666668	0.003849001794597506	06_28
chondroitin_sodium_sulfate	BMAA	chondroitin_sodium_sulfate	A. caccae	CM06_28	chondroitin_sodium_sulfate	22.75	-0.06666666666666668	3	0.006666666666666668	0.003849001794597506	06_28
chondroitin_sodium_sulfate	BMAA	chondroitin_sodium_sulfate	A. caccae	CM06_28	chondroitin_sodium_sulfate	23	-0.06666666666666668	3	0.006666666666666668	0.003849001794597506	06_28
chondroitin_sodium_sulfate	BMAA	chondroitin_sodium_sulfate	A. caccae	CM06_28	chondroitin_sodium_sulfate	23.25	-0.07	3	0.003333333333333355	0.001924500897298765	06_28
chondroitin_sodium_sulfate	BMAA	chondroitin_sodium_sulfate	A. caccae	CM06_28	chondroitin_sodium_sulfate	23.5	-0.07	3	0.003333333333333355	0.001924500897298765	06_28
chondroitin_sodium_sulfate	BMAA	chondroitin_sodium_sulfate	A. caccae	CM06_28	chondroitin_sodium_sulfate	23.75	-0.06666666666666668	3	0.006666666666666668	0.003849001794597506	06_28
chondroitin_sodium_sulfate	BMAA	chondroitin_sodium_sulfate	A. caccae	CM06_28	chondroitin_sodium_sulfate	24	-0.07	3	0.003333333333333355	0.001924500897298765	06_28
d_trehalose	BMAA	d_trehalose	A. caccae	CM06_28	d_trehalose	0	0	3	0	0	06_28
d_trehalose	BMAA	d_trehalose	A. caccae	CM06_28	d_trehalose	0.25	0	3	0	0	06_28
d_trehalose	BMAA	d_trehalose	A. caccae	CM06_28	d_trehalose	0.5	0	3	0	0	06_28
d_trehalose	BMAA	d_trehalose	A. caccae	CM06_28	d_trehalose	0.75	-0.006666666666666672	3	0.005773502691896263	0.0033333333333333366	06_28
d_trehalose	BMAA	d_trehalose	A. caccae	CM06_28	d_trehalose	1	-0.010000000000000009	3	0	0	06_28
d_trehalose	BMAA	d_trehalose	A. caccae	CM06_28	d_trehalose	1.25	-0.010000000000000009	3	0	0	06_28
d_trehalose	BMAA	d_trehalose	A. caccae	CM06_28	d_trehalose	1.5	-0.013333333333333345	3	0.005773502691896263	0.0033333333333333366	06_28
d_trehalose	BMAA	d_trehalose	A. caccae	CM06_28	d_trehalose	1.75	-0.013333333333333345	3	0.005773502691896263	0.0033333333333333366	06_28
d_trehalose	BMAA	d_trehalose	A. caccae	CM06_28	d_trehalose	2	-0.020000000000000018	3	0	0	06_28
d_trehalose	BMAA	d_trehalose	A. caccae	CM06_28	d_trehalose	2.25	-0.026666666666666672	3	0.005773502691896247	0.003333333333333327	06_28
d_trehalose	BMAA	d_trehalose	A. caccae	CM06_28	d_trehalose	2.5	-0.03000000000000001	3	1.6087163711389116e-17	9.287928299268086e-18	06_28
d_trehalose	BMAA	d_trehalose	A. caccae	CM06_28	d_trehalose	2.75	-0.04000000000000001	3	0	0	06_28
d_trehalose	BMAA	d_trehalose	A. caccae	CM06_28	d_trehalose	3	-0.04000000000000001	3	0	0	06_28
d_trehalose	BMAA	d_trehalose	A. caccae	CM06_28	d_trehalose	3.25	-0.04666666666666668	3	0.005773502691896263	0.0033333333333333366	06_28
d_trehalose	BMAA	d_trehalose	A. caccae	CM06_28	d_trehalose	3.5	-0.05000000000000002	3	0	0	06_28
d_trehalose	BMAA	d_trehalose	A. caccae	CM06_28	d_trehalose	3.75	-0.05000000000000002	3	0	0	06_28
d_trehalose	BMAA	d_trehalose	A. caccae	CM06_28	d_trehalose	4	-0.05666666666666667	3	0.005773502691896247	0.003333333333333327	06_28
d_trehalose	BMAA	d_trehalose	A. caccae	CM06_28	d_trehalose	4.25	-0.05666666666666667	3	0.005773502691896247	0.003333333333333327	06_28
d_trehalose	BMAA	d_trehalose	A. caccae	CM06_28	d_trehalose	4.5	-0.05666666666666667	3	0.005773502691896247	0.003333333333333327	06_28
d_trehalose	BMAA	d_trehalose	A. caccae	CM06_28	d_trehalose	4.75	-0.060000000000000005	3	1.6273148661314594e-17	9.39530676017278e-18	06_28
d_trehalose	BMAA	d_trehalose	A. caccae	CM06_28	d_trehalose	5	-0.060000000000000005	3	1.6273148661314594e-17	9.39530676017278e-18	06_28
d_trehalose	BMAA	d_trehalose	A. caccae	CM06_28	d_trehalose	5.25	-0.060000000000000005	3	1.6273148661314594e-17	9.39530676017278e-18	06_28
d_trehalose	BMAA	d_trehalose	A. caccae	CM06_28	d_trehalose	5.5	-0.06333333333333334	3	0.0057735026918962545	0.003333333333333332	06_28
d_trehalose	BMAA	d_trehalose	A. caccae	CM06_28	d_trehalose	5.75	-0.06666666666666668	3	0.005773502691896247	0.003333333333333327	06_28
d_trehalose	BMAA	d_trehalose	A. caccae	CM06_28	d_trehalose	6	-0.06666666666666668	3	0.005773502691896247	0.003333333333333327	06_28
d_trehalose	BMAA	d_trehalose	A. caccae	CM06_28	d_trehalose	6.25	-0.07	3	0	0	06_28
d_trehalose	BMAA	d_trehalose	A. caccae	CM06_28	d_trehalose	6.5	-0.07	3	0	0	06_28
d_trehalose	BMAA	d_trehalose	A. caccae	CM06_28	d_trehalose	6.75	-0.07	3	0	0	06_28
d_trehalose	BMAA	d_trehalose	A. caccae	CM06_28	d_trehalose	7	-0.07	3	0	0	06_28
d_trehalose	BMAA	d_trehalose	A. caccae	CM06_28	d_trehalose	7.25	-0.07	3	0	0	06_28
d_trehalose	BMAA	d_trehalose	A. caccae	CM06_28	d_trehalose	7.5	-0.07333333333333335	3	0.005773502691896263	0.0033333333333333366	06_28
d_trehalose	BMAA	d_trehalose	A. caccae	CM06_28	d_trehalose	7.75	-0.07333333333333335	3	0.005773502691896263	0.0033333333333333366	06_28
d_trehalose	BMAA	d_trehalose	A. caccae	CM06_28	d_trehalose	8	-0.07333333333333335	3	0.005773502691896263	0.0033333333333333366	06_28
d_trehalose	BMAA	d_trehalose	A. caccae	CM06_28	d_trehalose	8.25	-0.07333333333333335	3	0.005773502691896263	0.0033333333333333366	06_28
d_trehalose	BMAA	d_trehalose	A. caccae	CM06_28	d_trehalose	8.5	-0.07666666666666667	3	0.005773502691896263	0.0033333333333333366	06_28
d_trehalose	BMAA	d_trehalose	A. caccae	CM06_28	d_trehalose	8.75	-0.07666666666666667	3	0.005773502691896263	0.0033333333333333366	06_28
d_trehalose	BMAA	d_trehalose	A. caccae	CM06_28	d_trehalose	9	-0.08000000000000002	3	0	0	06_28
d_trehalose	BMAA	d_trehalose	A. caccae	CM06_28	d_trehalose	9.25	-0.08000000000000002	3	0	0	06_28
d_trehalose	BMAA	d_trehalose	A. caccae	CM06_28	d_trehalose	9.5	-0.08000000000000002	3	0	0	06_28
d_trehalose	BMAA	d_trehalose	A. caccae	CM06_28	d_trehalose	9.75	-0.08000000000000002	3	0	0	06_28
d_trehalose	BMAA	d_trehalose	A. caccae	CM06_28	d_trehalose	10	-0.08000000000000002	3	0	0	06_28
d_trehalose	BMAA	d_trehalose	A. caccae	CM06_28	d_trehalose	10.25	-0.08000000000000002	3	0	0	06_28
d_trehalose	BMAA	d_trehalose	A. caccae	CM06_28	d_trehalose	10.5	-0.08000000000000002	3	0	0	06_28
d_trehalose	BMAA	d_trehalose	A. caccae	CM06_28	d_trehalose	10.75	-0.08333333333333334	3	0.005773502691896247	0.003333333333333327	06_28
d_trehalose	BMAA	d_trehalose	A. caccae	CM06_28	d_trehalose	11	-0.08333333333333334	3	0.005773502691896247	0.003333333333333327	06_28
d_trehalose	BMAA	d_trehalose	A. caccae	CM06_28	d_trehalose	11.25	-0.08333333333333334	3	0.005773502691896247	0.003333333333333327	06_28
d_trehalose	BMAA	d_trehalose	A. caccae	CM06_28	d_trehalose	11.5	-0.08333333333333334	3	0.005773502691896247	0.003333333333333327	06_28
d_trehalose	BMAA	d_trehalose	A. caccae	CM06_28	d_trehalose	11.75	-0.08	3	0.009999999999999995	0.005773502691896255	06_28
d_trehalose	BMAA	d_trehalose	A. caccae	CM06_28	d_trehalose	12	-0.08	3	0.01732050807568878	0.010000000000000005	06_28
d_trehalose	BMAA	d_trehalose	A. caccae	CM06_28	d_trehalose	12.25	-0.08	3	0.01732050807568878	0.010000000000000005	06_28
d_trehalose	BMAA	d_trehalose	A. caccae	CM06_28	d_trehalose	12.5	-0.07333333333333335	3	0.02886751345948129	0.01666666666666667	06_28
d_trehalose	BMAA	d_trehalose	A. caccae	CM06_28	d_trehalose	12.75	-0.07	3	0.03464101615137755	0.020000000000000004	06_28
d_trehalose	BMAA	d_trehalose	A. caccae	CM06_28	d_trehalose	13	-0.06333333333333334	3	0.046188021535170064	0.02666666666666667	06_28
d_trehalose	BMAA	d_trehalose	A. caccae	CM06_28	d_trehalose	13.25	-0.05666666666666667	3	0.05773502691896259	0.03333333333333334	06_28
d_trehalose	BMAA	d_trehalose	A. caccae	CM06_28	d_trehalose	13.5	-0.04666666666666668	3	0.07505553499465134	0.04333333333333333	06_28
d_trehalose	BMAA	d_trehalose	A. caccae	CM06_28	d_trehalose	13.75	-0.036666666666666674	3	0.09237604307034013	0.05333333333333334	06_28
d_trehalose	BMAA	d_trehalose	A. caccae	CM06_28	d_trehalose	14	-0.020000000000000007	3	0.12124355652982141	0.07	06_28
d_trehalose	BMAA	d_trehalose	A. caccae	CM06_28	d_trehalose	14.25	-9.25185853854297e-18	3	0.14730919862656233	0.08504900548115382	06_28
d_trehalose	BMAA	d_trehalose	A. caccae	CM06_28	d_trehalose	14.5	0.023333333333333327	3	0.18770544300401448	0.10837178804672572	06_28
d_trehalose	BMAA	d_trehalose	A. caccae	CM06_28	d_trehalose	14.75	0.053333333333333316	3	0.23115651263447742	0.1334582747944507	06_28
d_trehalose	BMAA	d_trehalose	A. caccae	CM06_28	d_trehalose	15	0.09000000000000001	3	0.2861817604250837	0.16522711641858306	06_28
d_trehalose	BMAA	d_trehalose	A. caccae	CM06_28	d_trehalose	15.25	0.13	3	0.338673884437522	0.19553345834749955	06_28
d_trehalose	BMAA	d_trehalose	A. caccae	CM06_28	d_trehalose	15.5	0.17333333333333334	3	0.40525712002793157	0.2339753073391388	06_28
d_trehalose	BMAA	d_trehalose	A. caccae	CM06_28	d_trehalose	15.75	0.22666666666666666	3	0.4636090306856989	0.26766479866512977	06_28
d_trehalose	BMAA	d_trehalose	A. caccae	CM06_28	d_trehalose	16	0.25333333333333335	3	0.4852147290976783	0.2801388544593159	06_28
d_trehalose	BMAA	d_trehalose	A. caccae	CM06_28	d_trehalose	16.25	0.2733333333333334	3	0.4785742714912006	0.2763049844726737	06_28
d_trehalose	BMAA	d_trehalose	A. caccae	CM06_28	d_trehalose	16.5	0.30000000000000004	3	0.4762352359916263	0.2749545416973504	06_28
d_trehalose	BMAA	d_trehalose	A. caccae	CM06_28	d_trehalose	16.75	0.32666666666666666	3	0.45796651988254927	0.2644070935340259	06_28
d_trehalose	BMAA	d_trehalose	A. caccae	CM06_28	d_trehalose	17	0.3566666666666667	3	0.4495924080023298	0.2595722977857572	06_28
d_trehalose	BMAA	d_trehalose	A. caccae	CM06_28	d_trehalose	17.25	0.39	3	0.4331281565541544	0.2500666577801474	06_28
d_trehalose	BMAA	d_trehalose	A. caccae	CM06_28	d_trehalose	17.5	0.43333333333333335	3	0.4201587001756995	0.2425787386488034	06_28
d_trehalose	BMAA	d_trehalose	A. caccae	CM06_28	d_trehalose	17.75	0.47000000000000003	3	0.40583247775406056	0.2343074902771997	06_28
d_trehalose	BMAA	d_trehalose	A. caccae	CM06_28	d_trehalose	18	0.5266666666666667	3	0.395263625107767	0.22820556035683662	06_28
d_trehalose	BMAA	d_trehalose	A. caccae	CM06_28	d_trehalose	18.25	0.5966666666666667	3	0.3980368492154128	0.2298066820419091	06_28
d_trehalose	BMAA	d_trehalose	A. caccae	CM06_28	d_trehalose	18.5	0.6366666666666666	3	0.3707200201409864	0.21403530342238197	06_28
d_trehalose	BMAA	d_trehalose	A. caccae	CM06_28	d_trehalose	18.75	0.6566666666666666	3	0.3189566323708182	0.18414969755910843	06_28
d_trehalose	BMAA	d_trehalose	A. caccae	CM06_28	d_trehalose	19	0.6933333333333334	3	0.2730079363925769	0.15762120556715853	06_28
d_trehalose	BMAA	d_trehalose	A. caccae	CM06_28	d_trehalose	19.25	0.7366666666666667	3	0.22368132093076823	0.12914247085207012	06_28
d_trehalose	BMAA	d_trehalose	A. caccae	CM06_28	d_trehalose	19.5	0.7733333333333333	3	0.16072751268321592	0.09279607271383371	06_28
d_trehalose	BMAA	d_trehalose	A. caccae	CM06_28	d_trehalose	19.75	0.8166666666666667	3	0.08736894948054102	0.050442486501405176	06_28
d_trehalose	BMAA	d_trehalose	A. caccae	CM06_28	d_trehalose	20	0.8366666666666667	3	0.05507570547286096	0.03179797338056482	06_28
d_trehalose	BMAA	d_trehalose	A. caccae	CM06_28	d_trehalose	20.25	0.8466666666666667	3	0.04509249752822888	0.02603416558635548	06_28
d_trehalose	BMAA	d_trehalose	A. caccae	CM06_28	d_trehalose	20.5	0.85	3	0.029999999999999916	0.017320508075688724	06_28
d_trehalose	BMAA	d_trehalose	A. caccae	CM06_28	d_trehalose	20.75	0.85	3	0.019999999999999907	0.011547005383792462	06_28
d_trehalose	BMAA	d_trehalose	A. caccae	CM06_28	d_trehalose	21	0.85	3	0.017320508075688724	0.009999999999999972	06_28
d_trehalose	BMAA	d_trehalose	A. caccae	CM06_28	d_trehalose	21.25	0.8466666666666667	3	0.011547005383792396	0.006666666666666599	06_28
d_trehalose	BMAA	d_trehalose	A. caccae	CM06_28	d_trehalose	21.5	0.8433333333333334	3	0.020816659994661257	0.012018504251546592	06_28
d_trehalose	BMAA	d_trehalose	A. caccae	CM06_28	d_trehalose	21.75	0.8433333333333334	3	0.030550504633038864	0.0176383420737639	06_28
d_trehalose	BMAA	d_trehalose	A. caccae	CM06_28	d_trehalose	22	0.83	3	0.0435889894354067	0.02516611478423581	06_28
d_trehalose	BMAA	d_trehalose	A. caccae	CM06_28	d_trehalose	22.25	0.8266666666666667	3	0.05773502691896256	0.033333333333333326	06_28
d_trehalose	BMAA	d_trehalose	A. caccae	CM06_28	d_trehalose	22.5	0.82	3	0.06928203230275509	0.04	06_28
d_trehalose	BMAA	d_trehalose	A. caccae	CM06_28	d_trehalose	22.75	0.8166666666666665	3	0.08386497083606077	0.048419463487779806	06_28
d_trehalose	BMAA	d_trehalose	A. caccae	CM06_28	d_trehalose	23	0.8066666666666666	3	0.0929157324317757	0.05364492313143694	06_28
d_trehalose	BMAA	d_trehalose	A. caccae	CM06_28	d_trehalose	23.25	0.7999999999999999	3	0.10440306508910552	0.06027713773341709	06_28
d_trehalose	BMAA	d_trehalose	A. caccae	CM06_28	d_trehalose	23.5	0.7833333333333333	3	0.11718930554164626	0.06765927710061477	06_28
d_trehalose	BMAA	d_trehalose	A. caccae	CM06_28	d_trehalose	23.75	0.77	3	0.115325625946708	0.06658328118479397	06_28
d_trehalose	BMAA	d_trehalose	A. caccae	CM06_28	d_trehalose	24	0.77	3	0.13453624047073706	0.07767453465154027	06_28
sucrose	BMAA	sucrose	A. caccae	CM06_28	sucrose	0	0.011111111111111108	3	0.005091750772173158	0.0029397236789606577	06_28
sucrose	BMAA	sucrose	A. caccae	CM06_28	sucrose	0.25	-0.0022222222222222365	3	0.001924500897298765	0.0011111111111111183	06_28
sucrose	BMAA	sucrose	A. caccae	CM06_28	sucrose	0.5	-0.0088888888888889	3	0.005091750772173146	0.0029397236789606507	06_28
sucrose	BMAA	sucrose	A. caccae	CM06_28	sucrose	0.75	-0.005555555555555564	3	0.006938886664887107	0.004006168083848876	06_28
sucrose	BMAA	sucrose	A. caccae	CM06_28	sucrose	1	-0.0022222222222222274	3	0.010183501544346307	0.00587944735792131	06_28
sucrose	BMAA	sucrose	A. caccae	CM06_28	sucrose	1.25	0.004444444444444436	3	0.006938886664887123	0.004006168083848885	06_28
sucrose	BMAA	sucrose	A. caccae	CM06_28	sucrose	1.5	0.021111111111111098	3	0.007698003589194996	0.004444444444444437	06_28
sucrose	BMAA	sucrose	A. caccae	CM06_28	sucrose	1.75	0.04444444444444442	3	0.006938886664887123	0.004006168083848885	06_28
sucrose	BMAA	sucrose	A. caccae	CM06_28	sucrose	2	0.07444444444444444	3	0.003849001794597498	0.0022222222222222183	06_28
sucrose	BMAA	sucrose	A. caccae	CM06_28	sucrose	2.25	0.10777777777777775	3	0.008388704928078609	0.004843221048378525	06_28
sucrose	BMAA	sucrose	A. caccae	CM06_28	sucrose	2.5	0.15111111111111108	3	0.013877773329774214	0.008012336167697752	06_28
sucrose	BMAA	sucrose	A. caccae	CM06_28	sucrose	2.75	0.19777777777777775	3	0.01835856849095365	0.010599324460188273	06_28
sucrose	BMAA	sucrose	A. caccae	CM06_28	sucrose	3	0.23777777777777778	3	0.0337199797899856	0.01946823940881693	06_28
sucrose	BMAA	sucrose	A. caccae	CM06_28	sucrose	3.25	0.28444444444444444	3	0.013471506281091271	0.00777777777777778	06_28
sucrose	BMAA	sucrose	A. caccae	CM06_28	sucrose	3.5	0.3611111111111111	3	0.02694301256218255	0.015555555555555564	06_28
sucrose	BMAA	sucrose	A. caccae	CM06_28	sucrose	3.75	0.44111111111111106	3	0.0550084168643847	0.031759124284347656	06_28
sucrose	BMAA	sucrose	A. caccae	CM06_28	sucrose	4	0.5311111111111111	3	0.07848094838404582	0.04531099667578598	06_28
sucrose	BMAA	sucrose	A. caccae	CM06_28	sucrose	4.25	0.6044444444444445	3	0.09856376014953368	0.05690581345467498	06_28
sucrose	BMAA	sucrose	A. caccae	CM06_28	sucrose	4.5	0.6844444444444444	3	0.137288557965142	0.07926358589783028	06_28
sucrose	BMAA	sucrose	A. caccae	CM06_28	sucrose	4.75	0.6477777777777778	3	0.042470033008036354	0.02452008498968208	06_28
sucrose	BMAA	sucrose	A. caccae	CM06_28	sucrose	5	0.711111111111111	3	0.025018511664883804	0.014444444444444458	06_28
sucrose	BMAA	sucrose	A. caccae	CM06_28	sucrose	5.25	0.7444444444444444	3	0.0333888426695927	0.01927705730321941	06_28
sucrose	BMAA	sucrose	A. caccae	CM06_28	sucrose	5.5	0.7677777777777778	3	0.0428606700488576	0.024745619390355668	06_28
sucrose	BMAA	sucrose	A. caccae	CM06_28	sucrose	5.75	0.8144444444444444	3	0.045256470787591804	0.026128835591788566	06_28
sucrose	BMAA	sucrose	A. caccae	CM06_28	sucrose	6	0.8544444444444445	3	0.04525647078759167	0.02612883559178849	06_28
sucrose	BMAA	sucrose	A. caccae	CM06_28	sucrose	6.25	0.8944444444444444	3	0.045256470787591735	0.026128835591788524	06_28
sucrose	BMAA	sucrose	A. caccae	CM06_28	sucrose	6.5	0.9344444444444443	3	0.04598711574794418	0.026550673656330053	06_28
sucrose	BMAA	sucrose	A. caccae	CM06_28	sucrose	6.75	0.971111111111111	3	0.04032277180360902	0.02328036315528552	06_28
sucrose	BMAA	sucrose	A. caccae	CM06_28	sucrose	7	0.9977777777777778	3	0.02834966849371793	0.016367688736284698	06_28
sucrose	BMAA	sucrose	A. caccae	CM06_28	sucrose	7.25	0.9977777777777778	3	0.015396007178389992	0.008888888888888873	06_28
sucrose	BMAA	sucrose	A. caccae	CM06_28	sucrose	7.5	0.9844444444444443	3	0.021169509870286252	0.012222222222222207	06_28
sucrose	BMAA	sucrose	A. caccae	CM06_28	sucrose	7.75	0.9777777777777777	3	0.024570382652773292	0.014185717038670772	06_28
sucrose	BMAA	sucrose	A. caccae	CM06_28	sucrose	8	0.9644444444444443	3	0.02341256389522829	0.013517250067329368	06_28
sucrose	BMAA	sucrose	A. caccae	CM06_28	sucrose	8.25	0.951111111111111	3	0.0189541356769244	0.010943175335328991	06_28
sucrose	BMAA	sucrose	A. caccae	CM06_28	sucrose	8.5	0.9344444444444443	3	0.02341256389522829	0.013517250067329368	06_28
sucrose	BMAA	sucrose	A. caccae	CM06_28	sucrose	8.75	0.9277777777777777	3	0.024570382652773292	0.014185717038670772	06_28
sucrose	BMAA	sucrose	A. caccae	CM06_28	sucrose	9	0.911111111111111	3	0.028738927014172345	0.01659242724785341	06_28
sucrose	BMAA	sucrose	A. caccae	CM06_28	sucrose	9.25	0.9077777777777777	3	0.02834966849371793	0.016367688736284698	06_28
sucrose	BMAA	sucrose	A. caccae	CM06_28	sucrose	9.5	0.8944444444444443	3	0.0333888426695927	0.01927705730321941	06_28
sucrose	BMAA	sucrose	A. caccae	CM06_28	sucrose	9.75	0.8877777777777777	3	0.02834966849371793	0.016367688736284698	06_28
sucrose	BMAA	sucrose	A. caccae	CM06_28	sucrose	10	0.8844444444444443	3	0.029122983160180343	0.01681416216713506	06_28
sucrose	BMAA	sucrose	A. caccae	CM06_28	sucrose	10.25	0.8777777777777777	3	0.02834966849371782	0.01636768873628464	06_28
sucrose	BMAA	sucrose	A. caccae	CM06_28	sucrose	10.5	0.8644444444444445	3	0.02912298316018022	0.01681416216713499	06_28
sucrose	BMAA	sucrose	A. caccae	CM06_28	sucrose	10.75	0.861111111111111	3	0.033554819712314325	0.019372884193514038	06_28
sucrose	BMAA	sucrose	A. caccae	CM06_28	sucrose	11	0.8577777777777778	3	0.028349668493717818	0.016367688736284636	06_28
sucrose	BMAA	sucrose	A. caccae	CM06_28	sucrose	11.25	0.8411111111111111	3	0.033554819712314436	0.0193728841935141	06_28
sucrose	BMAA	sucrose	A. caccae	CM06_28	sucrose	11.5	0.8377777777777778	3	0.0383454087260831	0.022138732050190305	06_28
sucrose	BMAA	sucrose	A. caccae	CM06_28	sucrose	11.75	0.8344444444444444	3	0.0333888426695927	0.01927705730321941	06_28
sucrose	BMAA	sucrose	A. caccae	CM06_28	sucrose	12	0.8244444444444444	3	0.0333888426695927	0.01927705730321941	06_28
sucrose	BMAA	sucrose	A. caccae	CM06_28	sucrose	12.25	0.8211111111111111	3	0.028738927014172345	0.01659242724785341	06_28
sucrose	BMAA	sucrose	A. caccae	CM06_28	sucrose	12.5	0.8111111111111111	3	0.03595264374969651	0.020757268546966	06_28
sucrose	BMAA	sucrose	A. caccae	CM06_28	sucrose	12.75	0.8011111111111111	3	0.03595264374969651	0.020757268546966	06_28
sucrose	BMAA	sucrose	A. caccae	CM06_28	sucrose	13	0.7844444444444444	3	0.030245905752924872	0.017462481828335225	06_28
sucrose	BMAA	sucrose	A. caccae	CM06_28	sucrose	13.25	0.7844444444444444	3	0.030245905752924872	0.017462481828335225	06_28
sucrose	BMAA	sucrose	A. caccae	CM06_28	sucrose	13.5	0.7844444444444444	3	0.02341256389522829	0.013517250067329368	06_28
sucrose	BMAA	sucrose	A. caccae	CM06_28	sucrose	13.75	0.7844444444444444	3	0.02341256389522829	0.013517250067329368	06_28
sucrose	BMAA	sucrose	A. caccae	CM06_28	sucrose	14	0.7677777777777778	3	0.018358568490953655	0.010599324460188275	06_28
sucrose	BMAA	sucrose	A. caccae	CM06_28	sucrose	14.25	0.7644444444444444	3	0.02341256389522829	0.013517250067329368	06_28
sucrose	BMAA	sucrose	A. caccae	CM06_28	sucrose	14.5	0.7677777777777778	3	0.024570382652773292	0.014185717038670772	06_28
sucrose	BMAA	sucrose	A. caccae	CM06_28	sucrose	14.75	0.7677777777777778	3	0.018358568490953655	0.010599324460188275	06_28
sucrose	BMAA	sucrose	A. caccae	CM06_28	sucrose	15	0.7511111111111111	3	0.0138777733297742	0.008012336167697745	06_28
sucrose	BMAA	sucrose	A. caccae	CM06_28	sucrose	15.25	0.7477777777777778	3	0.018358568490953655	0.010599324460188275	06_28
sucrose	BMAA	sucrose	A. caccae	CM06_28	sucrose	15.5	0.7477777777777778	3	0.018358568490953655	0.010599324460188275	06_28
sucrose	BMAA	sucrose	A. caccae	CM06_28	sucrose	15.75	0.7444444444444444	3	0.01347150628109124	0.007777777777777762	06_28
sucrose	BMAA	sucrose	A. caccae	CM06_28	sucrose	16	0.741111111111111	3	0.0189541356769244	0.010943175335328991	06_28
sucrose	BMAA	sucrose	A. caccae	CM06_28	sucrose	16.25	0.7444444444444444	3	0.021169509870286252	0.012222222222222207	06_28
sucrose	BMAA	sucrose	A. caccae	CM06_28	sucrose	16.5	0.7344444444444443	3	0.021169509870286252	0.012222222222222207	06_28
sucrose	BMAA	sucrose	A. caccae	CM06_28	sucrose	16.75	0.7277777777777777	3	0.024570382652773292	0.014185717038670772	06_28
sucrose	BMAA	sucrose	A. caccae	CM06_28	sucrose	17	0.7344444444444443	3	0.02341256389522829	0.013517250067329368	06_28
sucrose	BMAA	sucrose	A. caccae	CM06_28	sucrose	17.25	0.7344444444444443	3	0.02341256389522829	0.013517250067329368	06_28
sucrose	BMAA	sucrose	A. caccae	CM06_28	sucrose	17.5	0.731111111111111	3	0.028738927014172345	0.01659242724785341	06_28
sucrose	BMAA	sucrose	A. caccae	CM06_28	sucrose	17.75	0.7177777777777777	3	0.02834966849371793	0.016367688736284698	06_28
sucrose	BMAA	sucrose	A. caccae	CM06_28	sucrose	18	0.711111111111111	3	0.028738927014172345	0.01659242724785341	06_28
sucrose	BMAA	sucrose	A. caccae	CM06_28	sucrose	18.25	0.711111111111111	3	0.028738927014172345	0.01659242724785341	06_28
sucrose	BMAA	sucrose	A. caccae	CM06_28	sucrose	18.5	0.7177777777777777	3	0.024570382652773292	0.014185717038670772	06_28
sucrose	BMAA	sucrose	A. caccae	CM06_28	sucrose	18.75	0.7044444444444443	3	0.02341256389522829	0.013517250067329368	06_28
sucrose	BMAA	sucrose	A. caccae	CM06_28	sucrose	19	0.691111111111111	3	0.0189541356769244	0.010943175335328991	06_28
sucrose	BMAA	sucrose	A. caccae	CM06_28	sucrose	19.25	0.691111111111111	3	0.0189541356769244	0.010943175335328991	06_28
sucrose	BMAA	sucrose	A. caccae	CM06_28	sucrose	19.5	0.6844444444444444	3	0.02116950987028619	0.012222222222222173	06_28
sucrose	BMAA	sucrose	A. caccae	CM06_28	sucrose	19.75	0.681111111111111	3	0.02873892701417229	0.01659242724785338	06_28
sucrose	BMAA	sucrose	A. caccae	CM06_28	sucrose	20	0.6711111111111111	3	0.02873892701417231	0.01659242724785339	06_28
sucrose	BMAA	sucrose	A. caccae	CM06_28	sucrose	20.25	0.6777777777777777	3	0.034210676262979155	0.019751543149590156	06_28
sucrose	BMAA	sucrose	A. caccae	CM06_28	sucrose	20.5	0.6711111111111111	3	0.02873892701417231	0.01659242724785339	06_28
sucrose	BMAA	sucrose	A. caccae	CM06_28	sucrose	20.75	0.6711111111111111	3	0.02873892701417231	0.01659242724785339	06_28
sucrose	BMAA	sucrose	A. caccae	CM06_28	sucrose	21	0.6611111111111112	3	0.028738927014172407	0.01659242724785345	06_28
sucrose	BMAA	sucrose	A. caccae	CM06_28	sucrose	21.25	0.6511111111111112	3	0.028738927014172407	0.01659242724785345	06_28
sucrose	BMAA	sucrose	A. caccae	CM06_28	sucrose	21.5	0.6544444444444445	3	0.023412563895228347	0.0135172500673294	06_28
sucrose	BMAA	sucrose	A. caccae	CM06_28	sucrose	21.75	0.6444444444444445	3	0.03338884266959276	0.019277057303219443	06_28
sucrose	BMAA	sucrose	A. caccae	CM06_28	sucrose	22	0.6444444444444445	3	0.03338884266959276	0.019277057303219443	06_28
sucrose	BMAA	sucrose	A. caccae	CM06_28	sucrose	22.25	0.6411111111111112	3	0.028738927014172407	0.01659242724785345	06_28
sucrose	BMAA	sucrose	A. caccae	CM06_28	sucrose	22.5	0.6244444444444445	3	0.03338884266959276	0.019277057303219443	06_28
sucrose	BMAA	sucrose	A. caccae	CM06_28	sucrose	22.75	0.6211111111111112	3	0.03355481971231449	0.019372884193514135	06_28
sucrose	BMAA	sucrose	A. caccae	CM06_28	sucrose	23	0.6177777777777778	3	0.038345408726083156	0.022138732050190336	06_28
sucrose	BMAA	sucrose	A. caccae	CM06_28	sucrose	23.25	0.6077777777777778	3	0.038345408726083156	0.022138732050190336	06_28
sucrose	BMAA	sucrose	A. caccae	CM06_28	sucrose	23.5	0.6011111111111112	3	0.043503937667670925	0.02511701012323851	06_28
sucrose	BMAA	sucrose	A. caccae	CM06_28	sucrose	23.75	0.5877777777777777	3	0.038345408726083156	0.022138732050190336	06_28
sucrose	BMAA	sucrose	A. caccae	CM06_28	sucrose	24	0.5911111111111111	3	0.043503937667670925	0.02511701012323851	06_28
chondroitin_sodium_sulfate	BMAA	chondroitin_sodium_sulfate	A. hadrus	CM03_47	chondroitin_sodium_sulfate	0	0.0311111111111111	3	0.018358568490953665	0.01059932446018828	03_47
chondroitin_sodium_sulfate	BMAA	chondroitin_sodium_sulfate	A. hadrus	CM03_47	chondroitin_sodium_sulfate	0.25	-0.012222222222222226	3	0.006938886664887123	0.004006168083848885	03_47
chondroitin_sodium_sulfate	BMAA	chondroitin_sodium_sulfate	A. hadrus	CM03_47	chondroitin_sodium_sulfate	0.5	-0.0188888888888889	3	0.011706281947614174	0.0067586250336647	03_47
chondroitin_sodium_sulfate	BMAA	chondroitin_sodium_sulfate	A. hadrus	CM03_47	chondroitin_sodium_sulfate	0.75	-0.0188888888888889	3	0.018358568490953697	0.0105993244601883	03_47
chondroitin_sodium_sulfate	BMAA	chondroitin_sodium_sulfate	A. hadrus	CM03_47	chondroitin_sodium_sulfate	1	-0.005555555555555573	3	0.02143033502442879	0.012372809695177829	03_47
chondroitin_sodium_sulfate	BMAA	chondroitin_sodium_sulfate	A. hadrus	CM03_47	chondroitin_sodium_sulfate	1.25	-0.0022222222222222456	3	0.02411392712690079	0.01392218231793519	03_47
chondroitin_sodium_sulfate	BMAA	chondroitin_sodium_sulfate	A. hadrus	CM03_47	chondroitin_sodium_sulfate	1.5	0.0111111111111111	3	0.02714842605082359	0.01567415108851765	03_47
chondroitin_sodium_sulfate	BMAA	chondroitin_sodium_sulfate	A. hadrus	CM03_47	chondroitin_sodium_sulfate	1.75	0.01777777777777777	3	0.02411392712690079	0.01392218231793519	03_47
chondroitin_sodium_sulfate	BMAA	chondroitin_sodium_sulfate	A. hadrus	CM03_47	chondroitin_sodium_sulfate	2	0.024444444444444425	3	0.022194427061598018	0.012813958438523131	03_47
chondroitin_sodium_sulfate	BMAA	chondroitin_sodium_sulfate	A. hadrus	CM03_47	chondroitin_sodium_sulfate	2.25	0.0311111111111111	3	0.02775554665954848	0.016024672335395534	03_47
chondroitin_sodium_sulfate	BMAA	chondroitin_sodium_sulfate	A. hadrus	CM03_47	chondroitin_sodium_sulfate	2.5	0.04111111111111109	3	0.027755546659548457	0.01602467233539552	03_47
chondroitin_sodium_sulfate	BMAA	chondroitin_sodium_sulfate	A. hadrus	CM03_47	chondroitin_sodium_sulfate	2.75	0.047777777777777745	3	0.033388842669592723	0.019277057303219422	03_47
chondroitin_sodium_sulfate	BMAA	chondroitin_sodium_sulfate	A. hadrus	CM03_47	chondroitin_sodium_sulfate	3	0.057777777777777754	3	0.033388842669592723	0.019277057303219422	03_47
chondroitin_sodium_sulfate	BMAA	chondroitin_sodium_sulfate	A. hadrus	CM03_47	chondroitin_sodium_sulfate	3.25	0.06777777777777776	3	0.033388842669592723	0.019277057303219422	03_47
chondroitin_sodium_sulfate	BMAA	chondroitin_sodium_sulfate	A. hadrus	CM03_47	chondroitin_sodium_sulfate	3.5	0.0711111111111111	3	0.02775554665954845	0.016024672335395517	03_47
chondroitin_sodium_sulfate	BMAA	chondroitin_sodium_sulfate	A. hadrus	CM03_47	chondroitin_sodium_sulfate	3.75	0.0811111111111111	3	0.02775554665954845	0.016024672335395517	03_47
chondroitin_sodium_sulfate	BMAA	chondroitin_sodium_sulfate	A. hadrus	CM03_47	chondroitin_sodium_sulfate	4	0.08777777777777776	3	0.026736020923368856	0.015436048877166477	03_47
chondroitin_sodium_sulfate	BMAA	chondroitin_sodium_sulfate	A. hadrus	CM03_47	chondroitin_sodium_sulfate	4.25	0.0911111111111111	3	0.02775554665954848	0.016024672335395534	03_47
chondroitin_sodium_sulfate	BMAA	chondroitin_sodium_sulfate	A. hadrus	CM03_47	chondroitin_sodium_sulfate	4.5	0.10111111111111108	3	0.027755546659548457	0.01602467233539552	03_47
chondroitin_sodium_sulfate	BMAA	chondroitin_sodium_sulfate	A. hadrus	CM03_47	chondroitin_sodium_sulfate	4.75	0.10444444444444442	3	0.032030078456443525	0.0184925744189925	03_47
chondroitin_sodium_sulfate	BMAA	chondroitin_sodium_sulfate	A. hadrus	CM03_47	chondroitin_sodium_sulfate	5	0.10777777777777776	3	0.02673602092336883	0.01543604887716646	03_47
chondroitin_sodium_sulfate	BMAA	chondroitin_sodium_sulfate	A. hadrus	CM03_47	chondroitin_sodium_sulfate	5.25	0.11444444444444442	3	0.03203007845644352	0.018492574418992498	03_47
chondroitin_sodium_sulfate	BMAA	chondroitin_sodium_sulfate	A. hadrus	CM03_47	chondroitin_sodium_sulfate	5.5	0.11444444444444442	3	0.03203007845644352	0.018492574418992498	03_47
chondroitin_sodium_sulfate	BMAA	chondroitin_sodium_sulfate	A. hadrus	CM03_47	chondroitin_sodium_sulfate	5.75	0.12111111111111109	3	0.031681283176407254	0.018291197370171493	03_47
chondroitin_sodium_sulfate	BMAA	chondroitin_sodium_sulfate	A. hadrus	CM03_47	chondroitin_sodium_sulfate	6	0.12111111111111109	3	0.031681283176407254	0.018291197370171493	03_47
chondroitin_sodium_sulfate	BMAA	chondroitin_sodium_sulfate	A. hadrus	CM03_47	chondroitin_sodium_sulfate	6.25	0.12111111111111109	3	0.031681283176407254	0.018291197370171493	03_47
chondroitin_sodium_sulfate	BMAA	chondroitin_sodium_sulfate	A. hadrus	CM03_47	chondroitin_sodium_sulfate	6.5	0.12777777777777777	3	0.026736020923368825	0.015436048877166458	03_47
chondroitin_sodium_sulfate	BMAA	chondroitin_sodium_sulfate	A. hadrus	CM03_47	chondroitin_sodium_sulfate	6.75	0.12444444444444443	3	0.02694301256218256	0.01555555555555557	03_47
chondroitin_sodium_sulfate	BMAA	chondroitin_sodium_sulfate	A. hadrus	CM03_47	chondroitin_sodium_sulfate	7	0.12777777777777777	3	0.026736020923368825	0.015436048877166458	03_47
chondroitin_sodium_sulfate	BMAA	chondroitin_sodium_sulfate	A. hadrus	CM03_47	chondroitin_sodium_sulfate	7.25	0.12444444444444443	3	0.02694301256218256	0.01555555555555557	03_47
chondroitin_sodium_sulfate	BMAA	chondroitin_sodium_sulfate	A. hadrus	CM03_47	chondroitin_sodium_sulfate	7.5	0.12444444444444443	3	0.02694301256218256	0.01555555555555557	03_47
chondroitin_sodium_sulfate	BMAA	chondroitin_sodium_sulfate	A. hadrus	CM03_47	chondroitin_sodium_sulfate	7.75	0.12777777777777777	3	0.026736020923368825	0.015436048877166458	03_47
chondroitin_sodium_sulfate	BMAA	chondroitin_sodium_sulfate	A. hadrus	CM03_47	chondroitin_sodium_sulfate	8	0.12111111111111109	3	0.031681283176407254	0.018291197370171493	03_47
chondroitin_sodium_sulfate	BMAA	chondroitin_sodium_sulfate	A. hadrus	CM03_47	chondroitin_sodium_sulfate	8.25	0.12111111111111109	3	0.031681283176407254	0.018291197370171493	03_47
chondroitin_sodium_sulfate	BMAA	chondroitin_sodium_sulfate	A. hadrus	CM03_47	chondroitin_sodium_sulfate	8.5	0.12111111111111109	3	0.031681283176407254	0.018291197370171493	03_47
chondroitin_sodium_sulfate	BMAA	chondroitin_sodium_sulfate	A. hadrus	CM03_47	chondroitin_sodium_sulfate	8.75	0.12111111111111109	3	0.031681283176407254	0.018291197370171493	03_47
chondroitin_sodium_sulfate	BMAA	chondroitin_sodium_sulfate	A. hadrus	CM03_47	chondroitin_sodium_sulfate	9	0.12111111111111109	3	0.031681283176407254	0.018291197370171493	03_47
chondroitin_sodium_sulfate	BMAA	chondroitin_sodium_sulfate	A. hadrus	CM03_47	chondroitin_sodium_sulfate	9.25	0.12111111111111109	3	0.031681283176407254	0.018291197370171493	03_47
chondroitin_sodium_sulfate	BMAA	chondroitin_sodium_sulfate	A. hadrus	CM03_47	chondroitin_sodium_sulfate	9.5	0.12111111111111109	3	0.031681283176407254	0.018291197370171493	03_47
chondroitin_sodium_sulfate	BMAA	chondroitin_sodium_sulfate	A. hadrus	CM03_47	chondroitin_sodium_sulfate	9.75	0.11777777777777777	3	0.032375116187407724	0.018691782045845262	03_47
chondroitin_sodium_sulfate	BMAA	chondroitin_sodium_sulfate	A. hadrus	CM03_47	chondroitin_sodium_sulfate	10	0.11777777777777777	3	0.032375116187407724	0.018691782045845262	03_47
chondroitin_sodium_sulfate	BMAA	chondroitin_sodium_sulfate	A. hadrus	CM03_47	chondroitin_sodium_sulfate	10.25	0.11444444444444443	3	0.026943012562182556	0.015555555555555569	03_47
chondroitin_sodium_sulfate	BMAA	chondroitin_sodium_sulfate	A. hadrus	CM03_47	chondroitin_sodium_sulfate	10.5	0.11111111111111109	3	0.031681283176407254	0.018291197370171493	03_47
chondroitin_sodium_sulfate	BMAA	chondroitin_sodium_sulfate	A. hadrus	CM03_47	chondroitin_sodium_sulfate	10.75	0.11111111111111109	3	0.031681283176407254	0.018291197370171493	03_47
chondroitin_sodium_sulfate	BMAA	chondroitin_sodium_sulfate	A. hadrus	CM03_47	chondroitin_sodium_sulfate	11	0.11111111111111109	3	0.031681283176407254	0.018291197370171493	03_47
chondroitin_sodium_sulfate	BMAA	chondroitin_sodium_sulfate	A. hadrus	CM03_47	chondroitin_sodium_sulfate	11.25	0.11111111111111109	3	0.031681283176407254	0.018291197370171493	03_47
chondroitin_sodium_sulfate	BMAA	chondroitin_sodium_sulfate	A. hadrus	CM03_47	chondroitin_sodium_sulfate	11.5	0.10777777777777776	3	0.032375116187407724	0.018691782045845262	03_47
chondroitin_sodium_sulfate	BMAA	chondroitin_sodium_sulfate	A. hadrus	CM03_47	chondroitin_sodium_sulfate	11.75	0.10111111111111108	3	0.031681283176407254	0.018291197370171493	03_47
chondroitin_sodium_sulfate	BMAA	chondroitin_sodium_sulfate	A. hadrus	CM03_47	chondroitin_sodium_sulfate	12	0.10111111111111108	3	0.031681283176407254	0.018291197370171493	03_47
chondroitin_sodium_sulfate	BMAA	chondroitin_sodium_sulfate	A. hadrus	CM03_47	chondroitin_sodium_sulfate	12.25	0.10111111111111108	3	0.031681283176407254	0.018291197370171493	03_47
chondroitin_sodium_sulfate	BMAA	chondroitin_sodium_sulfate	A. hadrus	CM03_47	chondroitin_sodium_sulfate	12.5	0.10111111111111108	3	0.031681283176407254	0.018291197370171493	03_47
chondroitin_sodium_sulfate	BMAA	chondroitin_sodium_sulfate	A. hadrus	CM03_47	chondroitin_sodium_sulfate	12.75	0.09777777777777776	3	0.032375116187407724	0.018691782045845262	03_47
chondroitin_sodium_sulfate	BMAA	chondroitin_sodium_sulfate	A. hadrus	CM03_47	chondroitin_sodium_sulfate	13	0.10111111111111108	3	0.031681283176407254	0.018291197370171493	03_47
chondroitin_sodium_sulfate	BMAA	chondroitin_sodium_sulfate	A. hadrus	CM03_47	chondroitin_sodium_sulfate	13.25	0.09111111111111107	3	0.031681283176407254	0.018291197370171493	03_47
chondroitin_sodium_sulfate	BMAA	chondroitin_sodium_sulfate	A. hadrus	CM03_47	chondroitin_sodium_sulfate	13.5	0.09111111111111107	3	0.031681283176407254	0.018291197370171493	03_47
chondroitin_sodium_sulfate	BMAA	chondroitin_sodium_sulfate	A. hadrus	CM03_47	chondroitin_sodium_sulfate	13.75	0.09111111111111107	3	0.031681283176407254	0.018291197370171493	03_47
chondroitin_sodium_sulfate	BMAA	chondroitin_sodium_sulfate	A. hadrus	CM03_47	chondroitin_sodium_sulfate	14	0.09111111111111107	3	0.031681283176407254	0.018291197370171493	03_47
chondroitin_sodium_sulfate	BMAA	chondroitin_sodium_sulfate	A. hadrus	CM03_47	chondroitin_sodium_sulfate	14.25	0.08777777777777776	3	0.036717136981907345	0.02119864892037657	03_47
chondroitin_sodium_sulfate	BMAA	chondroitin_sodium_sulfate	A. hadrus	CM03_47	chondroitin_sodium_sulfate	14.5	0.08444444444444442	3	0.0368681333845268	0.021285826734075575	03_47
chondroitin_sodium_sulfate	BMAA	chondroitin_sodium_sulfate	A. hadrus	CM03_47	chondroitin_sodium_sulfate	14.75	0.08444444444444445	3	0.03203007845644352	0.018492574418992498	03_47
chondroitin_sodium_sulfate	BMAA	chondroitin_sodium_sulfate	A. hadrus	CM03_47	chondroitin_sodium_sulfate	15	0.0811111111111111	3	0.031681283176407254	0.018291197370171493	03_47
chondroitin_sodium_sulfate	BMAA	chondroitin_sodium_sulfate	A. hadrus	CM03_47	chondroitin_sodium_sulfate	15.25	0.0811111111111111	3	0.031681283176407254	0.018291197370171493	03_47
chondroitin_sodium_sulfate	BMAA	chondroitin_sodium_sulfate	A. hadrus	CM03_47	chondroitin_sodium_sulfate	15.5	0.07444444444444444	3	0.03686813338452683	0.021285826734075596	03_47
chondroitin_sodium_sulfate	BMAA	chondroitin_sodium_sulfate	A. hadrus	CM03_47	chondroitin_sodium_sulfate	15.75	0.07444444444444444	3	0.03686813338452683	0.021285826734075596	03_47
chondroitin_sodium_sulfate	BMAA	chondroitin_sodium_sulfate	A. hadrus	CM03_47	chondroitin_sodium_sulfate	16	0.07444444444444444	3	0.03686813338452683	0.021285826734075596	03_47
chondroitin_sodium_sulfate	BMAA	chondroitin_sodium_sulfate	A. hadrus	CM03_47	chondroitin_sodium_sulfate	16.25	0.07444444444444444	3	0.03686813338452683	0.021285826734075596	03_47
chondroitin_sodium_sulfate	BMAA	chondroitin_sodium_sulfate	A. hadrus	CM03_47	chondroitin_sodium_sulfate	16.5	0.06777777777777776	3	0.03671713698190737	0.021198648920376584	03_47
chondroitin_sodium_sulfate	BMAA	chondroitin_sodium_sulfate	A. hadrus	CM03_47	chondroitin_sodium_sulfate	16.75	0.06777777777777776	3	0.03671713698190737	0.021198648920376584	03_47
chondroitin_sodium_sulfate	BMAA	chondroitin_sodium_sulfate	A. hadrus	CM03_47	chondroitin_sodium_sulfate	17	0.06777777777777776	3	0.03671713698190737	0.021198648920376584	03_47
chondroitin_sodium_sulfate	BMAA	chondroitin_sodium_sulfate	A. hadrus	CM03_47	chondroitin_sodium_sulfate	17.25	0.06444444444444443	3	0.03686813338452683	0.021285826734075596	03_47
chondroitin_sodium_sulfate	BMAA	chondroitin_sodium_sulfate	A. hadrus	CM03_47	chondroitin_sodium_sulfate	17.5	0.06444444444444443	3	0.03686813338452683	0.021285826734075596	03_47
chondroitin_sodium_sulfate	BMAA	chondroitin_sodium_sulfate	A. hadrus	CM03_47	chondroitin_sodium_sulfate	17.75	0.06444444444444443	3	0.03686813338452683	0.021285826734075596	03_47
chondroitin_sodium_sulfate	BMAA	chondroitin_sodium_sulfate	A. hadrus	CM03_47	chondroitin_sodium_sulfate	18	0.06444444444444443	3	0.03686813338452683	0.021285826734075596	03_47
chondroitin_sodium_sulfate	BMAA	chondroitin_sodium_sulfate	A. hadrus	CM03_47	chondroitin_sodium_sulfate	18.25	0.06111111111111109	3	0.04167777629669126	0.024062675364119705	03_47
chondroitin_sodium_sulfate	BMAA	chondroitin_sodium_sulfate	A. hadrus	CM03_47	chondroitin_sodium_sulfate	18.5	0.06111111111111109	3	0.04167777629669126	0.024062675364119705	03_47
chondroitin_sodium_sulfate	BMAA	chondroitin_sodium_sulfate	A. hadrus	CM03_47	chondroitin_sodium_sulfate	18.75	0.06111111111111109	3	0.04167777629669126	0.024062675364119705	03_47
chondroitin_sodium_sulfate	BMAA	chondroitin_sodium_sulfate	A. hadrus	CM03_47	chondroitin_sodium_sulfate	19	0.057777777777777754	3	0.03671713698190737	0.021198648920376584	03_47
chondroitin_sodium_sulfate	BMAA	chondroitin_sodium_sulfate	A. hadrus	CM03_47	chondroitin_sodium_sulfate	19.25	0.057777777777777754	3	0.03671713698190737	0.021198648920376584	03_47
chondroitin_sodium_sulfate	BMAA	chondroitin_sodium_sulfate	A. hadrus	CM03_47	chondroitin_sodium_sulfate	19.5	0.054444444444444434	3	0.036868133384526824	0.021285826734075593	03_47
chondroitin_sodium_sulfate	BMAA	chondroitin_sodium_sulfate	A. hadrus	CM03_47	chondroitin_sodium_sulfate	19.75	0.054444444444444434	3	0.036868133384526824	0.021285826734075593	03_47
chondroitin_sodium_sulfate	BMAA	chondroitin_sodium_sulfate	A. hadrus	CM03_47	chondroitin_sodium_sulfate	20	0.0511111111111111	3	0.04167777629669126	0.024062675364119705	03_47
chondroitin_sodium_sulfate	BMAA	chondroitin_sodium_sulfate	A. hadrus	CM03_47	chondroitin_sodium_sulfate	20.25	0.0511111111111111	3	0.04167777629669126	0.024062675364119705	03_47
chondroitin_sodium_sulfate	BMAA	chondroitin_sodium_sulfate	A. hadrus	CM03_47	chondroitin_sodium_sulfate	20.5	0.0511111111111111	3	0.04167777629669126	0.024062675364119705	03_47
chondroitin_sodium_sulfate	BMAA	chondroitin_sodium_sulfate	A. hadrus	CM03_47	chondroitin_sodium_sulfate	20.75	0.0511111111111111	3	0.04167777629669126	0.024062675364119705	03_47
chondroitin_sodium_sulfate	BMAA	chondroitin_sodium_sulfate	A. hadrus	CM03_47	chondroitin_sodium_sulfate	21	0.04777777777777776	3	0.042207599807161315	0.024368569110512585	03_47
chondroitin_sodium_sulfate	BMAA	chondroitin_sodium_sulfate	A. hadrus	CM03_47	chondroitin_sodium_sulfate	21.25	0.0511111111111111	3	0.04167777629669126	0.024062675364119705	03_47
chondroitin_sodium_sulfate	BMAA	chondroitin_sodium_sulfate	A. hadrus	CM03_47	chondroitin_sodium_sulfate	21.5	0.04777777777777776	3	0.042207599807161315	0.024368569110512585	03_47
chondroitin_sodium_sulfate	BMAA	chondroitin_sodium_sulfate	A. hadrus	CM03_47	chondroitin_sodium_sulfate	21.75	0.04777777777777776	3	0.042207599807161315	0.024368569110512585	03_47
chondroitin_sodium_sulfate	BMAA	chondroitin_sodium_sulfate	A. hadrus	CM03_47	chondroitin_sodium_sulfate	22	0.04777777777777776	3	0.042207599807161315	0.024368569110512585	03_47
chondroitin_sodium_sulfate	BMAA	chondroitin_sodium_sulfate	A. hadrus	CM03_47	chondroitin_sodium_sulfate	22.25	0.04777777777777776	3	0.042207599807161315	0.024368569110512585	03_47
chondroitin_sodium_sulfate	BMAA	chondroitin_sodium_sulfate	A. hadrus	CM03_47	chondroitin_sodium_sulfate	22.5	0.04777777777777776	3	0.042207599807161315	0.024368569110512585	03_47
chondroitin_sodium_sulfate	BMAA	chondroitin_sodium_sulfate	A. hadrus	CM03_47	chondroitin_sodium_sulfate	22.75	0.04777777777777776	3	0.042207599807161315	0.024368569110512585	03_47
chondroitin_sodium_sulfate	BMAA	chondroitin_sodium_sulfate	A. hadrus	CM03_47	chondroitin_sodium_sulfate	23	0.04777777777777776	3	0.042207599807161315	0.024368569110512585	03_47
chondroitin_sodium_sulfate	BMAA	chondroitin_sodium_sulfate	A. hadrus	CM03_47	chondroitin_sodium_sulfate	23.25	0.04777777777777776	3	0.042207599807161315	0.024368569110512585	03_47
chondroitin_sodium_sulfate	BMAA	chondroitin_sodium_sulfate	A. hadrus	CM03_47	chondroitin_sodium_sulfate	23.5	0.04777777777777776	3	0.042207599807161315	0.024368569110512585	03_47
chondroitin_sodium_sulfate	BMAA	chondroitin_sodium_sulfate	A. hadrus	CM03_47	chondroitin_sodium_sulfate	23.75	0.04777777777777776	3	0.042207599807161315	0.024368569110512585	03_47
chondroitin_sodium_sulfate	BMAA	chondroitin_sodium_sulfate	A. hadrus	CM03_47	chondroitin_sodium_sulfate	24	0.044444444444444425	3	0.04682512779045665	0.027034500134658777	03_47
d_trehalose	BMAA	d_trehalose	A. hadrus	CM03_47	d_trehalose	0	0	3	0	0	03_47
d_trehalose	BMAA	d_trehalose	A. hadrus	CM03_47	d_trehalose	0.25	0	3	0	0	03_47
d_trehalose	BMAA	d_trehalose	A. hadrus	CM03_47	d_trehalose	0.5	0	3	0	0	03_47
d_trehalose	BMAA	d_trehalose	A. hadrus	CM03_47	d_trehalose	0.75	-0.006666666666666672	3	0.005773502691896263	0.0033333333333333366	03_47
d_trehalose	BMAA	d_trehalose	A. hadrus	CM03_47	d_trehalose	1	-0.006666666666666672	3	0.005773502691896263	0.0033333333333333366	03_47
d_trehalose	BMAA	d_trehalose	A. hadrus	CM03_47	d_trehalose	1.25	-0.006666666666666672	3	0.005773502691896263	0.0033333333333333366	03_47
d_trehalose	BMAA	d_trehalose	A. hadrus	CM03_47	d_trehalose	1.5	-0.006666666666666672	3	0.005773502691896263	0.0033333333333333366	03_47
d_trehalose	BMAA	d_trehalose	A. hadrus	CM03_47	d_trehalose	1.75	-0.006666666666666672	3	0.005773502691896263	0.0033333333333333366	03_47
d_trehalose	BMAA	d_trehalose	A. hadrus	CM03_47	d_trehalose	2	-0.006666666666666672	3	0.005773502691896263	0.0033333333333333366	03_47
d_trehalose	BMAA	d_trehalose	A. hadrus	CM03_47	d_trehalose	2.25	-0.006666666666666672	3	0.005773502691896263	0.0033333333333333366	03_47
d_trehalose	BMAA	d_trehalose	A. hadrus	CM03_47	d_trehalose	2.5	-0.006666666666666672	3	0.005773502691896263	0.0033333333333333366	03_47
d_trehalose	BMAA	d_trehalose	A. hadrus	CM03_47	d_trehalose	2.75	-0.006666666666666672	3	0.005773502691896263	0.0033333333333333366	03_47
d_trehalose	BMAA	d_trehalose	A. hadrus	CM03_47	d_trehalose	3	-0.006666666666666672	3	0.005773502691896263	0.0033333333333333366	03_47
d_trehalose	BMAA	d_trehalose	A. hadrus	CM03_47	d_trehalose	3.25	-0.006666666666666672	3	0.005773502691896263	0.0033333333333333366	03_47
d_trehalose	BMAA	d_trehalose	A. hadrus	CM03_47	d_trehalose	3.5	-0.006666666666666672	3	0.005773502691896263	0.0033333333333333366	03_47
d_trehalose	BMAA	d_trehalose	A. hadrus	CM03_47	d_trehalose	3.75	-0.006666666666666672	3	0.005773502691896263	0.0033333333333333366	03_47
d_trehalose	BMAA	d_trehalose	A. hadrus	CM03_47	d_trehalose	4	-0.006666666666666672	3	0.005773502691896263	0.0033333333333333366	03_47
d_trehalose	BMAA	d_trehalose	A. hadrus	CM03_47	d_trehalose	4.25	-0.006666666666666672	3	0.005773502691896263	0.0033333333333333366	03_47
d_trehalose	BMAA	d_trehalose	A. hadrus	CM03_47	d_trehalose	4.5	-0.006666666666666672	3	0.005773502691896263	0.0033333333333333366	03_47
d_trehalose	BMAA	d_trehalose	A. hadrus	CM03_47	d_trehalose	4.75	-0.006666666666666672	3	0.005773502691896263	0.0033333333333333366	03_47
d_trehalose	BMAA	d_trehalose	A. hadrus	CM03_47	d_trehalose	5	-0.006666666666666672	3	0.005773502691896263	0.0033333333333333366	03_47
d_trehalose	BMAA	d_trehalose	A. hadrus	CM03_47	d_trehalose	5.25	-0.006666666666666672	3	0.005773502691896263	0.0033333333333333366	03_47
d_trehalose	BMAA	d_trehalose	A. hadrus	CM03_47	d_trehalose	5.5	-0.006666666666666672	3	0.005773502691896263	0.0033333333333333366	03_47
d_trehalose	BMAA	d_trehalose	A. hadrus	CM03_47	d_trehalose	5.75	-0.006666666666666672	3	0.005773502691896263	0.0033333333333333366	03_47
d_trehalose	BMAA	d_trehalose	A. hadrus	CM03_47	d_trehalose	6	-0.006666666666666672	3	0.005773502691896263	0.0033333333333333366	03_47
d_trehalose	BMAA	d_trehalose	A. hadrus	CM03_47	d_trehalose	6.25	-0.006666666666666672	3	0.005773502691896263	0.0033333333333333366	03_47
d_trehalose	BMAA	d_trehalose	A. hadrus	CM03_47	d_trehalose	6.5	-0.006666666666666672	3	0.005773502691896263	0.0033333333333333366	03_47
d_trehalose	BMAA	d_trehalose	A. hadrus	CM03_47	d_trehalose	6.75	-0.006666666666666672	3	0.005773502691896263	0.0033333333333333366	03_47
d_trehalose	BMAA	d_trehalose	A. hadrus	CM03_47	d_trehalose	7	-0.006666666666666672	3	0.005773502691896263	0.0033333333333333366	03_47
d_trehalose	BMAA	d_trehalose	A. hadrus	CM03_47	d_trehalose	7.25	-0.006666666666666672	3	0.005773502691896263	0.0033333333333333366	03_47
d_trehalose	BMAA	d_trehalose	A. hadrus	CM03_47	d_trehalose	7.5	-0.006666666666666672	3	0.005773502691896263	0.0033333333333333366	03_47
d_trehalose	BMAA	d_trehalose	A. hadrus	CM03_47	d_trehalose	7.75	-0.006666666666666672	3	0.005773502691896263	0.0033333333333333366	03_47
d_trehalose	BMAA	d_trehalose	A. hadrus	CM03_47	d_trehalose	8	-0.006666666666666672	3	0.005773502691896263	0.0033333333333333366	03_47
d_trehalose	BMAA	d_trehalose	A. hadrus	CM03_47	d_trehalose	8.25	-0.006666666666666672	3	0.005773502691896263	0.0033333333333333366	03_47
d_trehalose	BMAA	d_trehalose	A. hadrus	CM03_47	d_trehalose	8.5	-0.006666666666666672	3	0.005773502691896263	0.0033333333333333366	03_47
d_trehalose	BMAA	d_trehalose	A. hadrus	CM03_47	d_trehalose	8.75	-0.006666666666666672	3	0.005773502691896263	0.0033333333333333366	03_47
d_trehalose	BMAA	d_trehalose	A. hadrus	CM03_47	d_trehalose	9	-0.006666666666666672	3	0.005773502691896263	0.0033333333333333366	03_47
d_trehalose	BMAA	d_trehalose	A. hadrus	CM03_47	d_trehalose	9.25	-0.006666666666666672	3	0.005773502691896263	0.0033333333333333366	03_47
d_trehalose	BMAA	d_trehalose	A. hadrus	CM03_47	d_trehalose	9.5	-0.006666666666666672	3	0.005773502691896263	0.0033333333333333366	03_47
d_trehalose	BMAA	d_trehalose	A. hadrus	CM03_47	d_trehalose	9.75	-0.006666666666666672	3	0.005773502691896263	0.0033333333333333366	03_47
d_trehalose	BMAA	d_trehalose	A. hadrus	CM03_47	d_trehalose	10	-0.006666666666666672	3	0.005773502691896263	0.0033333333333333366	03_47
d_trehalose	BMAA	d_trehalose	A. hadrus	CM03_47	d_trehalose	10.25	-0.006666666666666672	3	0.005773502691896263	0.0033333333333333366	03_47
d_trehalose	BMAA	d_trehalose	A. hadrus	CM03_47	d_trehalose	10.5	-0.006666666666666672	3	0.005773502691896263	0.0033333333333333366	03_47
d_trehalose	BMAA	d_trehalose	A. hadrus	CM03_47	d_trehalose	10.75	-0.006666666666666672	3	0.005773502691896263	0.0033333333333333366	03_47
d_trehalose	BMAA	d_trehalose	A. hadrus	CM03_47	d_trehalose	11	-0.006666666666666672	3	0.005773502691896263	0.0033333333333333366	03_47
d_trehalose	BMAA	d_trehalose	A. hadrus	CM03_47	d_trehalose	11.25	-0.006666666666666672	3	0.005773502691896263	0.0033333333333333366	03_47
d_trehalose	BMAA	d_trehalose	A. hadrus	CM03_47	d_trehalose	11.5	-0.006666666666666672	3	0.005773502691896263	0.0033333333333333366	03_47
d_trehalose	BMAA	d_trehalose	A. hadrus	CM03_47	d_trehalose	11.75	-0.006666666666666672	3	0.005773502691896263	0.0033333333333333366	03_47
d_trehalose	BMAA	d_trehalose	A. hadrus	CM03_47	d_trehalose	12	-0.006666666666666672	3	0.005773502691896263	0.0033333333333333366	03_47
d_trehalose	BMAA	d_trehalose	A. hadrus	CM03_47	d_trehalose	12.25	-0.006666666666666672	3	0.005773502691896263	0.0033333333333333366	03_47
d_trehalose	BMAA	d_trehalose	A. hadrus	CM03_47	d_trehalose	12.5	-0.006666666666666672	3	0.005773502691896263	0.0033333333333333366	03_47
d_trehalose	BMAA	d_trehalose	A. hadrus	CM03_47	d_trehalose	12.75	-0.006666666666666672	3	0.005773502691896263	0.0033333333333333366	03_47
d_trehalose	BMAA	d_trehalose	A. hadrus	CM03_47	d_trehalose	13	-0.006666666666666672	3	0.005773502691896263	0.0033333333333333366	03_47
d_trehalose	BMAA	d_trehalose	A. hadrus	CM03_47	d_trehalose	13.25	-0.006666666666666672	3	0.005773502691896263	0.0033333333333333366	03_47
d_trehalose	BMAA	d_trehalose	A. hadrus	CM03_47	d_trehalose	13.5	-0.006666666666666672	3	0.005773502691896263	0.0033333333333333366	03_47
d_trehalose	BMAA	d_trehalose	A. hadrus	CM03_47	d_trehalose	13.75	-0.006666666666666672	3	0.005773502691896263	0.0033333333333333366	03_47
d_trehalose	BMAA	d_trehalose	A. hadrus	CM03_47	d_trehalose	14	-0.006666666666666672	3	0.005773502691896263	0.0033333333333333366	03_47
d_trehalose	BMAA	d_trehalose	A. hadrus	CM03_47	d_trehalose	14.25	-0.006666666666666672	3	0.005773502691896263	0.0033333333333333366	03_47
d_trehalose	BMAA	d_trehalose	A. hadrus	CM03_47	d_trehalose	14.5	-0.006666666666666672	3	0.005773502691896263	0.0033333333333333366	03_47
d_trehalose	BMAA	d_trehalose	A. hadrus	CM03_47	d_trehalose	14.75	-0.006666666666666672	3	0.005773502691896263	0.0033333333333333366	03_47
d_trehalose	BMAA	d_trehalose	A. hadrus	CM03_47	d_trehalose	15	-0.006666666666666672	3	0.005773502691896263	0.0033333333333333366	03_47
d_trehalose	BMAA	d_trehalose	A. hadrus	CM03_47	d_trehalose	15.25	-0.006666666666666672	3	0.005773502691896263	0.0033333333333333366	03_47
d_trehalose	BMAA	d_trehalose	A. hadrus	CM03_47	d_trehalose	15.5	-0.006666666666666672	3	0.005773502691896263	0.0033333333333333366	03_47
d_trehalose	BMAA	d_trehalose	A. hadrus	CM03_47	d_trehalose	15.75	-0.006666666666666672	3	0.005773502691896263	0.0033333333333333366	03_47
d_trehalose	BMAA	d_trehalose	A. hadrus	CM03_47	d_trehalose	16	-0.006666666666666672	3	0.005773502691896263	0.0033333333333333366	03_47
d_trehalose	BMAA	d_trehalose	A. hadrus	CM03_47	d_trehalose	16.25	-0.006666666666666672	3	0.005773502691896263	0.0033333333333333366	03_47
d_trehalose	BMAA	d_trehalose	A. hadrus	CM03_47	d_trehalose	16.5	-0.006666666666666672	3	0.005773502691896263	0.0033333333333333366	03_47
d_trehalose	BMAA	d_trehalose	A. hadrus	CM03_47	d_trehalose	16.75	-0.006666666666666672	3	0.005773502691896263	0.0033333333333333366	03_47
d_trehalose	BMAA	d_trehalose	A. hadrus	CM03_47	d_trehalose	17	-0.006666666666666672	3	0.005773502691896263	0.0033333333333333366	03_47
d_trehalose	BMAA	d_trehalose	A. hadrus	CM03_47	d_trehalose	17.25	-0.006666666666666672	3	0.005773502691896263	0.0033333333333333366	03_47
d_trehalose	BMAA	d_trehalose	A. hadrus	CM03_47	d_trehalose	17.5	-0.006666666666666672	3	0.005773502691896263	0.0033333333333333366	03_47
d_trehalose	BMAA	d_trehalose	A. hadrus	CM03_47	d_trehalose	17.75	-0.006666666666666672	3	0.005773502691896263	0.0033333333333333366	03_47
d_trehalose	BMAA	d_trehalose	A. hadrus	CM03_47	d_trehalose	18	-0.006666666666666672	3	0.005773502691896263	0.0033333333333333366	03_47
d_trehalose	BMAA	d_trehalose	A. hadrus	CM03_47	d_trehalose	18.25	-0.006666666666666672	3	0.005773502691896263	0.0033333333333333366	03_47
d_trehalose	BMAA	d_trehalose	A. hadrus	CM03_47	d_trehalose	18.5	-0.006666666666666672	3	0.005773502691896263	0.0033333333333333366	03_47
d_trehalose	BMAA	d_trehalose	A. hadrus	CM03_47	d_trehalose	18.75	-0.006666666666666672	3	0.005773502691896263	0.0033333333333333366	03_47
d_trehalose	BMAA	d_trehalose	A. hadrus	CM03_47	d_trehalose	19	-0.006666666666666672	3	0.005773502691896263	0.0033333333333333366	03_47
d_trehalose	BMAA	d_trehalose	A. hadrus	CM03_47	d_trehalose	19.25	-0.006666666666666672	3	0.005773502691896263	0.0033333333333333366	03_47
d_trehalose	BMAA	d_trehalose	A. hadrus	CM03_47	d_trehalose	19.5	-0.006666666666666672	3	0.005773502691896263	0.0033333333333333366	03_47
d_trehalose	BMAA	d_trehalose	A. hadrus	CM03_47	d_trehalose	19.75	-0.006666666666666672	3	0.005773502691896263	0.0033333333333333366	03_47
d_trehalose	BMAA	d_trehalose	A. hadrus	CM03_47	d_trehalose	20	-0.006666666666666672	3	0.005773502691896263	0.0033333333333333366	03_47
d_trehalose	BMAA	d_trehalose	A. hadrus	CM03_47	d_trehalose	20.25	-0.006666666666666672	3	0.005773502691896263	0.0033333333333333366	03_47
d_trehalose	BMAA	d_trehalose	A. hadrus	CM03_47	d_trehalose	20.5	-0.006666666666666672	3	0.005773502691896263	0.0033333333333333366	03_47
d_trehalose	BMAA	d_trehalose	A. hadrus	CM03_47	d_trehalose	20.75	-0.006666666666666672	3	0.005773502691896263	0.0033333333333333366	03_47
d_trehalose	BMAA	d_trehalose	A. hadrus	CM03_47	d_trehalose	21	-0.006666666666666672	3	0.005773502691896263	0.0033333333333333366	03_47
d_trehalose	BMAA	d_trehalose	A. hadrus	CM03_47	d_trehalose	21.25	-0.006666666666666672	3	0.005773502691896263	0.0033333333333333366	03_47
d_trehalose	BMAA	d_trehalose	A. hadrus	CM03_47	d_trehalose	21.5	-0.006666666666666672	3	0.005773502691896263	0.0033333333333333366	03_47
d_trehalose	BMAA	d_trehalose	A. hadrus	CM03_47	d_trehalose	21.75	-0.006666666666666672	3	0.005773502691896263	0.0033333333333333366	03_47
d_trehalose	BMAA	d_trehalose	A. hadrus	CM03_47	d_trehalose	22	-0.006666666666666672	3	0.005773502691896263	0.0033333333333333366	03_47
d_trehalose	BMAA	d_trehalose	A. hadrus	CM03_47	d_trehalose	22.25	-0.006666666666666672	3	0.005773502691896263	0.0033333333333333366	03_47
d_trehalose	BMAA	d_trehalose	A. hadrus	CM03_47	d_trehalose	22.5	-0.006666666666666672	3	0.005773502691896263	0.0033333333333333366	03_47
d_trehalose	BMAA	d_trehalose	A. hadrus	CM03_47	d_trehalose	22.75	-0.006666666666666672	3	0.005773502691896263	0.0033333333333333366	03_47
d_trehalose	BMAA	d_trehalose	A. hadrus	CM03_47	d_trehalose	23	-0.006666666666666672	3	0.005773502691896263	0.0033333333333333366	03_47
d_trehalose	BMAA	d_trehalose	A. hadrus	CM03_47	d_trehalose	23.25	-0.006666666666666672	3	0.005773502691896263	0.0033333333333333366	03_47
d_trehalose	BMAA	d_trehalose	A. hadrus	CM03_47	d_trehalose	23.5	-0.006666666666666672	3	0.005773502691896263	0.0033333333333333366	03_47
d_trehalose	BMAA	d_trehalose	A. hadrus	CM03_47	d_trehalose	23.75	-0.006666666666666672	3	0.005773502691896263	0.0033333333333333366	03_47
d_trehalose	BMAA	d_trehalose	A. hadrus	CM03_47	d_trehalose	24	-0.006666666666666672	3	0.005773502691896263	0.0033333333333333366	03_47
sucrose	BMAA	sucrose	A. hadrus	CM03_47	sucrose	0	0.023333333333333334	3	0.006666666666666654	0.003849001794597498	03_47
sucrose	BMAA	sucrose	A. hadrus	CM03_47	sucrose	0.25	-0.006666666666666672	3	0.003333333333333327	0.001924500897298749	03_47
sucrose	BMAA	sucrose	A. hadrus	CM03_47	sucrose	0.5	-0.016666666666666673	3	0.003333333333333341	0.001924500897298757	03_47
sucrose	BMAA	sucrose	A. hadrus	CM03_47	sucrose	0.75	-0.016666666666666673	3	0.003333333333333341	0.001924500897298757	03_47
sucrose	BMAA	sucrose	A. hadrus	CM03_47	sucrose	1	-0.003333333333333336	3	0.003333333333333327	0.001924500897298749	03_47
sucrose	BMAA	sucrose	A. hadrus	CM03_47	sucrose	1.25	0.006666666666666672	3	0.003333333333333327	0.001924500897298749	03_47
sucrose	BMAA	sucrose	A. hadrus	CM03_47	sucrose	1.5	0.02	3	0.00881917103688194	0.00509175077217314	03_47
sucrose	BMAA	sucrose	A. hadrus	CM03_47	sucrose	1.75	0.03999999999999999	3	0.008819171036881969	0.005091750772173156	03_47
sucrose	BMAA	sucrose	A. hadrus	CM03_47	sucrose	2	0.049999999999999996	3	0.008819171036881969	0.005091750772173156	03_47
sucrose	BMAA	sucrose	A. hadrus	CM03_47	sucrose	2.25	0.05666666666666667	3	0.003333333333333327	0.001924500897298749	03_47
sucrose	BMAA	sucrose	A. hadrus	CM03_47	sucrose	2.5	0.06666666666666668	3	0.003333333333333327	0.001924500897298749	03_47
sucrose	BMAA	sucrose	A. hadrus	CM03_47	sucrose	2.75	0.07666666666666665	3	0.0033333333333332993	0.001924500897298733	03_47
sucrose	BMAA	sucrose	A. hadrus	CM03_47	sucrose	3	0.08666666666666666	3	0.0033333333333332993	0.001924500897298733	03_47
sucrose	BMAA	sucrose	A. hadrus	CM03_47	sucrose	3.25	0.08666666666666666	3	0.0033333333333332993	0.001924500897298733	03_47
sucrose	BMAA	sucrose	A. hadrus	CM03_47	sucrose	3.5	0.09999999999999999	3	0.008819171036881969	0.005091750772173156	03_47
sucrose	BMAA	sucrose	A. hadrus	CM03_47	sucrose	3.75	0.11333333333333333	3	0.014529663145135582	0.008388704928078614	03_47
sucrose	BMAA	sucrose	A. hadrus	CM03_47	sucrose	4	0.11666666666666667	3	0.013333333333333336	0.007698003589195012	03_47
sucrose	BMAA	sucrose	A. hadrus	CM03_47	sucrose	4.25	0.12333333333333334	3	0.008819171036881969	0.005091750772173156	03_47
sucrose	BMAA	sucrose	A. hadrus	CM03_47	sucrose	4.5	0.12666666666666665	3	0.013333333333333308	0.007698003589194996	03_47
sucrose	BMAA	sucrose	A. hadrus	CM03_47	sucrose	4.75	0.1333333333333333	3	0.008819171036881937	0.005091750772173138	03_47
sucrose	BMAA	sucrose	A. hadrus	CM03_47	sucrose	5	0.13999999999999999	3	0.014529663145135551	0.008388704928078595	03_47
sucrose	BMAA	sucrose	A. hadrus	CM03_47	sucrose	5.25	0.14666666666666667	3	0.023333333333333317	0.013471506281091259	03_47
sucrose	BMAA	sucrose	A. hadrus	CM03_47	sucrose	5.5	0.15333333333333332	3	0.018559214542766718	0.010715167512214383	03_47
sucrose	BMAA	sucrose	A. hadrus	CM03_47	sucrose	5.75	0.15666666666666668	3	0.023333333333333317	0.013471506281091259	03_47
sucrose	BMAA	sucrose	A. hadrus	CM03_47	sucrose	6	0.15666666666666668	3	0.023333333333333317	0.013471506281091259	03_47
sucrose	BMAA	sucrose	A. hadrus	CM03_47	sucrose	6.25	0.16666666666666669	3	0.023333333333333317	0.013471506281091259	03_47
sucrose	BMAA	sucrose	A. hadrus	CM03_47	sucrose	6.5	0.17	3	0.024037008503093243	0.013877773329774207	03_47
sucrose	BMAA	sucrose	A. hadrus	CM03_47	sucrose	6.75	0.16666666666666669	3	0.029627314724385283	0.01710533813148961	03_47
sucrose	BMAA	sucrose	A. hadrus	CM03_47	sucrose	7	0.17	3	0.031797973380564844	0.01835856849095367	03_47
sucrose	BMAA	sucrose	A. hadrus	CM03_47	sucrose	7.25	0.17	3	0.031797973380564844	0.01835856849095367	03_47
sucrose	BMAA	sucrose	A. hadrus	CM03_47	sucrose	7.5	0.17333333333333334	3	0.03527668414752785	0.020367003088692607	03_47
sucrose	BMAA	sucrose	A. hadrus	CM03_47	sucrose	7.75	0.17333333333333334	3	0.03480102169636847	0.020092379244472346	03_47
sucrose	BMAA	sucrose	A. hadrus	CM03_47	sucrose	8	0.17333333333333334	3	0.03480102169636847	0.020092379244472346	03_47
sucrose	BMAA	sucrose	A. hadrus	CM03_47	sucrose	8.25	0.16999999999999998	3	0.032829526005986986	0.018954135676924406	03_47
sucrose	BMAA	sucrose	A. hadrus	CM03_47	sucrose	8.5	0.15999999999999998	3	0.03666666666666664	0.021169509870286263	03_47
sucrose	BMAA	sucrose	A. hadrus	CM03_47	sucrose	8.75	0.15	3	0.040551750201988104	0.023412563895228295	03_47
sucrose	BMAA	sucrose	A. hadrus	CM03_47	sucrose	9	0.1433333333333333	3	0.04666666666666665	0.026943012562182525	03_47
sucrose	BMAA	sucrose	A. hadrus	CM03_47	sucrose	9.25	0.1433333333333333	3	0.04666666666666665	0.026943012562182525	03_47
sucrose	BMAA	sucrose	A. hadrus	CM03_47	sucrose	9.5	0.1433333333333333	3	0.04666666666666665	0.026943012562182525	03_47
sucrose	BMAA	sucrose	A. hadrus	CM03_47	sucrose	9.75	0.14666666666666667	3	0.04484541349024568	0.02589151155051342	03_47
sucrose	BMAA	sucrose	A. hadrus	CM03_47	sucrose	10	0.14666666666666667	3	0.04484541349024568	0.02589151155051342	03_47
sucrose	BMAA	sucrose	A. hadrus	CM03_47	sucrose	10.25	0.14333333333333334	3	0.04333333333333335	0.025018511664883794	03_47
sucrose	BMAA	sucrose	A. hadrus	CM03_47	sucrose	10.5	0.14666666666666667	3	0.03844187531556933	0.022194427061597983	03_47
sucrose	BMAA	sucrose	A. hadrus	CM03_47	sucrose	10.75	0.14	3	0.038441875315569335	0.022194427061597986	03_47
sucrose	BMAA	sucrose	A. hadrus	CM03_47	sucrose	11	0.13333333333333333	3	0.04333333333333335	0.025018511664883794	03_47
sucrose	BMAA	sucrose	A. hadrus	CM03_47	sucrose	11.25	0.13	3	0.038441875315569335	0.022194427061597986	03_47
sucrose	BMAA	sucrose	A. hadrus	CM03_47	sucrose	11.5	0.12666666666666665	3	0.03844187531556933	0.022194427061597983	03_47
sucrose	BMAA	sucrose	A. hadrus	CM03_47	sucrose	11.75	0.12666666666666665	3	0.03844187531556933	0.022194427061597983	03_47
sucrose	BMAA	sucrose	A. hadrus	CM03_47	sucrose	12	0.12333333333333332	3	0.04333333333333335	0.025018511664883794	03_47
sucrose	BMAA	sucrose	A. hadrus	CM03_47	sucrose	12.25	0.12000000000000001	3	0.048419463487779826	0.02795499027868694	03_47
sucrose	BMAA	sucrose	A. hadrus	CM03_47	sucrose	12.5	0.11666666666666667	3	0.048419463487779826	0.02795499027868694	03_47
sucrose	BMAA	sucrose	A. hadrus	CM03_47	sucrose	12.75	0.12000000000000001	3	0.053644923131436935	0.030971910810591897	03_47
sucrose	BMAA	sucrose	A. hadrus	CM03_47	sucrose	13	0.11666666666666667	3	0.05456901847914966	0.03150543750835072	03_47
sucrose	BMAA	sucrose	A. hadrus	CM03_47	sucrose	13.25	0.12000000000000001	3	0.06009252125773316	0.03469443332443555	03_47
sucrose	BMAA	sucrose	A. hadrus	CM03_47	sucrose	13.5	0.12000000000000001	3	0.06009252125773316	0.03469443332443555	03_47
sucrose	BMAA	sucrose	A. hadrus	CM03_47	sucrose	13.75	0.12333333333333332	3	0.065659052011974	0.03790827135384883	03_47
sucrose	BMAA	sucrose	A. hadrus	CM03_47	sucrose	14	0.11999999999999998	3	0.06984108946585653	0.040322771803609006	03_47
sucrose	BMAA	sucrose	A. hadrus	CM03_47	sucrose	14.25	0.11999999999999998	3	0.07688375063113863	0.04438885412319595	03_47
sucrose	BMAA	sucrose	A. hadrus	CM03_47	sucrose	14.5	0.11999999999999998	3	0.07688375063113863	0.04438885412319595	03_47
sucrose	BMAA	sucrose	A. hadrus	CM03_47	sucrose	14.75	0.11999999999999998	3	0.07688375063113863	0.04438885412319595	03_47
sucrose	BMAA	sucrose	A. hadrus	CM03_47	sucrose	15	0.11999999999999998	3	0.07688375063113863	0.04438885412319595	03_47
sucrose	BMAA	sucrose	A. hadrus	CM03_47	sucrose	15.25	0.11666666666666667	3	0.07881060278357924	0.045501322732096144	03_47
sucrose	BMAA	sucrose	A. hadrus	CM03_47	sucrose	15.5	0.11333333333333333	3	0.08252945602093296	0.04764840364975903	03_47
sucrose	BMAA	sucrose	A. hadrus	CM03_47	sucrose	15.75	0.11333333333333333	3	0.07310570733153766	0.042207599807161274	03_47
sucrose	BMAA	sucrose	A. hadrus	CM03_47	sucrose	16	0.11333333333333333	3	0.07310570733153766	0.042207599807161274	03_47
sucrose	BMAA	sucrose	A. hadrus	CM03_47	sucrose	16.25	0.11	3	0.07688375063113861	0.04438885412319594	03_47
sucrose	BMAA	sucrose	A. hadrus	CM03_47	sucrose	16.5	0.11	3	0.07688375063113861	0.04438885412319594	03_47
sucrose	BMAA	sucrose	A. hadrus	CM03_47	sucrose	16.75	0.10666666666666666	3	0.07881060278357924	0.045501322732096144	03_47
sucrose	BMAA	sucrose	A. hadrus	CM03_47	sucrose	17	0.10666666666666666	3	0.07881060278357924	0.045501322732096144	03_47
sucrose	BMAA	sucrose	A. hadrus	CM03_47	sucrose	17.25	0.10333333333333335	3	0.0731057073315377	0.042207599807161295	03_47
sucrose	BMAA	sucrose	A. hadrus	CM03_47	sucrose	17.5	0.1	3	0.07688375063113866	0.044388854123195966	03_47
sucrose	BMAA	sucrose	A. hadrus	CM03_47	sucrose	17.75	0.1	3	0.06741249472052227	0.03892062197363776	03_47
sucrose	BMAA	sucrose	A. hadrus	CM03_47	sucrose	18	0.09666666666666666	3	0.07125852775477318	0.041141130181274715	03_47
sucrose	BMAA	sucrose	A. hadrus	CM03_47	sucrose	18.25	0.09333333333333334	3	0.07535103036971544	0.043503937667670876	03_47
sucrose	BMAA	sucrose	A. hadrus	CM03_47	sucrose	18.5	0.09	3	0.06741249472052227	0.03892062197363776	03_47
sucrose	BMAA	sucrose	A. hadrus	CM03_47	sucrose	18.75	0.09	3	0.06741249472052227	0.03892062197363776	03_47
sucrose	BMAA	sucrose	A. hadrus	CM03_47	sucrose	19	0.08666666666666666	3	0.07125852775477318	0.041141130181274715	03_47
sucrose	BMAA	sucrose	A. hadrus	CM03_47	sucrose	19.25	0.08666666666666666	3	0.07125852775477318	0.041141130181274715	03_47
sucrose	BMAA	sucrose	A. hadrus	CM03_47	sucrose	19.5	0.08333333333333333	3	0.06565905201197403	0.037908271353848846	03_47
sucrose	BMAA	sucrose	A. hadrus	CM03_47	sucrose	19.75	0.08333333333333333	3	0.06565905201197403	0.037908271353848846	03_47
sucrose	BMAA	sucrose	A. hadrus	CM03_47	sucrose	20	0.07999999999999999	3	0.06741249472052227	0.03892062197363776	03_47
sucrose	BMAA	sucrose	A. hadrus	CM03_47	sucrose	20.25	0.07666666666666665	3	0.06173419725817377	0.035642255405212084	03_47
sucrose	BMAA	sucrose	A. hadrus	CM03_47	sucrose	20.5	0.07666666666666665	3	0.06173419725817377	0.035642255405212084	03_47
sucrose	BMAA	sucrose	A. hadrus	CM03_47	sucrose	20.75	0.07666666666666665	3	0.06173419725817377	0.035642255405212084	03_47
sucrose	BMAA	sucrose	A. hadrus	CM03_47	sucrose	21	0.07666666666666665	3	0.06173419725817377	0.035642255405212084	03_47
sucrose	BMAA	sucrose	A. hadrus	CM03_47	sucrose	21.25	0.07666666666666665	3	0.06173419725817377	0.035642255405212084	03_47
sucrose	BMAA	sucrose	A. hadrus	CM03_47	sucrose	21.5	0.06999999999999998	3	0.0581186525805423	0.033554819712314436	03_47
sucrose	BMAA	sucrose	A. hadrus	CM03_47	sucrose	21.75	0.07333333333333332	3	0.05607534613753573	0.032375116187407696	03_47
sucrose	BMAA	sucrose	A. hadrus	CM03_47	sucrose	22	0.06999999999999998	3	0.06009252125773315	0.034694433324435545	03_47
sucrose	BMAA	sucrose	A. hadrus	CM03_47	sucrose	22.25	0.06999999999999998	3	0.06009252125773315	0.034694433324435545	03_47
sucrose	BMAA	sucrose	A. hadrus	CM03_47	sucrose	22.5	0.06999999999999998	3	0.06009252125773315	0.034694433324435545	03_47
sucrose	BMAA	sucrose	A. hadrus	CM03_47	sucrose	22.75	0.06333333333333332	3	0.05607534613753576	0.03237511618740772	03_47
sucrose	BMAA	sucrose	A. hadrus	CM03_47	sucrose	23	0.06333333333333332	3	0.05607534613753576	0.03237511618740772	03_47
sucrose	BMAA	sucrose	A. hadrus	CM03_47	sucrose	23.25	0.06333333333333332	3	0.05607534613753576	0.03237511618740772	03_47
sucrose	BMAA	sucrose	A. hadrus	CM03_47	sucrose	23.5	0.06333333333333332	3	0.05607534613753576	0.03237511618740772	03_47
sucrose	BMAA	sucrose	A. hadrus	CM03_47	sucrose	23.75	0.060000000000000005	3	0.06009252125773316	0.03469443332443555	03_47
sucrose	BMAA	sucrose	A. hadrus	CM03_47	sucrose	24	0.060000000000000005	3	0.06009252125773316	0.03469443332443555	03_47
chondroitin_sodium_sulfate	BMAA	chondroitin_sodium_sulfate	A. hadrus	CM06_29	chondroitin_sodium_sulfate	0	0.0011111111111111183	3	0.005091750772173161	0.00293972367896066	06_29
chondroitin_sodium_sulfate	BMAA	chondroitin_sodium_sulfate	A. hadrus	CM06_29	chondroitin_sodium_sulfate	0.25	0.0011111111111111183	3	0.005091750772173161	0.00293972367896066	06_29
chondroitin_sodium_sulfate	BMAA	chondroitin_sodium_sulfate	A. hadrus	CM06_29	chondroitin_sodium_sulfate	0.5	-0.002222222222222218	3	0.001924500897298749	0.0011111111111111092	06_29
chondroitin_sodium_sulfate	BMAA	chondroitin_sodium_sulfate	A. hadrus	CM06_29	chondroitin_sodium_sulfate	0.75	-0.002222222222222218	3	0.001924500897298749	0.0011111111111111092	06_29
chondroitin_sodium_sulfate	BMAA	chondroitin_sodium_sulfate	A. hadrus	CM06_29	chondroitin_sodium_sulfate	1	-0.005555555555555554	3	0.0069388866648871115	0.004006168083848878	06_29
chondroitin_sodium_sulfate	BMAA	chondroitin_sodium_sulfate	A. hadrus	CM06_29	chondroitin_sodium_sulfate	1.25	-0.00888888888888889	3	0.005091750772173161	0.00293972367896066	06_29
chondroitin_sodium_sulfate	BMAA	chondroitin_sodium_sulfate	A. hadrus	CM06_29	chondroitin_sodium_sulfate	1.5	-0.00888888888888889	3	0.005091750772173161	0.00293972367896066	06_29
chondroitin_sodium_sulfate	BMAA	chondroitin_sodium_sulfate	A. hadrus	CM06_29	chondroitin_sodium_sulfate	1.75	-0.00888888888888889	3	0.005091750772173161	0.00293972367896066	06_29
chondroitin_sodium_sulfate	BMAA	chondroitin_sodium_sulfate	A. hadrus	CM06_29	chondroitin_sodium_sulfate	2	-0.00888888888888889	3	0.005091750772173161	0.00293972367896066	06_29
chondroitin_sodium_sulfate	BMAA	chondroitin_sodium_sulfate	A. hadrus	CM06_29	chondroitin_sodium_sulfate	2.25	-0.00888888888888889	3	0.005091750772173161	0.00293972367896066	06_29
chondroitin_sodium_sulfate	BMAA	chondroitin_sodium_sulfate	A. hadrus	CM06_29	chondroitin_sodium_sulfate	2.5	-0.00888888888888889	3	0.005091750772173161	0.00293972367896066	06_29
chondroitin_sodium_sulfate	BMAA	chondroitin_sodium_sulfate	A. hadrus	CM06_29	chondroitin_sodium_sulfate	2.75	-0.00888888888888889	3	0.005091750772173161	0.00293972367896066	06_29
chondroitin_sodium_sulfate	BMAA	chondroitin_sodium_sulfate	A. hadrus	CM06_29	chondroitin_sodium_sulfate	3	-0.00888888888888889	3	0.005091750772173161	0.00293972367896066	06_29
chondroitin_sodium_sulfate	BMAA	chondroitin_sodium_sulfate	A. hadrus	CM06_29	chondroitin_sodium_sulfate	3.25	-0.00888888888888889	3	0.005091750772173161	0.00293972367896066	06_29
chondroitin_sodium_sulfate	BMAA	chondroitin_sodium_sulfate	A. hadrus	CM06_29	chondroitin_sodium_sulfate	3.5	-0.00888888888888889	3	0.005091750772173161	0.00293972367896066	06_29
chondroitin_sodium_sulfate	BMAA	chondroitin_sodium_sulfate	A. hadrus	CM06_29	chondroitin_sodium_sulfate	3.75	-0.00888888888888889	3	0.005091750772173161	0.00293972367896066	06_29
chondroitin_sodium_sulfate	BMAA	chondroitin_sodium_sulfate	A. hadrus	CM06_29	chondroitin_sodium_sulfate	4	-0.00888888888888889	3	0.005091750772173161	0.00293972367896066	06_29
chondroitin_sodium_sulfate	BMAA	chondroitin_sodium_sulfate	A. hadrus	CM06_29	chondroitin_sodium_sulfate	4.25	-0.00888888888888889	3	0.005091750772173161	0.00293972367896066	06_29
chondroitin_sodium_sulfate	BMAA	chondroitin_sodium_sulfate	A. hadrus	CM06_29	chondroitin_sodium_sulfate	4.5	-0.00888888888888889	3	0.005091750772173161	0.00293972367896066	06_29
chondroitin_sodium_sulfate	BMAA	chondroitin_sodium_sulfate	A. hadrus	CM06_29	chondroitin_sodium_sulfate	4.75	-0.00888888888888889	3	0.005091750772173161	0.00293972367896066	06_29
chondroitin_sodium_sulfate	BMAA	chondroitin_sodium_sulfate	A. hadrus	CM06_29	chondroitin_sodium_sulfate	5	-0.00888888888888889	3	0.005091750772173161	0.00293972367896066	06_29
chondroitin_sodium_sulfate	BMAA	chondroitin_sodium_sulfate	A. hadrus	CM06_29	chondroitin_sodium_sulfate	5.25	-0.012222222222222218	3	0.001924500897298741	0.0011111111111111044	06_29
chondroitin_sodium_sulfate	BMAA	chondroitin_sodium_sulfate	A. hadrus	CM06_29	chondroitin_sodium_sulfate	5.5	-0.00888888888888889	3	0.005091750772173161	0.00293972367896066	06_29
chondroitin_sodium_sulfate	BMAA	chondroitin_sodium_sulfate	A. hadrus	CM06_29	chondroitin_sodium_sulfate	5.75	-0.012222222222222218	3	0.001924500897298741	0.0011111111111111044	06_29
chondroitin_sodium_sulfate	BMAA	chondroitin_sodium_sulfate	A. hadrus	CM06_29	chondroitin_sodium_sulfate	6	-0.012222222222222218	3	0.001924500897298741	0.0011111111111111044	06_29
chondroitin_sodium_sulfate	BMAA	chondroitin_sodium_sulfate	A. hadrus	CM06_29	chondroitin_sodium_sulfate	6.25	-0.012222222222222218	3	0.001924500897298741	0.0011111111111111044	06_29
chondroitin_sodium_sulfate	BMAA	chondroitin_sodium_sulfate	A. hadrus	CM06_29	chondroitin_sodium_sulfate	6.5	-0.012222222222222218	3	0.001924500897298741	0.0011111111111111044	06_29
chondroitin_sodium_sulfate	BMAA	chondroitin_sodium_sulfate	A. hadrus	CM06_29	chondroitin_sodium_sulfate	6.75	-0.012222222222222218	3	0.001924500897298741	0.0011111111111111044	06_29
chondroitin_sodium_sulfate	BMAA	chondroitin_sodium_sulfate	A. hadrus	CM06_29	chondroitin_sodium_sulfate	7	-0.012222222222222218	3	0.001924500897298741	0.0011111111111111044	06_29
chondroitin_sodium_sulfate	BMAA	chondroitin_sodium_sulfate	A. hadrus	CM06_29	chondroitin_sodium_sulfate	7.25	-0.012222222222222218	3	0.001924500897298741	0.0011111111111111044	06_29
chondroitin_sodium_sulfate	BMAA	chondroitin_sodium_sulfate	A. hadrus	CM06_29	chondroitin_sodium_sulfate	7.5	-0.005555555555555554	3	0.0069388866648871115	0.004006168083848878	06_29
chondroitin_sodium_sulfate	BMAA	chondroitin_sodium_sulfate	A. hadrus	CM06_29	chondroitin_sodium_sulfate	7.75	-0.005555555555555554	3	0.0069388866648871115	0.004006168083848878	06_29
chondroitin_sodium_sulfate	BMAA	chondroitin_sodium_sulfate	A. hadrus	CM06_29	chondroitin_sodium_sulfate	8	-0.005555555555555554	3	0.0069388866648871115	0.004006168083848878	06_29
chondroitin_sodium_sulfate	BMAA	chondroitin_sodium_sulfate	A. hadrus	CM06_29	chondroitin_sodium_sulfate	8.25	-0.005555555555555554	3	0.0069388866648871115	0.004006168083848878	06_29
chondroitin_sodium_sulfate	BMAA	chondroitin_sodium_sulfate	A. hadrus	CM06_29	chondroitin_sodium_sulfate	8.5	-0.005555555555555554	3	0.0069388866648871115	0.004006168083848878	06_29
chondroitin_sodium_sulfate	BMAA	chondroitin_sodium_sulfate	A. hadrus	CM06_29	chondroitin_sodium_sulfate	8.75	-0.005555555555555554	3	0.0069388866648871115	0.004006168083848878	06_29
chondroitin_sodium_sulfate	BMAA	chondroitin_sodium_sulfate	A. hadrus	CM06_29	chondroitin_sodium_sulfate	9	-0.0022222222222222274	3	0.011706281947614146	0.006758625033664684	06_29
chondroitin_sodium_sulfate	BMAA	chondroitin_sodium_sulfate	A. hadrus	CM06_29	chondroitin_sodium_sulfate	9.25	0.001111111111111109	3	0.007698003589194996	0.004444444444444437	06_29
chondroitin_sodium_sulfate	BMAA	chondroitin_sodium_sulfate	A. hadrus	CM06_29	chondroitin_sodium_sulfate	9.5	0.004444444444444445	3	0.0069388866648871	0.004006168083848872	06_29
chondroitin_sodium_sulfate	BMAA	chondroitin_sodium_sulfate	A. hadrus	CM06_29	chondroitin_sodium_sulfate	9.75	0.004444444444444445	3	0.0069388866648871	0.004006168083848872	06_29
chondroitin_sodium_sulfate	BMAA	chondroitin_sodium_sulfate	A. hadrus	CM06_29	chondroitin_sodium_sulfate	10	0.007777777777777782	3	0.011706281947614146	0.006758625033664684	06_29
chondroitin_sodium_sulfate	BMAA	chondroitin_sodium_sulfate	A. hadrus	CM06_29	chondroitin_sodium_sulfate	10.25	0.007777777777777782	3	0.011706281947614146	0.006758625033664684	06_29
chondroitin_sodium_sulfate	BMAA	chondroitin_sodium_sulfate	A. hadrus	CM06_29	chondroitin_sodium_sulfate	10.5	0.014444444444444454	3	0.013471506281091259	0.007777777777777773	06_29
chondroitin_sodium_sulfate	BMAA	chondroitin_sodium_sulfate	A. hadrus	CM06_29	chondroitin_sodium_sulfate	10.75	0.014444444444444454	3	0.013471506281091259	0.007777777777777773	06_29
chondroitin_sodium_sulfate	BMAA	chondroitin_sodium_sulfate	A. hadrus	CM06_29	chondroitin_sodium_sulfate	11	0.011111111111111118	3	0.01710533813148961	0.009875771574795097	06_29
chondroitin_sodium_sulfate	BMAA	chondroitin_sodium_sulfate	A. hadrus	CM06_29	chondroitin_sodium_sulfate	11.25	0.014444444444444454	3	0.013471506281091259	0.007777777777777773	06_29
chondroitin_sodium_sulfate	BMAA	chondroitin_sodium_sulfate	A. hadrus	CM06_29	chondroitin_sodium_sulfate	11.5	0.014444444444444454	3	0.013471506281091259	0.007777777777777773	06_29
chondroitin_sodium_sulfate	BMAA	chondroitin_sodium_sulfate	A. hadrus	CM06_29	chondroitin_sodium_sulfate	11.75	0.014444444444444454	3	0.013471506281091259	0.007777777777777773	06_29
chondroitin_sodium_sulfate	BMAA	chondroitin_sodium_sulfate	A. hadrus	CM06_29	chondroitin_sodium_sulfate	12	0.014444444444444454	3	0.013471506281091259	0.007777777777777773	06_29
chondroitin_sodium_sulfate	BMAA	chondroitin_sodium_sulfate	A. hadrus	CM06_29	chondroitin_sodium_sulfate	12.25	0.014444444444444454	3	0.013471506281091259	0.007777777777777773	06_29
chondroitin_sodium_sulfate	BMAA	chondroitin_sodium_sulfate	A. hadrus	CM06_29	chondroitin_sodium_sulfate	12.5	0.014444444444444454	3	0.013471506281091259	0.007777777777777773	06_29
chondroitin_sodium_sulfate	BMAA	chondroitin_sodium_sulfate	A. hadrus	CM06_29	chondroitin_sodium_sulfate	12.75	0.01777777777777779	3	0.011706281947614146	0.006758625033664684	06_29
chondroitin_sodium_sulfate	BMAA	chondroitin_sodium_sulfate	A. hadrus	CM06_29	chondroitin_sodium_sulfate	13	0.014444444444444454	3	0.013471506281091259	0.007777777777777773	06_29
chondroitin_sodium_sulfate	BMAA	chondroitin_sodium_sulfate	A. hadrus	CM06_29	chondroitin_sodium_sulfate	13.25	0.02111111111111112	3	0.007698003589195004	0.004444444444444441	06_29
chondroitin_sodium_sulfate	BMAA	chondroitin_sodium_sulfate	A. hadrus	CM06_29	chondroitin_sodium_sulfate	13.5	0.02111111111111112	3	0.007698003589195004	0.004444444444444441	06_29
chondroitin_sodium_sulfate	BMAA	chondroitin_sodium_sulfate	A. hadrus	CM06_29	chondroitin_sodium_sulfate	13.75	0.02111111111111112	3	0.007698003589195004	0.004444444444444441	06_29
chondroitin_sodium_sulfate	BMAA	chondroitin_sodium_sulfate	A. hadrus	CM06_29	chondroitin_sodium_sulfate	14	0.02111111111111112	3	0.007698003589195004	0.004444444444444441	06_29
chondroitin_sodium_sulfate	BMAA	chondroitin_sodium_sulfate	A. hadrus	CM06_29	chondroitin_sodium_sulfate	14.25	0.02111111111111112	3	0.007698003589195004	0.004444444444444441	06_29
chondroitin_sodium_sulfate	BMAA	chondroitin_sodium_sulfate	A. hadrus	CM06_29	chondroitin_sodium_sulfate	14.5	0.02111111111111112	3	0.007698003589195004	0.004444444444444441	06_29
chondroitin_sodium_sulfate	BMAA	chondroitin_sodium_sulfate	A. hadrus	CM06_29	chondroitin_sodium_sulfate	14.75	0.02111111111111112	3	0.007698003589195004	0.004444444444444441	06_29
chondroitin_sodium_sulfate	BMAA	chondroitin_sodium_sulfate	A. hadrus	CM06_29	chondroitin_sodium_sulfate	15	0.02111111111111112	3	0.007698003589195004	0.004444444444444441	06_29
chondroitin_sodium_sulfate	BMAA	chondroitin_sodium_sulfate	A. hadrus	CM06_29	chondroitin_sodium_sulfate	15.25	0.02111111111111112	3	0.007698003589195004	0.004444444444444441	06_29
chondroitin_sodium_sulfate	BMAA	chondroitin_sodium_sulfate	A. hadrus	CM06_29	chondroitin_sodium_sulfate	15.5	0.01777777777777778	3	0.011706281947614146	0.006758625033664684	06_29
chondroitin_sodium_sulfate	BMAA	chondroitin_sodium_sulfate	A. hadrus	CM06_29	chondroitin_sodium_sulfate	15.75	0.014444444444444446	3	0.006938886664887096	0.00400616808384887	06_29
chondroitin_sodium_sulfate	BMAA	chondroitin_sodium_sulfate	A. hadrus	CM06_29	chondroitin_sodium_sulfate	16	0.014444444444444446	3	0.006938886664887096	0.00400616808384887	06_29
chondroitin_sodium_sulfate	BMAA	chondroitin_sodium_sulfate	A. hadrus	CM06_29	chondroitin_sodium_sulfate	16.25	0.014444444444444446	3	0.006938886664887096	0.00400616808384887	06_29
chondroitin_sodium_sulfate	BMAA	chondroitin_sodium_sulfate	A. hadrus	CM06_29	chondroitin_sodium_sulfate	16.5	0.014444444444444446	3	0.006938886664887096	0.00400616808384887	06_29
chondroitin_sodium_sulfate	BMAA	chondroitin_sodium_sulfate	A. hadrus	CM06_29	chondroitin_sodium_sulfate	16.75	0.014444444444444446	3	0.006938886664887096	0.00400616808384887	06_29
chondroitin_sodium_sulfate	BMAA	chondroitin_sodium_sulfate	A. hadrus	CM06_29	chondroitin_sodium_sulfate	17	0.014444444444444446	3	0.006938886664887096	0.00400616808384887	06_29
chondroitin_sodium_sulfate	BMAA	chondroitin_sodium_sulfate	A. hadrus	CM06_29	chondroitin_sodium_sulfate	17.25	0.014444444444444446	3	0.006938886664887096	0.00400616808384887	06_29
chondroitin_sodium_sulfate	BMAA	chondroitin_sodium_sulfate	A. hadrus	CM06_29	chondroitin_sodium_sulfate	17.5	0.014444444444444446	3	0.006938886664887096	0.00400616808384887	06_29
chondroitin_sodium_sulfate	BMAA	chondroitin_sodium_sulfate	A. hadrus	CM06_29	chondroitin_sodium_sulfate	17.75	0.011111111111111118	3	0.007698003589194996	0.004444444444444437	06_29
chondroitin_sodium_sulfate	BMAA	chondroitin_sodium_sulfate	A. hadrus	CM06_29	chondroitin_sodium_sulfate	18	0.011111111111111118	3	0.007698003589194996	0.004444444444444437	06_29
chondroitin_sodium_sulfate	BMAA	chondroitin_sodium_sulfate	A. hadrus	CM06_29	chondroitin_sodium_sulfate	18.25	0.011111111111111118	3	0.007698003589194996	0.004444444444444437	06_29
chondroitin_sodium_sulfate	BMAA	chondroitin_sodium_sulfate	A. hadrus	CM06_29	chondroitin_sodium_sulfate	18.5	0.011111111111111118	3	0.007698003589194996	0.004444444444444437	06_29
chondroitin_sodium_sulfate	BMAA	chondroitin_sodium_sulfate	A. hadrus	CM06_29	chondroitin_sodium_sulfate	18.75	0.007777777777777782	3	0.001924500897298733	0.0011111111111110998	06_29
chondroitin_sodium_sulfate	BMAA	chondroitin_sodium_sulfate	A. hadrus	CM06_29	chondroitin_sodium_sulfate	19	0.007777777777777782	3	0.001924500897298733	0.0011111111111110998	06_29
chondroitin_sodium_sulfate	BMAA	chondroitin_sodium_sulfate	A. hadrus	CM06_29	chondroitin_sodium_sulfate	19.25	0.007777777777777782	3	0.001924500897298733	0.0011111111111110998	06_29
chondroitin_sodium_sulfate	BMAA	chondroitin_sodium_sulfate	A. hadrus	CM06_29	chondroitin_sodium_sulfate	19.5	0.007777777777777782	3	0.001924500897298733	0.0011111111111110998	06_29
chondroitin_sodium_sulfate	BMAA	chondroitin_sodium_sulfate	A. hadrus	CM06_29	chondroitin_sodium_sulfate	19.75	0.007777777777777782	3	0.001924500897298733	0.0011111111111110998	06_29
chondroitin_sodium_sulfate	BMAA	chondroitin_sodium_sulfate	A. hadrus	CM06_29	chondroitin_sodium_sulfate	20	0.007777777777777782	3	0.001924500897298733	0.0011111111111110998	06_29
chondroitin_sodium_sulfate	BMAA	chondroitin_sodium_sulfate	A. hadrus	CM06_29	chondroitin_sodium_sulfate	20.25	0.007777777777777782	3	0.001924500897298733	0.0011111111111110998	06_29
chondroitin_sodium_sulfate	BMAA	chondroitin_sodium_sulfate	A. hadrus	CM06_29	chondroitin_sodium_sulfate	20.5	0.007777777777777782	3	0.001924500897298733	0.0011111111111110998	06_29
chondroitin_sodium_sulfate	BMAA	chondroitin_sodium_sulfate	A. hadrus	CM06_29	chondroitin_sodium_sulfate	20.75	0.007777777777777782	3	0.001924500897298733	0.0011111111111110998	06_29
chondroitin_sodium_sulfate	BMAA	chondroitin_sodium_sulfate	A. hadrus	CM06_29	chondroitin_sodium_sulfate	21	0.007777777777777782	3	0.001924500897298733	0.0011111111111110998	06_29
chondroitin_sodium_sulfate	BMAA	chondroitin_sodium_sulfate	A. hadrus	CM06_29	chondroitin_sodium_sulfate	21.25	0.007777777777777782	3	0.001924500897298733	0.0011111111111110998	06_29
chondroitin_sodium_sulfate	BMAA	chondroitin_sodium_sulfate	A. hadrus	CM06_29	chondroitin_sodium_sulfate	21.5	0.007777777777777782	3	0.001924500897298733	0.0011111111111110998	06_29
chondroitin_sodium_sulfate	BMAA	chondroitin_sodium_sulfate	A. hadrus	CM06_29	chondroitin_sodium_sulfate	21.75	0.007777777777777782	3	0.001924500897298733	0.0011111111111110998	06_29
chondroitin_sodium_sulfate	BMAA	chondroitin_sodium_sulfate	A. hadrus	CM06_29	chondroitin_sodium_sulfate	22	0.007777777777777782	3	0.001924500897298733	0.0011111111111110998	06_29
chondroitin_sodium_sulfate	BMAA	chondroitin_sodium_sulfate	A. hadrus	CM06_29	chondroitin_sodium_sulfate	22.25	0.007777777777777782	3	0.001924500897298733	0.0011111111111110998	06_29
chondroitin_sodium_sulfate	BMAA	chondroitin_sodium_sulfate	A. hadrus	CM06_29	chondroitin_sodium_sulfate	22.5	0.007777777777777782	3	0.001924500897298733	0.0011111111111110998	06_29
chondroitin_sodium_sulfate	BMAA	chondroitin_sodium_sulfate	A. hadrus	CM06_29	chondroitin_sodium_sulfate	22.75	0.007777777777777782	3	0.001924500897298733	0.0011111111111110998	06_29
chondroitin_sodium_sulfate	BMAA	chondroitin_sodium_sulfate	A. hadrus	CM06_29	chondroitin_sodium_sulfate	23	0.007777777777777782	3	0.001924500897298733	0.0011111111111110998	06_29
chondroitin_sodium_sulfate	BMAA	chondroitin_sodium_sulfate	A. hadrus	CM06_29	chondroitin_sodium_sulfate	23.25	0.007777777777777782	3	0.001924500897298733	0.0011111111111110998	06_29
chondroitin_sodium_sulfate	BMAA	chondroitin_sodium_sulfate	A. hadrus	CM06_29	chondroitin_sodium_sulfate	23.5	0.007777777777777782	3	0.001924500897298733	0.0011111111111110998	06_29
chondroitin_sodium_sulfate	BMAA	chondroitin_sodium_sulfate	A. hadrus	CM06_29	chondroitin_sodium_sulfate	23.75	0.007777777777777782	3	0.001924500897298733	0.0011111111111110998	06_29
chondroitin_sodium_sulfate	BMAA	chondroitin_sodium_sulfate	A. hadrus	CM06_29	chondroitin_sodium_sulfate	24	0.004444444444444455	3	0.003849001794597514	0.0022222222222222274	06_29
d_trehalose	BMAA	d_trehalose	A. hadrus	CM06_29	d_trehalose	0	0.005555555555555554	3	0.00962250448649376	0.005555555555555555	06_29
d_trehalose	BMAA	d_trehalose	A. hadrus	CM06_29	d_trehalose	0.25	-0.0011111111111110998	3	0.001924500897298733	0.0011111111111110998	06_29
d_trehalose	BMAA	d_trehalose	A. hadrus	CM06_29	d_trehalose	0.5	-0.004444444444444436	3	0.007698003589194996	0.004444444444444437	06_29
d_trehalose	BMAA	d_trehalose	A. hadrus	CM06_29	d_trehalose	0.75	-0.011111111111111108	3	0.011706281947614146	0.006758625033664684	06_29
d_trehalose	BMAA	d_trehalose	A. hadrus	CM06_29	d_trehalose	1	-0.011111111111111108	3	0.011706281947614146	0.006758625033664684	06_29
d_trehalose	BMAA	d_trehalose	A. hadrus	CM06_29	d_trehalose	1.25	-0.011111111111111108	3	0.011706281947614146	0.006758625033664684	06_29
d_trehalose	BMAA	d_trehalose	A. hadrus	CM06_29	d_trehalose	1.5	-0.011111111111111108	3	0.011706281947614146	0.006758625033664684	06_29
d_trehalose	BMAA	d_trehalose	A. hadrus	CM06_29	d_trehalose	1.75	-0.011111111111111108	3	0.011706281947614146	0.006758625033664684	06_29
d_trehalose	BMAA	d_trehalose	A. hadrus	CM06_29	d_trehalose	2	-0.011111111111111108	3	0.011706281947614146	0.006758625033664684	06_29
d_trehalose	BMAA	d_trehalose	A. hadrus	CM06_29	d_trehalose	2.25	-0.011111111111111108	3	0.011706281947614146	0.006758625033664684	06_29
d_trehalose	BMAA	d_trehalose	A. hadrus	CM06_29	d_trehalose	2.5	-0.014444444444444446	3	0.01710533813148961	0.009875771574795097	06_29
d_trehalose	BMAA	d_trehalose	A. hadrus	CM06_29	d_trehalose	2.75	-0.011111111111111108	3	0.011706281947614146	0.006758625033664684	06_29
d_trehalose	BMAA	d_trehalose	A. hadrus	CM06_29	d_trehalose	3	-0.011111111111111108	3	0.011706281947614146	0.006758625033664684	06_29
d_trehalose	BMAA	d_trehalose	A. hadrus	CM06_29	d_trehalose	3.25	-0.011111111111111108	3	0.011706281947614146	0.006758625033664684	06_29
d_trehalose	BMAA	d_trehalose	A. hadrus	CM06_29	d_trehalose	3.5	-0.014444444444444446	3	0.01710533813148961	0.009875771574795097	06_29
d_trehalose	BMAA	d_trehalose	A. hadrus	CM06_29	d_trehalose	3.75	-0.014444444444444446	3	0.01710533813148961	0.009875771574795097	06_29
d_trehalose	BMAA	d_trehalose	A. hadrus	CM06_29	d_trehalose	4	-0.014444444444444446	3	0.01710533813148961	0.009875771574795097	06_29
d_trehalose	BMAA	d_trehalose	A. hadrus	CM06_29	d_trehalose	4.25	-0.014444444444444446	3	0.01710533813148961	0.009875771574795097	06_29
d_trehalose	BMAA	d_trehalose	A. hadrus	CM06_29	d_trehalose	4.5	-0.014444444444444446	3	0.01710533813148961	0.009875771574795097	06_29
d_trehalose	BMAA	d_trehalose	A. hadrus	CM06_29	d_trehalose	4.75	-0.014444444444444446	3	0.01710533813148961	0.009875771574795097	06_29
d_trehalose	BMAA	d_trehalose	A. hadrus	CM06_29	d_trehalose	5	-0.014444444444444446	3	0.01710533813148961	0.009875771574795097	06_29
d_trehalose	BMAA	d_trehalose	A. hadrus	CM06_29	d_trehalose	5.25	-0.01777777777777778	3	0.022689530951846816	0.013099806802835106	06_29
d_trehalose	BMAA	d_trehalose	A. hadrus	CM06_29	d_trehalose	5.5	-0.014444444444444446	3	0.01710533813148961	0.009875771574795097	06_29
d_trehalose	BMAA	d_trehalose	A. hadrus	CM06_29	d_trehalose	5.75	-0.01777777777777778	3	0.013471506281091259	0.007777777777777773	06_29
d_trehalose	BMAA	d_trehalose	A. hadrus	CM06_29	d_trehalose	6	-0.01777777777777778	3	0.013471506281091259	0.007777777777777773	06_29
d_trehalose	BMAA	d_trehalose	A. hadrus	CM06_29	d_trehalose	6.25	-0.01777777777777778	3	0.013471506281091259	0.007777777777777773	06_29
d_trehalose	BMAA	d_trehalose	A. hadrus	CM06_29	d_trehalose	6.5	-0.02111111111111112	3	0.01924500897298752	0.01111111111111111	06_29
d_trehalose	BMAA	d_trehalose	A. hadrus	CM06_29	d_trehalose	6.75	-0.02111111111111112	3	0.01924500897298752	0.01111111111111111	06_29
d_trehalose	BMAA	d_trehalose	A. hadrus	CM06_29	d_trehalose	7	-0.02111111111111112	3	0.01924500897298752	0.01111111111111111	06_29
d_trehalose	BMAA	d_trehalose	A. hadrus	CM06_29	d_trehalose	7.25	-0.01777777777777778	3	0.013471506281091259	0.007777777777777773	06_29
d_trehalose	BMAA	d_trehalose	A. hadrus	CM06_29	d_trehalose	7.5	-0.02111111111111112	3	0.01924500897298752	0.01111111111111111	06_29
d_trehalose	BMAA	d_trehalose	A. hadrus	CM06_29	d_trehalose	7.75	-0.02111111111111112	3	0.01924500897298752	0.01111111111111111	06_29
d_trehalose	BMAA	d_trehalose	A. hadrus	CM06_29	d_trehalose	8	-0.02111111111111112	3	0.01924500897298752	0.01111111111111111	06_29
d_trehalose	BMAA	d_trehalose	A. hadrus	CM06_29	d_trehalose	8.25	-0.024444444444444453	3	0.025018511664883784	0.014444444444444446	06_29
d_trehalose	BMAA	d_trehalose	A. hadrus	CM06_29	d_trehalose	8.5	-0.02111111111111112	3	0.01924500897298752	0.01111111111111111	06_29
d_trehalose	BMAA	d_trehalose	A. hadrus	CM06_29	d_trehalose	8.75	-0.02111111111111112	3	0.01924500897298752	0.01111111111111111	06_29
d_trehalose	BMAA	d_trehalose	A. hadrus	CM06_29	d_trehalose	9	-0.02111111111111112	3	0.01924500897298752	0.01111111111111111	06_29
d_trehalose	BMAA	d_trehalose	A. hadrus	CM06_29	d_trehalose	9.25	-0.01777777777777778	3	0.022689530951846816	0.013099806802835106	06_29
d_trehalose	BMAA	d_trehalose	A. hadrus	CM06_29	d_trehalose	9.5	-0.01777777777777778	3	0.022689530951846816	0.013099806802835106	06_29
d_trehalose	BMAA	d_trehalose	A. hadrus	CM06_29	d_trehalose	9.75	-0.01777777777777778	3	0.022689530951846816	0.013099806802835106	06_29
d_trehalose	BMAA	d_trehalose	A. hadrus	CM06_29	d_trehalose	10	-0.01777777777777778	3	0.022689530951846816	0.013099806802835106	06_29
d_trehalose	BMAA	d_trehalose	A. hadrus	CM06_29	d_trehalose	10.25	-0.011111111111111108	3	0.01924500897298752	0.01111111111111111	06_29
d_trehalose	BMAA	d_trehalose	A. hadrus	CM06_29	d_trehalose	10.5	-0.011111111111111108	3	0.01924500897298752	0.01111111111111111	06_29
d_trehalose	BMAA	d_trehalose	A. hadrus	CM06_29	d_trehalose	10.75	-0.014444444444444446	3	0.025018511664883784	0.014444444444444446	06_29
d_trehalose	BMAA	d_trehalose	A. hadrus	CM06_29	d_trehalose	11	-0.014444444444444446	3	0.025018511664883784	0.014444444444444446	06_29
d_trehalose	BMAA	d_trehalose	A. hadrus	CM06_29	d_trehalose	11.25	-0.007777777777777772	3	0.022689530951846816	0.013099806802835106	06_29
d_trehalose	BMAA	d_trehalose	A. hadrus	CM06_29	d_trehalose	11.5	-0.007777777777777772	3	0.022689530951846816	0.013099806802835106	06_29
d_trehalose	BMAA	d_trehalose	A. hadrus	CM06_29	d_trehalose	11.75	-0.001111111111111109	3	0.019245008972987514	0.011111111111111105	06_29
d_trehalose	BMAA	d_trehalose	A. hadrus	CM06_29	d_trehalose	12	-0.004444444444444445	3	0.025018511664883777	0.014444444444444442	06_29
d_trehalose	BMAA	d_trehalose	A. hadrus	CM06_29	d_trehalose	12.25	-0.004444444444444445	3	0.025018511664883777	0.014444444444444442	06_29
d_trehalose	BMAA	d_trehalose	A. hadrus	CM06_29	d_trehalose	12.5	0.005555555555555554	3	0.02501851166488377	0.014444444444444437	06_29
d_trehalose	BMAA	d_trehalose	A. hadrus	CM06_29	d_trehalose	12.75	0.005555555555555554	3	0.02501851166488377	0.014444444444444437	06_29
d_trehalose	BMAA	d_trehalose	A. hadrus	CM06_29	d_trehalose	13	0.005555555555555554	3	0.02501851166488377	0.014444444444444437	06_29
d_trehalose	BMAA	d_trehalose	A. hadrus	CM06_29	d_trehalose	13.25	0.012222222222222226	3	0.022689530951846802	0.013099806802835097	06_29
d_trehalose	BMAA	d_trehalose	A. hadrus	CM06_29	d_trehalose	13.5	0.012222222222222226	3	0.032375116187407696	0.018691782045845245	06_29
d_trehalose	BMAA	d_trehalose	A. hadrus	CM06_29	d_trehalose	13.75	0.012222222222222226	3	0.03079201435678003	0.01777777777777777	06_29
d_trehalose	BMAA	d_trehalose	A. hadrus	CM06_29	d_trehalose	14	0.0188888888888889	3	0.02834966849371793	0.016367688736284698	06_29
d_trehalose	BMAA	d_trehalose	A. hadrus	CM06_29	d_trehalose	14.25	0.022222222222222227	3	0.03079201435678002	0.017777777777777767	06_29
d_trehalose	BMAA	d_trehalose	A. hadrus	CM06_29	d_trehalose	14.5	0.025555555555555564	3	0.02501851166488376	0.014444444444444432	06_29
d_trehalose	BMAA	d_trehalose	A. hadrus	CM06_29	d_trehalose	14.75	0.025555555555555564	3	0.02501851166488376	0.014444444444444432	06_29
d_trehalose	BMAA	d_trehalose	A. hadrus	CM06_29	d_trehalose	15	0.025555555555555564	3	0.02501851166488376	0.014444444444444432	06_29
d_trehalose	BMAA	d_trehalose	A. hadrus	CM06_29	d_trehalose	15.25	0.025555555555555564	3	0.02501851166488376	0.014444444444444432	06_29
d_trehalose	BMAA	d_trehalose	A. hadrus	CM06_29	d_trehalose	15.5	0.025555555555555564	3	0.02501851166488376	0.014444444444444432	06_29
d_trehalose	BMAA	d_trehalose	A. hadrus	CM06_29	d_trehalose	15.75	0.025555555555555564	3	0.02501851166488376	0.014444444444444432	06_29
d_trehalose	BMAA	d_trehalose	A. hadrus	CM06_29	d_trehalose	16	0.022222222222222237	3	0.022689530951846802	0.013099806802835097	06_29
d_trehalose	BMAA	d_trehalose	A. hadrus	CM06_29	d_trehalose	16.25	0.022222222222222237	3	0.022689530951846802	0.013099806802835097	06_29
d_trehalose	BMAA	d_trehalose	A. hadrus	CM06_29	d_trehalose	16.5	0.0188888888888889	3	0.02834966849371793	0.016367688736284698	06_29
d_trehalose	BMAA	d_trehalose	A. hadrus	CM06_29	d_trehalose	16.75	0.0188888888888889	3	0.02834966849371793	0.016367688736284698	06_29
d_trehalose	BMAA	d_trehalose	A. hadrus	CM06_29	d_trehalose	17	0.022222222222222237	3	0.022689530951846802	0.013099806802835097	06_29
d_trehalose	BMAA	d_trehalose	A. hadrus	CM06_29	d_trehalose	17.25	0.0188888888888889	3	0.02834966849371793	0.016367688736284698	06_29
d_trehalose	BMAA	d_trehalose	A. hadrus	CM06_29	d_trehalose	17.5	0.0188888888888889	3	0.02834966849371793	0.016367688736284698	06_29
d_trehalose	BMAA	d_trehalose	A. hadrus	CM06_29	d_trehalose	17.75	0.012222222222222226	3	0.03976784481816284	0.02295997591085758	06_29
d_trehalose	BMAA	d_trehalose	A. hadrus	CM06_29	d_trehalose	18	0.012222222222222226	3	0.03976784481816284	0.02295997591085758	06_29
d_trehalose	BMAA	d_trehalose	A. hadrus	CM06_29	d_trehalose	18.25	0.012222222222222226	3	0.03976784481816284	0.02295997591085758	06_29
d_trehalose	BMAA	d_trehalose	A. hadrus	CM06_29	d_trehalose	18.5	0.012222222222222226	3	0.03976784481816284	0.02295997591085758	06_29
d_trehalose	BMAA	d_trehalose	A. hadrus	CM06_29	d_trehalose	18.75	0.012222222222222226	3	0.03976784481816284	0.02295997591085758	06_29
d_trehalose	BMAA	d_trehalose	A. hadrus	CM06_29	d_trehalose	19	0.00888888888888889	3	0.0365655170486763	0.021111111111111112	06_29
d_trehalose	BMAA	d_trehalose	A. hadrus	CM06_29	d_trehalose	19.25	0.005555555555555554	3	0.04233901974057255	0.024444444444444446	06_29
d_trehalose	BMAA	d_trehalose	A. hadrus	CM06_29	d_trehalose	19.5	0.005555555555555554	3	0.04233901974057255	0.024444444444444446	06_29
d_trehalose	BMAA	d_trehalose	A. hadrus	CM06_29	d_trehalose	19.75	0.00888888888888889	3	0.0365655170486763	0.021111111111111112	06_29
d_trehalose	BMAA	d_trehalose	A. hadrus	CM06_29	d_trehalose	20	0.00888888888888889	3	0.0365655170486763	0.021111111111111112	06_29
d_trehalose	BMAA	d_trehalose	A. hadrus	CM06_29	d_trehalose	20.25	0.005555555555555554	3	0.03404789654676569	0.019657562236615703	06_29
d_trehalose	BMAA	d_trehalose	A. hadrus	CM06_29	d_trehalose	20.5	0.002222222222222218	3	0.03976784481816284	0.02295997591085758	06_29
d_trehalose	BMAA	d_trehalose	A. hadrus	CM06_29	d_trehalose	20.75	0.002222222222222218	3	0.03976784481816284	0.02295997591085758	06_29
d_trehalose	BMAA	d_trehalose	A. hadrus	CM06_29	d_trehalose	21	0.005555555555555554	3	0.03404789654676569	0.019657562236615703	06_29
d_trehalose	BMAA	d_trehalose	A. hadrus	CM06_29	d_trehalose	21.25	0.002222222222222218	3	0.03976784481816284	0.02295997591085758	06_29
d_trehalose	BMAA	d_trehalose	A. hadrus	CM06_29	d_trehalose	21.5	0.002222222222222218	3	0.03976784481816284	0.02295997591085758	06_29
d_trehalose	BMAA	d_trehalose	A. hadrus	CM06_29	d_trehalose	21.75	0.002222222222222218	3	0.03976784481816284	0.02295997591085758	06_29
d_trehalose	BMAA	d_trehalose	A. hadrus	CM06_29	d_trehalose	22	0.002222222222222218	3	0.03976784481816284	0.02295997591085758	06_29
d_trehalose	BMAA	d_trehalose	A. hadrus	CM06_29	d_trehalose	22.25	0.002222222222222218	3	0.03976784481816284	0.02295997591085758	06_29
d_trehalose	BMAA	d_trehalose	A. hadrus	CM06_29	d_trehalose	22.5	-0.0011111111111111183	3	0.04550132273209616	0.02627020092785976	06_29
d_trehalose	BMAA	d_trehalose	A. hadrus	CM06_29	d_trehalose	22.75	0.002222222222222218	3	0.03976784481816284	0.02295997591085758	06_29
d_trehalose	BMAA	d_trehalose	A. hadrus	CM06_29	d_trehalose	23	0.002222222222222218	3	0.03976784481816284	0.02295997591085758	06_29
d_trehalose	BMAA	d_trehalose	A. hadrus	CM06_29	d_trehalose	23.25	0.002222222222222218	3	0.03976784481816284	0.02295997591085758	06_29
d_trehalose	BMAA	d_trehalose	A. hadrus	CM06_29	d_trehalose	23.5	-0.004444444444444455	3	0.04233901974057255	0.024444444444444446	06_29
d_trehalose	BMAA	d_trehalose	A. hadrus	CM06_29	d_trehalose	23.75	-0.004444444444444455	3	0.04233901974057255	0.024444444444444446	06_29
d_trehalose	BMAA	d_trehalose	A. hadrus	CM06_29	d_trehalose	24	-0.0011111111111111183	3	0.04550132273209616	0.02627020092785976	06_29
sucrose	BMAA	sucrose	A. hadrus	CM06_29	sucrose	0	0.006666666666666682	3	0.006666666666666682	0.003849001794597514	06_29
sucrose	BMAA	sucrose	A. hadrus	CM06_29	sucrose	0.25	-0.003333333333333327	3	0.003333333333333327	0.001924500897298749	06_29
sucrose	BMAA	sucrose	A. hadrus	CM06_29	sucrose	0.5	-0.003333333333333327	3	0.003333333333333327	0.001924500897298749	06_29
sucrose	BMAA	sucrose	A. hadrus	CM06_29	sucrose	0.75	9.251811481157013e-18	3	0.003333333333333341	0.001924500897298757	06_29
sucrose	BMAA	sucrose	A. hadrus	CM06_29	sucrose	1	9.251811481157013e-18	3	0.003333333333333341	0.001924500897298757	06_29
sucrose	BMAA	sucrose	A. hadrus	CM06_29	sucrose	1.25	-0.003333333333333327	3	0.003333333333333327	0.001924500897298749	06_29
sucrose	BMAA	sucrose	A. hadrus	CM06_29	sucrose	1.5	9.251811481157013e-18	3	0.003333333333333341	0.001924500897298757	06_29
sucrose	BMAA	sucrose	A. hadrus	CM06_29	sucrose	1.75	9.251811481157013e-18	3	0.003333333333333341	0.001924500897298757	06_29
sucrose	BMAA	sucrose	A. hadrus	CM06_29	sucrose	2	0.0033333333333333457	3	0.003333333333333341	0.001924500897298757	06_29
sucrose	BMAA	sucrose	A. hadrus	CM06_29	sucrose	2.25	9.251952653314888e-18	3	0.006666666666666668	0.003849001794597506	06_29
sucrose	BMAA	sucrose	A. hadrus	CM06_29	sucrose	2.5	0.006666666666666682	3	0.006666666666666682	0.003849001794597514	06_29
sucrose	BMAA	sucrose	A. hadrus	CM06_29	sucrose	2.75	0.006666666666666682	3	0.006666666666666682	0.003849001794597514	06_29
sucrose	BMAA	sucrose	A. hadrus	CM06_29	sucrose	3	0.013333333333333355	3	0.003333333333333341	0.001924500897298757	06_29
sucrose	BMAA	sucrose	A. hadrus	CM06_29	sucrose	3.25	0.013333333333333355	3	0.003333333333333341	0.001924500897298757	06_29
sucrose	BMAA	sucrose	A. hadrus	CM06_29	sucrose	3.5	0.013333333333333355	3	0.003333333333333341	0.001924500897298757	06_29
sucrose	BMAA	sucrose	A. hadrus	CM06_29	sucrose	3.75	0.020000000000000018	3	0.008819171036881972	0.005091750772173158	06_29
sucrose	BMAA	sucrose	A. hadrus	CM06_29	sucrose	4	0.023333333333333355	3	0.013333333333333336	0.007698003589195012	06_29
sucrose	BMAA	sucrose	A. hadrus	CM06_29	sucrose	4.25	0.023333333333333355	3	0.013333333333333336	0.007698003589195012	06_29
sucrose	BMAA	sucrose	A. hadrus	CM06_29	sucrose	4.5	0.030000000000000027	3	0.008819171036881972	0.005091750772173158	06_29
sucrose	BMAA	sucrose	A. hadrus	CM06_29	sucrose	4.75	0.03333333333333336	3	0.013333333333333336	0.007698003589195012	06_29
sucrose	BMAA	sucrose	A. hadrus	CM06_29	sucrose	5	0.03333333333333336	3	0.013333333333333336	0.007698003589195012	06_29
sucrose	BMAA	sucrose	A. hadrus	CM06_29	sucrose	5.25	0.04666666666666668	3	0.014529663145135593	0.00838870492807862	06_29
sucrose	BMAA	sucrose	A. hadrus	CM06_29	sucrose	5.5	0.060000000000000026	3	0.01763834207376395	0.010183501544346319	06_29
sucrose	BMAA	sucrose	A. hadrus	CM06_29	sucrose	5.75	0.060000000000000026	3	0.01763834207376395	0.010183501544346319	06_29
sucrose	BMAA	sucrose	A. hadrus	CM06_29	sucrose	6	0.07666666666666669	3	0.02333333333333334	0.013471506281091273	06_29
sucrose	BMAA	sucrose	A. hadrus	CM06_29	sucrose	6.25	0.0866666666666667	3	0.02333333333333334	0.013471506281091273	06_29
sucrose	BMAA	sucrose	A. hadrus	CM06_29	sucrose	6.5	0.09333333333333337	3	0.020275875100994066	0.011706281947614154	06_29
sucrose	BMAA	sucrose	A. hadrus	CM06_29	sucrose	6.75	0.11333333333333336	3	0.029059326290271182	0.016777409856157235	06_29
sucrose	BMAA	sucrose	A. hadrus	CM06_29	sucrose	7	0.12000000000000001	3	0.02603416558635552	0.015030832509409653	06_29
sucrose	BMAA	sucrose	A. hadrus	CM06_29	sucrose	7.25	0.13333333333333336	3	0.029627314724385304	0.01710533813148962	06_29
sucrose	BMAA	sucrose	A. hadrus	CM06_29	sucrose	7.5	0.14333333333333337	3	0.029627314724385304	0.01710533813148962	06_29
sucrose	BMAA	sucrose	A. hadrus	CM06_29	sucrose	7.75	0.15333333333333338	3	0.02333333333333333	0.013471506281091268	06_29
sucrose	BMAA	sucrose	A. hadrus	CM06_29	sucrose	8	0.16333333333333336	3	0.02333333333333336	0.013471506281091283	06_29
sucrose	BMAA	sucrose	A. hadrus	CM06_29	sucrose	8.25	0.17	3	0.02848001248439178	0.0164429428743875	06_29
sucrose	BMAA	sucrose	A. hadrus	CM06_29	sucrose	8.5	0.1766666666666667	3	0.02403700850309327	0.013877773329774225	06_29
sucrose	BMAA	sucrose	A. hadrus	CM06_29	sucrose	8.75	0.18333333333333335	3	0.02333333333333333	0.013471506281091268	06_29
sucrose	BMAA	sucrose	A. hadrus	CM06_29	sucrose	9	0.19000000000000003	3	0.01855921454276674	0.010715167512214395	06_29
sucrose	BMAA	sucrose	A. hadrus	CM06_29	sucrose	9.25	0.20000000000000004	3	0.01855921454276674	0.010715167512214395	06_29
sucrose	BMAA	sucrose	A. hadrus	CM06_29	sucrose	9.5	0.21000000000000002	3	0.018559214542766732	0.01071516751221439	06_29
sucrose	BMAA	sucrose	A. hadrus	CM06_29	sucrose	9.75	0.22	3	0.01855921454276676	0.010715167512214406	06_29
sucrose	BMAA	sucrose	A. hadrus	CM06_29	sucrose	10	0.22666666666666668	3	0.018559214542766763	0.01071516751221441	06_29
sucrose	BMAA	sucrose	A. hadrus	CM06_29	sucrose	10.25	0.2366666666666667	3	0.008819171036881984	0.005091750772173165	06_29
sucrose	BMAA	sucrose	A. hadrus	CM06_29	sucrose	10.5	0.24000000000000002	3	0.01452966314513559	0.008388704928078618	06_29
sucrose	BMAA	sucrose	A. hadrus	CM06_29	sucrose	10.75	0.24666666666666667	3	0.013333333333333336	0.007698003589195012	06_29
sucrose	BMAA	sucrose	A. hadrus	CM06_29	sucrose	11	0.25	3	0.014529663145135577	0.00838870492807861	06_29
sucrose	BMAA	sucrose	A. hadrus	CM06_29	sucrose	11.25	0.25333333333333335	3	0.018559214542766746	0.010715167512214399	06_29
sucrose	BMAA	sucrose	A. hadrus	CM06_29	sucrose	11.5	0.25	3	0.02403700850309327	0.013877773329774225	06_29
sucrose	BMAA	sucrose	A. hadrus	CM06_29	sucrose	11.75	0.25	3	0.02403700850309327	0.013877773329774225	06_29
sucrose	BMAA	sucrose	A. hadrus	CM06_29	sucrose	12	0.24666666666666667	3	0.02962731472438531	0.017105338131489622	06_29
sucrose	BMAA	sucrose	A. hadrus	CM06_29	sucrose	12.25	0.24000000000000002	3	0.028480012484391786	0.016442942874387502	06_29
sucrose	BMAA	sucrose	A. hadrus	CM06_29	sucrose	12.5	0.24000000000000002	3	0.028480012484391786	0.016442942874387502	06_29
sucrose	BMAA	sucrose	A. hadrus	CM06_29	sucrose	12.75	0.23666666666666672	3	0.0333333333333333	0.019245008972987507	06_29
sucrose	BMAA	sucrose	A. hadrus	CM06_29	sucrose	13	0.23333333333333336	3	0.033829638550307364	0.0195315509236077	06_29
sucrose	BMAA	sucrose	A. hadrus	CM06_29	sucrose	13.25	0.23000000000000004	3	0.03844187531556929	0.022194427061597962	06_29
sucrose	BMAA	sucrose	A. hadrus	CM06_29	sucrose	13.5	0.22333333333333336	3	0.04371625682867998	0.025239592648001203	06_29
sucrose	BMAA	sucrose	A. hadrus	CM06_29	sucrose	13.75	0.23000000000000004	3	0.03844187531556929	0.022194427061597962	06_29
sucrose	BMAA	sucrose	A. hadrus	CM06_29	sucrose	14	0.22333333333333336	3	0.038441875315569286	0.02219442706159796	06_29
sucrose	BMAA	sucrose	A. hadrus	CM06_29	sucrose	14.25	0.2166666666666667	3	0.04333333333333331	0.02501851166488377	06_29
sucrose	BMAA	sucrose	A. hadrus	CM06_29	sucrose	14.5	0.21333333333333335	3	0.04841946348777981	0.027954990278686934	06_29
sucrose	BMAA	sucrose	A. hadrus	CM06_29	sucrose	14.75	0.2066666666666667	3	0.04333333333333331	0.02501851166488377	06_29
sucrose	BMAA	sucrose	A. hadrus	CM06_29	sucrose	15	0.19333333333333336	3	0.049103066208854095	0.02834966849371793	06_29
sucrose	BMAA	sucrose	A. hadrus	CM06_29	sucrose	15.25	0.19333333333333336	3	0.040960685758148346	0.023648662948658618	06_29
sucrose	BMAA	sucrose	A. hadrus	CM06_29	sucrose	15.5	0.18333333333333335	3	0.05044248650140518	0.029122983160180346	06_29
sucrose	BMAA	sucrose	A. hadrus	CM06_29	sucrose	15.75	0.18333333333333335	3	0.05044248650140518	0.029122983160180346	06_29
sucrose	BMAA	sucrose	A. hadrus	CM06_29	sucrose	16	0.17333333333333334	3	0.05044248650140518	0.029122983160180346	06_29
sucrose	BMAA	sucrose	A. hadrus	CM06_29	sucrose	16.25	0.1766666666666667	3	0.046666666666666655	0.026943012562182532	06_29
sucrose	BMAA	sucrose	A. hadrus	CM06_29	sucrose	16.5	0.17	3	0.035276684147527854	0.02036700308869261	06_29
sucrose	BMAA	sucrose	A. hadrus	CM06_29	sucrose	16.75	0.16666666666666669	3	0.0392994204085053	0.02268953095184681	06_29
sucrose	BMAA	sucrose	A. hadrus	CM06_29	sucrose	17	0.16	3	0.04484541349024569	0.025891511550513426	06_29
sucrose	BMAA	sucrose	A. hadrus	CM06_29	sucrose	17.25	0.15666666666666668	3	0.04910306620885411	0.028349668493717936	06_29
sucrose	BMAA	sucrose	A. hadrus	CM06_29	sucrose	17.5	0.15666666666666668	3	0.04910306620885411	0.028349668493717936	06_29
sucrose	BMAA	sucrose	A. hadrus	CM06_29	sucrose	17.75	0.15333333333333332	3	0.05044248650140518	0.029122983160180346	06_29
sucrose	BMAA	sucrose	A. hadrus	CM06_29	sucrose	18	0.15333333333333332	3	0.05044248650140518	0.029122983160180346	06_29
sucrose	BMAA	sucrose	A. hadrus	CM06_29	sucrose	18.25	0.15	3	0.04484541349024569	0.025891511550513426	06_29
sucrose	BMAA	sucrose	A. hadrus	CM06_29	sucrose	18.5	0.14333333333333337	3	0.043716256828679995	0.025239592648001213	06_29
sucrose	BMAA	sucrose	A. hadrus	CM06_29	sucrose	18.75	0.13666666666666671	3	0.04910306620885411	0.028349668493717936	06_29
sucrose	BMAA	sucrose	A. hadrus	CM06_29	sucrose	19	0.13666666666666671	3	0.04910306620885411	0.028349668493717936	06_29
sucrose	BMAA	sucrose	A. hadrus	CM06_29	sucrose	19.25	0.13666666666666671	3	0.0392994204085053	0.02268953095184681	06_29
sucrose	BMAA	sucrose	A. hadrus	CM06_29	sucrose	19.5	0.13333333333333336	3	0.04371625682867999	0.025239592648001206	06_29
sucrose	BMAA	sucrose	A. hadrus	CM06_29	sucrose	19.75	0.13000000000000003	3	0.0384418753155693	0.022194427061597966	06_29
sucrose	BMAA	sucrose	A. hadrus	CM06_29	sucrose	20	0.1266666666666667	3	0.04333333333333332	0.025018511664883777	06_29
sucrose	BMAA	sucrose	A. hadrus	CM06_29	sucrose	20.25	0.12333333333333336	3	0.04371625682867999	0.025239592648001206	06_29
sucrose	BMAA	sucrose	A. hadrus	CM06_29	sucrose	20.5	0.12333333333333336	3	0.04371625682867999	0.025239592648001206	06_29
sucrose	BMAA	sucrose	A. hadrus	CM06_29	sucrose	20.75	0.12333333333333336	3	0.04371625682867999	0.025239592648001206	06_29
sucrose	BMAA	sucrose	A. hadrus	CM06_29	sucrose	21	0.12000000000000002	3	0.0384418753155693	0.022194427061597966	06_29
sucrose	BMAA	sucrose	A. hadrus	CM06_29	sucrose	21.25	0.12333333333333336	3	0.03844187531556931	0.02219442706159797	06_29
sucrose	BMAA	sucrose	A. hadrus	CM06_29	sucrose	21.5	0.12333333333333336	3	0.03844187531556931	0.02219442706159797	06_29
sucrose	BMAA	sucrose	A. hadrus	CM06_29	sucrose	21.75	0.12000000000000002	3	0.043716256828679995	0.025239592648001213	06_29
sucrose	BMAA	sucrose	A. hadrus	CM06_29	sucrose	22	0.11666666666666668	3	0.03929942040850531	0.022689530951846813	06_29
sucrose	BMAA	sucrose	A. hadrus	CM06_29	sucrose	22.25	0.12000000000000002	3	0.043716256828679995	0.025239592648001213	06_29
sucrose	BMAA	sucrose	A. hadrus	CM06_29	sucrose	22.5	0.12000000000000002	3	0.03382963855030738	0.019531550923607706	06_29
sucrose	BMAA	sucrose	A. hadrus	CM06_29	sucrose	22.75	0.12000000000000002	3	0.03382963855030738	0.019531550923607706	06_29
sucrose	BMAA	sucrose	A. hadrus	CM06_29	sucrose	23	0.12000000000000002	3	0.03382963855030738	0.019531550923607706	06_29
sucrose	BMAA	sucrose	A. hadrus	CM06_29	sucrose	23.25	0.11666666666666668	3	0.03929942040850531	0.022689530951846813	06_29
sucrose	BMAA	sucrose	A. hadrus	CM06_29	sucrose	23.5	0.12000000000000002	3	0.03382963855030738	0.019531550923607706	06_29
sucrose	BMAA	sucrose	A. hadrus	CM06_29	sucrose	23.75	0.12000000000000002	3	0.03382963855030738	0.019531550923607706	06_29
sucrose	BMAA	sucrose	A. hadrus	CM06_29	sucrose	24	0.12000000000000002	3	0.03382963855030738	0.019531550923607706	06_29
GOS_betaglucan	BMAA	GOS_betaglucan	A. hadrus	CM02_02	GOS_betaglucan	0	-0.003333333333333318	3	0.003333333333333327	0.001924500897298749	02_2
GOS_betaglucan	BMAA	GOS_betaglucan	A. hadrus	CM02_02	GOS_betaglucan	0.25	-0.006666666666666636	3	0.003333333333333327	0.001924500897298749	02_2
GOS_betaglucan	BMAA	GOS_betaglucan	A. hadrus	CM02_02	GOS_betaglucan	0.5	0.010000000000000009	3	0.003333333333333355	0.001924500897298765	02_2
GOS_betaglucan	BMAA	GOS_betaglucan	A. hadrus	CM02_02	GOS_betaglucan	0.75	0.020000000000000018	3	0.003333333333333355	0.001924500897298765	02_2
GOS_betaglucan	BMAA	GOS_betaglucan	A. hadrus	CM02_02	GOS_betaglucan	1	0.03666666666666668	3	0.006666666666666654	0.003849001794597498	02_2
GOS_betaglucan	BMAA	GOS_betaglucan	A. hadrus	CM02_02	GOS_betaglucan	1.25	0.043333333333333356	3	0.003333333333333327	0.001924500897298749	02_2
GOS_betaglucan	BMAA	GOS_betaglucan	A. hadrus	CM02_02	GOS_betaglucan	1.5	0.04666666666666669	3	0.006666666666666654	0.003849001794597498	02_2
GOS_betaglucan	BMAA	GOS_betaglucan	A. hadrus	CM02_02	GOS_betaglucan	1.75	0.053333333333333365	3	0.003333333333333327	0.001924500897298749	02_2
GOS_betaglucan	BMAA	GOS_betaglucan	A. hadrus	CM02_02	GOS_betaglucan	2	0.06000000000000002	3	0.00881917103688194	0.00509175077217314	02_2
GOS_betaglucan	BMAA	GOS_betaglucan	A. hadrus	CM02_02	GOS_betaglucan	2.25	0.06666666666666667	3	0.006666666666666682	0.003849001794597514	02_2
GOS_betaglucan	BMAA	GOS_betaglucan	A. hadrus	CM02_02	GOS_betaglucan	2.5	0.07333333333333335	3	0.003333333333333327	0.001924500897298749	02_2
GOS_betaglucan	BMAA	GOS_betaglucan	A. hadrus	CM02_02	GOS_betaglucan	2.75	0.07333333333333335	3	0.003333333333333327	0.001924500897298749	02_2
GOS_betaglucan	BMAA	GOS_betaglucan	A. hadrus	CM02_02	GOS_betaglucan	3	0.08000000000000002	3	0.008819171036881972	0.005091750772173158	02_2
GOS_betaglucan	BMAA	GOS_betaglucan	A. hadrus	CM02_02	GOS_betaglucan	3.25	0.08000000000000002	3	0.008819171036881972	0.005091750772173158	02_2
GOS_betaglucan	BMAA	GOS_betaglucan	A. hadrus	CM02_02	GOS_betaglucan	3.5	0.08333333333333336	3	0.013333333333333336	0.007698003589195012	02_2
GOS_betaglucan	BMAA	GOS_betaglucan	A. hadrus	CM02_02	GOS_betaglucan	3.75	0.09000000000000001	3	0.008819171036881963	0.005091750772173153	02_2
GOS_betaglucan	BMAA	GOS_betaglucan	A. hadrus	CM02_02	GOS_betaglucan	4	0.09333333333333334	3	0.003333333333333327	0.001924500897298749	02_2
GOS_betaglucan	BMAA	GOS_betaglucan	A. hadrus	CM02_02	GOS_betaglucan	4.25	0.09666666666666668	3	0.008819171036881972	0.005091750772173158	02_2
GOS_betaglucan	BMAA	GOS_betaglucan	A. hadrus	CM02_02	GOS_betaglucan	4.5	0.10333333333333335	3	0.003333333333333327	0.001924500897298749	02_2
GOS_betaglucan	BMAA	GOS_betaglucan	A. hadrus	CM02_02	GOS_betaglucan	4.75	0.10333333333333335	3	0.013333333333333336	0.007698003589195012	02_2
GOS_betaglucan	BMAA	GOS_betaglucan	A. hadrus	CM02_02	GOS_betaglucan	5	0.10333333333333335	3	0.013333333333333336	0.007698003589195012	02_2
GOS_betaglucan	BMAA	GOS_betaglucan	A. hadrus	CM02_02	GOS_betaglucan	5.25	0.10333333333333335	3	0.013333333333333336	0.007698003589195012	02_2
GOS_betaglucan	BMAA	GOS_betaglucan	A. hadrus	CM02_02	GOS_betaglucan	5.5	0.10333333333333335	3	0.013333333333333336	0.007698003589195012	02_2
GOS_betaglucan	BMAA	GOS_betaglucan	A. hadrus	CM02_02	GOS_betaglucan	5.75	0.10666666666666667	3	0.01855921454276672	0.010715167512214385	02_2
GOS_betaglucan	BMAA	GOS_betaglucan	A. hadrus	CM02_02	GOS_betaglucan	6	0.10333333333333335	3	0.013333333333333336	0.007698003589195012	02_2
GOS_betaglucan	BMAA	GOS_betaglucan	A. hadrus	CM02_02	GOS_betaglucan	6.25	0.10000000000000002	3	0.018559214542766746	0.010715167512214399	02_2
GOS_betaglucan	BMAA	GOS_betaglucan	A. hadrus	CM02_02	GOS_betaglucan	6.5	0.09999999999999999	3	0.02848001248439176	0.016442942874387485	02_2
GOS_betaglucan	BMAA	GOS_betaglucan	A. hadrus	CM02_02	GOS_betaglucan	6.75	0.09999999999999999	3	0.02848001248439176	0.016442942874387485	02_2
GOS_betaglucan	BMAA	GOS_betaglucan	A. hadrus	CM02_02	GOS_betaglucan	7	0.10666666666666667	3	0.024037008503093246	0.01387777332977421	02_2
GOS_betaglucan	BMAA	GOS_betaglucan	A. hadrus	CM02_02	GOS_betaglucan	7.25	0.10333333333333333	3	0.029627314724385286	0.01710533813148961	02_2
GOS_betaglucan	BMAA	GOS_betaglucan	A. hadrus	CM02_02	GOS_betaglucan	7.5	0.10333333333333333	3	0.029627314724385286	0.01710533813148961	02_2
GOS_betaglucan	BMAA	GOS_betaglucan	A. hadrus	CM02_02	GOS_betaglucan	7.75	0.09999999999999999	3	0.02848001248439176	0.016442942874387485	02_2
GOS_betaglucan	BMAA	GOS_betaglucan	A. hadrus	CM02_02	GOS_betaglucan	8	0.09333333333333334	3	0.02962731472438531	0.017105338131489622	02_2
GOS_betaglucan	BMAA	GOS_betaglucan	A. hadrus	CM02_02	GOS_betaglucan	8.25	0.09666666666666668	3	0.02403700850309327	0.013877773329774225	02_2
GOS_betaglucan	BMAA	GOS_betaglucan	A. hadrus	CM02_02	GOS_betaglucan	8.5	0.09333333333333334	3	0.02027587510099407	0.011706281947614158	02_2
GOS_betaglucan	BMAA	GOS_betaglucan	A. hadrus	CM02_02	GOS_betaglucan	8.75	0.09333333333333334	3	0.02027587510099407	0.011706281947614158	02_2
GOS_betaglucan	BMAA	GOS_betaglucan	A. hadrus	CM02_02	GOS_betaglucan	9	0.09333333333333334	3	0.02027587510099407	0.011706281947614158	02_2
GOS_betaglucan	BMAA	GOS_betaglucan	A. hadrus	CM02_02	GOS_betaglucan	9.25	0.08666666666666667	3	0.02403700850309327	0.013877773329774225	02_2
GOS_betaglucan	BMAA	GOS_betaglucan	A. hadrus	CM02_02	GOS_betaglucan	9.5	0.09000000000000001	3	0.028480012484391786	0.016442942874387502	02_2
GOS_betaglucan	BMAA	GOS_betaglucan	A. hadrus	CM02_02	GOS_betaglucan	9.75	0.09333333333333334	3	0.02962731472438531	0.017105338131489622	02_2
GOS_betaglucan	BMAA	GOS_betaglucan	A. hadrus	CM02_02	GOS_betaglucan	10	0.09666666666666668	3	0.02403700850309327	0.013877773329774225	02_2
GOS_betaglucan	BMAA	GOS_betaglucan	A. hadrus	CM02_02	GOS_betaglucan	10.25	0.09333333333333334	3	0.02962731472438531	0.017105338131489622	02_2
GOS_betaglucan	BMAA	GOS_betaglucan	A. hadrus	CM02_02	GOS_betaglucan	10.5	0.08666666666666667	3	0.02403700850309327	0.013877773329774225	02_2
GOS_betaglucan	BMAA	GOS_betaglucan	A. hadrus	CM02_02	GOS_betaglucan	10.75	0.08333333333333336	3	0.02962731472438528	0.017105338131489605	02_2
GOS_betaglucan	BMAA	GOS_betaglucan	A. hadrus	CM02_02	GOS_betaglucan	11	0.08333333333333336	3	0.02962731472438528	0.017105338131489605	02_2
GOS_betaglucan	BMAA	GOS_betaglucan	A. hadrus	CM02_02	GOS_betaglucan	11.25	0.08666666666666667	3	0.02403700850309327	0.013877773329774225	02_2
GOS_betaglucan	BMAA	GOS_betaglucan	A. hadrus	CM02_02	GOS_betaglucan	11.5	0.08333333333333336	3	0.02962731472438528	0.017105338131489605	02_2
GOS_betaglucan	BMAA	GOS_betaglucan	A. hadrus	CM02_02	GOS_betaglucan	11.75	0.0766666666666667	3	0.024037008503093246	0.01387777332977421	02_2
GOS_betaglucan	BMAA	GOS_betaglucan	A. hadrus	CM02_02	GOS_betaglucan	12	0.0766666666666667	3	0.024037008503093246	0.01387777332977421	02_2
GOS_betaglucan	BMAA	GOS_betaglucan	A. hadrus	CM02_02	GOS_betaglucan	12.25	0.07333333333333336	3	0.029627314724385286	0.01710533813148961	02_2
GOS_betaglucan	BMAA	GOS_betaglucan	A. hadrus	CM02_02	GOS_betaglucan	12.5	0.07333333333333336	3	0.029627314724385286	0.01710533813148961	02_2
GOS_betaglucan	BMAA	GOS_betaglucan	A. hadrus	CM02_02	GOS_betaglucan	12.75	0.08333333333333336	3	0.02962731472438528	0.017105338131489605	02_2
GOS_betaglucan	BMAA	GOS_betaglucan	A. hadrus	CM02_02	GOS_betaglucan	13	0.07333333333333336	3	0.029627314724385286	0.01710533813148961	02_2
GOS_betaglucan	BMAA	GOS_betaglucan	A. hadrus	CM02_02	GOS_betaglucan	13.25	0.07333333333333336	3	0.029627314724385286	0.01710533813148961	02_2
GOS_betaglucan	BMAA	GOS_betaglucan	A. hadrus	CM02_02	GOS_betaglucan	13.5	0.0766666666666667	3	0.024037008503093246	0.01387777332977421	02_2
GOS_betaglucan	BMAA	GOS_betaglucan	A. hadrus	CM02_02	GOS_betaglucan	13.75	0.07333333333333336	3	0.029627314724385286	0.01710533813148961	02_2
GOS_betaglucan	BMAA	GOS_betaglucan	A. hadrus	CM02_02	GOS_betaglucan	14	0.0666666666666667	3	0.03382963855030739	0.019531550923607716	02_2
GOS_betaglucan	BMAA	GOS_betaglucan	A. hadrus	CM02_02	GOS_betaglucan	14.25	0.0666666666666667	3	0.03382963855030739	0.019531550923607716	02_2
GOS_betaglucan	BMAA	GOS_betaglucan	A. hadrus	CM02_02	GOS_betaglucan	14.5	0.07000000000000002	3	0.02848001248439176	0.016442942874387485	02_2
GOS_betaglucan	BMAA	GOS_betaglucan	A. hadrus	CM02_02	GOS_betaglucan	14.75	0.0666666666666667	3	0.03382963855030739	0.019531550923607716	02_2
GOS_betaglucan	BMAA	GOS_betaglucan	A. hadrus	CM02_02	GOS_betaglucan	15	0.0666666666666667	3	0.03382963855030739	0.019531550923607716	02_2
GOS_betaglucan	BMAA	GOS_betaglucan	A. hadrus	CM02_02	GOS_betaglucan	15.25	0.07000000000000002	3	0.02848001248439176	0.016442942874387485	02_2
GOS_betaglucan	BMAA	GOS_betaglucan	A. hadrus	CM02_02	GOS_betaglucan	15.5	0.0666666666666667	3	0.03382963855030739	0.019531550923607716	02_2
GOS_betaglucan	BMAA	GOS_betaglucan	A. hadrus	CM02_02	GOS_betaglucan	15.75	0.05666666666666668	3	0.03382963855030739	0.019531550923607716	02_2
GOS_betaglucan	BMAA	GOS_betaglucan	A. hadrus	CM02_02	GOS_betaglucan	16	0.05666666666666668	3	0.03382963855030739	0.019531550923607716	02_2
GOS_betaglucan	BMAA	GOS_betaglucan	A. hadrus	CM02_02	GOS_betaglucan	16.25	0.05666666666666668	3	0.03382963855030739	0.019531550923607716	02_2
GOS_betaglucan	BMAA	GOS_betaglucan	A. hadrus	CM02_02	GOS_betaglucan	16.5	0.06000000000000002	3	0.02848001248439176	0.016442942874387485	02_2
GOS_betaglucan	BMAA	GOS_betaglucan	A. hadrus	CM02_02	GOS_betaglucan	16.75	0.053333333333333344	3	0.033333333333333326	0.01924500897298752	02_2
GOS_betaglucan	BMAA	GOS_betaglucan	A. hadrus	CM02_02	GOS_betaglucan	17	0.05000000000000001	3	0.038441875315569314	0.022194427061597976	02_2
GOS_betaglucan	BMAA	GOS_betaglucan	A. hadrus	CM02_02	GOS_betaglucan	17.25	0.053333333333333344	3	0.033333333333333326	0.01924500897298752	02_2
GOS_betaglucan	BMAA	GOS_betaglucan	A. hadrus	CM02_02	GOS_betaglucan	17.5	0.04666666666666667	3	0.038441875315569314	0.022194427061597976	02_2
GOS_betaglucan	BMAA	GOS_betaglucan	A. hadrus	CM02_02	GOS_betaglucan	17.75	0.053333333333333344	3	0.033333333333333326	0.01924500897298752	02_2
GOS_betaglucan	BMAA	GOS_betaglucan	A. hadrus	CM02_02	GOS_betaglucan	18	0.05666666666666668	3	0.02848001248439176	0.016442942874387485	02_2
GOS_betaglucan	BMAA	GOS_betaglucan	A. hadrus	CM02_02	GOS_betaglucan	18.25	0.05000000000000001	3	0.03382963855030739	0.019531550923607716	02_2
GOS_betaglucan	BMAA	GOS_betaglucan	A. hadrus	CM02_02	GOS_betaglucan	18.5	0.043333333333333335	3	0.033333333333333326	0.01924500897298752	02_2
GOS_betaglucan	BMAA	GOS_betaglucan	A. hadrus	CM02_02	GOS_betaglucan	18.75	0.05000000000000001	3	0.03382963855030739	0.019531550923607716	02_2
GOS_betaglucan	BMAA	GOS_betaglucan	A. hadrus	CM02_02	GOS_betaglucan	19	0.043333333333333335	3	0.033333333333333326	0.01924500897298752	02_2
GOS_betaglucan	BMAA	GOS_betaglucan	A. hadrus	CM02_02	GOS_betaglucan	19.25	0.04666666666666667	3	0.02848001248439176	0.016442942874387485	02_2
GOS_betaglucan	BMAA	GOS_betaglucan	A. hadrus	CM02_02	GOS_betaglucan	19.5	0.05000000000000001	3	0.03382963855030739	0.019531550923607716	02_2
GOS_betaglucan	BMAA	GOS_betaglucan	A. hadrus	CM02_02	GOS_betaglucan	19.75	0.04	3	0.03382963855030739	0.019531550923607716	02_2
GOS_betaglucan	BMAA	GOS_betaglucan	A. hadrus	CM02_02	GOS_betaglucan	20	0.043333333333333335	3	0.029627314724385286	0.01710533813148961	02_2
GOS_betaglucan	BMAA	GOS_betaglucan	A. hadrus	CM02_02	GOS_betaglucan	20.25	0.04	3	0.03382963855030739	0.019531550923607716	02_2
GOS_betaglucan	BMAA	GOS_betaglucan	A. hadrus	CM02_02	GOS_betaglucan	20.5	0.04	3	0.03382963855030739	0.019531550923607716	02_2
GOS_betaglucan	BMAA	GOS_betaglucan	A. hadrus	CM02_02	GOS_betaglucan	20.75	0.04	3	0.03382963855030739	0.019531550923607716	02_2
GOS_betaglucan	BMAA	GOS_betaglucan	A. hadrus	CM02_02	GOS_betaglucan	21	0.04	3	0.03382963855030739	0.019531550923607716	02_2
GOS_betaglucan	BMAA	GOS_betaglucan	A. hadrus	CM02_02	GOS_betaglucan	21.25	0.043333333333333335	3	0.029627314724385286	0.01710533813148961	02_2
GOS_betaglucan	BMAA	GOS_betaglucan	A. hadrus	CM02_02	GOS_betaglucan	21.5	0.03333333333333335	3	0.039299420408505314	0.022689530951846816	02_2
GOS_betaglucan	BMAA	GOS_betaglucan	A. hadrus	CM02_02	GOS_betaglucan	21.75	0.03333333333333335	3	0.039299420408505314	0.022689530951846816	02_2
GOS_betaglucan	BMAA	GOS_betaglucan	A. hadrus	CM02_02	GOS_betaglucan	22	0.04	3	0.03382963855030739	0.019531550923607716	02_2
GOS_betaglucan	BMAA	GOS_betaglucan	A. hadrus	CM02_02	GOS_betaglucan	22.25	0.04	3	0.03382963855030739	0.019531550923607716	02_2
GOS_betaglucan	BMAA	GOS_betaglucan	A. hadrus	CM02_02	GOS_betaglucan	22.5	0.03666666666666668	3	0.03527668414752786	0.020367003088692614	02_2
GOS_betaglucan	BMAA	GOS_betaglucan	A. hadrus	CM02_02	GOS_betaglucan	22.75	0.03666666666666668	3	0.03527668414752786	0.020367003088692614	02_2
GOS_betaglucan	BMAA	GOS_betaglucan	A. hadrus	CM02_02	GOS_betaglucan	23	0.03333333333333335	3	0.039299420408505314	0.022689530951846816	02_2
GOS_betaglucan	BMAA	GOS_betaglucan	A. hadrus	CM02_02	GOS_betaglucan	23.25	0.023333333333333355	3	0.03929942040850529	0.022689530951846802	02_2
GOS_betaglucan	BMAA	GOS_betaglucan	A. hadrus	CM02_02	GOS_betaglucan	23.5	0.03333333333333335	3	0.039299420408505314	0.022689530951846816	02_2
GOS_betaglucan	BMAA	GOS_betaglucan	A. hadrus	CM02_02	GOS_betaglucan	23.75	0.03666666666666668	3	0.03527668414752786	0.020367003088692614	02_2
GOS_betaglucan	BMAA	GOS_betaglucan	A. hadrus	CM02_02	GOS_betaglucan	24	0.03333333333333335	3	0.039299420408505314	0.022689530951846816	02_2
arabinogalactan	BMAA	arabinogalactan	A. hadrus	CM02_02	arabinogalactan	0	0.0011111111111110998	3	0.020367003088692614	0.01175889471584262	02_2
arabinogalactan	BMAA	arabinogalactan	A. hadrus	CM02_02	arabinogalactan	0.25	-0.0022222222222222365	3	0.005091750772173188	0.002939723678960675	02_2
arabinogalactan	BMAA	arabinogalactan	A. hadrus	CM02_02	arabinogalactan	0.5	0.0011111111111110812	3	0.01575271875417538	0.009094836413191624	02_2
arabinogalactan	BMAA	arabinogalactan	A. hadrus	CM02_02	arabinogalactan	0.75	-0.002222222222222255	3	0.02143033502442881	0.012372809695177841	02_2
arabinogalactan	BMAA	arabinogalactan	A. hadrus	CM02_02	arabinogalactan	1	0.024444444444444418	3	0.008388704928078635	0.004843221048378541	02_2
arabinogalactan	BMAA	arabinogalactan	A. hadrus	CM02_02	arabinogalactan	1.25	0.017777777777777764	3	0.013877773329774223	0.008012336167697757	02_2
arabinogalactan	BMAA	arabinogalactan	A. hadrus	CM02_02	arabinogalactan	1.5	0.02111111111111108	3	0.010715167512214411	0.006186404847588923	02_2
arabinogalactan	BMAA	arabinogalactan	A. hadrus	CM02_02	arabinogalactan	1.75	0.017777777777777764	3	0.013877773329774223	0.008012336167697757	02_2
arabinogalactan	BMAA	arabinogalactan	A. hadrus	CM02_02	arabinogalactan	2	0.027777777777777752	3	0.013877773329774246	0.00801233616769777	02_2
arabinogalactan	BMAA	arabinogalactan	A. hadrus	CM02_02	arabinogalactan	2.25	0.027777777777777752	3	0.013877773329774246	0.00801233616769777	02_2
arabinogalactan	BMAA	arabinogalactan	A. hadrus	CM02_02	arabinogalactan	2.5	0.014444444444444426	3	0.008388704928078609	0.004843221048378525	02_2
arabinogalactan	BMAA	arabinogalactan	A. hadrus	CM02_02	arabinogalactan	2.75	0.017777777777777764	3	0.013877773329774223	0.008012336167697757	02_2
arabinogalactan	BMAA	arabinogalactan	A. hadrus	CM02_02	arabinogalactan	3	0.017777777777777764	3	0.013877773329774223	0.008012336167697757	02_2
arabinogalactan	BMAA	arabinogalactan	A. hadrus	CM02_02	arabinogalactan	3.25	0.021111111111111098	3	0.019531550923607727	0.011276546183435805	02_2
arabinogalactan	BMAA	arabinogalactan	A. hadrus	CM02_02	arabinogalactan	3.5	0.03111111111111105	3	0.019531550923607685	0.01127654618343578	02_2
arabinogalactan	BMAA	arabinogalactan	A. hadrus	CM02_02	arabinogalactan	3.75	0.024444444444444435	3	0.018358568490953683	0.01059932446018829	02_2
arabinogalactan	BMAA	arabinogalactan	A. hadrus	CM02_02	arabinogalactan	4	0.021111111111111098	3	0.019531550923607727	0.011276546183435805	02_2
arabinogalactan	BMAA	arabinogalactan	A. hadrus	CM02_02	arabinogalactan	4.25	0.024444444444444435	3	0.018358568490953683	0.01059932446018829	02_2
arabinogalactan	BMAA	arabinogalactan	A. hadrus	CM02_02	arabinogalactan	4.5	0.01111111111111109	3	0.013471506281091271	0.00777777777777778	02_2
arabinogalactan	BMAA	arabinogalactan	A. hadrus	CM02_02	arabinogalactan	4.75	0.021111111111111098	3	0.013471506281091271	0.00777777777777778	02_2
arabinogalactan	BMAA	arabinogalactan	A. hadrus	CM02_02	arabinogalactan	5	0.024444444444444418	3	0.008388704928078635	0.004843221048378541	02_2
arabinogalactan	BMAA	arabinogalactan	A. hadrus	CM02_02	arabinogalactan	5.25	0.014444444444444426	3	0.008388704928078609	0.004843221048378525	02_2
arabinogalactan	BMAA	arabinogalactan	A. hadrus	CM02_02	arabinogalactan	5.5	0.007777777777777772	3	0.013877773329774214	0.008012336167697752	02_2
arabinogalactan	BMAA	arabinogalactan	A. hadrus	CM02_02	arabinogalactan	5.75	0.011111111111111108	3	0.01071516751221438	0.006186404847588905	02_2
arabinogalactan	BMAA	arabinogalactan	A. hadrus	CM02_02	arabinogalactan	6	0.0011111111111110998	3	0.01071516751221438	0.006186404847588905	02_2
arabinogalactan	BMAA	arabinogalactan	A. hadrus	CM02_02	arabinogalactan	6.25	0.007777777777777772	3	0.015030832509409633	0.00867805519545183	02_2
arabinogalactan	BMAA	arabinogalactan	A. hadrus	CM02_02	arabinogalactan	6.5	0.004444444444444436	3	0.010183501544346291	0.005879447357921301	02_2
arabinogalactan	BMAA	arabinogalactan	A. hadrus	CM02_02	arabinogalactan	6.75	0.007777777777777754	3	0.012619796324000574	0.007286042804779982	02_2
arabinogalactan	BMAA	arabinogalactan	A. hadrus	CM02_02	arabinogalactan	7	-0.0022222222222222365	3	0.012619796324000593	0.007286042804779992	02_2
arabinogalactan	BMAA	arabinogalactan	A. hadrus	CM02_02	arabinogalactan	7.25	-0.012222222222222245	3	0.012619796324000593	0.007286042804779992	02_2
arabinogalactan	BMAA	arabinogalactan	A. hadrus	CM02_02	arabinogalactan	7.5	-0.005555555555555573	3	0.011706281947614148	0.006758625033664685	02_2
arabinogalactan	BMAA	arabinogalactan	A. hadrus	CM02_02	arabinogalactan	7.75	-0.012222222222222245	3	0.012619796324000593	0.007286042804779992	02_2
arabinogalactan	BMAA	arabinogalactan	A. hadrus	CM02_02	arabinogalactan	8	-0.0022222222222222365	3	0.012619796324000593	0.007286042804779992	02_2
arabinogalactan	BMAA	arabinogalactan	A. hadrus	CM02_02	arabinogalactan	8.25	0.0011111111111110812	3	0.01677740985615719	0.009686442096757035	02_2
arabinogalactan	BMAA	arabinogalactan	A. hadrus	CM02_02	arabinogalactan	8.5	-0.005555555555555573	3	0.011706281947614148	0.006758625033664685	02_2
arabinogalactan	BMAA	arabinogalactan	A. hadrus	CM02_02	arabinogalactan	8.75	-0.00888888888888891	3	0.016777409856157215	0.009686442096757049	02_2
arabinogalactan	BMAA	arabinogalactan	A. hadrus	CM02_02	arabinogalactan	9	-0.015555555555555581	3	0.011706281947614148	0.006758625033664685	02_2
arabinogalactan	BMAA	arabinogalactan	A. hadrus	CM02_02	arabinogalactan	9.25	-0.012222222222222245	3	0.017105338131489616	0.0098757715747951	02_2
arabinogalactan	BMAA	arabinogalactan	A. hadrus	CM02_02	arabinogalactan	9.5	-0.00888888888888891	3	0.016777409856157215	0.009686442096757049	02_2
arabinogalactan	BMAA	arabinogalactan	A. hadrus	CM02_02	arabinogalactan	9.75	-0.018888888888888917	3	0.006938886664887092	0.004006168083848867	02_2
arabinogalactan	BMAA	arabinogalactan	A. hadrus	CM02_02	arabinogalactan	10	-0.025555555555555592	3	0.010183501544346291	0.005879447357921301	02_2
arabinogalactan	BMAA	arabinogalactan	A. hadrus	CM02_02	arabinogalactan	10.25	-0.025555555555555592	3	0.010183501544346291	0.005879447357921301	02_2
arabinogalactan	BMAA	arabinogalactan	A. hadrus	CM02_02	arabinogalactan	10.5	-0.028888888888888926	3	0.01071516751221438	0.006186404847588905	02_2
arabinogalactan	BMAA	arabinogalactan	A. hadrus	CM02_02	arabinogalactan	10.75	-0.025555555555555592	3	0.008388704928078606	0.004843221048378523	02_2
arabinogalactan	BMAA	arabinogalactan	A. hadrus	CM02_02	arabinogalactan	11	-0.025555555555555592	3	0.008388704928078606	0.004843221048378523	02_2
arabinogalactan	BMAA	arabinogalactan	A. hadrus	CM02_02	arabinogalactan	11.25	-0.0355555555555556	3	0.008388704928078606	0.004843221048378523	02_2
arabinogalactan	BMAA	arabinogalactan	A. hadrus	CM02_02	arabinogalactan	11.5	-0.048888888888888905	3	0.010715167512214348	0.0061864048475888875	02_2
arabinogalactan	BMAA	arabinogalactan	A. hadrus	CM02_02	arabinogalactan	11.75	-0.04555555555555559	3	0.010183501544346262	0.005879447357921284	02_2
arabinogalactan	BMAA	arabinogalactan	A. hadrus	CM02_02	arabinogalactan	12	-0.048888888888888905	3	0.010715167512214348	0.0061864048475888875	02_2
arabinogalactan	BMAA	arabinogalactan	A. hadrus	CM02_02	arabinogalactan	12.25	-0.048888888888888905	3	0.010715167512214348	0.0061864048475888875	02_2
arabinogalactan	BMAA	arabinogalactan	A. hadrus	CM02_02	arabinogalactan	12.5	-0.04555555555555559	3	0.010183501544346262	0.005879447357921284	02_2
arabinogalactan	BMAA	arabinogalactan	A. hadrus	CM02_02	arabinogalactan	12.75	-0.048888888888888905	3	0.010715167512214348	0.0061864048475888875	02_2
arabinogalactan	BMAA	arabinogalactan	A. hadrus	CM02_02	arabinogalactan	13	-0.04555555555555559	3	0.010183501544346262	0.005879447357921284	02_2
arabinogalactan	BMAA	arabinogalactan	A. hadrus	CM02_02	arabinogalactan	13.25	-0.052222222222222246	3	0.005091750772173103	0.002939723678960626	02_2
arabinogalactan	BMAA	arabinogalactan	A. hadrus	CM02_02	arabinogalactan	13.5	-0.052222222222222246	3	0.005091750772173103	0.002939723678960626	02_2
arabinogalactan	BMAA	arabinogalactan	A. hadrus	CM02_02	arabinogalactan	13.75	-0.052222222222222246	3	0.005091750772173103	0.002939723678960626	02_2
arabinogalactan	BMAA	arabinogalactan	A. hadrus	CM02_02	arabinogalactan	14	-0.048888888888888905	3	0.010715167512214348	0.0061864048475888875	02_2
arabinogalactan	BMAA	arabinogalactan	A. hadrus	CM02_02	arabinogalactan	14.25	-0.05555555555555558	3	0.008388704928078576	0.004843221048378506	02_2
arabinogalactan	BMAA	arabinogalactan	A. hadrus	CM02_02	arabinogalactan	14.5	-0.05555555555555558	3	0.008388704928078576	0.004843221048378506	02_2
arabinogalactan	BMAA	arabinogalactan	A. hadrus	CM02_02	arabinogalactan	14.75	-0.052222222222222246	3	0.013877773329774183	0.008012336167697734	02_2
arabinogalactan	BMAA	arabinogalactan	A. hadrus	CM02_02	arabinogalactan	15	-0.06555555555555558	3	0.008388704928078606	0.004843221048378523	02_2
arabinogalactan	BMAA	arabinogalactan	A. hadrus	CM02_02	arabinogalactan	15.25	-0.06555555555555558	3	0.008388704928078606	0.004843221048378523	02_2
arabinogalactan	BMAA	arabinogalactan	A. hadrus	CM02_02	arabinogalactan	15.5	-0.058888888888888914	3	0.013471506281091249	0.007777777777777767	02_2
arabinogalactan	BMAA	arabinogalactan	A. hadrus	CM02_02	arabinogalactan	15.75	-0.0688888888888889	3	0.013471506281091275	0.007777777777777782	02_2
arabinogalactan	BMAA	arabinogalactan	A. hadrus	CM02_02	arabinogalactan	16	-0.058888888888888914	3	0.013471506281091249	0.007777777777777767	02_2
arabinogalactan	BMAA	arabinogalactan	A. hadrus	CM02_02	arabinogalactan	16.25	-0.05555555555555558	3	0.01835856849095365	0.010599324460188273	02_2
arabinogalactan	BMAA	arabinogalactan	A. hadrus	CM02_02	arabinogalactan	16.5	-0.07222222222222224	3	0.009622504486493776	0.005555555555555564	02_2
arabinogalactan	BMAA	arabinogalactan	A. hadrus	CM02_02	arabinogalactan	16.75	-0.07222222222222224	3	0.018954135676924437	0.010943175335329014	02_2
arabinogalactan	BMAA	arabinogalactan	A. hadrus	CM02_02	arabinogalactan	17	-0.0688888888888889	3	0.013471506281091275	0.007777777777777782	02_2
arabinogalactan	BMAA	arabinogalactan	A. hadrus	CM02_02	arabinogalactan	17.25	-0.07222222222222224	3	0.018954135676924437	0.010943175335329014	02_2
arabinogalactan	BMAA	arabinogalactan	A. hadrus	CM02_02	arabinogalactan	17.5	-0.06555555555555559	3	0.01835856849095365	0.010599324460188273	02_2
arabinogalactan	BMAA	arabinogalactan	A. hadrus	CM02_02	arabinogalactan	17.75	-0.0688888888888889	3	0.013471506281091275	0.007777777777777782	02_2
arabinogalactan	BMAA	arabinogalactan	A. hadrus	CM02_02	arabinogalactan	18	-0.08222222222222225	3	0.018954135676924437	0.010943175335329014	02_2
arabinogalactan	BMAA	arabinogalactan	A. hadrus	CM02_02	arabinogalactan	18.25	-0.07555555555555558	3	0.01539600717839004	0.008888888888888901	02_2
arabinogalactan	BMAA	arabinogalactan	A. hadrus	CM02_02	arabinogalactan	18.5	-0.07222222222222224	3	0.018954135676924437	0.010943175335329014	02_2
arabinogalactan	BMAA	arabinogalactan	A. hadrus	CM02_02	arabinogalactan	18.75	-0.07555555555555558	3	0.01539600717839004	0.008888888888888901	02_2
arabinogalactan	BMAA	arabinogalactan	A. hadrus	CM02_02	arabinogalactan	19	-0.07222222222222224	3	0.018954135676924437	0.010943175335329014	02_2
arabinogalactan	BMAA	arabinogalactan	A. hadrus	CM02_02	arabinogalactan	19.25	-0.07222222222222224	3	0.018954135676924437	0.010943175335329014	02_2
arabinogalactan	BMAA	arabinogalactan	A. hadrus	CM02_02	arabinogalactan	19.5	-0.07888888888888891	3	0.0211695098702863	0.012222222222222237	02_2
arabinogalactan	BMAA	arabinogalactan	A. hadrus	CM02_02	arabinogalactan	19.75	-0.07555555555555558	3	0.024570382652773334	0.014185717038670796	02_2
arabinogalactan	BMAA	arabinogalactan	A. hadrus	CM02_02	arabinogalactan	20	-0.08222222222222225	3	0.018954135676924437	0.010943175335329014	02_2
arabinogalactan	BMAA	arabinogalactan	A. hadrus	CM02_02	arabinogalactan	20.25	-0.08555555555555559	3	0.01539600717839004	0.008888888888888901	02_2
arabinogalactan	BMAA	arabinogalactan	A. hadrus	CM02_02	arabinogalactan	20.5	-0.08222222222222225	3	0.018954135676924437	0.010943175335329014	02_2
arabinogalactan	BMAA	arabinogalactan	A. hadrus	CM02_02	arabinogalactan	20.75	-0.07222222222222224	3	0.018954135676924437	0.010943175335329014	02_2
arabinogalactan	BMAA	arabinogalactan	A. hadrus	CM02_02	arabinogalactan	21	-0.07555555555555558	3	0.01539600717839004	0.008888888888888901	02_2
arabinogalactan	BMAA	arabinogalactan	A. hadrus	CM02_02	arabinogalactan	21.25	-0.0888888888888889	3	0.02116950987028627	0.012222222222222218	02_2
arabinogalactan	BMAA	arabinogalactan	A. hadrus	CM02_02	arabinogalactan	21.5	-0.0888888888888889	3	0.02116950987028627	0.012222222222222218	02_2
arabinogalactan	BMAA	arabinogalactan	A. hadrus	CM02_02	arabinogalactan	21.75	-0.08222222222222225	3	0.018954135676924437	0.010943175335329014	02_2
arabinogalactan	BMAA	arabinogalactan	A. hadrus	CM02_02	arabinogalactan	22	-0.0888888888888889	3	0.02116950987028627	0.012222222222222218	02_2
arabinogalactan	BMAA	arabinogalactan	A. hadrus	CM02_02	arabinogalactan	22.25	-0.0888888888888889	3	0.02116950987028627	0.012222222222222218	02_2
arabinogalactan	BMAA	arabinogalactan	A. hadrus	CM02_02	arabinogalactan	22.5	-0.0888888888888889	3	0.02116950987028627	0.012222222222222218	02_2
arabinogalactan	BMAA	arabinogalactan	A. hadrus	CM02_02	arabinogalactan	22.75	-0.09222222222222225	3	0.018954135676924423	0.010943175335329005	02_2
arabinogalactan	BMAA	arabinogalactan	A. hadrus	CM02_02	arabinogalactan	23	-0.0888888888888889	3	0.02116950987028627	0.012222222222222218	02_2
arabinogalactan	BMAA	arabinogalactan	A. hadrus	CM02_02	arabinogalactan	23.25	-0.08555555555555559	3	0.01539600717839004	0.008888888888888901	02_2
arabinogalactan	BMAA	arabinogalactan	A. hadrus	CM02_02	arabinogalactan	23.5	-0.07888888888888891	3	0.0211695098702863	0.012222222222222237	02_2
arabinogalactan	BMAA	arabinogalactan	A. hadrus	CM02_02	arabinogalactan	23.75	-0.0888888888888889	3	0.02116950987028627	0.012222222222222218	02_2
arabinogalactan	BMAA	arabinogalactan	A. hadrus	CM02_02	arabinogalactan	24	-0.09222222222222225	3	0.018954135676924423	0.010943175335329005	02_2
chitosan	BMAA	chitosan	A. hadrus	CM02_02	chitosan	0	0.11333333333333336	3	0.09386751893552481	0.05419443732558754	02_2
chitosan	BMAA	chitosan	A. hadrus	CM02_02	chitosan	0.25	-0.06666666666666665	3	0.05547772325697748	0.03203007845644351	02_2
chitosan	BMAA	chitosan	A. hadrus	CM02_02	chitosan	0.5	-0.046666666666666634	3	0.03844187531556933	0.022194427061597983	02_2
chitosan	BMAA	chitosan	A. hadrus	CM02_02	chitosan	0.75	-0.03333333333333329	3	0.02728450923957483	0.01575271875417536	02_2
chitosan	BMAA	chitosan	A. hadrus	CM02_02	chitosan	1	-0.02333333333333328	3	0.02728450923957483	0.01575271875417536	02_2
chitosan	BMAA	chitosan	A. hadrus	CM02_02	chitosan	1.25	-0.016666666666666646	3	0.02185812841434005	0.012619796324000636	02_2
chitosan	BMAA	chitosan	A. hadrus	CM02_02	chitosan	1.5	-0.013333333333333308	3	0.012018504251546692	0.006938886664887145	02_2
chitosan	BMAA	chitosan	A. hadrus	CM02_02	chitosan	1.75	-0.0033333333333332993	3	0.012018504251546692	0.006938886664887145	02_2
chitosan	BMAA	chitosan	A. hadrus	CM02_02	chitosan	2	0.003333333333333336	3	0.0120185042515466	0.006938886664887092	02_2
chitosan	BMAA	chitosan	A. hadrus	CM02_02	chitosan	2.25	0.006666666666666636	3	0.012018504251546632	0.00693888666488711	02_2
chitosan	BMAA	chitosan	A. hadrus	CM02_02	chitosan	2.5	0.013333333333333308	3	0.008819171036881984	0.005091750772173165	02_2
chitosan	BMAA	chitosan	A. hadrus	CM02_02	chitosan	2.75	0.016666666666666646	3	0.003333333333333355	0.001924500897298765	02_2
chitosan	BMAA	chitosan	A. hadrus	CM02_02	chitosan	3	0.016666666666666646	3	0.003333333333333355	0.001924500897298765	02_2
chitosan	BMAA	chitosan	A. hadrus	CM02_02	chitosan	3.25	0.01999999999999998	3	0.008819171036882005	0.005091750772173177	02_2
chitosan	BMAA	chitosan	A. hadrus	CM02_02	chitosan	3.5	0.023333333333333317	3	0.00666666666666671	0.00384900179459753	02_2
chitosan	BMAA	chitosan	A. hadrus	CM02_02	chitosan	3.75	0.02999999999999999	3	0.008819171036882005	0.005091750772173177	02_2
chitosan	BMAA	chitosan	A. hadrus	CM02_02	chitosan	4	0.03666666666666666	3	0.003333333333333355	0.001924500897298765	02_2
chitosan	BMAA	chitosan	A. hadrus	CM02_02	chitosan	4.25	0.03666666666666666	3	0.003333333333333355	0.001924500897298765	02_2
chitosan	BMAA	chitosan	A. hadrus	CM02_02	chitosan	4.5	0.033333333333333326	3	0.00666666666666671	0.00384900179459753	02_2
chitosan	BMAA	chitosan	A. hadrus	CM02_02	chitosan	4.75	0.043333333333333335	3	0.00666666666666671	0.00384900179459753	02_2
chitosan	BMAA	chitosan	A. hadrus	CM02_02	chitosan	5	0.04	3	0.008819171036882005	0.005091750772173177	02_2
chitosan	BMAA	chitosan	A. hadrus	CM02_02	chitosan	5.25	0.03666666666666666	3	0.012018504251546679	0.006938886664887137	02_2
chitosan	BMAA	chitosan	A. hadrus	CM02_02	chitosan	5.5	0.043333333333333335	3	0.01666666666666672	0.009622504486493794	02_2
chitosan	BMAA	chitosan	A. hadrus	CM02_02	chitosan	5.75	0.043333333333333335	3	0.01666666666666672	0.009622504486493794	02_2
chitosan	BMAA	chitosan	A. hadrus	CM02_02	chitosan	6	0.043333333333333335	3	0.01666666666666672	0.009622504486493794	02_2
chitosan	BMAA	chitosan	A. hadrus	CM02_02	chitosan	6.25	0.04666666666666667	3	0.01763834207376399	0.010183501544346342	02_2
chitosan	BMAA	chitosan	A. hadrus	CM02_02	chitosan	6.5	0.05000000000000001	3	0.02185812841434006	0.012619796324000641	02_2
chitosan	BMAA	chitosan	A. hadrus	CM02_02	chitosan	6.75	0.05000000000000001	3	0.02185812841434006	0.012619796324000641	02_2
chitosan	BMAA	chitosan	A. hadrus	CM02_02	chitosan	7	0.053333333333333344	3	0.02333333333333339	0.0134715062810913	02_2
chitosan	BMAA	chitosan	A. hadrus	CM02_02	chitosan	7.25	0.053333333333333344	3	0.02333333333333339	0.0134715062810913	02_2
chitosan	BMAA	chitosan	A. hadrus	CM02_02	chitosan	7.5	0.053333333333333344	3	0.02333333333333339	0.0134715062810913	02_2
chitosan	BMAA	chitosan	A. hadrus	CM02_02	chitosan	7.75	0.05000000000000001	3	0.029059326290271217	0.016777409856157256	02_2
chitosan	BMAA	chitosan	A. hadrus	CM02_02	chitosan	8	0.05000000000000001	3	0.029059326290271217	0.016777409856157256	02_2
chitosan	BMAA	chitosan	A. hadrus	CM02_02	chitosan	8.25	0.053333333333333344	3	0.032829526005987084	0.018954135676924465	02_2
chitosan	BMAA	chitosan	A. hadrus	CM02_02	chitosan	8.5	0.053333333333333344	3	0.032829526005987084	0.018954135676924465	02_2
chitosan	BMAA	chitosan	A. hadrus	CM02_02	chitosan	8.75	0.06000000000000002	3	0.029059326290271217	0.016777409856157256	02_2
chitosan	BMAA	chitosan	A. hadrus	CM02_02	chitosan	9	0.06000000000000002	3	0.03844187531556939	0.022194427061598018	02_2
chitosan	BMAA	chitosan	A. hadrus	CM02_02	chitosan	9.25	0.06333333333333335	3	0.04255715111601242	0.024570382652773358	02_2
chitosan	BMAA	chitosan	A. hadrus	CM02_02	chitosan	9.5	0.06000000000000002	3	0.03844187531556939	0.022194427061598018	02_2
chitosan	BMAA	chitosan	A. hadrus	CM02_02	chitosan	9.75	0.06333333333333335	3	0.04255715111601242	0.024570382652773358	02_2
chitosan	BMAA	chitosan	A. hadrus	CM02_02	chitosan	10	0.06333333333333335	3	0.04255715111601242	0.024570382652773358	02_2
chitosan	BMAA	chitosan	A. hadrus	CM02_02	chitosan	10.25	0.06333333333333335	3	0.04255715111601242	0.024570382652773358	02_2
chitosan	BMAA	chitosan	A. hadrus	CM02_02	chitosan	10.5	0.06000000000000005	3	0.04807401700618654	0.02775554665954845	02_2
chitosan	BMAA	chitosan	A. hadrus	CM02_02	chitosan	10.75	0.06333333333333335	3	0.04255715111601242	0.024570382652773358	02_2
chitosan	BMAA	chitosan	A. hadrus	CM02_02	chitosan	11	0.06333333333333335	3	0.04255715111601242	0.024570382652773358	02_2
chitosan	BMAA	chitosan	A. hadrus	CM02_02	chitosan	11.25	0.06333333333333335	3	0.04255715111601242	0.024570382652773358	02_2
chitosan	BMAA	chitosan	A. hadrus	CM02_02	chitosan	11.5	0.06666666666666665	3	0.04409585518440989	0.02545875386086581	02_2
chitosan	BMAA	chitosan	A. hadrus	CM02_02	chitosan	11.75	0.06666666666666665	3	0.04409585518440989	0.02545875386086581	02_2
chitosan	BMAA	chitosan	A. hadrus	CM02_02	chitosan	12	0.06333333333333335	3	0.049777281743560255	0.02873892701417236	02_2
chitosan	BMAA	chitosan	A. hadrus	CM02_02	chitosan	12.25	0.06666666666666665	3	0.04409585518440989	0.02545875386086581	02_2
chitosan	BMAA	chitosan	A. hadrus	CM02_02	chitosan	12.5	0.0666666666666667	3	0.05364492313143694	0.0309719108105919	02_2
chitosan	BMAA	chitosan	A. hadrus	CM02_02	chitosan	12.75	0.0666666666666667	3	0.05364492313143694	0.0309719108105919	02_2
chitosan	BMAA	chitosan	A. hadrus	CM02_02	chitosan	13	0.06999999999999999	3	0.04807401700618658	0.02775554665954847	02_2
chitosan	BMAA	chitosan	A. hadrus	CM02_02	chitosan	13.25	0.0666666666666667	3	0.05364492313143694	0.0309719108105919	02_2
chitosan	BMAA	chitosan	A. hadrus	CM02_02	chitosan	13.5	0.0666666666666667	3	0.05364492313143694	0.0309719108105919	02_2
chitosan	BMAA	chitosan	A. hadrus	CM02_02	chitosan	13.75	0.0666666666666667	3	0.05364492313143694	0.0309719108105919	02_2
chitosan	BMAA	chitosan	A. hadrus	CM02_02	chitosan	14	0.0666666666666667	3	0.05364492313143694	0.0309719108105919	02_2
chitosan	BMAA	chitosan	A. hadrus	CM02_02	chitosan	14.25	0.0666666666666667	3	0.05364492313143694	0.0309719108105919	02_2
chitosan	BMAA	chitosan	A. hadrus	CM02_02	chitosan	14.5	0.0666666666666667	3	0.05364492313143694	0.0309719108105919	02_2
chitosan	BMAA	chitosan	A. hadrus	CM02_02	chitosan	14.75	0.07333333333333336	3	0.0592546294487706	0.03421067626297923	02_2
chitosan	BMAA	chitosan	A. hadrus	CM02_02	chitosan	15	0.07000000000000002	3	0.05783117190965825	0.033388842669592717	02_2
chitosan	BMAA	chitosan	A. hadrus	CM02_02	chitosan	15.25	0.07333333333333336	3	0.0592546294487706	0.03421067626297923	02_2
chitosan	BMAA	chitosan	A. hadrus	CM02_02	chitosan	15.5	0.07333333333333336	3	0.0592546294487706	0.03421067626297923	02_2
chitosan	BMAA	chitosan	A. hadrus	CM02_02	chitosan	15.75	0.07000000000000002	3	0.05783117190965825	0.033388842669592717	02_2
chitosan	BMAA	chitosan	A. hadrus	CM02_02	chitosan	16	0.07333333333333336	3	0.0592546294487706	0.03421067626297923	02_2
chitosan	BMAA	chitosan	A. hadrus	CM02_02	chitosan	16.25	0.07333333333333336	3	0.0592546294487706	0.03421067626297923	02_2
chitosan	BMAA	chitosan	A. hadrus	CM02_02	chitosan	16.5	0.07333333333333336	3	0.0592546294487706	0.03421067626297923	02_2
chitosan	BMAA	chitosan	A. hadrus	CM02_02	chitosan	16.75	0.07333333333333336	3	0.0592546294487706	0.03421067626297923	02_2
chitosan	BMAA	chitosan	A. hadrus	CM02_02	chitosan	17	0.07333333333333336	3	0.06887992773257277	0.03976784481816286	02_2
chitosan	BMAA	chitosan	A. hadrus	CM02_02	chitosan	17.25	0.0766666666666667	3	0.06333333333333335	0.03656551704867631	02_2
chitosan	BMAA	chitosan	A. hadrus	CM02_02	chitosan	17.5	0.0766666666666667	3	0.06333333333333335	0.03656551704867631	02_2
chitosan	BMAA	chitosan	A. hadrus	CM02_02	chitosan	17.75	0.0766666666666667	3	0.06333333333333335	0.03656551704867631	02_2
chitosan	BMAA	chitosan	A. hadrus	CM02_02	chitosan	18	0.0766666666666667	3	0.06333333333333335	0.03656551704867631	02_2
chitosan	BMAA	chitosan	A. hadrus	CM02_02	chitosan	18.25	0.0766666666666667	3	0.06333333333333335	0.03656551704867631	02_2
chitosan	BMAA	chitosan	A. hadrus	CM02_02	chitosan	18.5	0.0766666666666667	3	0.06333333333333335	0.03656551704867631	02_2
chitosan	BMAA	chitosan	A. hadrus	CM02_02	chitosan	18.75	0.07333333333333336	3	0.06887992773257277	0.03976784481816286	02_2
chitosan	BMAA	chitosan	A. hadrus	CM02_02	chitosan	19	0.0766666666666667	3	0.06333333333333335	0.03656551704867631	02_2
chitosan	BMAA	chitosan	A. hadrus	CM02_02	chitosan	19.25	0.07333333333333336	3	0.06887992773257277	0.03976784481816286	02_2
chitosan	BMAA	chitosan	A. hadrus	CM02_02	chitosan	19.5	0.07333333333333336	3	0.06887992773257277	0.03976784481816286	02_2
chitosan	BMAA	chitosan	A. hadrus	CM02_02	chitosan	19.75	0.0766666666666667	3	0.06333333333333335	0.03656551704867631	02_2
chitosan	BMAA	chitosan	A. hadrus	CM02_02	chitosan	20	0.08	3	0.06765927710061477	0.03906310184721542	02_2
chitosan	BMAA	chitosan	A. hadrus	CM02_02	chitosan	20.25	0.07666666666666666	3	0.07310570733153768	0.04220759980716128	02_2
chitosan	BMAA	chitosan	A. hadrus	CM02_02	chitosan	20.5	0.07666666666666666	3	0.07310570733153768	0.04220759980716128	02_2
chitosan	BMAA	chitosan	A. hadrus	CM02_02	chitosan	20.75	0.07666666666666666	3	0.07310570733153768	0.04220759980716128	02_2
chitosan	BMAA	chitosan	A. hadrus	CM02_02	chitosan	21	0.07666666666666666	3	0.07310570733153768	0.04220759980716128	02_2
chitosan	BMAA	chitosan	A. hadrus	CM02_02	chitosan	21.25	0.08	3	0.06765927710061477	0.03906310184721542	02_2
chitosan	BMAA	chitosan	A. hadrus	CM02_02	chitosan	21.5	0.08	3	0.06765927710061477	0.03906310184721542	02_2
chitosan	BMAA	chitosan	A. hadrus	CM02_02	chitosan	21.75	0.07666666666666666	3	0.07310570733153768	0.04220759980716128	02_2
chitosan	BMAA	chitosan	A. hadrus	CM02_02	chitosan	22	0.07666666666666666	3	0.07310570733153768	0.04220759980716128	02_2
chitosan	BMAA	chitosan	A. hadrus	CM02_02	chitosan	22.25	0.07666666666666666	3	0.07310570733153768	0.04220759980716128	02_2
chitosan	BMAA	chitosan	A. hadrus	CM02_02	chitosan	22.5	0.07666666666666666	3	0.07310570733153768	0.04220759980716128	02_2
chitosan	BMAA	chitosan	A. hadrus	CM02_02	chitosan	22.75	0.07666666666666666	3	0.07310570733153768	0.04220759980716128	02_2
chitosan	BMAA	chitosan	A. hadrus	CM02_02	chitosan	23	0.08	3	0.0775313556640867	0.04476274906329707	02_2
chitosan	BMAA	chitosan	A. hadrus	CM02_02	chitosan	23.25	0.08	3	0.0775313556640867	0.04476274906329707	02_2
chitosan	BMAA	chitosan	A. hadrus	CM02_02	chitosan	23.5	0.08	3	0.0775313556640867	0.04476274906329707	02_2
chitosan	BMAA	chitosan	A. hadrus	CM02_02	chitosan	23.75	0.08	3	0.0775313556640867	0.04476274906329707	02_2
chitosan	BMAA	chitosan	A. hadrus	CM02_02	chitosan	24	0.08333333333333333	3	0.07859884081701063	0.04537906190369363	02_2
lentinan	BMAA	lentinan	A. hadrus	CM02_02	lentinan	0	-0.011111111111111108	3	0.012619796324000626	0.007286042804780011	02_2
lentinan	BMAA	lentinan	A. hadrus	CM02_02	lentinan	0.25	-0.0011111111111111183	3	0.0050917507721731335	0.0029397236789606438	02_2
lentinan	BMAA	lentinan	A. hadrus	CM02_02	lentinan	0.5	0.012222222222222226	3	0.008388704928078606	0.004843221048378523	02_2
lentinan	BMAA	lentinan	A. hadrus	CM02_02	lentinan	0.75	0.015555555555555545	3	0.013471506281091245	0.007777777777777765	02_2
lentinan	BMAA	lentinan	A. hadrus	CM02_02	lentinan	1	0.02888888888888889	3	0.013877773329774192	0.00801233616769774	02_2
lentinan	BMAA	lentinan	A. hadrus	CM02_02	lentinan	1.25	0.025555555555555554	3	0.019531550923607695	0.011276546183435788	02_2
lentinan	BMAA	lentinan	A. hadrus	CM02_02	lentinan	1.5	0.02888888888888889	3	0.023648662948658607	0.013653561919382776	02_2
lentinan	BMAA	lentinan	A. hadrus	CM02_02	lentinan	1.75	0.025555555555555554	3	0.02341256389522829	0.013517250067329368	02_2
lentinan	BMAA	lentinan	A. hadrus	CM02_02	lentinan	2	0.02888888888888889	3	0.023648662948658607	0.013653561919382776	02_2
lentinan	BMAA	lentinan	A. hadrus	CM02_02	lentinan	2.25	0.025555555555555554	3	0.019531550923607695	0.011276546183435788	02_2
lentinan	BMAA	lentinan	A. hadrus	CM02_02	lentinan	2.5	0.018888888888888882	3	0.023648662948658607	0.013653561919382776	02_2
lentinan	BMAA	lentinan	A. hadrus	CM02_02	lentinan	2.75	0.018888888888888882	3	0.023648662948658607	0.013653561919382776	02_2
lentinan	BMAA	lentinan	A. hadrus	CM02_02	lentinan	3	0.015555555555555545	3	0.029122983160180336	0.016814162167135056	02_2
lentinan	BMAA	lentinan	A. hadrus	CM02_02	lentinan	3.25	0.018888888888888882	3	0.023648662948658607	0.013653561919382776	02_2
lentinan	BMAA	lentinan	A. hadrus	CM02_02	lentinan	3.5	0.018888888888888882	3	0.023648662948658607	0.013653561919382776	02_2
lentinan	BMAA	lentinan	A. hadrus	CM02_02	lentinan	3.75	0.015555555555555545	3	0.02341256389522829	0.013517250067329368	02_2
lentinan	BMAA	lentinan	A. hadrus	CM02_02	lentinan	4	0.008888888888888872	3	0.02873892701417235	0.016592427247853415	02_2
lentinan	BMAA	lentinan	A. hadrus	CM02_02	lentinan	4.25	0.008888888888888872	3	0.02873892701417235	0.016592427247853415	02_2
lentinan	BMAA	lentinan	A. hadrus	CM02_02	lentinan	4.5	0.005555555555555554	3	0.030245905752924872	0.017462481828335225	02_2
lentinan	BMAA	lentinan	A. hadrus	CM02_02	lentinan	4.75	0.002222222222222218	3	0.024570382652773292	0.014185717038670772	02_2
lentinan	BMAA	lentinan	A. hadrus	CM02_02	lentinan	5	0.005555555555555536	3	0.02341256389522829	0.013517250067329368	02_2
lentinan	BMAA	lentinan	A. hadrus	CM02_02	lentinan	5.25	0.002222222222222218	3	0.024570382652773292	0.014185717038670772	02_2
lentinan	BMAA	lentinan	A. hadrus	CM02_02	lentinan	5.5	-0.004444444444444455	3	0.030245905752924872	0.017462481828335225	02_2
lentinan	BMAA	lentinan	A. hadrus	CM02_02	lentinan	5.75	-0.004444444444444455	3	0.030245905752924872	0.017462481828335225	02_2
lentinan	BMAA	lentinan	A. hadrus	CM02_02	lentinan	6	-0.014444444444444426	3	0.030245905752924886	0.017462481828335236	02_2
lentinan	BMAA	lentinan	A. hadrus	CM02_02	lentinan	6.25	-0.01111111111111109	3	0.02873892701417235	0.016592427247853415	02_2
lentinan	BMAA	lentinan	A. hadrus	CM02_02	lentinan	6.5	-0.01111111111111109	3	0.02873892701417235	0.016592427247853415	02_2
lentinan	BMAA	lentinan	A. hadrus	CM02_02	lentinan	6.75	-0.01111111111111109	3	0.02873892701417235	0.016592427247853415	02_2
lentinan	BMAA	lentinan	A. hadrus	CM02_02	lentinan	7	-0.024444444444444435	3	0.0333888426695927	0.01927705730321941	02_2
lentinan	BMAA	lentinan	A. hadrus	CM02_02	lentinan	7.25	-0.034444444444444444	3	0.03976784481816285	0.022959975910857584	02_2
lentinan	BMAA	lentinan	A. hadrus	CM02_02	lentinan	7.5	-0.034444444444444444	3	0.047414640651893054	0.027374855543899828	02_2
lentinan	BMAA	lentinan	A. hadrus	CM02_02	lentinan	7.75	-0.034444444444444444	3	0.03976784481816285	0.022959975910857584	02_2
lentinan	BMAA	lentinan	A. hadrus	CM02_02	lentinan	8	-0.027777777777777773	3	0.02834966849371793	0.016367688736284698	02_2
lentinan	BMAA	lentinan	A. hadrus	CM02_02	lentinan	8.25	-0.031111111111111107	3	0.023648662948658607	0.013653561919382776	02_2
lentinan	BMAA	lentinan	A. hadrus	CM02_02	lentinan	8.5	-0.034444444444444444	3	0.019531550923607695	0.011276546183435788	02_2
lentinan	BMAA	lentinan	A. hadrus	CM02_02	lentinan	8.75	-0.04777777777777779	3	0.0252395926480012	0.014572085609559993	02_2
lentinan	BMAA	lentinan	A. hadrus	CM02_02	lentinan	9	-0.05444444444444446	3	0.029122983160180336	0.016814162167135056	02_2
lentinan	BMAA	lentinan	A. hadrus	CM02_02	lentinan	9.25	-0.05777777777777778	3	0.02523959264800122	0.014572085609560005	02_2
lentinan	BMAA	lentinan	A. hadrus	CM02_02	lentinan	9.5	-0.05444444444444444	3	0.027954990278686944	0.016139821162593278	02_2
lentinan	BMAA	lentinan	A. hadrus	CM02_02	lentinan	9.75	-0.061111111111111095	3	0.030971910810591873	0.017881641043812298	02_2
lentinan	BMAA	lentinan	A. hadrus	CM02_02	lentinan	10	-0.07444444444444444	3	0.03671713698190733	0.02119864892037656	02_2
lentinan	BMAA	lentinan	A. hadrus	CM02_02	lentinan	10.25	-0.07444444444444444	3	0.03671713698190733	0.02119864892037656	02_2
lentinan	BMAA	lentinan	A. hadrus	CM02_02	lentinan	10.5	-0.07444444444444444	3	0.04525647078759177	0.026128835591788545	02_2
lentinan	BMAA	lentinan	A. hadrus	CM02_02	lentinan	10.75	-0.07444444444444444	3	0.037168285963728266	0.021459119906475504	02_2
lentinan	BMAA	lentinan	A. hadrus	CM02_02	lentinan	11	-0.07444444444444444	3	0.037168285963728266	0.021459119906475504	02_2
lentinan	BMAA	lentinan	A. hadrus	CM02_02	lentinan	11.25	-0.07777777777777778	3	0.04286067004885756	0.024745619390355644	02_2
lentinan	BMAA	lentinan	A. hadrus	CM02_02	lentinan	11.5	-0.08444444444444445	3	0.04525647078759177	0.026128835591788545	02_2
lentinan	BMAA	lentinan	A. hadrus	CM02_02	lentinan	11.75	-0.08444444444444445	3	0.04525647078759177	0.026128835591788545	02_2
lentinan	BMAA	lentinan	A. hadrus	CM02_02	lentinan	12	-0.08777777777777779	3	0.05102650001424459	0.029460163519028557	02_2
lentinan	BMAA	lentinan	A. hadrus	CM02_02	lentinan	12.25	-0.08777777777777779	3	0.05102650001424459	0.029460163519028557	02_2
lentinan	BMAA	lentinan	A. hadrus	CM02_02	lentinan	12.5	-0.08444444444444445	3	0.054296852101647176	0.0313483021770353	02_2
lentinan	BMAA	lentinan	A. hadrus	CM02_02	lentinan	12.75	-0.08777777777777779	3	0.05102650001424459	0.029460163519028557	02_2
lentinan	BMAA	lentinan	A. hadrus	CM02_02	lentinan	13	-0.08444444444444445	3	0.054296852101647176	0.0313483021770353	02_2
lentinan	BMAA	lentinan	A. hadrus	CM02_02	lentinan	13.25	-0.09444444444444443	3	0.05398902494780594	0.03117057808690118	02_2
lentinan	BMAA	lentinan	A. hadrus	CM02_02	lentinan	13.5	-0.1011111111111111	3	0.05679723519614246	0.03279189902971934	02_2
lentinan	BMAA	lentinan	A. hadrus	CM02_02	lentinan	13.75	-0.09777777777777776	3	0.05102650001424457	0.02946016351902855	02_2
lentinan	BMAA	lentinan	A. hadrus	CM02_02	lentinan	14	-0.09444444444444444	3	0.05429685210164714	0.03134830217703528	02_2
lentinan	BMAA	lentinan	A. hadrus	CM02_02	lentinan	14.25	-0.1011111111111111	3	0.05679723519614246	0.03279189902971934	02_2
lentinan	BMAA	lentinan	A. hadrus	CM02_02	lentinan	14.5	-0.1011111111111111	3	0.05679723519614246	0.03279189902971934	02_2
lentinan	BMAA	lentinan	A. hadrus	CM02_02	lentinan	14.75	-0.1011111111111111	3	0.05679723519614246	0.03279189902971934	02_2
lentinan	BMAA	lentinan	A. hadrus	CM02_02	lentinan	15	-0.10777777777777776	3	0.05975257626554999	0.03449816599168894	02_2
lentinan	BMAA	lentinan	A. hadrus	CM02_02	lentinan	15.25	-0.10777777777777776	3	0.05975257626554999	0.03449816599168894	02_2
lentinan	BMAA	lentinan	A. hadrus	CM02_02	lentinan	15.5	-0.10444444444444444	3	0.06256848100133815	0.03612392934890857	02_2
lentinan	BMAA	lentinan	A. hadrus	CM02_02	lentinan	15.75	-0.1111111111111111	3	0.05679723519614246	0.03279189902971934	02_2
lentinan	BMAA	lentinan	A. hadrus	CM02_02	lentinan	16	-0.10777777777777776	3	0.060030856263289314	0.03465883102329382	02_2
lentinan	BMAA	lentinan	A. hadrus	CM02_02	lentinan	16.25	-0.10444444444444444	3	0.05429685210164716	0.03134830217703529	02_2
lentinan	BMAA	lentinan	A. hadrus	CM02_02	lentinan	16.5	-0.11444444444444445	3	0.05398902494780594	0.03117057808690118	02_2
lentinan	BMAA	lentinan	A. hadrus	CM02_02	lentinan	16.75	-0.11444444444444443	3	0.05429685210164717	0.03134830217703529	02_2
lentinan	BMAA	lentinan	A. hadrus	CM02_02	lentinan	17	-0.11444444444444443	3	0.05429685210164717	0.03134830217703529	02_2
lentinan	BMAA	lentinan	A. hadrus	CM02_02	lentinan	17.25	-0.11444444444444443	3	0.05429685210164717	0.03134830217703529	02_2
lentinan	BMAA	lentinan	A. hadrus	CM02_02	lentinan	17.5	-0.11777777777777777	3	0.052316699408860225	0.03020506048681819	02_2
lentinan	BMAA	lentinan	A. hadrus	CM02_02	lentinan	17.75	-0.11777777777777777	3	0.052316699408860225	0.03020506048681819	02_2
lentinan	BMAA	lentinan	A. hadrus	CM02_02	lentinan	18	-0.12444444444444444	3	0.05429685210164717	0.03134830217703529	02_2
lentinan	BMAA	lentinan	A. hadrus	CM02_02	lentinan	18.25	-0.12444444444444444	3	0.05429685210164717	0.03134830217703529	02_2
lentinan	BMAA	lentinan	A. hadrus	CM02_02	lentinan	18.5	-0.1211111111111111	3	0.04857220665420975	0.028043176586942133	02_2
lentinan	BMAA	lentinan	A. hadrus	CM02_02	lentinan	18.75	-0.12444444444444444	3	0.05429685210164717	0.03134830217703529	02_2
lentinan	BMAA	lentinan	A. hadrus	CM02_02	lentinan	19	-0.1211111111111111	3	0.04857220665420975	0.028043176586942133	02_2
lentinan	BMAA	lentinan	A. hadrus	CM02_02	lentinan	19.25	-0.1211111111111111	3	0.04857220665420975	0.028043176586942133	02_2
lentinan	BMAA	lentinan	A. hadrus	CM02_02	lentinan	19.5	-0.12777777777777777	3	0.05102650001424458	0.029460163519028554	02_2
lentinan	BMAA	lentinan	A. hadrus	CM02_02	lentinan	19.75	-0.12444444444444444	3	0.05429685210164717	0.03134830217703529	02_2
lentinan	BMAA	lentinan	A. hadrus	CM02_02	lentinan	20	-0.12777777777777777	3	0.05102650001424458	0.029460163519028554	02_2
lentinan	BMAA	lentinan	A. hadrus	CM02_02	lentinan	20.25	-0.12777777777777777	3	0.05102650001424458	0.029460163519028554	02_2
lentinan	BMAA	lentinan	A. hadrus	CM02_02	lentinan	20.5	-0.12777777777777777	3	0.05102650001424458	0.029460163519028554	02_2
lentinan	BMAA	lentinan	A. hadrus	CM02_02	lentinan	20.75	-0.12777777777777777	3	0.05102650001424458	0.029460163519028554	02_2
lentinan	BMAA	lentinan	A. hadrus	CM02_02	lentinan	21	-0.12777777777777777	3	0.05102650001424458	0.029460163519028554	02_2
lentinan	BMAA	lentinan	A. hadrus	CM02_02	lentinan	21.25	-0.13444444444444445	3	0.05398902494780595	0.03117057808690119	02_2
lentinan	BMAA	lentinan	A. hadrus	CM02_02	lentinan	21.5	-0.13444444444444445	3	0.05398902494780595	0.03117057808690119	02_2
lentinan	BMAA	lentinan	A. hadrus	CM02_02	lentinan	21.75	-0.13111111111111112	3	0.04822785425380155	0.027844364635870363	02_2
lentinan	BMAA	lentinan	A. hadrus	CM02_02	lentinan	22	-0.13444444444444445	3	0.05398902494780595	0.03117057808690119	02_2
lentinan	BMAA	lentinan	A. hadrus	CM02_02	lentinan	22.25	-0.13777777777777778	3	0.05167562646325992	0.029834936849105664	02_2
lentinan	BMAA	lentinan	A. hadrus	CM02_02	lentinan	22.5	-0.13777777777777778	3	0.05167562646325992	0.029834936849105664	02_2
lentinan	BMAA	lentinan	A. hadrus	CM02_02	lentinan	22.75	-0.1411111111111111	3	0.04992587097480215	0.02882471504682855	02_2
lentinan	BMAA	lentinan	A. hadrus	CM02_02	lentinan	23	-0.13777777777777778	3	0.05167562646325992	0.029834936849105664	02_2
lentinan	BMAA	lentinan	A. hadrus	CM02_02	lentinan	23.25	-0.13777777777777778	3	0.05167562646325992	0.029834936849105664	02_2
lentinan	BMAA	lentinan	A. hadrus	CM02_02	lentinan	23.5	-0.13111111111111112	3	0.04822785425380155	0.027844364635870363	02_2
lentinan	BMAA	lentinan	A. hadrus	CM02_02	lentinan	23.75	-0.13777777777777778	3	0.05167562646325992	0.029834936849105664	02_2
lentinan	BMAA	lentinan	A. hadrus	CM02_02	lentinan	24	-0.1411111111111111	3	0.04992587097480215	0.02882471504682855	02_2
xyloglucan	BMAA	xyloglucan	A. hadrus	CM02_02	xyloglucan	0	0.0022222222222221997	3	0.006938886664887092	0.004006168083848867	02_2
xyloglucan	BMAA	xyloglucan	A. hadrus	CM02_02	xyloglucan	0.25	-0.004444444444444455	3	0.005091750772173158	0.0029397236789606577	02_2
xyloglucan	BMAA	xyloglucan	A. hadrus	CM02_02	xyloglucan	0.5	0.002222222222222218	3	0.003849001794597498	0.0022222222222222183	02_2
xyloglucan	BMAA	xyloglucan	A. hadrus	CM02_02	xyloglucan	0.75	0.005555555555555536	3	0.00962250448649373	0.005555555555555537	02_2
xyloglucan	BMAA	xyloglucan	A. hadrus	CM02_02	xyloglucan	1	0.005555555555555536	3	0.00962250448649373	0.005555555555555537	02_2
xyloglucan	BMAA	xyloglucan	A. hadrus	CM02_02	xyloglucan	1.25	0.005555555555555536	3	0.00962250448649373	0.005555555555555537	02_2
xyloglucan	BMAA	xyloglucan	A. hadrus	CM02_02	xyloglucan	1.5	0.005555555555555536	3	0.00962250448649373	0.005555555555555537	02_2
xyloglucan	BMAA	xyloglucan	A. hadrus	CM02_02	xyloglucan	1.75	0.012222222222222199	3	0.013471506281091242	0.007777777777777763	02_2
xyloglucan	BMAA	xyloglucan	A. hadrus	CM02_02	xyloglucan	2	0.008888888888888863	3	0.008388704928078581	0.0048432210483785095	02_2
xyloglucan	BMAA	xyloglucan	A. hadrus	CM02_02	xyloglucan	2.25	0.012222222222222199	3	0.013471506281091242	0.007777777777777763	02_2
xyloglucan	BMAA	xyloglucan	A. hadrus	CM02_02	xyloglucan	2.5	0.018888888888888854	3	0.015396007178390014	0.008888888888888885	02_2
xyloglucan	BMAA	xyloglucan	A. hadrus	CM02_02	xyloglucan	2.75	0.012222222222222199	3	0.013471506281091242	0.007777777777777763	02_2
xyloglucan	BMAA	xyloglucan	A. hadrus	CM02_02	xyloglucan	3	0.018888888888888854	3	0.015396007178390014	0.008888888888888885	02_2
xyloglucan	BMAA	xyloglucan	A. hadrus	CM02_02	xyloglucan	3.25	0.012222222222222199	3	0.013471506281091242	0.007777777777777763	02_2
xyloglucan	BMAA	xyloglucan	A. hadrus	CM02_02	xyloglucan	3.5	0.008888888888888872	3	0.015396007178389992	0.008888888888888873	02_2
xyloglucan	BMAA	xyloglucan	A. hadrus	CM02_02	xyloglucan	3.75	0.008888888888888872	3	0.015396007178389992	0.008888888888888873	02_2
xyloglucan	BMAA	xyloglucan	A. hadrus	CM02_02	xyloglucan	4	0.01222222222222219	3	0.013471506281091245	0.007777777777777765	02_2
xyloglucan	BMAA	xyloglucan	A. hadrus	CM02_02	xyloglucan	4.25	0.008888888888888872	3	0.015396007178389992	0.008888888888888873	02_2
xyloglucan	BMAA	xyloglucan	A. hadrus	CM02_02	xyloglucan	4.5	0.008888888888888872	3	0.015396007178389992	0.008888888888888873	02_2
xyloglucan	BMAA	xyloglucan	A. hadrus	CM02_02	xyloglucan	4.75	0.005555555555555536	3	0.0189541356769244	0.010943175335328991	02_2
xyloglucan	BMAA	xyloglucan	A. hadrus	CM02_02	xyloglucan	5	0.0022222222222221997	3	0.01347150628109124	0.007777777777777762	02_2
xyloglucan	BMAA	xyloglucan	A. hadrus	CM02_02	xyloglucan	5.25	0.005555555555555536	3	0.0189541356769244	0.010943175335328991	02_2
xyloglucan	BMAA	xyloglucan	A. hadrus	CM02_02	xyloglucan	5.5	0.008888888888888872	3	0.015396007178389992	0.008888888888888873	02_2
xyloglucan	BMAA	xyloglucan	A. hadrus	CM02_02	xyloglucan	5.75	0.005555555555555536	3	0.0189541356769244	0.010943175335328991	02_2
xyloglucan	BMAA	xyloglucan	A. hadrus	CM02_02	xyloglucan	6	0.008888888888888872	3	0.015396007178389992	0.008888888888888873	02_2
xyloglucan	BMAA	xyloglucan	A. hadrus	CM02_02	xyloglucan	6.25	-0.004444444444444455	3	0.013877773329774223	0.008012336167697757	02_2
xyloglucan	BMAA	xyloglucan	A. hadrus	CM02_02	xyloglucan	6.5	-0.004444444444444455	3	0.013877773329774223	0.008012336167697757	02_2
xyloglucan	BMAA	xyloglucan	A. hadrus	CM02_02	xyloglucan	6.75	0.0022222222222221997	3	0.01347150628109124	0.007777777777777762	02_2
xyloglucan	BMAA	xyloglucan	A. hadrus	CM02_02	xyloglucan	7	0.0022222222222221997	3	0.01347150628109124	0.007777777777777762	02_2
xyloglucan	BMAA	xyloglucan	A. hadrus	CM02_02	xyloglucan	7.25	0.0022222222222221997	3	0.01347150628109124	0.007777777777777762	02_2
xyloglucan	BMAA	xyloglucan	A. hadrus	CM02_02	xyloglucan	7.5	0.0022222222222221997	3	0.01347150628109124	0.007777777777777762	02_2
xyloglucan	BMAA	xyloglucan	A. hadrus	CM02_02	xyloglucan	7.75	0.0022222222222221997	3	0.01347150628109124	0.007777777777777762	02_2
xyloglucan	BMAA	xyloglucan	A. hadrus	CM02_02	xyloglucan	8	-0.004444444444444455	3	0.013877773329774223	0.008012336167697757	02_2
xyloglucan	BMAA	xyloglucan	A. hadrus	CM02_02	xyloglucan	8.25	-0.0011111111111111367	3	0.018358568490953655	0.010599324460188275	02_2
xyloglucan	BMAA	xyloglucan	A. hadrus	CM02_02	xyloglucan	8.5	0.0022222222222221997	3	0.01347150628109124	0.007777777777777762	02_2
xyloglucan	BMAA	xyloglucan	A. hadrus	CM02_02	xyloglucan	8.75	-0.004444444444444455	3	0.013877773329774223	0.008012336167697757	02_2
xyloglucan	BMAA	xyloglucan	A. hadrus	CM02_02	xyloglucan	9	0.0022222222222221997	3	0.01347150628109124	0.007777777777777762	02_2
xyloglucan	BMAA	xyloglucan	A. hadrus	CM02_02	xyloglucan	9.25	-0.0077777777777777906	3	0.0107151675122144	0.006186404847588917	02_2
xyloglucan	BMAA	xyloglucan	A. hadrus	CM02_02	xyloglucan	9.5	-0.0077777777777777906	3	0.0107151675122144	0.006186404847588917	02_2
xyloglucan	BMAA	xyloglucan	A. hadrus	CM02_02	xyloglucan	9.75	-0.004444444444444455	3	0.013877773329774223	0.008012336167697757	02_2
xyloglucan	BMAA	xyloglucan	A. hadrus	CM02_02	xyloglucan	10	-0.004444444444444455	3	0.013877773329774223	0.008012336167697757	02_2
xyloglucan	BMAA	xyloglucan	A. hadrus	CM02_02	xyloglucan	10.25	-0.004444444444444455	3	0.013877773329774223	0.008012336167697757	02_2
xyloglucan	BMAA	xyloglucan	A. hadrus	CM02_02	xyloglucan	10.5	-0.004444444444444455	3	0.013877773329774223	0.008012336167697757	02_2
xyloglucan	BMAA	xyloglucan	A. hadrus	CM02_02	xyloglucan	10.75	-0.011111111111111127	3	0.016442942874387502	0.009493337494797263	02_2
xyloglucan	BMAA	xyloglucan	A. hadrus	CM02_02	xyloglucan	11	-0.011111111111111127	3	0.016442942874387502	0.009493337494797263	02_2
xyloglucan	BMAA	xyloglucan	A. hadrus	CM02_02	xyloglucan	11.25	-0.004444444444444455	3	0.013877773329774223	0.008012336167697757	02_2
xyloglucan	BMAA	xyloglucan	A. hadrus	CM02_02	xyloglucan	11.5	-0.0077777777777777906	3	0.0107151675122144	0.006186404847588917	02_2
xyloglucan	BMAA	xyloglucan	A. hadrus	CM02_02	xyloglucan	11.75	-0.014444444444444463	3	0.01503083250940966	0.008678055195451846	02_2
xyloglucan	BMAA	xyloglucan	A. hadrus	CM02_02	xyloglucan	12	-0.011111111111111127	3	0.016442942874387502	0.009493337494797263	02_2
xyloglucan	BMAA	xyloglucan	A. hadrus	CM02_02	xyloglucan	12.25	-0.0177777777777778	3	0.020367003088692638	0.011758894715842634	02_2
xyloglucan	BMAA	xyloglucan	A. hadrus	CM02_02	xyloglucan	12.5	-0.0177777777777778	3	0.020367003088692638	0.011758894715842634	02_2
xyloglucan	BMAA	xyloglucan	A. hadrus	CM02_02	xyloglucan	12.75	-0.0077777777777777906	3	0.0107151675122144	0.006186404847588917	02_2
xyloglucan	BMAA	xyloglucan	A. hadrus	CM02_02	xyloglucan	13	-0.014444444444444463	3	0.01503083250940966	0.008678055195451846	02_2
xyloglucan	BMAA	xyloglucan	A. hadrus	CM02_02	xyloglucan	13.25	-0.011111111111111127	3	0.016442942874387502	0.009493337494797263	02_2
xyloglucan	BMAA	xyloglucan	A. hadrus	CM02_02	xyloglucan	13.5	-0.011111111111111127	3	0.016442942874387502	0.009493337494797263	02_2
xyloglucan	BMAA	xyloglucan	A. hadrus	CM02_02	xyloglucan	13.75	-0.011111111111111127	3	0.016442942874387502	0.009493337494797263	02_2
xyloglucan	BMAA	xyloglucan	A. hadrus	CM02_02	xyloglucan	14	-0.0177777777777778	3	0.020367003088692638	0.011758894715842634	02_2
xyloglucan	BMAA	xyloglucan	A. hadrus	CM02_02	xyloglucan	14.25	-0.014444444444444463	3	0.01503083250940966	0.008678055195451846	02_2
xyloglucan	BMAA	xyloglucan	A. hadrus	CM02_02	xyloglucan	14.5	-0.011111111111111127	3	0.016442942874387502	0.009493337494797263	02_2
xyloglucan	BMAA	xyloglucan	A. hadrus	CM02_02	xyloglucan	14.75	-0.014444444444444463	3	0.01503083250940966	0.008678055195451846	02_2
xyloglucan	BMAA	xyloglucan	A. hadrus	CM02_02	xyloglucan	15	-0.011111111111111127	3	0.016442942874387502	0.009493337494797263	02_2
xyloglucan	BMAA	xyloglucan	A. hadrus	CM02_02	xyloglucan	15.25	-0.011111111111111127	3	0.016442942874387502	0.009493337494797263	02_2
xyloglucan	BMAA	xyloglucan	A. hadrus	CM02_02	xyloglucan	15.5	-0.011111111111111127	3	0.016442942874387502	0.009493337494797263	02_2
xyloglucan	BMAA	xyloglucan	A. hadrus	CM02_02	xyloglucan	15.75	-0.0177777777777778	3	0.020367003088692638	0.011758894715842634	02_2
xyloglucan	BMAA	xyloglucan	A. hadrus	CM02_02	xyloglucan	16	-0.0177777777777778	3	0.020367003088692638	0.011758894715842634	02_2
xyloglucan	BMAA	xyloglucan	A. hadrus	CM02_02	xyloglucan	16.25	-0.0177777777777778	3	0.020367003088692638	0.011758894715842634	02_2
xyloglucan	BMAA	xyloglucan	A. hadrus	CM02_02	xyloglucan	16.5	-0.014444444444444463	3	0.01503083250940966	0.008678055195451846	02_2
xyloglucan	BMAA	xyloglucan	A. hadrus	CM02_02	xyloglucan	16.75	-0.0177777777777778	3	0.020367003088692638	0.011758894715842634	02_2
xyloglucan	BMAA	xyloglucan	A. hadrus	CM02_02	xyloglucan	17	-0.021111111111111136	3	0.02009237924447238	0.011600340565456179	02_2
xyloglucan	BMAA	xyloglucan	A. hadrus	CM02_02	xyloglucan	17.25	-0.0177777777777778	3	0.020367003088692638	0.011758894715842634	02_2
xyloglucan	BMAA	xyloglucan	A. hadrus	CM02_02	xyloglucan	17.5	-0.021111111111111136	3	0.02009237924447238	0.011600340565456179	02_2
xyloglucan	BMAA	xyloglucan	A. hadrus	CM02_02	xyloglucan	17.75	-0.0177777777777778	3	0.020367003088692638	0.011758894715842634	02_2
xyloglucan	BMAA	xyloglucan	A. hadrus	CM02_02	xyloglucan	18	-0.0177777777777778	3	0.020367003088692638	0.011758894715842634	02_2
xyloglucan	BMAA	xyloglucan	A. hadrus	CM02_02	xyloglucan	18.25	-0.021111111111111136	3	0.02009237924447238	0.011600340565456179	02_2
xyloglucan	BMAA	xyloglucan	A. hadrus	CM02_02	xyloglucan	18.5	-0.027777777777777807	3	0.025458753860865803	0.014698618394803296	02_2
xyloglucan	BMAA	xyloglucan	A. hadrus	CM02_02	xyloglucan	18.75	-0.021111111111111136	3	0.02009237924447238	0.011600340565456179	02_2
xyloglucan	BMAA	xyloglucan	A. hadrus	CM02_02	xyloglucan	19	-0.027777777777777807	3	0.025458753860865803	0.014698618394803296	02_2
xyloglucan	BMAA	xyloglucan	A. hadrus	CM02_02	xyloglucan	19.25	-0.024444444444444473	3	0.025018511664883804	0.014444444444444458	02_2
xyloglucan	BMAA	xyloglucan	A. hadrus	CM02_02	xyloglucan	19.5	-0.024444444444444473	3	0.025018511664883804	0.014444444444444458	02_2
xyloglucan	BMAA	xyloglucan	A. hadrus	CM02_02	xyloglucan	19.75	-0.027777777777777807	3	0.025458753860865803	0.014698618394803296	02_2
xyloglucan	BMAA	xyloglucan	A. hadrus	CM02_02	xyloglucan	20	-0.027777777777777807	3	0.025458753860865803	0.014698618394803296	02_2
xyloglucan	BMAA	xyloglucan	A. hadrus	CM02_02	xyloglucan	20.25	-0.031111111111111128	3	0.030061665018819295	0.01735611039090368	02_2
xyloglucan	BMAA	xyloglucan	A. hadrus	CM02_02	xyloglucan	20.5	-0.027777777777777807	3	0.025458753860865803	0.014698618394803296	02_2
xyloglucan	BMAA	xyloglucan	A. hadrus	CM02_02	xyloglucan	20.75	-0.031111111111111128	3	0.030061665018819295	0.01735611039090368	02_2
xyloglucan	BMAA	xyloglucan	A. hadrus	CM02_02	xyloglucan	21	-0.027777777777777807	3	0.025458753860865803	0.014698618394803296	02_2
xyloglucan	BMAA	xyloglucan	A. hadrus	CM02_02	xyloglucan	21.25	-0.027777777777777807	3	0.025458753860865803	0.014698618394803296	02_2
xyloglucan	BMAA	xyloglucan	A. hadrus	CM02_02	xyloglucan	21.5	-0.034444444444444465	3	0.030971910810591904	0.01788164104381232	02_2
xyloglucan	BMAA	xyloglucan	A. hadrus	CM02_02	xyloglucan	21.75	-0.04111111111111112	3	0.027148426050823588	0.01567415108851765	02_2
xyloglucan	BMAA	xyloglucan	A. hadrus	CM02_02	xyloglucan	22	-0.034444444444444465	3	0.025018511664883777	0.014444444444444442	02_2
xyloglucan	BMAA	xyloglucan	A. hadrus	CM02_02	xyloglucan	22.25	-0.031111111111111145	3	0.02009237924447238	0.011600340565456179	02_2
xyloglucan	BMAA	xyloglucan	A. hadrus	CM02_02	xyloglucan	22.5	-0.0377777777777778	3	0.02545875386086578	0.014698618394803282	02_2
xyloglucan	BMAA	xyloglucan	A. hadrus	CM02_02	xyloglucan	22.75	-0.0377777777777778	3	0.02545875386086578	0.014698618394803282	02_2
xyloglucan	BMAA	xyloglucan	A. hadrus	CM02_02	xyloglucan	23	-0.0377777777777778	3	0.02545875386086578	0.014698618394803282	02_2
xyloglucan	BMAA	xyloglucan	A. hadrus	CM02_02	xyloglucan	23.25	-0.04777777777777779	3	0.03532914021241033	0.020397288611873135	02_2
xyloglucan	BMAA	xyloglucan	A. hadrus	CM02_02	xyloglucan	23.5	-0.0377777777777778	3	0.02545875386086578	0.014698618394803282	02_2
xyloglucan	BMAA	xyloglucan	A. hadrus	CM02_02	xyloglucan	23.75	-0.0377777777777778	3	0.02545875386086578	0.014698618394803282	02_2
xyloglucan	BMAA	xyloglucan	A. hadrus	CM02_02	xyloglucan	24	-0.04111111111111112	3	0.027148426050823588	0.01567415108851765	02_2
GOS_betaglucan	BMAA	GOS_betaglucan	A. hadrus	CM02_05	GOS_betaglucan	0	0.010000000000000009	3	0	0	02_5
GOS_betaglucan	BMAA	GOS_betaglucan	A. hadrus	CM02_05	GOS_betaglucan	0.25	0	3	0	0	02_5
GOS_betaglucan	BMAA	GOS_betaglucan	A. hadrus	CM02_05	GOS_betaglucan	0.5	-0.010000000000000009	3	0	0	02_5
GOS_betaglucan	BMAA	GOS_betaglucan	A. hadrus	CM02_05	GOS_betaglucan	0.75	-0.020000000000000007	3	1.6087163711389116e-17	9.287928299268086e-18	02_5
GOS_betaglucan	BMAA	GOS_betaglucan	A. hadrus	CM02_05	GOS_betaglucan	1	-0.020000000000000007	3	1.6087163711389116e-17	9.287928299268086e-18	02_5
GOS_betaglucan	BMAA	GOS_betaglucan	A. hadrus	CM02_05	GOS_betaglucan	1.25	-0.01666666666666668	3	0.005773502691896263	0.0033333333333333366	02_5
GOS_betaglucan	BMAA	GOS_betaglucan	A. hadrus	CM02_05	GOS_betaglucan	1.5	-0.013333333333333345	3	0.005773502691896263	0.0033333333333333366	02_5
GOS_betaglucan	BMAA	GOS_betaglucan	A. hadrus	CM02_05	GOS_betaglucan	1.75	-0.010000000000000009	3	0	0	02_5
GOS_betaglucan	BMAA	GOS_betaglucan	A. hadrus	CM02_05	GOS_betaglucan	2	-0.010000000000000009	3	0	0	02_5
GOS_betaglucan	BMAA	GOS_betaglucan	A. hadrus	CM02_05	GOS_betaglucan	2.25	-0.010000000000000009	3	0	0	02_5
GOS_betaglucan	BMAA	GOS_betaglucan	A. hadrus	CM02_05	GOS_betaglucan	2.5	-0.010000000000000009	3	0	0	02_5
GOS_betaglucan	BMAA	GOS_betaglucan	A. hadrus	CM02_05	GOS_betaglucan	2.75	-0.010000000000000009	3	0	0	02_5
GOS_betaglucan	BMAA	GOS_betaglucan	A. hadrus	CM02_05	GOS_betaglucan	3	-0.010000000000000009	3	0	0	02_5
GOS_betaglucan	BMAA	GOS_betaglucan	A. hadrus	CM02_05	GOS_betaglucan	3.25	-0.013333333333333345	3	0.005773502691896263	0.0033333333333333366	02_5
GOS_betaglucan	BMAA	GOS_betaglucan	A. hadrus	CM02_05	GOS_betaglucan	3.5	-0.006666666666666672	3	0.005773502691896263	0.0033333333333333366	02_5
GOS_betaglucan	BMAA	GOS_betaglucan	A. hadrus	CM02_05	GOS_betaglucan	3.75	0	3	0	0	02_5
GOS_betaglucan	BMAA	GOS_betaglucan	A. hadrus	CM02_05	GOS_betaglucan	4	0	3	0	0	02_5
GOS_betaglucan	BMAA	GOS_betaglucan	A. hadrus	CM02_05	GOS_betaglucan	4.25	0	3	0	0	02_5
GOS_betaglucan	BMAA	GOS_betaglucan	A. hadrus	CM02_05	GOS_betaglucan	4.5	0	3	0	0	02_5
GOS_betaglucan	BMAA	GOS_betaglucan	A. hadrus	CM02_05	GOS_betaglucan	4.75	0.006666666666666672	3	0.005773502691896263	0.0033333333333333366	02_5
GOS_betaglucan	BMAA	GOS_betaglucan	A. hadrus	CM02_05	GOS_betaglucan	5	0.010000000000000009	3	0	0	02_5
GOS_betaglucan	BMAA	GOS_betaglucan	A. hadrus	CM02_05	GOS_betaglucan	5.25	0.016666666666666663	3	0.005773502691896247	0.003333333333333327	02_5
GOS_betaglucan	BMAA	GOS_betaglucan	A. hadrus	CM02_05	GOS_betaglucan	5.5	0.02	3	3.208066105977134e-17	1.8521778298640128e-17	02_5
GOS_betaglucan	BMAA	GOS_betaglucan	A. hadrus	CM02_05	GOS_betaglucan	5.75	0.023333333333333334	3	0.005773502691896231	0.0033333333333333184	02_5
GOS_betaglucan	BMAA	GOS_betaglucan	A. hadrus	CM02_05	GOS_betaglucan	6	0.023333333333333334	3	0.005773502691896231	0.0033333333333333184	02_5
GOS_betaglucan	BMAA	GOS_betaglucan	A. hadrus	CM02_05	GOS_betaglucan	6.25	0.023333333333333334	3	0.005773502691896231	0.0033333333333333184	02_5
GOS_betaglucan	BMAA	GOS_betaglucan	A. hadrus	CM02_05	GOS_betaglucan	6.5	0.023333333333333334	3	0.005773502691896231	0.0033333333333333184	02_5
GOS_betaglucan	BMAA	GOS_betaglucan	A. hadrus	CM02_05	GOS_betaglucan	6.75	0.023333333333333334	3	0.005773502691896231	0.0033333333333333184	02_5
GOS_betaglucan	BMAA	GOS_betaglucan	A. hadrus	CM02_05	GOS_betaglucan	7	0.023333333333333334	3	0.005773502691896231	0.0033333333333333184	02_5
GOS_betaglucan	BMAA	GOS_betaglucan	A. hadrus	CM02_05	GOS_betaglucan	7.25	0.023333333333333334	3	0.005773502691896231	0.0033333333333333184	02_5
GOS_betaglucan	BMAA	GOS_betaglucan	A. hadrus	CM02_05	GOS_betaglucan	7.5	0.023333333333333334	3	0.005773502691896231	0.0033333333333333184	02_5
GOS_betaglucan	BMAA	GOS_betaglucan	A. hadrus	CM02_05	GOS_betaglucan	7.75	0.023333333333333334	3	0.005773502691896231	0.0033333333333333184	02_5
GOS_betaglucan	BMAA	GOS_betaglucan	A. hadrus	CM02_05	GOS_betaglucan	8	0.02	3	3.208066105977134e-17	1.8521778298640128e-17	02_5
GOS_betaglucan	BMAA	GOS_betaglucan	A. hadrus	CM02_05	GOS_betaglucan	8.25	0.02	3	3.208066105977134e-17	1.8521778298640128e-17	02_5
GOS_betaglucan	BMAA	GOS_betaglucan	A. hadrus	CM02_05	GOS_betaglucan	8.5	0.02	3	3.208066105977134e-17	1.8521778298640128e-17	02_5
GOS_betaglucan	BMAA	GOS_betaglucan	A. hadrus	CM02_05	GOS_betaglucan	8.75	0.016666666666666663	3	0.005773502691896247	0.003333333333333327	02_5
GOS_betaglucan	BMAA	GOS_betaglucan	A. hadrus	CM02_05	GOS_betaglucan	9	0.01999999999999998	3	0.009999999999999981	0.005773502691896247	02_5
GOS_betaglucan	BMAA	GOS_betaglucan	A. hadrus	CM02_05	GOS_betaglucan	9.25	0.023333333333333317	3	0.005773502691896247	0.003333333333333327	02_5
GOS_betaglucan	BMAA	GOS_betaglucan	A. hadrus	CM02_05	GOS_betaglucan	9.5	0.023333333333333317	3	0.005773502691896247	0.003333333333333327	02_5
GOS_betaglucan	BMAA	GOS_betaglucan	A. hadrus	CM02_05	GOS_betaglucan	9.75	0.026666666666666655	3	0.015275252316519449	0.008819171036881958	02_5
GOS_betaglucan	BMAA	GOS_betaglucan	A. hadrus	CM02_05	GOS_betaglucan	10	0.023333333333333317	3	0.015275252316519456	0.008819171036881963	02_5
GOS_betaglucan	BMAA	GOS_betaglucan	A. hadrus	CM02_05	GOS_betaglucan	10.25	0.026666666666666655	3	0.015275252316519449	0.008819171036881958	02_5
GOS_betaglucan	BMAA	GOS_betaglucan	A. hadrus	CM02_05	GOS_betaglucan	10.5	0.026666666666666655	3	0.020816659994661323	0.01201850425154663	02_5
GOS_betaglucan	BMAA	GOS_betaglucan	A. hadrus	CM02_05	GOS_betaglucan	10.75	0.026666666666666655	3	0.020816659994661323	0.01201850425154663	02_5
GOS_betaglucan	BMAA	GOS_betaglucan	A. hadrus	CM02_05	GOS_betaglucan	11	0.026666666666666655	3	0.020816659994661323	0.01201850425154663	02_5
GOS_betaglucan	BMAA	GOS_betaglucan	A. hadrus	CM02_05	GOS_betaglucan	11.25	0.02999999999999999	3	0.026457513110645908	0.015275252316519468	02_5
GOS_betaglucan	BMAA	GOS_betaglucan	A. hadrus	CM02_05	GOS_betaglucan	11.5	0.02999999999999999	3	0.01999999999999999	0.01154700538379251	02_5
GOS_betaglucan	BMAA	GOS_betaglucan	A. hadrus	CM02_05	GOS_betaglucan	11.75	0.026666666666666655	3	0.030550504633038936	0.01763834207376394	02_5
GOS_betaglucan	BMAA	GOS_betaglucan	A. hadrus	CM02_05	GOS_betaglucan	12	0.026666666666666655	3	0.030550504633038936	0.01763834207376394	02_5
GOS_betaglucan	BMAA	GOS_betaglucan	A. hadrus	CM02_05	GOS_betaglucan	12.25	0.02999999999999999	3	0.036055512754639904	0.020816659994661334	02_5
GOS_betaglucan	BMAA	GOS_betaglucan	A. hadrus	CM02_05	GOS_betaglucan	12.5	0.02999999999999999	3	0.036055512754639904	0.020816659994661334	02_5
GOS_betaglucan	BMAA	GOS_betaglucan	A. hadrus	CM02_05	GOS_betaglucan	12.75	0.02999999999999999	3	0.036055512754639904	0.020816659994661334	02_5
GOS_betaglucan	BMAA	GOS_betaglucan	A. hadrus	CM02_05	GOS_betaglucan	13	0.02999999999999999	3	0.036055512754639904	0.020816659994661334	02_5
GOS_betaglucan	BMAA	GOS_betaglucan	A. hadrus	CM02_05	GOS_betaglucan	13.25	0.02999999999999999	3	0.036055512754639904	0.020816659994661334	02_5
GOS_betaglucan	BMAA	GOS_betaglucan	A. hadrus	CM02_05	GOS_betaglucan	13.5	0.033333333333333326	3	0.04163331998932267	0.02403700850309327	02_5
GOS_betaglucan	BMAA	GOS_betaglucan	A. hadrus	CM02_05	GOS_betaglucan	13.75	0.033333333333333326	3	0.04163331998932267	0.02403700850309327	02_5
GOS_betaglucan	BMAA	GOS_betaglucan	A. hadrus	CM02_05	GOS_betaglucan	14	0.033333333333333326	3	0.04163331998932267	0.02403700850309327	02_5
GOS_betaglucan	BMAA	GOS_betaglucan	A. hadrus	CM02_05	GOS_betaglucan	14.25	0.033333333333333326	3	0.04163331998932267	0.02403700850309327	02_5
GOS_betaglucan	BMAA	GOS_betaglucan	A. hadrus	CM02_05	GOS_betaglucan	14.5	0.033333333333333326	3	0.04163331998932267	0.02403700850309327	02_5
GOS_betaglucan	BMAA	GOS_betaglucan	A. hadrus	CM02_05	GOS_betaglucan	14.75	0.033333333333333326	3	0.04163331998932267	0.02403700850309327	02_5
GOS_betaglucan	BMAA	GOS_betaglucan	A. hadrus	CM02_05	GOS_betaglucan	15	0.02999999999999999	3	0.04582575694955842	0.026457513110645918	02_5
GOS_betaglucan	BMAA	GOS_betaglucan	A. hadrus	CM02_05	GOS_betaglucan	15.25	0.02999999999999999	3	0.04582575694955842	0.026457513110645918	02_5
GOS_betaglucan	BMAA	GOS_betaglucan	A. hadrus	CM02_05	GOS_betaglucan	15.5	0.033333333333333326	3	0.04163331998932267	0.02403700850309327	02_5
GOS_betaglucan	BMAA	GOS_betaglucan	A. hadrus	CM02_05	GOS_betaglucan	15.75	0.033333333333333305	3	0.05131601439446883	0.029627314724385293	02_5
GOS_betaglucan	BMAA	GOS_betaglucan	A. hadrus	CM02_05	GOS_betaglucan	16	0.033333333333333326	3	0.04163331998932267	0.02403700850309327	02_5
GOS_betaglucan	BMAA	GOS_betaglucan	A. hadrus	CM02_05	GOS_betaglucan	16.25	0.036666666666666646	3	0.04725815626252607	0.027284509239574827	02_5
GOS_betaglucan	BMAA	GOS_betaglucan	A. hadrus	CM02_05	GOS_betaglucan	16.5	0.036666666666666646	3	0.04725815626252607	0.027284509239574827	02_5
GOS_betaglucan	BMAA	GOS_betaglucan	A. hadrus	CM02_05	GOS_betaglucan	16.75	0.033333333333333305	3	0.05131601439446883	0.029627314724385293	02_5
GOS_betaglucan	BMAA	GOS_betaglucan	A. hadrus	CM02_05	GOS_betaglucan	17	0.036666666666666646	3	0.04725815626252607	0.027284509239574827	02_5
GOS_betaglucan	BMAA	GOS_betaglucan	A. hadrus	CM02_05	GOS_betaglucan	17.25	0.036666666666666646	3	0.04725815626252607	0.027284509239574827	02_5
GOS_betaglucan	BMAA	GOS_betaglucan	A. hadrus	CM02_05	GOS_betaglucan	17.5	0.02999999999999999	3	0.052915026221291794	0.030550504633038926	02_5
GOS_betaglucan	BMAA	GOS_betaglucan	A. hadrus	CM02_05	GOS_betaglucan	17.75	0.033333333333333305	3	0.05131601439446883	0.029627314724385293	02_5
GOS_betaglucan	BMAA	GOS_betaglucan	A. hadrus	CM02_05	GOS_betaglucan	18	0.033333333333333305	3	0.05131601439446883	0.029627314724385293	02_5
GOS_betaglucan	BMAA	GOS_betaglucan	A. hadrus	CM02_05	GOS_betaglucan	18.25	0.02999999999999999	3	0.052915026221291794	0.030550504633038926	02_5
GOS_betaglucan	BMAA	GOS_betaglucan	A. hadrus	CM02_05	GOS_betaglucan	18.5	0.033333333333333326	3	0.05859465277082314	0.03382963855030739	02_5
GOS_betaglucan	BMAA	GOS_betaglucan	A. hadrus	CM02_05	GOS_betaglucan	18.75	0.036666666666666646	3	0.05686240703077326	0.032829526005987014	02_5
GOS_betaglucan	BMAA	GOS_betaglucan	A. hadrus	CM02_05	GOS_betaglucan	19	0.033333333333333326	3	0.05859465277082314	0.03382963855030739	02_5
GOS_betaglucan	BMAA	GOS_betaglucan	A. hadrus	CM02_05	GOS_betaglucan	19.25	0.033333333333333326	3	0.05859465277082314	0.03382963855030739	02_5
GOS_betaglucan	BMAA	GOS_betaglucan	A. hadrus	CM02_05	GOS_betaglucan	19.5	0.033333333333333326	3	0.05859465277082314	0.03382963855030739	02_5
GOS_betaglucan	BMAA	GOS_betaglucan	A. hadrus	CM02_05	GOS_betaglucan	19.75	0.036666666666666646	3	0.05686240703077326	0.032829526005987014	02_5
GOS_betaglucan	BMAA	GOS_betaglucan	A. hadrus	CM02_05	GOS_betaglucan	20	0.033333333333333326	3	0.05859465277082314	0.03382963855030739	02_5
GOS_betaglucan	BMAA	GOS_betaglucan	A. hadrus	CM02_05	GOS_betaglucan	20.25	0.03666666666666666	3	0.06429100507328636	0.03711842908553348	02_5
GOS_betaglucan	BMAA	GOS_betaglucan	A. hadrus	CM02_05	GOS_betaglucan	20.5	0.04	3	0.06999999999999999	0.0404145188432738	02_5
GOS_betaglucan	BMAA	GOS_betaglucan	A. hadrus	CM02_05	GOS_betaglucan	20.75	0.043333333333333314	3	0.06806859285554046	0.03929942040850532	02_5
GOS_betaglucan	BMAA	GOS_betaglucan	A. hadrus	CM02_05	GOS_betaglucan	21	0.043333333333333335	3	0.07571877794400365	0.04371625682868001	02_5
GOS_betaglucan	BMAA	GOS_betaglucan	A. hadrus	CM02_05	GOS_betaglucan	21.25	0.04666666666666667	3	0.08144527815247078	0.04702245326555295	02_5
GOS_betaglucan	BMAA	GOS_betaglucan	A. hadrus	CM02_05	GOS_betaglucan	21.5	0.05333333333333331	3	0.08504900548115382	0.04910306620885412	02_5
GOS_betaglucan	BMAA	GOS_betaglucan	A. hadrus	CM02_05	GOS_betaglucan	21.75	0.05333333333333332	3	0.09291573243177569	0.053644923131436935	02_5
GOS_betaglucan	BMAA	GOS_betaglucan	A. hadrus	CM02_05	GOS_betaglucan	22	0.05333333333333332	3	0.09291573243177569	0.053644923131436935	02_5
GOS_betaglucan	BMAA	GOS_betaglucan	A. hadrus	CM02_05	GOS_betaglucan	22.25	0.056666666666666664	3	0.09865765724632494	0.056960024968783544	02_5
GOS_betaglucan	BMAA	GOS_betaglucan	A. hadrus	CM02_05	GOS_betaglucan	22.5	0.06	3	0.1044030650891055	0.060277137733417085	02_5
GOS_betaglucan	BMAA	GOS_betaglucan	A. hadrus	CM02_05	GOS_betaglucan	22.75	0.06333333333333334	3	0.11015141094572205	0.06359594676112972	02_5
GOS_betaglucan	BMAA	GOS_betaglucan	A. hadrus	CM02_05	GOS_betaglucan	23	0.06	3	0.1044030650891055	0.060277137733417085	02_5
GOS_betaglucan	BMAA	GOS_betaglucan	A. hadrus	CM02_05	GOS_betaglucan	23.25	0.06333333333333334	3	0.11015141094572205	0.06359594676112972	02_5
GOS_betaglucan	BMAA	GOS_betaglucan	A. hadrus	CM02_05	GOS_betaglucan	23.5	0.06333333333333334	3	0.11015141094572205	0.06359594676112972	02_5
GOS_betaglucan	BMAA	GOS_betaglucan	A. hadrus	CM02_05	GOS_betaglucan	23.75	0.06333333333333334	3	0.11015141094572205	0.06359594676112972	02_5
GOS_betaglucan	BMAA	GOS_betaglucan	A. hadrus	CM02_05	GOS_betaglucan	24	0.06333333333333334	3	0.11015141094572205	0.06359594676112972	02_5
arabinogalactan	BMAA	arabinogalactan	A. hadrus	CM02_05	arabinogalactan	0	0.01666666666666668	3	0.003333333333333327	0.001924500897298749	02_5
arabinogalactan	BMAA	arabinogalactan	A. hadrus	CM02_05	arabinogalactan	0.25	1.850378766316488e-17	3	0.003333333333333327	0.001924500897298749	02_5
arabinogalactan	BMAA	arabinogalactan	A. hadrus	CM02_05	arabinogalactan	0.5	-0.016666666666666663	3	0.003333333333333355	0.001924500897298765	02_5
arabinogalactan	BMAA	arabinogalactan	A. hadrus	CM02_05	arabinogalactan	0.75	-0.023333333333333327	3	0.006666666666666668	0.003849001794597506	02_5
arabinogalactan	BMAA	arabinogalactan	A. hadrus	CM02_05	arabinogalactan	1	-0.023333333333333334	3	0.003333333333333327	0.001924500897298749	02_5
arabinogalactan	BMAA	arabinogalactan	A. hadrus	CM02_05	arabinogalactan	1.25	-0.023333333333333334	3	0.003333333333333327	0.001924500897298749	02_5
arabinogalactan	BMAA	arabinogalactan	A. hadrus	CM02_05	arabinogalactan	1.5	-0.023333333333333334	3	0.003333333333333327	0.001924500897298749	02_5
arabinogalactan	BMAA	arabinogalactan	A. hadrus	CM02_05	arabinogalactan	1.75	-0.023333333333333334	3	0.003333333333333327	0.001924500897298749	02_5
arabinogalactan	BMAA	arabinogalactan	A. hadrus	CM02_05	arabinogalactan	2	-0.023333333333333334	3	0.003333333333333327	0.001924500897298749	02_5
arabinogalactan	BMAA	arabinogalactan	A. hadrus	CM02_05	arabinogalactan	2.25	-0.023333333333333334	3	0.003333333333333327	0.001924500897298749	02_5
arabinogalactan	BMAA	arabinogalactan	A. hadrus	CM02_05	arabinogalactan	2.5	-0.023333333333333334	3	0.003333333333333327	0.001924500897298749	02_5
arabinogalactan	BMAA	arabinogalactan	A. hadrus	CM02_05	arabinogalactan	2.75	-0.02	3	0.003333333333333327	0.001924500897298749	02_5
arabinogalactan	BMAA	arabinogalactan	A. hadrus	CM02_05	arabinogalactan	3	-0.02	3	0.008819171036881963	0.005091750772173153	02_5
arabinogalactan	BMAA	arabinogalactan	A. hadrus	CM02_05	arabinogalactan	3.25	-0.02	3	0.008819171036881963	0.005091750772173153	02_5
arabinogalactan	BMAA	arabinogalactan	A. hadrus	CM02_05	arabinogalactan	3.5	-0.013333333333333327	3	0.008819171036881963	0.005091750772173153	02_5
arabinogalactan	BMAA	arabinogalactan	A. hadrus	CM02_05	arabinogalactan	3.75	-0.006666666666666654	3	0.006666666666666654	0.003849001794597498	02_5
arabinogalactan	BMAA	arabinogalactan	A. hadrus	CM02_05	arabinogalactan	4	-0.006666666666666654	3	0.006666666666666654	0.003849001794597498	02_5
arabinogalactan	BMAA	arabinogalactan	A. hadrus	CM02_05	arabinogalactan	4.25	-0.006666666666666654	3	0.006666666666666654	0.003849001794597498	02_5
arabinogalactan	BMAA	arabinogalactan	A. hadrus	CM02_05	arabinogalactan	4.5	-0.003333333333333318	3	0.003333333333333327	0.001924500897298749	02_5
arabinogalactan	BMAA	arabinogalactan	A. hadrus	CM02_05	arabinogalactan	4.75	-0.003333333333333318	3	0.003333333333333327	0.001924500897298749	02_5
arabinogalactan	BMAA	arabinogalactan	A. hadrus	CM02_05	arabinogalactan	5	0.003333333333333355	3	0.008819171036881972	0.005091750772173158	02_5
arabinogalactan	BMAA	arabinogalactan	A. hadrus	CM02_05	arabinogalactan	5.25	0.006666666666666691	3	0.003333333333333327	0.001924500897298749	02_5
arabinogalactan	BMAA	arabinogalactan	A. hadrus	CM02_05	arabinogalactan	5.5	0.006666666666666672	3	0.012018504251546623	0.006938886664887105	02_5
arabinogalactan	BMAA	arabinogalactan	A. hadrus	CM02_05	arabinogalactan	5.75	0.006666666666666672	3	0.012018504251546623	0.006938886664887105	02_5
arabinogalactan	BMAA	arabinogalactan	A. hadrus	CM02_05	arabinogalactan	6	0.006666666666666672	3	0.012018504251546623	0.006938886664887105	02_5
arabinogalactan	BMAA	arabinogalactan	A. hadrus	CM02_05	arabinogalactan	6.25	0.006666666666666672	3	0.012018504251546623	0.006938886664887105	02_5
arabinogalactan	BMAA	arabinogalactan	A. hadrus	CM02_05	arabinogalactan	6.5	0.003333333333333336	3	0.012018504251546623	0.006938886664887105	02_5
arabinogalactan	BMAA	arabinogalactan	A. hadrus	CM02_05	arabinogalactan	6.75	1.8503575904928068e-17	3	0.006666666666666682	0.003849001794597514	02_5
arabinogalactan	BMAA	arabinogalactan	A. hadrus	CM02_05	arabinogalactan	7	-0.003333333333333318	3	0.012018504251546646	0.006938886664887118	02_5
arabinogalactan	BMAA	arabinogalactan	A. hadrus	CM02_05	arabinogalactan	7.25	-0.003333333333333318	3	0.012018504251546646	0.006938886664887118	02_5
arabinogalactan	BMAA	arabinogalactan	A. hadrus	CM02_05	arabinogalactan	7.5	-0.003333333333333318	3	0.012018504251546646	0.006938886664887118	02_5
arabinogalactan	BMAA	arabinogalactan	A. hadrus	CM02_05	arabinogalactan	7.75	-0.006666666666666654	3	0.012018504251546654	0.006938886664887123	02_5
arabinogalactan	BMAA	arabinogalactan	A. hadrus	CM02_05	arabinogalactan	8	-0.013333333333333327	3	0.012018504251546646	0.006938886664887118	02_5
arabinogalactan	BMAA	arabinogalactan	A. hadrus	CM02_05	arabinogalactan	8.25	-0.013333333333333327	3	0.012018504251546646	0.006938886664887118	02_5
arabinogalactan	BMAA	arabinogalactan	A. hadrus	CM02_05	arabinogalactan	8.5	-0.013333333333333327	3	0.012018504251546646	0.006938886664887118	02_5
arabinogalactan	BMAA	arabinogalactan	A. hadrus	CM02_05	arabinogalactan	8.75	-0.013333333333333327	3	0.012018504251546646	0.006938886664887118	02_5
arabinogalactan	BMAA	arabinogalactan	A. hadrus	CM02_05	arabinogalactan	9	-0.016666666666666663	3	0.012018504251546654	0.006938886664887123	02_5
arabinogalactan	BMAA	arabinogalactan	A. hadrus	CM02_05	arabinogalactan	9.25	-0.02	3	0.006666666666666682	0.003849001794597514	02_5
arabinogalactan	BMAA	arabinogalactan	A. hadrus	CM02_05	arabinogalactan	9.5	-0.02	3	0.006666666666666682	0.003849001794597514	02_5
arabinogalactan	BMAA	arabinogalactan	A. hadrus	CM02_05	arabinogalactan	9.75	-0.023333333333333327	3	0.012018504251546632	0.00693888666488711	02_5
arabinogalactan	BMAA	arabinogalactan	A. hadrus	CM02_05	arabinogalactan	10	-0.023333333333333327	3	0.012018504251546632	0.00693888666488711	02_5
arabinogalactan	BMAA	arabinogalactan	A. hadrus	CM02_05	arabinogalactan	10.25	-0.023333333333333327	3	0.012018504251546632	0.00693888666488711	02_5
arabinogalactan	BMAA	arabinogalactan	A. hadrus	CM02_05	arabinogalactan	10.5	-0.023333333333333327	3	0.012018504251546632	0.00693888666488711	02_5
arabinogalactan	BMAA	arabinogalactan	A. hadrus	CM02_05	arabinogalactan	10.75	-0.02666666666666666	3	0.008819171036881956	0.005091750772173149	02_5
arabinogalactan	BMAA	arabinogalactan	A. hadrus	CM02_05	arabinogalactan	11	-0.02666666666666666	3	0.008819171036881956	0.005091750772173149	02_5
arabinogalactan	BMAA	arabinogalactan	A. hadrus	CM02_05	arabinogalactan	11.25	-0.03	3	0.014529663145135574	0.008388704928078609	02_5
arabinogalactan	BMAA	arabinogalactan	A. hadrus	CM02_05	arabinogalactan	11.5	-0.03	3	0.014529663145135574	0.008388704928078609	02_5
arabinogalactan	BMAA	arabinogalactan	A. hadrus	CM02_05	arabinogalactan	11.75	-0.03	3	0.014529663145135574	0.008388704928078609	02_5
arabinogalactan	BMAA	arabinogalactan	A. hadrus	CM02_05	arabinogalactan	12	-0.03	3	0.014529663145135574	0.008388704928078609	02_5
arabinogalactan	BMAA	arabinogalactan	A. hadrus	CM02_05	arabinogalactan	12.25	-0.03	3	0.014529663145135574	0.008388704928078609	02_5
arabinogalactan	BMAA	arabinogalactan	A. hadrus	CM02_05	arabinogalactan	12.5	-0.03	3	0.014529663145135574	0.008388704928078609	02_5
arabinogalactan	BMAA	arabinogalactan	A. hadrus	CM02_05	arabinogalactan	12.75	-0.03333333333333333	3	0.013333333333333322	0.0076980035891950046	02_5
arabinogalactan	BMAA	arabinogalactan	A. hadrus	CM02_05	arabinogalactan	13	-0.03333333333333333	3	0.013333333333333322	0.0076980035891950046	02_5
arabinogalactan	BMAA	arabinogalactan	A. hadrus	CM02_05	arabinogalactan	13.25	-0.03333333333333333	3	0.013333333333333322	0.0076980035891950046	02_5
arabinogalactan	BMAA	arabinogalactan	A. hadrus	CM02_05	arabinogalactan	13.5	-0.04	3	0.014529663145135582	0.008388704928078614	02_5
arabinogalactan	BMAA	arabinogalactan	A. hadrus	CM02_05	arabinogalactan	13.75	-0.04	3	0.014529663145135582	0.008388704928078614	02_5
arabinogalactan	BMAA	arabinogalactan	A. hadrus	CM02_05	arabinogalactan	14	-0.04	3	0.014529663145135582	0.008388704928078614	02_5
arabinogalactan	BMAA	arabinogalactan	A. hadrus	CM02_05	arabinogalactan	14.25	-0.04	3	0.014529663145135582	0.008388704928078614	02_5
arabinogalactan	BMAA	arabinogalactan	A. hadrus	CM02_05	arabinogalactan	14.5	-0.043333333333333335	3	0.012018504251546635	0.006938886664887112	02_5
arabinogalactan	BMAA	arabinogalactan	A. hadrus	CM02_05	arabinogalactan	14.75	-0.043333333333333335	3	0.012018504251546635	0.006938886664887112	02_5
arabinogalactan	BMAA	arabinogalactan	A. hadrus	CM02_05	arabinogalactan	15	-0.043333333333333335	3	0.012018504251546635	0.006938886664887112	02_5
arabinogalactan	BMAA	arabinogalactan	A. hadrus	CM02_05	arabinogalactan	15.25	-0.043333333333333335	3	0.012018504251546635	0.006938886664887112	02_5
arabinogalactan	BMAA	arabinogalactan	A. hadrus	CM02_05	arabinogalactan	15.5	-0.04333333333333333	3	0.013333333333333336	0.007698003589195012	02_5
arabinogalactan	BMAA	arabinogalactan	A. hadrus	CM02_05	arabinogalactan	15.75	-0.046666666666666655	3	0.018559214542766735	0.010715167512214392	02_5
arabinogalactan	BMAA	arabinogalactan	A. hadrus	CM02_05	arabinogalactan	16	-0.046666666666666655	3	0.018559214542766735	0.010715167512214392	02_5
arabinogalactan	BMAA	arabinogalactan	A. hadrus	CM02_05	arabinogalactan	16.25	-0.046666666666666655	3	0.018559214542766735	0.010715167512214392	02_5
arabinogalactan	BMAA	arabinogalactan	A. hadrus	CM02_05	arabinogalactan	16.5	-0.04333333333333333	3	0.023333333333333317	0.013471506281091259	02_5
arabinogalactan	BMAA	arabinogalactan	A. hadrus	CM02_05	arabinogalactan	16.75	-0.04333333333333333	3	0.023333333333333317	0.013471506281091259	02_5
arabinogalactan	BMAA	arabinogalactan	A. hadrus	CM02_05	arabinogalactan	17	-0.03999999999999999	3	0.02848001248439176	0.016442942874387485	02_5
arabinogalactan	BMAA	arabinogalactan	A. hadrus	CM02_05	arabinogalactan	17.25	-0.03999999999999999	3	0.02848001248439176	0.016442942874387485	02_5
arabinogalactan	BMAA	arabinogalactan	A. hadrus	CM02_05	arabinogalactan	17.5	-0.03999999999999999	3	0.02848001248439176	0.016442942874387485	02_5
arabinogalactan	BMAA	arabinogalactan	A. hadrus	CM02_05	arabinogalactan	17.75	-0.03999999999999999	3	0.02848001248439176	0.016442942874387485	02_5
arabinogalactan	BMAA	arabinogalactan	A. hadrus	CM02_05	arabinogalactan	18	-0.03666666666666665	3	0.03382963855030739	0.019531550923607716	02_5
arabinogalactan	BMAA	arabinogalactan	A. hadrus	CM02_05	arabinogalactan	18.25	-0.03666666666666665	3	0.03382963855030739	0.019531550923607716	02_5
arabinogalactan	BMAA	arabinogalactan	A. hadrus	CM02_05	arabinogalactan	18.5	-0.03666666666666665	3	0.03382963855030739	0.019531550923607716	02_5
arabinogalactan	BMAA	arabinogalactan	A. hadrus	CM02_05	arabinogalactan	18.75	-0.03999999999999999	3	0.03527668414752787	0.02036700308869262	02_5
arabinogalactan	BMAA	arabinogalactan	A. hadrus	CM02_05	arabinogalactan	19	-0.03666666666666665	3	0.04096068575814835	0.023648662948658625	02_5
arabinogalactan	BMAA	arabinogalactan	A. hadrus	CM02_05	arabinogalactan	19.25	-0.03666666666666665	3	0.04096068575814835	0.023648662948658625	02_5
arabinogalactan	BMAA	arabinogalactan	A. hadrus	CM02_05	arabinogalactan	19.5	-0.03999999999999999	3	0.0448454134902457	0.02589151155051343	02_5
arabinogalactan	BMAA	arabinogalactan	A. hadrus	CM02_05	arabinogalactan	19.75	-0.03333333333333332	3	0.04666666666666667	0.02694301256218254	02_5
arabinogalactan	BMAA	arabinogalactan	A. hadrus	CM02_05	arabinogalactan	20	-0.03666666666666665	3	0.05044248650140519	0.029122983160180353	02_5
arabinogalactan	BMAA	arabinogalactan	A. hadrus	CM02_05	arabinogalactan	20.25	-0.03666666666666665	3	0.05044248650140519	0.029122983160180353	02_5
arabinogalactan	BMAA	arabinogalactan	A. hadrus	CM02_05	arabinogalactan	20.5	-0.03666666666666665	3	0.05044248650140519	0.029122983160180353	02_5
arabinogalactan	BMAA	arabinogalactan	A. hadrus	CM02_05	arabinogalactan	20.75	-0.03666666666666665	3	0.05044248650140519	0.029122983160180353	02_5
arabinogalactan	BMAA	arabinogalactan	A. hadrus	CM02_05	arabinogalactan	21	-0.03333333333333333	3	0.05607534613753572	0.03237511618740769	02_5
arabinogalactan	BMAA	arabinogalactan	A. hadrus	CM02_05	arabinogalactan	21.25	-0.03333333333333333	3	0.05607534613753572	0.03237511618740769	02_5
arabinogalactan	BMAA	arabinogalactan	A. hadrus	CM02_05	arabinogalactan	21.5	-0.03333333333333333	3	0.05607534613753572	0.03237511618740769	02_5
arabinogalactan	BMAA	arabinogalactan	A. hadrus	CM02_05	arabinogalactan	21.75	-0.03333333333333333	3	0.05607534613753572	0.03237511618740769	02_5
arabinogalactan	BMAA	arabinogalactan	A. hadrus	CM02_05	arabinogalactan	22	-0.03333333333333333	3	0.05607534613753572	0.03237511618740769	02_5
arabinogalactan	BMAA	arabinogalactan	A. hadrus	CM02_05	arabinogalactan	22.25	-0.03333333333333333	3	0.05607534613753572	0.03237511618740769	02_5
arabinogalactan	BMAA	arabinogalactan	A. hadrus	CM02_05	arabinogalactan	22.5	-0.03	3	0.061734197258173765	0.035642255405212084	02_5
arabinogalactan	BMAA	arabinogalactan	A. hadrus	CM02_05	arabinogalactan	22.75	-0.03	3	0.061734197258173765	0.035642255405212084	02_5
arabinogalactan	BMAA	arabinogalactan	A. hadrus	CM02_05	arabinogalactan	23	-0.03	3	0.061734197258173765	0.035642255405212084	02_5
arabinogalactan	BMAA	arabinogalactan	A. hadrus	CM02_05	arabinogalactan	23.25	-0.03	3	0.061734197258173765	0.035642255405212084	02_5
arabinogalactan	BMAA	arabinogalactan	A. hadrus	CM02_05	arabinogalactan	23.5	-0.03	3	0.061734197258173765	0.035642255405212084	02_5
arabinogalactan	BMAA	arabinogalactan	A. hadrus	CM02_05	arabinogalactan	23.75	-0.03	3	0.061734197258173765	0.035642255405212084	02_5
arabinogalactan	BMAA	arabinogalactan	A. hadrus	CM02_05	arabinogalactan	24	-0.04000000000000001	3	0.061734197258173765	0.035642255405212084	02_5
chitosan	BMAA	chitosan	A. hadrus	CM02_05	chitosan	0	0.018888888888888882	3	0.005091750772173164	0.002939723678960661	02_5
chitosan	BMAA	chitosan	A. hadrus	CM02_05	chitosan	0.25	-0.00777777777777781	3	0.001924500897298733	0.0011111111111110998	02_5
chitosan	BMAA	chitosan	A. hadrus	CM02_05	chitosan	0.5	-0.011111111111111146	3	0.005091750772173164	0.002939723678960661	02_5
chitosan	BMAA	chitosan	A. hadrus	CM02_05	chitosan	0.75	-0.014444444444444482	3	0.00384900179459753	0.0022222222222222365	02_5
chitosan	BMAA	chitosan	A. hadrus	CM02_05	chitosan	1	-0.011111111111111146	3	0.005091750772173164	0.002939723678960661	02_5
chitosan	BMAA	chitosan	A. hadrus	CM02_05	chitosan	1.25	-0.011111111111111146	3	0.005091750772173164	0.002939723678960661	02_5
chitosan	BMAA	chitosan	A. hadrus	CM02_05	chitosan	1.5	-0.011111111111111146	3	0.005091750772173164	0.002939723678960661	02_5
chitosan	BMAA	chitosan	A. hadrus	CM02_05	chitosan	1.75	-0.011111111111111146	3	0.005091750772173164	0.002939723678960661	02_5
chitosan	BMAA	chitosan	A. hadrus	CM02_05	chitosan	2	-0.00777777777777781	3	0.008388704928078635	0.004843221048378541	02_5
chitosan	BMAA	chitosan	A. hadrus	CM02_05	chitosan	2.25	-0.004444444444444473	3	0.00384900179459753	0.0022222222222222365	02_5
chitosan	BMAA	chitosan	A. hadrus	CM02_05	chitosan	2.5	-0.004444444444444473	3	0.00384900179459753	0.0022222222222222365	02_5
chitosan	BMAA	chitosan	A. hadrus	CM02_05	chitosan	2.75	-0.004444444444444473	3	0.00384900179459753	0.0022222222222222365	02_5
chitosan	BMAA	chitosan	A. hadrus	CM02_05	chitosan	3	-0.004444444444444473	3	0.00384900179459753	0.0022222222222222365	02_5
chitosan	BMAA	chitosan	A. hadrus	CM02_05	chitosan	3.25	-0.00777777777777781	3	0.001924500897298733	0.0011111111111110998	02_5
chitosan	BMAA	chitosan	A. hadrus	CM02_05	chitosan	3.5	-0.00777777777777781	3	0.001924500897298733	0.0011111111111110998	02_5
chitosan	BMAA	chitosan	A. hadrus	CM02_05	chitosan	3.75	-0.004444444444444473	3	0.00384900179459753	0.0022222222222222365	02_5
chitosan	BMAA	chitosan	A. hadrus	CM02_05	chitosan	4	-0.004444444444444473	3	0.00384900179459753	0.0022222222222222365	02_5
chitosan	BMAA	chitosan	A. hadrus	CM02_05	chitosan	4.25	-0.004444444444444473	3	0.00384900179459753	0.0022222222222222365	02_5
chitosan	BMAA	chitosan	A. hadrus	CM02_05	chitosan	4.5	-0.004444444444444473	3	0.00384900179459753	0.0022222222222222365	02_5
chitosan	BMAA	chitosan	A. hadrus	CM02_05	chitosan	4.75	-0.004444444444444473	3	0.00384900179459753	0.0022222222222222365	02_5
chitosan	BMAA	chitosan	A. hadrus	CM02_05	chitosan	5	-0.004444444444444473	3	0.00384900179459753	0.0022222222222222365	02_5
chitosan	BMAA	chitosan	A. hadrus	CM02_05	chitosan	5.25	-0.004444444444444473	3	0.00384900179459753	0.0022222222222222365	02_5
chitosan	BMAA	chitosan	A. hadrus	CM02_05	chitosan	5.5	-0.004444444444444473	3	0.00384900179459753	0.0022222222222222365	02_5
chitosan	BMAA	chitosan	A. hadrus	CM02_05	chitosan	5.75	-0.004444444444444473	3	0.00384900179459753	0.0022222222222222365	02_5
chitosan	BMAA	chitosan	A. hadrus	CM02_05	chitosan	6	-0.004444444444444473	3	0.00384900179459753	0.0022222222222222365	02_5
chitosan	BMAA	chitosan	A. hadrus	CM02_05	chitosan	6.25	-0.004444444444444473	3	0.00384900179459753	0.0022222222222222365	02_5
chitosan	BMAA	chitosan	A. hadrus	CM02_05	chitosan	6.5	-0.004444444444444473	3	0.00384900179459753	0.0022222222222222365	02_5
chitosan	BMAA	chitosan	A. hadrus	CM02_05	chitosan	6.75	-0.004444444444444473	3	0.00384900179459753	0.0022222222222222365	02_5
chitosan	BMAA	chitosan	A. hadrus	CM02_05	chitosan	7	-0.0011111111111111367	3	0.005091750772173164	0.002939723678960661	02_5
chitosan	BMAA	chitosan	A. hadrus	CM02_05	chitosan	7.25	-0.0011111111111111367	3	0.005091750772173164	0.002939723678960661	02_5
chitosan	BMAA	chitosan	A. hadrus	CM02_05	chitosan	7.5	-0.0011111111111111367	3	0.005091750772173164	0.002939723678960661	02_5
chitosan	BMAA	chitosan	A. hadrus	CM02_05	chitosan	7.75	-0.0011111111111111367	3	0.005091750772173164	0.002939723678960661	02_5
chitosan	BMAA	chitosan	A. hadrus	CM02_05	chitosan	8	-0.0011111111111111367	3	0.005091750772173164	0.002939723678960661	02_5
chitosan	BMAA	chitosan	A. hadrus	CM02_05	chitosan	8.25	-0.0011111111111111367	3	0.005091750772173164	0.002939723678960661	02_5
chitosan	BMAA	chitosan	A. hadrus	CM02_05	chitosan	8.5	-0.0011111111111111367	3	0.005091750772173164	0.002939723678960661	02_5
chitosan	BMAA	chitosan	A. hadrus	CM02_05	chitosan	8.75	-0.0011111111111111367	3	0.005091750772173164	0.002939723678960661	02_5
chitosan	BMAA	chitosan	A. hadrus	CM02_05	chitosan	9	-0.0011111111111111367	3	0.005091750772173164	0.002939723678960661	02_5
chitosan	BMAA	chitosan	A. hadrus	CM02_05	chitosan	9.25	-0.0011111111111111367	3	0.005091750772173164	0.002939723678960661	02_5
chitosan	BMAA	chitosan	A. hadrus	CM02_05	chitosan	9.5	-0.0011111111111111367	3	0.005091750772173164	0.002939723678960661	02_5
chitosan	BMAA	chitosan	A. hadrus	CM02_05	chitosan	9.75	-0.0011111111111111367	3	0.005091750772173164	0.002939723678960661	02_5
chitosan	BMAA	chitosan	A. hadrus	CM02_05	chitosan	10	-0.0011111111111111367	3	0.005091750772173164	0.002939723678960661	02_5
chitosan	BMAA	chitosan	A. hadrus	CM02_05	chitosan	10.25	-0.0011111111111111367	3	0.005091750772173164	0.002939723678960661	02_5
chitosan	BMAA	chitosan	A. hadrus	CM02_05	chitosan	10.5	-0.0011111111111111367	3	0.005091750772173164	0.002939723678960661	02_5
chitosan	BMAA	chitosan	A. hadrus	CM02_05	chitosan	10.75	-0.0011111111111111367	3	0.005091750772173164	0.002939723678960661	02_5
chitosan	BMAA	chitosan	A. hadrus	CM02_05	chitosan	11	-0.0011111111111111367	3	0.005091750772173164	0.002939723678960661	02_5
chitosan	BMAA	chitosan	A. hadrus	CM02_05	chitosan	11.25	-0.0011111111111111367	3	0.005091750772173164	0.002939723678960661	02_5
chitosan	BMAA	chitosan	A. hadrus	CM02_05	chitosan	11.5	-0.0011111111111111367	3	0.005091750772173164	0.002939723678960661	02_5
chitosan	BMAA	chitosan	A. hadrus	CM02_05	chitosan	11.75	-0.0011111111111111367	3	0.005091750772173164	0.002939723678960661	02_5
chitosan	BMAA	chitosan	A. hadrus	CM02_05	chitosan	12	-0.0011111111111111367	3	0.005091750772173164	0.002939723678960661	02_5
chitosan	BMAA	chitosan	A. hadrus	CM02_05	chitosan	12.25	-0.0011111111111111367	3	0.005091750772173164	0.002939723678960661	02_5
chitosan	BMAA	chitosan	A. hadrus	CM02_05	chitosan	12.5	-0.0011111111111111367	3	0.005091750772173164	0.002939723678960661	02_5
chitosan	BMAA	chitosan	A. hadrus	CM02_05	chitosan	12.75	-0.0011111111111111367	3	0.005091750772173164	0.002939723678960661	02_5
chitosan	BMAA	chitosan	A. hadrus	CM02_05	chitosan	13	-0.0011111111111111367	3	0.005091750772173164	0.002939723678960661	02_5
chitosan	BMAA	chitosan	A. hadrus	CM02_05	chitosan	13.25	-0.0011111111111111367	3	0.005091750772173164	0.002939723678960661	02_5
chitosan	BMAA	chitosan	A. hadrus	CM02_05	chitosan	13.5	-0.0011111111111111367	3	0.005091750772173164	0.002939723678960661	02_5
chitosan	BMAA	chitosan	A. hadrus	CM02_05	chitosan	13.75	-0.0011111111111111367	3	0.005091750772173164	0.002939723678960661	02_5
chitosan	BMAA	chitosan	A. hadrus	CM02_05	chitosan	14	-0.0011111111111111367	3	0.005091750772173164	0.002939723678960661	02_5
chitosan	BMAA	chitosan	A. hadrus	CM02_05	chitosan	14.25	-0.0011111111111111367	3	0.005091750772173164	0.002939723678960661	02_5
chitosan	BMAA	chitosan	A. hadrus	CM02_05	chitosan	14.5	-0.0011111111111111367	3	0.005091750772173164	0.002939723678960661	02_5
chitosan	BMAA	chitosan	A. hadrus	CM02_05	chitosan	14.75	-0.0011111111111111367	3	0.005091750772173164	0.002939723678960661	02_5
chitosan	BMAA	chitosan	A. hadrus	CM02_05	chitosan	15	-0.0011111111111111367	3	0.005091750772173164	0.002939723678960661	02_5
chitosan	BMAA	chitosan	A. hadrus	CM02_05	chitosan	15.25	-0.0011111111111111367	3	0.005091750772173164	0.002939723678960661	02_5
chitosan	BMAA	chitosan	A. hadrus	CM02_05	chitosan	15.5	-0.0011111111111111367	3	0.005091750772173164	0.002939723678960661	02_5
chitosan	BMAA	chitosan	A. hadrus	CM02_05	chitosan	15.75	-0.0011111111111111367	3	0.005091750772173164	0.002939723678960661	02_5
chitosan	BMAA	chitosan	A. hadrus	CM02_05	chitosan	16	-0.0011111111111111367	3	0.005091750772173164	0.002939723678960661	02_5
chitosan	BMAA	chitosan	A. hadrus	CM02_05	chitosan	16.25	-0.0011111111111111367	3	0.005091750772173164	0.002939723678960661	02_5
chitosan	BMAA	chitosan	A. hadrus	CM02_05	chitosan	16.5	-0.0011111111111111367	3	0.005091750772173164	0.002939723678960661	02_5
chitosan	BMAA	chitosan	A. hadrus	CM02_05	chitosan	16.75	-0.0011111111111111367	3	0.005091750772173164	0.002939723678960661	02_5
chitosan	BMAA	chitosan	A. hadrus	CM02_05	chitosan	17	-0.0011111111111111367	3	0.005091750772173164	0.002939723678960661	02_5
chitosan	BMAA	chitosan	A. hadrus	CM02_05	chitosan	17.25	-0.0011111111111111367	3	0.005091750772173164	0.002939723678960661	02_5
chitosan	BMAA	chitosan	A. hadrus	CM02_05	chitosan	17.5	-0.0011111111111111367	3	0.005091750772173164	0.002939723678960661	02_5
chitosan	BMAA	chitosan	A. hadrus	CM02_05	chitosan	17.75	-0.0011111111111111367	3	0.005091750772173164	0.002939723678960661	02_5
chitosan	BMAA	chitosan	A. hadrus	CM02_05	chitosan	18	-0.0011111111111111367	3	0.005091750772173164	0.002939723678960661	02_5
chitosan	BMAA	chitosan	A. hadrus	CM02_05	chitosan	18.25	-0.0011111111111111367	3	0.005091750772173164	0.002939723678960661	02_5
chitosan	BMAA	chitosan	A. hadrus	CM02_05	chitosan	18.5	-0.0011111111111111367	3	0.005091750772173164	0.002939723678960661	02_5
chitosan	BMAA	chitosan	A. hadrus	CM02_05	chitosan	18.75	-0.0011111111111111367	3	0.005091750772173164	0.002939723678960661	02_5
chitosan	BMAA	chitosan	A. hadrus	CM02_05	chitosan	19	-0.0011111111111111367	3	0.005091750772173164	0.002939723678960661	02_5
chitosan	BMAA	chitosan	A. hadrus	CM02_05	chitosan	19.25	-0.0011111111111111367	3	0.005091750772173164	0.002939723678960661	02_5
chitosan	BMAA	chitosan	A. hadrus	CM02_05	chitosan	19.5	-0.0011111111111111367	3	0.005091750772173164	0.002939723678960661	02_5
chitosan	BMAA	chitosan	A. hadrus	CM02_05	chitosan	19.75	-0.0011111111111111367	3	0.005091750772173164	0.002939723678960661	02_5
chitosan	BMAA	chitosan	A. hadrus	CM02_05	chitosan	20	-0.0011111111111111367	3	0.005091750772173164	0.002939723678960661	02_5
chitosan	BMAA	chitosan	A. hadrus	CM02_05	chitosan	20.25	-0.0011111111111111367	3	0.005091750772173164	0.002939723678960661	02_5
chitosan	BMAA	chitosan	A. hadrus	CM02_05	chitosan	20.5	-0.0011111111111111367	3	0.005091750772173164	0.002939723678960661	02_5
chitosan	BMAA	chitosan	A. hadrus	CM02_05	chitosan	20.75	-0.0011111111111111367	3	0.005091750772173164	0.002939723678960661	02_5
chitosan	BMAA	chitosan	A. hadrus	CM02_05	chitosan	21	-0.0011111111111111367	3	0.005091750772173164	0.002939723678960661	02_5
chitosan	BMAA	chitosan	A. hadrus	CM02_05	chitosan	21.25	-0.0011111111111111367	3	0.005091750772173164	0.002939723678960661	02_5
chitosan	BMAA	chitosan	A. hadrus	CM02_05	chitosan	21.5	-0.0011111111111111367	3	0.005091750772173164	0.002939723678960661	02_5
chitosan	BMAA	chitosan	A. hadrus	CM02_05	chitosan	21.75	-0.0011111111111111367	3	0.005091750772173164	0.002939723678960661	02_5
chitosan	BMAA	chitosan	A. hadrus	CM02_05	chitosan	22	-0.0011111111111111367	3	0.005091750772173164	0.002939723678960661	02_5
chitosan	BMAA	chitosan	A. hadrus	CM02_05	chitosan	22.25	-0.0011111111111111367	3	0.005091750772173164	0.002939723678960661	02_5
chitosan	BMAA	chitosan	A. hadrus	CM02_05	chitosan	22.5	-0.0011111111111111367	3	0.005091750772173164	0.002939723678960661	02_5
chitosan	BMAA	chitosan	A. hadrus	CM02_05	chitosan	22.75	-0.0011111111111111367	3	0.005091750772173164	0.002939723678960661	02_5
chitosan	BMAA	chitosan	A. hadrus	CM02_05	chitosan	23	-0.0011111111111111367	3	0.005091750772173164	0.002939723678960661	02_5
chitosan	BMAA	chitosan	A. hadrus	CM02_05	chitosan	23.25	-0.0011111111111111367	3	0.005091750772173164	0.002939723678960661	02_5
chitosan	BMAA	chitosan	A. hadrus	CM02_05	chitosan	23.5	-0.0011111111111111367	3	0.005091750772173164	0.002939723678960661	02_5
chitosan	BMAA	chitosan	A. hadrus	CM02_05	chitosan	23.75	-0.0011111111111111367	3	0.005091750772173164	0.002939723678960661	02_5
chitosan	BMAA	chitosan	A. hadrus	CM02_05	chitosan	24	-0.0011111111111111367	3	0.005091750772173164	0.002939723678960661	02_5
lentinan	BMAA	lentinan	A. hadrus	CM02_05	lentinan	0	0.012222222222222226	3	0.003849001794597498	0.0022222222222222183	02_5
lentinan	BMAA	lentinan	A. hadrus	CM02_05	lentinan	0.25	-0.0011111111111111183	3	0.001924500897298765	0.0011111111111111183	02_5
lentinan	BMAA	lentinan	A. hadrus	CM02_05	lentinan	0.5	-0.01111111111111109	3	0.001924500897298749	0.0011111111111111092	02_5
lentinan	BMAA	lentinan	A. hadrus	CM02_05	lentinan	0.75	-0.01111111111111109	3	0.001924500897298749	0.0011111111111111092	02_5
lentinan	BMAA	lentinan	A. hadrus	CM02_05	lentinan	1	-0.01111111111111109	3	0.001924500897298749	0.0011111111111111092	02_5
lentinan	BMAA	lentinan	A. hadrus	CM02_05	lentinan	1.25	-0.0011111111111111183	3	0.001924500897298765	0.0011111111111111183	02_5
lentinan	BMAA	lentinan	A. hadrus	CM02_05	lentinan	1.5	-0.0011111111111111183	3	0.001924500897298765	0.0011111111111111183	02_5
lentinan	BMAA	lentinan	A. hadrus	CM02_05	lentinan	1.75	-0.0011111111111111183	3	0.001924500897298765	0.0011111111111111183	02_5
lentinan	BMAA	lentinan	A. hadrus	CM02_05	lentinan	2	0.002222222222222218	3	0.006938886664887123	0.004006168083848885	02_5
lentinan	BMAA	lentinan	A. hadrus	CM02_05	lentinan	2.25	0.002222222222222218	3	0.006938886664887123	0.004006168083848885	02_5
lentinan	BMAA	lentinan	A. hadrus	CM02_05	lentinan	2.5	0.005555555555555554	3	0.005091750772173158	0.0029397236789606577	02_5
lentinan	BMAA	lentinan	A. hadrus	CM02_05	lentinan	2.75	0.005555555555555554	3	0.007698003589195028	0.004444444444444455	02_5
lentinan	BMAA	lentinan	A. hadrus	CM02_05	lentinan	3	-0.0044444444444444176	3	0.012619796324000593	0.007286042804779992	02_5
lentinan	BMAA	lentinan	A. hadrus	CM02_05	lentinan	3.25	0.002222222222222218	3	0.006938886664887123	0.004006168083848885	02_5
lentinan	BMAA	lentinan	A. hadrus	CM02_05	lentinan	3.5	0.005555555555555554	3	0.005091750772173158	0.0029397236789606577	02_5
lentinan	BMAA	lentinan	A. hadrus	CM02_05	lentinan	3.75	0.005555555555555554	3	0.005091750772173158	0.0029397236789606577	02_5
lentinan	BMAA	lentinan	A. hadrus	CM02_05	lentinan	4	0.005555555555555554	3	0.005091750772173158	0.0029397236789606577	02_5
lentinan	BMAA	lentinan	A. hadrus	CM02_05	lentinan	4.25	0.005555555555555554	3	0.005091750772173158	0.0029397236789606577	02_5
lentinan	BMAA	lentinan	A. hadrus	CM02_05	lentinan	4.5	0.005555555555555554	3	0.005091750772173158	0.0029397236789606577	02_5
lentinan	BMAA	lentinan	A. hadrus	CM02_05	lentinan	4.75	0.005555555555555554	3	0.005091750772173158	0.0029397236789606577	02_5
lentinan	BMAA	lentinan	A. hadrus	CM02_05	lentinan	5	0.005555555555555554	3	0.005091750772173158	0.0029397236789606577	02_5
lentinan	BMAA	lentinan	A. hadrus	CM02_05	lentinan	5.25	0.00888888888888889	3	0.001924500897298765	0.0011111111111111183	02_5
lentinan	BMAA	lentinan	A. hadrus	CM02_05	lentinan	5.5	0.005555555555555554	3	0.005091750772173158	0.0029397236789606577	02_5
lentinan	BMAA	lentinan	A. hadrus	CM02_05	lentinan	5.75	0.005555555555555554	3	0.005091750772173158	0.0029397236789606577	02_5
lentinan	BMAA	lentinan	A. hadrus	CM02_05	lentinan	6	0.012222222222222226	3	0.006938886664887123	0.004006168083848885	02_5
lentinan	BMAA	lentinan	A. hadrus	CM02_05	lentinan	6.25	0.012222222222222226	3	0.006938886664887123	0.004006168083848885	02_5
lentinan	BMAA	lentinan	A. hadrus	CM02_05	lentinan	6.5	0.012222222222222226	3	0.006938886664887123	0.004006168083848885	02_5
lentinan	BMAA	lentinan	A. hadrus	CM02_05	lentinan	6.75	0.012222222222222226	3	0.006938886664887123	0.004006168083848885	02_5
lentinan	BMAA	lentinan	A. hadrus	CM02_05	lentinan	7	0.00888888888888889	3	0.010183501544346323	0.00587944735792132	02_5
lentinan	BMAA	lentinan	A. hadrus	CM02_05	lentinan	7.25	0.00888888888888889	3	0.010183501544346323	0.00587944735792132	02_5
lentinan	BMAA	lentinan	A. hadrus	CM02_05	lentinan	7.5	0.00888888888888889	3	0.010183501544346323	0.00587944735792132	02_5
lentinan	BMAA	lentinan	A. hadrus	CM02_05	lentinan	7.75	0.00888888888888889	3	0.010183501544346323	0.00587944735792132	02_5
lentinan	BMAA	lentinan	A. hadrus	CM02_05	lentinan	8	0.00888888888888889	3	0.010183501544346323	0.00587944735792132	02_5
lentinan	BMAA	lentinan	A. hadrus	CM02_05	lentinan	8.25	0.00888888888888889	3	0.010183501544346323	0.00587944735792132	02_5
lentinan	BMAA	lentinan	A. hadrus	CM02_05	lentinan	8.5	0.00888888888888889	3	0.010183501544346323	0.00587944735792132	02_5
lentinan	BMAA	lentinan	A. hadrus	CM02_05	lentinan	8.75	0.00888888888888889	3	0.010183501544346323	0.00587944735792132	02_5
lentinan	BMAA	lentinan	A. hadrus	CM02_05	lentinan	9	0.005555555555555554	3	0.01503083250940966	0.008678055195451846	02_5
lentinan	BMAA	lentinan	A. hadrus	CM02_05	lentinan	9.25	0.005555555555555554	3	0.01503083250940966	0.008678055195451846	02_5
lentinan	BMAA	lentinan	A. hadrus	CM02_05	lentinan	9.5	0.005555555555555554	3	0.01503083250940966	0.008678055195451846	02_5
lentinan	BMAA	lentinan	A. hadrus	CM02_05	lentinan	9.75	0.005555555555555554	3	0.01503083250940966	0.008678055195451846	02_5
lentinan	BMAA	lentinan	A. hadrus	CM02_05	lentinan	10	0.005555555555555554	3	0.01503083250940966	0.008678055195451846	02_5
lentinan	BMAA	lentinan	A. hadrus	CM02_05	lentinan	10.25	0.005555555555555554	3	0.01503083250940966	0.008678055195451846	02_5
lentinan	BMAA	lentinan	A. hadrus	CM02_05	lentinan	10.5	0.005555555555555554	3	0.01503083250940966	0.008678055195451846	02_5
lentinan	BMAA	lentinan	A. hadrus	CM02_05	lentinan	10.75	0.015555555555555564	3	0.01503083250940966	0.008678055195451846	02_5
lentinan	BMAA	lentinan	A. hadrus	CM02_05	lentinan	11	0.015555555555555564	3	0.01503083250940966	0.008678055195451846	02_5
lentinan	BMAA	lentinan	A. hadrus	CM02_05	lentinan	11.25	0.015555555555555564	3	0.01503083250940966	0.008678055195451846	02_5
lentinan	BMAA	lentinan	A. hadrus	CM02_05	lentinan	11.5	0.015555555555555564	3	0.01503083250940966	0.008678055195451846	02_5
lentinan	BMAA	lentinan	A. hadrus	CM02_05	lentinan	11.75	0.012222222222222226	3	0.01575271875417538	0.009094836413191624	02_5
lentinan	BMAA	lentinan	A. hadrus	CM02_05	lentinan	12	0.012222222222222226	3	0.01575271875417538	0.009094836413191624	02_5
lentinan	BMAA	lentinan	A. hadrus	CM02_05	lentinan	12.25	0.00888888888888889	3	0.02009237924447238	0.011600340565456179	02_5
lentinan	BMAA	lentinan	A. hadrus	CM02_05	lentinan	12.5	0.002222222222222218	3	0.01575271875417538	0.009094836413191624	02_5
lentinan	BMAA	lentinan	A. hadrus	CM02_05	lentinan	12.75	0.002222222222222218	3	0.01575271875417538	0.009094836413191624	02_5
lentinan	BMAA	lentinan	A. hadrus	CM02_05	lentinan	13	0.002222222222222218	3	0.01575271875417538	0.009094836413191624	02_5
lentinan	BMAA	lentinan	A. hadrus	CM02_05	lentinan	13.25	-0.0011111111111111183	3	0.010183501544346323	0.00587944735792132	02_5
lentinan	BMAA	lentinan	A. hadrus	CM02_05	lentinan	13.5	-0.0011111111111111183	3	0.010183501544346323	0.00587944735792132	02_5
lentinan	BMAA	lentinan	A. hadrus	CM02_05	lentinan	13.75	-0.007777777777777772	3	0.01575271875417537	0.009094836413191617	02_5
lentinan	BMAA	lentinan	A. hadrus	CM02_05	lentinan	14	-0.007777777777777772	3	0.01575271875417537	0.009094836413191617	02_5
lentinan	BMAA	lentinan	A. hadrus	CM02_05	lentinan	14.25	-0.011111111111111108	3	0.010183501544346316	0.005879447357921315	02_5
lentinan	BMAA	lentinan	A. hadrus	CM02_05	lentinan	14.5	-0.011111111111111108	3	0.010183501544346316	0.005879447357921315	02_5
lentinan	BMAA	lentinan	A. hadrus	CM02_05	lentinan	14.75	-0.011111111111111108	3	0.010183501544346316	0.005879447357921315	02_5
lentinan	BMAA	lentinan	A. hadrus	CM02_05	lentinan	15	-0.011111111111111108	3	0.010183501544346316	0.005879447357921315	02_5
lentinan	BMAA	lentinan	A. hadrus	CM02_05	lentinan	15.25	-0.014444444444444426	3	0.015030832509409633	0.00867805519545183	02_5
lentinan	BMAA	lentinan	A. hadrus	CM02_05	lentinan	15.5	-0.02111111111111108	3	0.010183501544346323	0.00587944735792132	02_5
lentinan	BMAA	lentinan	A. hadrus	CM02_05	lentinan	15.75	-0.02111111111111108	3	0.010183501544346323	0.00587944735792132	02_5
lentinan	BMAA	lentinan	A. hadrus	CM02_05	lentinan	16	-0.02111111111111108	3	0.010183501544346323	0.00587944735792132	02_5
lentinan	BMAA	lentinan	A. hadrus	CM02_05	lentinan	16.25	-0.02111111111111108	3	0.010183501544346323	0.00587944735792132	02_5
lentinan	BMAA	lentinan	A. hadrus	CM02_05	lentinan	16.5	-0.02111111111111108	3	0.010183501544346323	0.00587944735792132	02_5
lentinan	BMAA	lentinan	A. hadrus	CM02_05	lentinan	16.75	-0.02111111111111108	3	0.010183501544346323	0.00587944735792132	02_5
lentinan	BMAA	lentinan	A. hadrus	CM02_05	lentinan	17	-0.027777777777777752	3	0.01575271875417538	0.009094836413191624	02_5
lentinan	BMAA	lentinan	A. hadrus	CM02_05	lentinan	17.25	-0.03111111111111109	3	0.010183501544346323	0.00587944735792132	02_5
lentinan	BMAA	lentinan	A. hadrus	CM02_05	lentinan	17.5	-0.03111111111111109	3	0.010183501544346323	0.00587944735792132	02_5
lentinan	BMAA	lentinan	A. hadrus	CM02_05	lentinan	17.75	-0.03111111111111109	3	0.010183501544346323	0.00587944735792132	02_5
lentinan	BMAA	lentinan	A. hadrus	CM02_05	lentinan	18	-0.03111111111111109	3	0.010183501544346323	0.00587944735792132	02_5
lentinan	BMAA	lentinan	A. hadrus	CM02_05	lentinan	18.25	-0.03111111111111109	3	0.010183501544346323	0.00587944735792132	02_5
lentinan	BMAA	lentinan	A. hadrus	CM02_05	lentinan	18.5	-0.03111111111111109	3	0.010183501544346323	0.00587944735792132	02_5
lentinan	BMAA	lentinan	A. hadrus	CM02_05	lentinan	18.75	-0.037777777777777764	3	0.006938886664887123	0.004006168083848885	02_5
lentinan	BMAA	lentinan	A. hadrus	CM02_05	lentinan	19	-0.037777777777777764	3	0.006938886664887123	0.004006168083848885	02_5
lentinan	BMAA	lentinan	A. hadrus	CM02_05	lentinan	19.25	-0.037777777777777764	3	0.006938886664887123	0.004006168083848885	02_5
lentinan	BMAA	lentinan	A. hadrus	CM02_05	lentinan	19.5	-0.0411111111111111	3	0.010183501544346323	0.00587944735792132	02_5
lentinan	BMAA	lentinan	A. hadrus	CM02_05	lentinan	19.75	-0.0411111111111111	3	0.010183501544346323	0.00587944735792132	02_5
lentinan	BMAA	lentinan	A. hadrus	CM02_05	lentinan	20	-0.0411111111111111	3	0.010183501544346323	0.00587944735792132	02_5
lentinan	BMAA	lentinan	A. hadrus	CM02_05	lentinan	20.25	-0.0411111111111111	3	0.010183501544346323	0.00587944735792132	02_5
lentinan	BMAA	lentinan	A. hadrus	CM02_05	lentinan	20.5	-0.04444444444444443	3	0.012619796324000626	0.007286042804780011	02_5
lentinan	BMAA	lentinan	A. hadrus	CM02_05	lentinan	20.75	-0.04444444444444443	3	0.012619796324000626	0.007286042804780011	02_5
lentinan	BMAA	lentinan	A. hadrus	CM02_05	lentinan	21	-0.04777777777777777	3	0.006938886664887123	0.004006168083848885	02_5
lentinan	BMAA	lentinan	A. hadrus	CM02_05	lentinan	21.25	-0.04777777777777777	3	0.006938886664887123	0.004006168083848885	02_5
lentinan	BMAA	lentinan	A. hadrus	CM02_05	lentinan	21.5	-0.04777777777777777	3	0.006938886664887123	0.004006168083848885	02_5
lentinan	BMAA	lentinan	A. hadrus	CM02_05	lentinan	21.75	-0.04777777777777777	3	0.006938886664887123	0.004006168083848885	02_5
lentinan	BMAA	lentinan	A. hadrus	CM02_05	lentinan	22	-0.04777777777777777	3	0.006938886664887123	0.004006168083848885	02_5
lentinan	BMAA	lentinan	A. hadrus	CM02_05	lentinan	22.25	-0.04777777777777777	3	0.006938886664887123	0.004006168083848885	02_5
lentinan	BMAA	lentinan	A. hadrus	CM02_05	lentinan	22.5	-0.04777777777777777	3	0.006938886664887123	0.004006168083848885	02_5
lentinan	BMAA	lentinan	A. hadrus	CM02_05	lentinan	22.75	-0.04777777777777777	3	0.006938886664887123	0.004006168083848885	02_5
lentinan	BMAA	lentinan	A. hadrus	CM02_05	lentinan	23	-0.04777777777777777	3	0.006938886664887123	0.004006168083848885	02_5
lentinan	BMAA	lentinan	A. hadrus	CM02_05	lentinan	23.25	-0.054444444444444434	3	0.012619796324000615	0.007286042804780005	02_5
lentinan	BMAA	lentinan	A. hadrus	CM02_05	lentinan	23.5	-0.054444444444444434	3	0.012619796324000615	0.007286042804780005	02_5
lentinan	BMAA	lentinan	A. hadrus	CM02_05	lentinan	23.75	-0.05777777777777777	3	0.0069388866648871115	0.004006168083848878	02_5
lentinan	BMAA	lentinan	A. hadrus	CM02_05	lentinan	24	-0.05777777777777777	3	0.0069388866648871115	0.004006168083848878	02_5
xyloglucan	BMAA	xyloglucan	A. hadrus	CM02_05	xyloglucan	0	0.01777777777777779	3	0.005091750772173149	0.002939723678960653	02_5
xyloglucan	BMAA	xyloglucan	A. hadrus	CM02_05	xyloglucan	0.25	-0.005555555555555545	3	0.0019245008972987728	0.0011111111111111228	02_5
xyloglucan	BMAA	xyloglucan	A. hadrus	CM02_05	xyloglucan	0.5	-0.012222222222222209	3	0.005091750772173158	0.0029397236789606577	02_5
xyloglucan	BMAA	xyloglucan	A. hadrus	CM02_05	xyloglucan	0.75	-0.018888888888888882	3	0.003849001794597498	0.0022222222222222183	02_5
xyloglucan	BMAA	xyloglucan	A. hadrus	CM02_05	xyloglucan	1	-0.018888888888888882	3	0.003849001794597498	0.0022222222222222183	02_5
xyloglucan	BMAA	xyloglucan	A. hadrus	CM02_05	xyloglucan	1.25	-0.018888888888888882	3	0.003849001794597498	0.0022222222222222183	02_5
xyloglucan	BMAA	xyloglucan	A. hadrus	CM02_05	xyloglucan	1.5	-0.018888888888888882	3	0.003849001794597498	0.0022222222222222183	02_5
xyloglucan	BMAA	xyloglucan	A. hadrus	CM02_05	xyloglucan	1.75	-0.018888888888888882	3	0.003849001794597498	0.0022222222222222183	02_5
xyloglucan	BMAA	xyloglucan	A. hadrus	CM02_05	xyloglucan	2	-0.018888888888888882	3	0.003849001794597498	0.0022222222222222183	02_5
xyloglucan	BMAA	xyloglucan	A. hadrus	CM02_05	xyloglucan	2.25	-0.018888888888888882	3	0.003849001794597498	0.0022222222222222183	02_5
xyloglucan	BMAA	xyloglucan	A. hadrus	CM02_05	xyloglucan	2.5	-0.018888888888888882	3	0.003849001794597498	0.0022222222222222183	02_5
xyloglucan	BMAA	xyloglucan	A. hadrus	CM02_05	xyloglucan	2.75	-0.018888888888888882	3	0.003849001794597498	0.0022222222222222183	02_5
xyloglucan	BMAA	xyloglucan	A. hadrus	CM02_05	xyloglucan	3	-0.012222222222222218	3	0.005091750772173143	0.002939723678960649	02_5
xyloglucan	BMAA	xyloglucan	A. hadrus	CM02_05	xyloglucan	3.25	-0.008888888888888882	3	0.0038490017945974897	0.0022222222222222135	02_5
xyloglucan	BMAA	xyloglucan	A. hadrus	CM02_05	xyloglucan	3.5	-0.005555555555555545	3	0.0019245008972987728	0.0011111111111111228	02_5
xyloglucan	BMAA	xyloglucan	A. hadrus	CM02_05	xyloglucan	3.75	-0.0022222222222222088	3	0.005091750772173143	0.002939723678960649	02_5
xyloglucan	BMAA	xyloglucan	A. hadrus	CM02_05	xyloglucan	4	0.0011111111111111276	3	0.0038490017945974897	0.0022222222222222135	02_5
xyloglucan	BMAA	xyloglucan	A. hadrus	CM02_05	xyloglucan	4.25	0.007777777777777782	3	0.005091750772173149	0.002939723678960653	02_5
xyloglucan	BMAA	xyloglucan	A. hadrus	CM02_05	xyloglucan	4.5	0.011111111111111118	3	0.003849001794597522	0.002222222222222232	02_5
xyloglucan	BMAA	xyloglucan	A. hadrus	CM02_05	xyloglucan	4.75	0.01777777777777779	3	0.005091750772173149	0.002939723678960653	02_5
xyloglucan	BMAA	xyloglucan	A. hadrus	CM02_05	xyloglucan	5	0.021111111111111126	3	0.010715167512214395	0.006186404847588914	02_5
xyloglucan	BMAA	xyloglucan	A. hadrus	CM02_05	xyloglucan	5.25	0.021111111111111126	3	0.010715167512214395	0.006186404847588914	02_5
xyloglucan	BMAA	xyloglucan	A. hadrus	CM02_05	xyloglucan	5.5	0.024444444444444463	3	0.008388704928078621	0.004843221048378532	02_5
xyloglucan	BMAA	xyloglucan	A. hadrus	CM02_05	xyloglucan	5.75	0.0277777777777778	3	0.005091750772173149	0.002939723678960653	02_5
xyloglucan	BMAA	xyloglucan	A. hadrus	CM02_05	xyloglucan	6	0.0277777777777778	3	0.005091750772173149	0.002939723678960653	02_5
xyloglucan	BMAA	xyloglucan	A. hadrus	CM02_05	xyloglucan	6.25	0.024444444444444463	3	0.008388704928078621	0.004843221048378532	02_5
xyloglucan	BMAA	xyloglucan	A. hadrus	CM02_05	xyloglucan	6.5	0.024444444444444463	3	0.008388704928078621	0.004843221048378532	02_5
xyloglucan	BMAA	xyloglucan	A. hadrus	CM02_05	xyloglucan	6.75	0.0277777777777778	3	0.005091750772173149	0.002939723678960653	02_5
xyloglucan	BMAA	xyloglucan	A. hadrus	CM02_05	xyloglucan	7	0.021111111111111126	3	0.003849001794597522	0.002222222222222232	02_5
xyloglucan	BMAA	xyloglucan	A. hadrus	CM02_05	xyloglucan	7.25	0.021111111111111126	3	0.003849001794597522	0.002222222222222232	02_5
xyloglucan	BMAA	xyloglucan	A. hadrus	CM02_05	xyloglucan	7.5	0.021111111111111126	3	0.003849001794597522	0.002222222222222232	02_5
xyloglucan	BMAA	xyloglucan	A. hadrus	CM02_05	xyloglucan	7.75	0.01777777777777779	3	0.005091750772173176	0.002939723678960668	02_5
xyloglucan	BMAA	xyloglucan	A. hadrus	CM02_05	xyloglucan	8	0.021111111111111126	3	0.003849001794597522	0.002222222222222232	02_5
xyloglucan	BMAA	xyloglucan	A. hadrus	CM02_05	xyloglucan	8.25	0.01777777777777779	3	0.005091750772173176	0.002939723678960668	02_5
xyloglucan	BMAA	xyloglucan	A. hadrus	CM02_05	xyloglucan	8.5	0.014444444444444454	3	0.001924500897298741	0.0011111111111111044	02_5
xyloglucan	BMAA	xyloglucan	A. hadrus	CM02_05	xyloglucan	8.75	0.014444444444444454	3	0.001924500897298741	0.0011111111111111044	02_5
xyloglucan	BMAA	xyloglucan	A. hadrus	CM02_05	xyloglucan	9	0.014444444444444454	3	0.001924500897298741	0.0011111111111111044	02_5
xyloglucan	BMAA	xyloglucan	A. hadrus	CM02_05	xyloglucan	9.25	0.014444444444444454	3	0.001924500897298741	0.0011111111111111044	02_5
xyloglucan	BMAA	xyloglucan	A. hadrus	CM02_05	xyloglucan	9.5	0.014444444444444454	3	0.001924500897298741	0.0011111111111111044	02_5
xyloglucan	BMAA	xyloglucan	A. hadrus	CM02_05	xyloglucan	9.75	0.014444444444444454	3	0.001924500897298741	0.0011111111111111044	02_5
xyloglucan	BMAA	xyloglucan	A. hadrus	CM02_05	xyloglucan	10	0.011111111111111118	3	0.006938886664887116	0.004006168083848881	02_5
xyloglucan	BMAA	xyloglucan	A. hadrus	CM02_05	xyloglucan	10.25	0.011111111111111118	3	0.006938886664887116	0.004006168083848881	02_5
xyloglucan	BMAA	xyloglucan	A. hadrus	CM02_05	xyloglucan	10.5	0.011111111111111118	3	0.006938886664887116	0.004006168083848881	02_5
xyloglucan	BMAA	xyloglucan	A. hadrus	CM02_05	xyloglucan	10.75	0.011111111111111118	3	0.006938886664887116	0.004006168083848881	02_5
xyloglucan	BMAA	xyloglucan	A. hadrus	CM02_05	xyloglucan	11	0.011111111111111118	3	0.006938886664887116	0.004006168083848881	02_5
xyloglucan	BMAA	xyloglucan	A. hadrus	CM02_05	xyloglucan	11.25	0.011111111111111118	3	0.006938886664887116	0.004006168083848881	02_5
xyloglucan	BMAA	xyloglucan	A. hadrus	CM02_05	xyloglucan	11.5	0.007777777777777782	3	0.012619796324000622	0.0072860428047800095	02_5
xyloglucan	BMAA	xyloglucan	A. hadrus	CM02_05	xyloglucan	11.75	0.007777777777777782	3	0.012619796324000622	0.0072860428047800095	02_5
xyloglucan	BMAA	xyloglucan	A. hadrus	CM02_05	xyloglucan	12	0.007777777777777782	3	0.012619796324000622	0.0072860428047800095	02_5
xyloglucan	BMAA	xyloglucan	A. hadrus	CM02_05	xyloglucan	12.25	0.007777777777777782	3	0.012619796324000622	0.0072860428047800095	02_5
xyloglucan	BMAA	xyloglucan	A. hadrus	CM02_05	xyloglucan	12.5	0.007777777777777782	3	0.012619796324000622	0.0072860428047800095	02_5
xyloglucan	BMAA	xyloglucan	A. hadrus	CM02_05	xyloglucan	12.75	0.004444444444444445	3	0.011706281947614158	0.006758625033664691	02_5
xyloglucan	BMAA	xyloglucan	A. hadrus	CM02_05	xyloglucan	13	0.004444444444444445	3	0.011706281947614158	0.006758625033664691	02_5
xyloglucan	BMAA	xyloglucan	A. hadrus	CM02_05	xyloglucan	13.25	0.0011111111111111183	3	0.016777409856157218	0.00968644209675705	02_5
xyloglucan	BMAA	xyloglucan	A. hadrus	CM02_05	xyloglucan	13.5	0.0011111111111111183	3	0.016777409856157218	0.00968644209675705	02_5
xyloglucan	BMAA	xyloglucan	A. hadrus	CM02_05	xyloglucan	13.75	0.0011111111111111183	3	0.016777409856157218	0.00968644209675705	02_5
xyloglucan	BMAA	xyloglucan	A. hadrus	CM02_05	xyloglucan	14	0.0011111111111111183	3	0.016777409856157218	0.00968644209675705	02_5
xyloglucan	BMAA	xyloglucan	A. hadrus	CM02_05	xyloglucan	14.25	-0.002222222222222218	3	0.012619796324000607	0.00728604280478	02_5
xyloglucan	BMAA	xyloglucan	A. hadrus	CM02_05	xyloglucan	14.5	-0.002222222222222218	3	0.012619796324000607	0.00728604280478	02_5
xyloglucan	BMAA	xyloglucan	A. hadrus	CM02_05	xyloglucan	14.75	-0.002222222222222218	3	0.012619796324000607	0.00728604280478	02_5
xyloglucan	BMAA	xyloglucan	A. hadrus	CM02_05	xyloglucan	15	-0.002222222222222218	3	0.012619796324000607	0.00728604280478	02_5
xyloglucan	BMAA	xyloglucan	A. hadrus	CM02_05	xyloglucan	15.25	-0.002222222222222218	3	0.012619796324000607	0.00728604280478	02_5
xyloglucan	BMAA	xyloglucan	A. hadrus	CM02_05	xyloglucan	15.5	-0.002222222222222218	3	0.012619796324000607	0.00728604280478	02_5
xyloglucan	BMAA	xyloglucan	A. hadrus	CM02_05	xyloglucan	15.75	-0.002222222222222218	3	0.012619796324000607	0.00728604280478	02_5
xyloglucan	BMAA	xyloglucan	A. hadrus	CM02_05	xyloglucan	16	-0.005555555555555554	3	0.018358568490953676	0.010599324460188287	02_5
xyloglucan	BMAA	xyloglucan	A. hadrus	CM02_05	xyloglucan	16.25	-0.005555555555555554	3	0.018358568490953676	0.010599324460188287	02_5
xyloglucan	BMAA	xyloglucan	A. hadrus	CM02_05	xyloglucan	16.5	-0.005555555555555554	3	0.018358568490953676	0.010599324460188287	02_5
xyloglucan	BMAA	xyloglucan	A. hadrus	CM02_05	xyloglucan	16.75	-0.005555555555555554	3	0.018358568490953676	0.010599324460188287	02_5
xyloglucan	BMAA	xyloglucan	A. hadrus	CM02_05	xyloglucan	17	-0.005555555555555554	3	0.018358568490953676	0.010599324460188287	02_5
xyloglucan	BMAA	xyloglucan	A. hadrus	CM02_05	xyloglucan	17.25	-0.00888888888888889	3	0.016777409856157218	0.00968644209675705	02_5
xyloglucan	BMAA	xyloglucan	A. hadrus	CM02_05	xyloglucan	17.5	-0.012222222222222209	3	0.012619796324000626	0.007286042804780011	02_5
xyloglucan	BMAA	xyloglucan	A. hadrus	CM02_05	xyloglucan	17.75	-0.012222222222222209	3	0.012619796324000626	0.007286042804780011	02_5
xyloglucan	BMAA	xyloglucan	A. hadrus	CM02_05	xyloglucan	18	-0.012222222222222209	3	0.012619796324000626	0.007286042804780011	02_5
xyloglucan	BMAA	xyloglucan	A. hadrus	CM02_05	xyloglucan	18.25	-0.012222222222222209	3	0.012619796324000626	0.007286042804780011	02_5
xyloglucan	BMAA	xyloglucan	A. hadrus	CM02_05	xyloglucan	18.5	-0.012222222222222209	3	0.012619796324000626	0.007286042804780011	02_5
xyloglucan	BMAA	xyloglucan	A. hadrus	CM02_05	xyloglucan	18.75	-0.012222222222222209	3	0.012619796324000626	0.007286042804780011	02_5
xyloglucan	BMAA	xyloglucan	A. hadrus	CM02_05	xyloglucan	19	-0.012222222222222209	3	0.012619796324000626	0.007286042804780011	02_5
xyloglucan	BMAA	xyloglucan	A. hadrus	CM02_05	xyloglucan	19.25	-0.012222222222222209	3	0.012619796324000626	0.007286042804780011	02_5
xyloglucan	BMAA	xyloglucan	A. hadrus	CM02_05	xyloglucan	19.5	-0.015555555555555545	3	0.011706281947614174	0.0067586250336647	02_5
xyloglucan	BMAA	xyloglucan	A. hadrus	CM02_05	xyloglucan	19.75	-0.012222222222222209	3	0.012619796324000626	0.007286042804780011	02_5
xyloglucan	BMAA	xyloglucan	A. hadrus	CM02_05	xyloglucan	20	-0.018888888888888882	3	0.016777409856157246	0.009686442096757068	02_5
xyloglucan	BMAA	xyloglucan	A. hadrus	CM02_05	xyloglucan	20.25	-0.015555555555555545	3	0.011706281947614174	0.0067586250336647	02_5
xyloglucan	BMAA	xyloglucan	A. hadrus	CM02_05	xyloglucan	20.5	-0.015555555555555545	3	0.011706281947614174	0.0067586250336647	02_5
xyloglucan	BMAA	xyloglucan	A. hadrus	CM02_05	xyloglucan	20.75	-0.018888888888888882	3	0.006938886664887123	0.004006168083848885	02_5
xyloglucan	BMAA	xyloglucan	A. hadrus	CM02_05	xyloglucan	21	-0.022222222222222216	3	0.012619796324000626	0.007286042804780011	02_5
xyloglucan	BMAA	xyloglucan	A. hadrus	CM02_05	xyloglucan	21.25	-0.022222222222222216	3	0.012619796324000626	0.007286042804780011	02_5
xyloglucan	BMAA	xyloglucan	A. hadrus	CM02_05	xyloglucan	21.5	-0.022222222222222216	3	0.012619796324000626	0.007286042804780011	02_5
xyloglucan	BMAA	xyloglucan	A. hadrus	CM02_05	xyloglucan	21.75	-0.022222222222222216	3	0.012619796324000626	0.007286042804780011	02_5
xyloglucan	BMAA	xyloglucan	A. hadrus	CM02_05	xyloglucan	22	-0.022222222222222216	3	0.012619796324000626	0.007286042804780011	02_5
xyloglucan	BMAA	xyloglucan	A. hadrus	CM02_05	xyloglucan	22.25	-0.022222222222222216	3	0.012619796324000626	0.007286042804780011	02_5
xyloglucan	BMAA	xyloglucan	A. hadrus	CM02_05	xyloglucan	22.5	-0.022222222222222216	3	0.012619796324000626	0.007286042804780011	02_5
xyloglucan	BMAA	xyloglucan	A. hadrus	CM02_05	xyloglucan	22.75	-0.022222222222222216	3	0.012619796324000626	0.007286042804780011	02_5
xyloglucan	BMAA	xyloglucan	A. hadrus	CM02_05	xyloglucan	23	-0.022222222222222216	3	0.012619796324000626	0.007286042804780011	02_5
xyloglucan	BMAA	xyloglucan	A. hadrus	CM02_05	xyloglucan	23.25	-0.022222222222222216	3	0.012619796324000626	0.007286042804780011	02_5
xyloglucan	BMAA	xyloglucan	A. hadrus	CM02_05	xyloglucan	23.5	-0.025555555555555554	3	0.010183501544346323	0.00587944735792132	02_5
xyloglucan	BMAA	xyloglucan	A. hadrus	CM02_05	xyloglucan	23.75	-0.025555555555555554	3	0.010183501544346323	0.00587944735792132	02_5
xyloglucan	BMAA	xyloglucan	A. hadrus	CM02_05	xyloglucan	24	-0.022222222222222216	3	0.01503083250940966	0.008678055195451846	02_5
GOS_betaglucan	BMAA	GOS_betaglucan	A. caccae	CM02_91A	GOS_betaglucan	0	0.02666666666666666	3	0.021858128414340015	0.012619796324000615	02_91A
GOS_betaglucan	BMAA	GOS_betaglucan	A. caccae	CM02_91A	GOS_betaglucan	0.25	-0.003333333333333327	3	0.008819171036881951	0.005091750772173146	02_91A
GOS_betaglucan	BMAA	GOS_betaglucan	A. caccae	CM02_91A	GOS_betaglucan	0.5	-0.023333333333333334	3	0.01452966314513559	0.008388704928078618	02_91A
GOS_betaglucan	BMAA	GOS_betaglucan	A. caccae	CM02_91A	GOS_betaglucan	0.75	-0.02	3	0.012018504251546646	0.006938886664887118	02_91A
GOS_betaglucan	BMAA	GOS_betaglucan	A. caccae	CM02_91A	GOS_betaglucan	1	-0.02	3	0.012018504251546646	0.006938886664887118	02_91A
GOS_betaglucan	BMAA	GOS_betaglucan	A. caccae	CM02_91A	GOS_betaglucan	1.25	-0.026666666666666655	3	0.017638342073763937	0.010183501544346312	02_91A
GOS_betaglucan	BMAA	GOS_betaglucan	A. caccae	CM02_91A	GOS_betaglucan	1.5	-0.026666666666666655	3	0.017638342073763937	0.010183501544346312	02_91A
GOS_betaglucan	BMAA	GOS_betaglucan	A. caccae	CM02_91A	GOS_betaglucan	1.75	-0.033333333333333326	3	0.023333333333333338	0.013471506281091271	02_91A
GOS_betaglucan	BMAA	GOS_betaglucan	A. caccae	CM02_91A	GOS_betaglucan	2	-0.03999999999999998	3	0.029059326290271154	0.01677740985615722	02_91A
GOS_betaglucan	BMAA	GOS_betaglucan	A. caccae	CM02_91A	GOS_betaglucan	2.25	-0.03999999999999998	3	0.029059326290271154	0.01677740985615722	02_91A
GOS_betaglucan	BMAA	GOS_betaglucan	A. caccae	CM02_91A	GOS_betaglucan	2.5	-0.03999999999999998	3	0.029059326290271154	0.01677740985615722	02_91A
GOS_betaglucan	BMAA	GOS_betaglucan	A. caccae	CM02_91A	GOS_betaglucan	2.75	-0.04999999999999999	3	0.029059326290271154	0.01677740985615722	02_91A
GOS_betaglucan	BMAA	GOS_betaglucan	A. caccae	CM02_91A	GOS_betaglucan	3	-0.05333333333333332	3	0.03179797338056485	0.018358568490953672	02_91A
GOS_betaglucan	BMAA	GOS_betaglucan	A. caccae	CM02_91A	GOS_betaglucan	3.25	-0.056666666666666664	3	0.0348010216963685	0.02009237924447236	02_91A
GOS_betaglucan	BMAA	GOS_betaglucan	A. caccae	CM02_91A	GOS_betaglucan	3.5	-0.06	3	0.037564758898615484	0.02168802366215904	02_91A
GOS_betaglucan	BMAA	GOS_betaglucan	A. caccae	CM02_91A	GOS_betaglucan	3.75	-0.06	3	0.037564758898615484	0.02168802366215904	02_91A
GOS_betaglucan	BMAA	GOS_betaglucan	A. caccae	CM02_91A	GOS_betaglucan	4	-0.06	3	0.037564758898615484	0.02168802366215904	02_91A
GOS_betaglucan	BMAA	GOS_betaglucan	A. caccae	CM02_91A	GOS_betaglucan	4.25	-0.06333333333333332	3	0.04055175020198813	0.02341256389522831	02_91A
GOS_betaglucan	BMAA	GOS_betaglucan	A. caccae	CM02_91A	GOS_betaglucan	4.5	-0.07333333333333332	3	0.04910306620885411	0.028349668493717936	02_91A
GOS_betaglucan	BMAA	GOS_betaglucan	A. caccae	CM02_91A	GOS_betaglucan	4.75	-0.06666666666666667	3	0.043333333333333335	0.025018511664883787	02_91A
GOS_betaglucan	BMAA	GOS_betaglucan	A. caccae	CM02_91A	GOS_betaglucan	5	-0.06666666666666667	3	0.043333333333333335	0.025018511664883787	02_91A
GOS_betaglucan	BMAA	GOS_betaglucan	A. caccae	CM02_91A	GOS_betaglucan	5.25	-0.06999999999999999	3	0.03756475889861548	0.021688023662159037	02_91A
GOS_betaglucan	BMAA	GOS_betaglucan	A. caccae	CM02_91A	GOS_betaglucan	5.5	-0.07333333333333332	3	0.040960685758148346	0.023648662948658618	02_91A
GOS_betaglucan	BMAA	GOS_betaglucan	A. caccae	CM02_91A	GOS_betaglucan	5.75	-0.07666666666666666	3	0.04333333333333332	0.025018511664883777	02_91A
GOS_betaglucan	BMAA	GOS_betaglucan	A. caccae	CM02_91A	GOS_betaglucan	6	-0.07666666666666666	3	0.04333333333333332	0.025018511664883777	02_91A
GOS_betaglucan	BMAA	GOS_betaglucan	A. caccae	CM02_91A	GOS_betaglucan	6.25	-0.07333333333333332	3	0.040960685758148346	0.023648662948658618	02_91A
GOS_betaglucan	BMAA	GOS_betaglucan	A. caccae	CM02_91A	GOS_betaglucan	6.5	-0.07666666666666666	3	0.04333333333333332	0.025018511664883777	02_91A
GOS_betaglucan	BMAA	GOS_betaglucan	A. caccae	CM02_91A	GOS_betaglucan	6.75	-0.07666666666666666	3	0.04333333333333332	0.025018511664883777	02_91A
GOS_betaglucan	BMAA	GOS_betaglucan	A. caccae	CM02_91A	GOS_betaglucan	7	-0.08	3	0.046666666666666655	0.026943012562182532	02_91A
GOS_betaglucan	BMAA	GOS_betaglucan	A. caccae	CM02_91A	GOS_betaglucan	7.25	-0.08	3	0.046666666666666655	0.026943012562182532	02_91A
GOS_betaglucan	BMAA	GOS_betaglucan	A. caccae	CM02_91A	GOS_betaglucan	7.5	-0.08	3	0.046666666666666655	0.026943012562182532	02_91A
GOS_betaglucan	BMAA	GOS_betaglucan	A. caccae	CM02_91A	GOS_betaglucan	7.75	-0.08	3	0.046666666666666655	0.026943012562182532	02_91A
GOS_betaglucan	BMAA	GOS_betaglucan	A. caccae	CM02_91A	GOS_betaglucan	8	-0.08	3	0.046666666666666655	0.026943012562182532	02_91A
GOS_betaglucan	BMAA	GOS_betaglucan	A. caccae	CM02_91A	GOS_betaglucan	8.25	-0.08	3	0.046666666666666655	0.026943012562182532	02_91A
GOS_betaglucan	BMAA	GOS_betaglucan	A. caccae	CM02_91A	GOS_betaglucan	8.5	-0.08	3	0.046666666666666655	0.026943012562182532	02_91A
GOS_betaglucan	BMAA	GOS_betaglucan	A. caccae	CM02_91A	GOS_betaglucan	8.75	-0.08333333333333333	3	0.04910306620885411	0.028349668493717936	02_91A
GOS_betaglucan	BMAA	GOS_betaglucan	A. caccae	CM02_91A	GOS_betaglucan	9	-0.08666666666666667	3	0.0523874454850057	0.03024590575292489	02_91A
GOS_betaglucan	BMAA	GOS_betaglucan	A. caccae	CM02_91A	GOS_betaglucan	9.25	-0.08666666666666667	3	0.0523874454850057	0.03024590575292489	02_91A
GOS_betaglucan	BMAA	GOS_betaglucan	A. caccae	CM02_91A	GOS_betaglucan	9.5	-0.08	3	0.046666666666666655	0.026943012562182532	02_91A
GOS_betaglucan	BMAA	GOS_betaglucan	A. caccae	CM02_91A	GOS_betaglucan	9.75	-0.08666666666666667	3	0.0523874454850057	0.03024590575292489	02_91A
GOS_betaglucan	BMAA	GOS_betaglucan	A. caccae	CM02_91A	GOS_betaglucan	10	-0.08666666666666667	3	0.0523874454850057	0.03024590575292489	02_91A
GOS_betaglucan	BMAA	GOS_betaglucan	A. caccae	CM02_91A	GOS_betaglucan	10.25	-0.08666666666666667	3	0.0523874454850057	0.03024590575292489	02_91A
GOS_betaglucan	BMAA	GOS_betaglucan	A. caccae	CM02_91A	GOS_betaglucan	10.5	-0.08666666666666667	3	0.0523874454850057	0.03024590575292489	02_91A
GOS_betaglucan	BMAA	GOS_betaglucan	A. caccae	CM02_91A	GOS_betaglucan	10.75	-0.08666666666666667	3	0.0523874454850057	0.03024590575292489	02_91A
GOS_betaglucan	BMAA	GOS_betaglucan	A. caccae	CM02_91A	GOS_betaglucan	11	-0.08666666666666667	3	0.0523874454850057	0.03024590575292489	02_91A
GOS_betaglucan	BMAA	GOS_betaglucan	A. caccae	CM02_91A	GOS_betaglucan	11.25	-0.08666666666666667	3	0.0523874454850057	0.03024590575292489	02_91A
GOS_betaglucan	BMAA	GOS_betaglucan	A. caccae	CM02_91A	GOS_betaglucan	11.5	-0.09333333333333332	3	0.0581186525805423	0.033554819712314436	02_91A
GOS_betaglucan	BMAA	GOS_betaglucan	A. caccae	CM02_91A	GOS_betaglucan	11.75	-0.09333333333333332	3	0.0581186525805423	0.033554819712314436	02_91A
GOS_betaglucan	BMAA	GOS_betaglucan	A. caccae	CM02_91A	GOS_betaglucan	12	-0.09333333333333332	3	0.0581186525805423	0.033554819712314436	02_91A
GOS_betaglucan	BMAA	GOS_betaglucan	A. caccae	CM02_91A	GOS_betaglucan	12.25	-0.09333333333333332	3	0.0581186525805423	0.033554819712314436	02_91A
GOS_betaglucan	BMAA	GOS_betaglucan	A. caccae	CM02_91A	GOS_betaglucan	12.5	-0.09333333333333332	3	0.0581186525805423	0.033554819712314436	02_91A
GOS_betaglucan	BMAA	GOS_betaglucan	A. caccae	CM02_91A	GOS_betaglucan	12.75	-0.09333333333333332	3	0.0581186525805423	0.033554819712314436	02_91A
GOS_betaglucan	BMAA	GOS_betaglucan	A. caccae	CM02_91A	GOS_betaglucan	13	-0.09333333333333332	3	0.0581186525805423	0.033554819712314436	02_91A
GOS_betaglucan	BMAA	GOS_betaglucan	A. caccae	CM02_91A	GOS_betaglucan	13.25	-0.09666666666666666	3	0.06173419725817377	0.035642255405212084	02_91A
GOS_betaglucan	BMAA	GOS_betaglucan	A. caccae	CM02_91A	GOS_betaglucan	13.5	-0.09333333333333332	3	0.0581186525805423	0.033554819712314436	02_91A
GOS_betaglucan	BMAA	GOS_betaglucan	A. caccae	CM02_91A	GOS_betaglucan	13.75	-0.09333333333333332	3	0.0581186525805423	0.033554819712314436	02_91A
GOS_betaglucan	BMAA	GOS_betaglucan	A. caccae	CM02_91A	GOS_betaglucan	14	-0.09333333333333332	3	0.0581186525805423	0.033554819712314436	02_91A
GOS_betaglucan	BMAA	GOS_betaglucan	A. caccae	CM02_91A	GOS_betaglucan	14.25	-0.09333333333333332	3	0.0581186525805423	0.033554819712314436	02_91A
GOS_betaglucan	BMAA	GOS_betaglucan	A. caccae	CM02_91A	GOS_betaglucan	14.5	-0.09666666666666666	3	0.06173419725817377	0.035642255405212084	02_91A
GOS_betaglucan	BMAA	GOS_betaglucan	A. caccae	CM02_91A	GOS_betaglucan	14.75	-0.09666666666666666	3	0.06173419725817377	0.035642255405212084	02_91A
GOS_betaglucan	BMAA	GOS_betaglucan	A. caccae	CM02_91A	GOS_betaglucan	15	-0.09666666666666666	3	0.06173419725817377	0.035642255405212084	02_91A
GOS_betaglucan	BMAA	GOS_betaglucan	A. caccae	CM02_91A	GOS_betaglucan	15.25	-0.09666666666666666	3	0.06173419725817377	0.035642255405212084	02_91A
GOS_betaglucan	BMAA	GOS_betaglucan	A. caccae	CM02_91A	GOS_betaglucan	15.5	-0.09666666666666666	3	0.06173419725817377	0.035642255405212084	02_91A
GOS_betaglucan	BMAA	GOS_betaglucan	A. caccae	CM02_91A	GOS_betaglucan	15.75	-0.09666666666666666	3	0.06173419725817377	0.035642255405212084	02_91A
GOS_betaglucan	BMAA	GOS_betaglucan	A. caccae	CM02_91A	GOS_betaglucan	16	-0.09999999999999999	3	0.06565905201197403	0.037908271353848846	02_91A
GOS_betaglucan	BMAA	GOS_betaglucan	A. caccae	CM02_91A	GOS_betaglucan	16.25	-0.10333333333333333	3	0.06741249472052227	0.03892062197363776	02_91A
GOS_betaglucan	BMAA	GOS_betaglucan	A. caccae	CM02_91A	GOS_betaglucan	16.5	-0.10333333333333333	3	0.06741249472052227	0.03892062197363776	02_91A
GOS_betaglucan	BMAA	GOS_betaglucan	A. caccae	CM02_91A	GOS_betaglucan	16.75	-0.10333333333333333	3	0.06741249472052227	0.03892062197363776	02_91A
GOS_betaglucan	BMAA	GOS_betaglucan	A. caccae	CM02_91A	GOS_betaglucan	17	-0.10333333333333333	3	0.06741249472052227	0.03892062197363776	02_91A
GOS_betaglucan	BMAA	GOS_betaglucan	A. caccae	CM02_91A	GOS_betaglucan	17.25	-0.10333333333333333	3	0.06741249472052227	0.03892062197363776	02_91A
GOS_betaglucan	BMAA	GOS_betaglucan	A. caccae	CM02_91A	GOS_betaglucan	17.5	-0.10666666666666666	3	0.07125852775477315	0.0411411301812747	02_91A
GOS_betaglucan	BMAA	GOS_betaglucan	A. caccae	CM02_91A	GOS_betaglucan	17.75	-0.11	3	0.07310570733153768	0.04220759980716128	02_91A
GOS_betaglucan	BMAA	GOS_betaglucan	A. caccae	CM02_91A	GOS_betaglucan	18	-0.10666666666666667	3	0.069602043392737	0.04018475848894472	02_91A
GOS_betaglucan	BMAA	GOS_betaglucan	A. caccae	CM02_91A	GOS_betaglucan	18.25	-0.10666666666666667	3	0.069602043392737	0.04018475848894472	02_91A
GOS_betaglucan	BMAA	GOS_betaglucan	A. caccae	CM02_91A	GOS_betaglucan	18.5	-0.10666666666666667	3	0.069602043392737	0.04018475848894472	02_91A
GOS_betaglucan	BMAA	GOS_betaglucan	A. caccae	CM02_91A	GOS_betaglucan	18.75	-0.10666666666666667	3	0.069602043392737	0.04018475848894472	02_91A
GOS_betaglucan	BMAA	GOS_betaglucan	A. caccae	CM02_91A	GOS_betaglucan	19	-0.11	3	0.07310570733153768	0.04220759980716128	02_91A
GOS_betaglucan	BMAA	GOS_betaglucan	A. caccae	CM02_91A	GOS_betaglucan	19.25	-0.11333333333333333	3	0.06741249472052228	0.03892062197363777	02_91A
GOS_betaglucan	BMAA	GOS_betaglucan	A. caccae	CM02_91A	GOS_betaglucan	19.5	-0.11333333333333333	3	0.06741249472052228	0.03892062197363777	02_91A
GOS_betaglucan	BMAA	GOS_betaglucan	A. caccae	CM02_91A	GOS_betaglucan	19.75	-0.11333333333333333	3	0.06741249472052228	0.03892062197363777	02_91A
GOS_betaglucan	BMAA	GOS_betaglucan	A. caccae	CM02_91A	GOS_betaglucan	20	-0.11333333333333333	3	0.06741249472052228	0.03892062197363777	02_91A
GOS_betaglucan	BMAA	GOS_betaglucan	A. caccae	CM02_91A	GOS_betaglucan	20.25	-0.11666666666666665	3	0.069602043392737	0.04018475848894472	02_91A
GOS_betaglucan	BMAA	GOS_betaglucan	A. caccae	CM02_91A	GOS_betaglucan	20.5	-0.11999999999999998	3	0.07310570733153769	0.04220759980716129	02_91A
GOS_betaglucan	BMAA	GOS_betaglucan	A. caccae	CM02_91A	GOS_betaglucan	20.75	-0.11666666666666665	3	0.069602043392737	0.04018475848894472	02_91A
GOS_betaglucan	BMAA	GOS_betaglucan	A. caccae	CM02_91A	GOS_betaglucan	21	-0.11666666666666665	3	0.069602043392737	0.04018475848894472	02_91A
GOS_betaglucan	BMAA	GOS_betaglucan	A. caccae	CM02_91A	GOS_betaglucan	21.25	-0.11666666666666665	3	0.069602043392737	0.04018475848894472	02_91A
GOS_betaglucan	BMAA	GOS_betaglucan	A. caccae	CM02_91A	GOS_betaglucan	21.5	-0.11666666666666665	3	0.069602043392737	0.04018475848894472	02_91A
GOS_betaglucan	BMAA	GOS_betaglucan	A. caccae	CM02_91A	GOS_betaglucan	21.75	-0.11333333333333333	3	0.07535103036971542	0.04350393766767087	02_91A
GOS_betaglucan	BMAA	GOS_betaglucan	A. caccae	CM02_91A	GOS_betaglucan	22	-0.11999999999999998	3	0.07310570733153769	0.04220759980716129	02_91A
GOS_betaglucan	BMAA	GOS_betaglucan	A. caccae	CM02_91A	GOS_betaglucan	22.25	-0.11999999999999998	3	0.07310570733153769	0.04220759980716129	02_91A
GOS_betaglucan	BMAA	GOS_betaglucan	A. caccae	CM02_91A	GOS_betaglucan	22.5	-0.11999999999999998	3	0.07310570733153769	0.04220759980716129	02_91A
GOS_betaglucan	BMAA	GOS_betaglucan	A. caccae	CM02_91A	GOS_betaglucan	22.75	-0.11999999999999998	3	0.07310570733153769	0.04220759980716129	02_91A
GOS_betaglucan	BMAA	GOS_betaglucan	A. caccae	CM02_91A	GOS_betaglucan	23	-0.11999999999999998	3	0.07310570733153769	0.04220759980716129	02_91A
GOS_betaglucan	BMAA	GOS_betaglucan	A. caccae	CM02_91A	GOS_betaglucan	23.25	-0.11666666666666665	3	0.07125852775477318	0.041141130181274715	02_91A
GOS_betaglucan	BMAA	GOS_betaglucan	A. caccae	CM02_91A	GOS_betaglucan	23.5	-0.11666666666666665	3	0.07125852775477318	0.041141130181274715	02_91A
GOS_betaglucan	BMAA	GOS_betaglucan	A. caccae	CM02_91A	GOS_betaglucan	23.75	-0.11333333333333333	3	0.06984108946585654	0.04032277180360901	02_91A
GOS_betaglucan	BMAA	GOS_betaglucan	A. caccae	CM02_91A	GOS_betaglucan	24	-0.11333333333333333	3	0.06984108946585654	0.04032277180360901	02_91A
arabinogalactan	BMAA	arabinogalactan	A. caccae	CM02_91A	arabinogalactan	0	0.01	3	0.005773502691896263	0.0033333333333333366	02_91A
arabinogalactan	BMAA	arabinogalactan	A. caccae	CM02_91A	arabinogalactan	0.25	-0.003333333333333336	3	0.0057735026918962545	0.003333333333333332	02_91A
arabinogalactan	BMAA	arabinogalactan	A. caccae	CM02_91A	arabinogalactan	0.5	-0.006666666666666672	3	1.6028600853340853e-17	9.254117017409407e-18	02_91A
arabinogalactan	BMAA	arabinogalactan	A. caccae	CM02_91A	arabinogalactan	0.75	-0.006666666666666664	3	0.009999999999999995	0.005773502691896255	02_91A
arabinogalactan	BMAA	arabinogalactan	A. caccae	CM02_91A	arabinogalactan	1	-0.006666666666666664	3	0.009999999999999995	0.005773502691896255	02_91A
arabinogalactan	BMAA	arabinogalactan	A. caccae	CM02_91A	arabinogalactan	1.25	-0.003333333333333336	3	0.0057735026918962545	0.003333333333333332	02_91A
arabinogalactan	BMAA	arabinogalactan	A. caccae	CM02_91A	arabinogalactan	1.5	0	3	0.005773502691896271	0.0033333333333333414	02_91A
arabinogalactan	BMAA	arabinogalactan	A. caccae	CM02_91A	arabinogalactan	1.75	-0.003333333333333336	3	0.0057735026918962545	0.003333333333333332	02_91A
arabinogalactan	BMAA	arabinogalactan	A. caccae	CM02_91A	arabinogalactan	2	-0.003333333333333336	3	0.0057735026918962545	0.003333333333333332	02_91A
arabinogalactan	BMAA	arabinogalactan	A. caccae	CM02_91A	arabinogalactan	2.25	-0.003333333333333336	3	0.0057735026918962545	0.003333333333333332	02_91A
arabinogalactan	BMAA	arabinogalactan	A. caccae	CM02_91A	arabinogalactan	2.5	-0.006666666666666672	3	1.6028600853340853e-17	9.254117017409407e-18	02_91A
arabinogalactan	BMAA	arabinogalactan	A. caccae	CM02_91A	arabinogalactan	2.75	-0.010000000000000009	3	0.005773502691896271	0.0033333333333333414	02_91A
arabinogalactan	BMAA	arabinogalactan	A. caccae	CM02_91A	arabinogalactan	3	-0.013333333333333345	3	0.0057735026918962545	0.003333333333333332	02_91A
arabinogalactan	BMAA	arabinogalactan	A. caccae	CM02_91A	arabinogalactan	3.25	-0.010000000000000009	3	0.005773502691896247	0.003333333333333327	02_91A
arabinogalactan	BMAA	arabinogalactan	A. caccae	CM02_91A	arabinogalactan	3.5	-0.006666666666666672	3	1.6028600853340853e-17	9.254117017409407e-18	02_91A
arabinogalactan	BMAA	arabinogalactan	A. caccae	CM02_91A	arabinogalactan	3.75	-0.006666666666666672	3	1.6028600853340853e-17	9.254117017409407e-18	02_91A
arabinogalactan	BMAA	arabinogalactan	A. caccae	CM02_91A	arabinogalactan	4	-0.01	3	0.0057735026918962545	0.003333333333333332	02_91A
arabinogalactan	BMAA	arabinogalactan	A. caccae	CM02_91A	arabinogalactan	4.25	-0.013333333333333336	3	0.005773502691896271	0.0033333333333333414	02_91A
arabinogalactan	BMAA	arabinogalactan	A. caccae	CM02_91A	arabinogalactan	4.5	-0.016666666666666673	3	1.6087163711389116e-17	9.287928299268086e-18	02_91A
arabinogalactan	BMAA	arabinogalactan	A. caccae	CM02_91A	arabinogalactan	4.75	-0.016666666666666673	3	1.6087163711389116e-17	9.287928299268086e-18	02_91A
arabinogalactan	BMAA	arabinogalactan	A. caccae	CM02_91A	arabinogalactan	5	-0.016666666666666673	3	1.6087163711389116e-17	9.287928299268086e-18	02_91A
arabinogalactan	BMAA	arabinogalactan	A. caccae	CM02_91A	arabinogalactan	5.25	-0.016666666666666673	3	1.6087163711389116e-17	9.287928299268086e-18	02_91A
arabinogalactan	BMAA	arabinogalactan	A. caccae	CM02_91A	arabinogalactan	5.5	-0.016666666666666673	3	1.6087163711389116e-17	9.287928299268086e-18	02_91A
arabinogalactan	BMAA	arabinogalactan	A. caccae	CM02_91A	arabinogalactan	5.75	-0.016666666666666673	3	1.6087163711389116e-17	9.287928299268086e-18	02_91A
arabinogalactan	BMAA	arabinogalactan	A. caccae	CM02_91A	arabinogalactan	6	-0.016666666666666673	3	1.6087163711389116e-17	9.287928299268086e-18	02_91A
arabinogalactan	BMAA	arabinogalactan	A. caccae	CM02_91A	arabinogalactan	6.25	-0.016666666666666673	3	1.6087163711389116e-17	9.287928299268086e-18	02_91A
arabinogalactan	BMAA	arabinogalactan	A. caccae	CM02_91A	arabinogalactan	6.5	-0.016666666666666673	3	1.6087163711389116e-17	9.287928299268086e-18	02_91A
arabinogalactan	BMAA	arabinogalactan	A. caccae	CM02_91A	arabinogalactan	6.75	-0.016666666666666673	3	1.6087163711389116e-17	9.287928299268086e-18	02_91A
arabinogalactan	BMAA	arabinogalactan	A. caccae	CM02_91A	arabinogalactan	7	-0.016666666666666673	3	1.6087163711389116e-17	9.287928299268086e-18	02_91A
arabinogalactan	BMAA	arabinogalactan	A. caccae	CM02_91A	arabinogalactan	7.25	-0.016666666666666673	3	1.6087163711389116e-17	9.287928299268086e-18	02_91A
arabinogalactan	BMAA	arabinogalactan	A. caccae	CM02_91A	arabinogalactan	7.5	-0.016666666666666673	3	1.6087163711389116e-17	9.287928299268086e-18	02_91A
arabinogalactan	BMAA	arabinogalactan	A. caccae	CM02_91A	arabinogalactan	7.75	-0.016666666666666673	3	1.6087163711389116e-17	9.287928299268086e-18	02_91A
arabinogalactan	BMAA	arabinogalactan	A. caccae	CM02_91A	arabinogalactan	8	-0.02	3	0.005773502691896239	0.0033333333333333227	02_91A
arabinogalactan	BMAA	arabinogalactan	A. caccae	CM02_91A	arabinogalactan	8.25	-0.02	3	0.005773502691896239	0.0033333333333333227	02_91A
arabinogalactan	BMAA	arabinogalactan	A. caccae	CM02_91A	arabinogalactan	8.5	-0.02	3	0.005773502691896239	0.0033333333333333227	02_91A
arabinogalactan	BMAA	arabinogalactan	A. caccae	CM02_91A	arabinogalactan	8.75	-0.02	3	0.005773502691896239	0.0033333333333333227	02_91A
arabinogalactan	BMAA	arabinogalactan	A. caccae	CM02_91A	arabinogalactan	9	-0.02	3	0.005773502691896239	0.0033333333333333227	02_91A
arabinogalactan	BMAA	arabinogalactan	A. caccae	CM02_91A	arabinogalactan	9.25	-0.023333333333333327	3	0.0057735026918962545	0.003333333333333332	02_91A
arabinogalactan	BMAA	arabinogalactan	A. caccae	CM02_91A	arabinogalactan	9.5	-0.023333333333333327	3	0.0057735026918962545	0.003333333333333332	02_91A
arabinogalactan	BMAA	arabinogalactan	A. caccae	CM02_91A	arabinogalactan	9.75	-0.023333333333333327	3	0.0057735026918962545	0.003333333333333332	02_91A
arabinogalactan	BMAA	arabinogalactan	A. caccae	CM02_91A	arabinogalactan	10	-0.023333333333333327	3	0.0057735026918962545	0.003333333333333332	02_91A
arabinogalactan	BMAA	arabinogalactan	A. caccae	CM02_91A	arabinogalactan	10.25	-0.023333333333333327	3	0.0057735026918962545	0.003333333333333332	02_91A
arabinogalactan	BMAA	arabinogalactan	A. caccae	CM02_91A	arabinogalactan	10.5	-0.023333333333333327	3	0.0057735026918962545	0.003333333333333332	02_91A
arabinogalactan	BMAA	arabinogalactan	A. caccae	CM02_91A	arabinogalactan	10.75	-0.023333333333333327	3	0.0057735026918962545	0.003333333333333332	02_91A
arabinogalactan	BMAA	arabinogalactan	A. caccae	CM02_91A	arabinogalactan	11	-0.02666666666666666	3	0.009999999999999995	0.005773502691896255	02_91A
arabinogalactan	BMAA	arabinogalactan	A. caccae	CM02_91A	arabinogalactan	11.25	-0.023333333333333327	3	0.0057735026918962545	0.003333333333333332	02_91A
arabinogalactan	BMAA	arabinogalactan	A. caccae	CM02_91A	arabinogalactan	11.5	-0.023333333333333327	3	0.0057735026918962545	0.003333333333333332	02_91A
arabinogalactan	BMAA	arabinogalactan	A. caccae	CM02_91A	arabinogalactan	11.75	-0.023333333333333327	3	0.0057735026918962545	0.003333333333333332	02_91A
arabinogalactan	BMAA	arabinogalactan	A. caccae	CM02_91A	arabinogalactan	12	-0.023333333333333327	3	0.0057735026918962545	0.003333333333333332	02_91A
arabinogalactan	BMAA	arabinogalactan	A. caccae	CM02_91A	arabinogalactan	12.25	-0.023333333333333327	3	0.0057735026918962545	0.003333333333333332	02_91A
arabinogalactan	BMAA	arabinogalactan	A. caccae	CM02_91A	arabinogalactan	12.5	-0.02666666666666666	3	1.6087163711389116e-17	9.287928299268086e-18	02_91A
arabinogalactan	BMAA	arabinogalactan	A. caccae	CM02_91A	arabinogalactan	12.75	-0.03	3	0.005773502691896247	0.003333333333333327	02_91A
arabinogalactan	BMAA	arabinogalactan	A. caccae	CM02_91A	arabinogalactan	13	-0.03	3	0.005773502691896247	0.003333333333333327	02_91A
arabinogalactan	BMAA	arabinogalactan	A. caccae	CM02_91A	arabinogalactan	13.25	-0.03	3	0.005773502691896247	0.003333333333333327	02_91A
arabinogalactan	BMAA	arabinogalactan	A. caccae	CM02_91A	arabinogalactan	13.5	-0.03	3	0.005773502691896247	0.003333333333333327	02_91A
arabinogalactan	BMAA	arabinogalactan	A. caccae	CM02_91A	arabinogalactan	13.75	-0.03	3	0.005773502691896247	0.003333333333333327	02_91A
arabinogalactan	BMAA	arabinogalactan	A. caccae	CM02_91A	arabinogalactan	14	-0.03	3	0.005773502691896247	0.003333333333333327	02_91A
arabinogalactan	BMAA	arabinogalactan	A. caccae	CM02_91A	arabinogalactan	14.25	-0.03	3	0.005773502691896247	0.003333333333333327	02_91A
arabinogalactan	BMAA	arabinogalactan	A. caccae	CM02_91A	arabinogalactan	14.5	-0.03	3	0.005773502691896247	0.003333333333333327	02_91A
arabinogalactan	BMAA	arabinogalactan	A. caccae	CM02_91A	arabinogalactan	14.75	-0.03	3	0.005773502691896247	0.003333333333333327	02_91A
arabinogalactan	BMAA	arabinogalactan	A. caccae	CM02_91A	arabinogalactan	15	-0.03	3	0.005773502691896247	0.003333333333333327	02_91A
arabinogalactan	BMAA	arabinogalactan	A. caccae	CM02_91A	arabinogalactan	15.25	-0.03	3	0.005773502691896247	0.003333333333333327	02_91A
arabinogalactan	BMAA	arabinogalactan	A. caccae	CM02_91A	arabinogalactan	15.5	-0.03	3	0.005773502691896247	0.003333333333333327	02_91A
arabinogalactan	BMAA	arabinogalactan	A. caccae	CM02_91A	arabinogalactan	15.75	-0.03	3	0.005773502691896247	0.003333333333333327	02_91A
arabinogalactan	BMAA	arabinogalactan	A. caccae	CM02_91A	arabinogalactan	16	-0.03	3	0.005773502691896247	0.003333333333333327	02_91A
arabinogalactan	BMAA	arabinogalactan	A. caccae	CM02_91A	arabinogalactan	16.25	-0.03	3	0.005773502691896247	0.003333333333333327	02_91A
arabinogalactan	BMAA	arabinogalactan	A. caccae	CM02_91A	arabinogalactan	16.5	-0.03	3	0.005773502691896247	0.003333333333333327	02_91A
arabinogalactan	BMAA	arabinogalactan	A. caccae	CM02_91A	arabinogalactan	16.75	-0.03	3	0.005773502691896247	0.003333333333333327	02_91A
arabinogalactan	BMAA	arabinogalactan	A. caccae	CM02_91A	arabinogalactan	17	-0.03	3	0.005773502691896247	0.003333333333333327	02_91A
arabinogalactan	BMAA	arabinogalactan	A. caccae	CM02_91A	arabinogalactan	17.25	-0.03	3	0.005773502691896247	0.003333333333333327	02_91A
arabinogalactan	BMAA	arabinogalactan	A. caccae	CM02_91A	arabinogalactan	17.5	-0.03	3	0.005773502691896247	0.003333333333333327	02_91A
arabinogalactan	BMAA	arabinogalactan	A. caccae	CM02_91A	arabinogalactan	17.75	-0.03	3	0.005773502691896247	0.003333333333333327	02_91A
arabinogalactan	BMAA	arabinogalactan	A. caccae	CM02_91A	arabinogalactan	18	-0.03	3	0.005773502691896247	0.003333333333333327	02_91A
arabinogalactan	BMAA	arabinogalactan	A. caccae	CM02_91A	arabinogalactan	18.25	-0.03	3	0.005773502691896247	0.003333333333333327	02_91A
arabinogalactan	BMAA	arabinogalactan	A. caccae	CM02_91A	arabinogalactan	18.5	-0.03	3	0.005773502691896247	0.003333333333333327	02_91A
arabinogalactan	BMAA	arabinogalactan	A. caccae	CM02_91A	arabinogalactan	18.75	-0.03	3	0.005773502691896247	0.003333333333333327	02_91A
arabinogalactan	BMAA	arabinogalactan	A. caccae	CM02_91A	arabinogalactan	19	-0.03	3	0.005773502691896247	0.003333333333333327	02_91A
arabinogalactan	BMAA	arabinogalactan	A. caccae	CM02_91A	arabinogalactan	19.25	-0.03	3	0.005773502691896247	0.003333333333333327	02_91A
arabinogalactan	BMAA	arabinogalactan	A. caccae	CM02_91A	arabinogalactan	19.5	-0.03	3	0.005773502691896247	0.003333333333333327	02_91A
arabinogalactan	BMAA	arabinogalactan	A. caccae	CM02_91A	arabinogalactan	19.75	-0.03	3	0.005773502691896247	0.003333333333333327	02_91A
arabinogalactan	BMAA	arabinogalactan	A. caccae	CM02_91A	arabinogalactan	20	-0.03333333333333333	3	0.0057735026918962545	0.003333333333333332	02_91A
arabinogalactan	BMAA	arabinogalactan	A. caccae	CM02_91A	arabinogalactan	20.25	-0.03333333333333333	3	0.0057735026918962545	0.003333333333333332	02_91A
arabinogalactan	BMAA	arabinogalactan	A. caccae	CM02_91A	arabinogalactan	20.5	-0.03	3	0.005773502691896247	0.003333333333333327	02_91A
arabinogalactan	BMAA	arabinogalactan	A. caccae	CM02_91A	arabinogalactan	20.75	-0.03	3	0.005773502691896247	0.003333333333333327	02_91A
arabinogalactan	BMAA	arabinogalactan	A. caccae	CM02_91A	arabinogalactan	21	-0.036666666666666674	3	1.6273148661314594e-17	9.39530676017278e-18	02_91A
arabinogalactan	BMAA	arabinogalactan	A. caccae	CM02_91A	arabinogalactan	21.25	-0.036666666666666674	3	1.6273148661314594e-17	9.39530676017278e-18	02_91A
arabinogalactan	BMAA	arabinogalactan	A. caccae	CM02_91A	arabinogalactan	21.5	-0.036666666666666674	3	1.6273148661314594e-17	9.39530676017278e-18	02_91A
arabinogalactan	BMAA	arabinogalactan	A. caccae	CM02_91A	arabinogalactan	21.75	-0.036666666666666674	3	1.6273148661314594e-17	9.39530676017278e-18	02_91A
arabinogalactan	BMAA	arabinogalactan	A. caccae	CM02_91A	arabinogalactan	22	-0.036666666666666674	3	1.6273148661314594e-17	9.39530676017278e-18	02_91A
arabinogalactan	BMAA	arabinogalactan	A. caccae	CM02_91A	arabinogalactan	22.25	-0.036666666666666674	3	1.6273148661314594e-17	9.39530676017278e-18	02_91A
arabinogalactan	BMAA	arabinogalactan	A. caccae	CM02_91A	arabinogalactan	22.5	-0.036666666666666674	3	1.6273148661314594e-17	9.39530676017278e-18	02_91A
arabinogalactan	BMAA	arabinogalactan	A. caccae	CM02_91A	arabinogalactan	22.75	-0.036666666666666674	3	1.6273148661314594e-17	9.39530676017278e-18	02_91A
arabinogalactan	BMAA	arabinogalactan	A. caccae	CM02_91A	arabinogalactan	23	-0.036666666666666674	3	1.6273148661314594e-17	9.39530676017278e-18	02_91A
arabinogalactan	BMAA	arabinogalactan	A. caccae	CM02_91A	arabinogalactan	23.25	-0.036666666666666674	3	1.6273148661314594e-17	9.39530676017278e-18	02_91A
arabinogalactan	BMAA	arabinogalactan	A. caccae	CM02_91A	arabinogalactan	23.5	-0.036666666666666674	3	1.6273148661314594e-17	9.39530676017278e-18	02_91A
arabinogalactan	BMAA	arabinogalactan	A. caccae	CM02_91A	arabinogalactan	23.75	-0.036666666666666674	3	1.6273148661314594e-17	9.39530676017278e-18	02_91A
arabinogalactan	BMAA	arabinogalactan	A. caccae	CM02_91A	arabinogalactan	24	-0.036666666666666674	3	1.6273148661314594e-17	9.39530676017278e-18	02_91A
chitosan	BMAA	chitosan	A. caccae	CM02_91A	chitosan	0	0.09111111111111114	3	0.05541092284351858	0.03199151121975104	02_91A
chitosan	BMAA	chitosan	A. caccae	CM02_91A	chitosan	0.25	-0.02888888888888889	3	0.03656551704867634	0.021111111111111136	02_91A
chitosan	BMAA	chitosan	A. caccae	CM02_91A	chitosan	0.5	-0.062222222222222213	3	0.020367003088692694	0.011758894715842667	02_91A
chitosan	BMAA	chitosan	A. caccae	CM02_91A	chitosan	0.75	-0.07222222222222223	3	0.010715167512214453	0.006186404847588947	02_91A
chitosan	BMAA	chitosan	A. caccae	CM02_91A	chitosan	1	-0.06555555555555555	3	0.0050917507721732124	0.0029397236789606893	02_91A
chitosan	BMAA	chitosan	A. caccae	CM02_91A	chitosan	1.25	-0.06888888888888889	3	0.001924500897298765	0.0011111111111111183	02_91A
chitosan	BMAA	chitosan	A. caccae	CM02_91A	chitosan	1.5	-0.07555555555555556	3	0.007698003589195028	0.004444444444444455	02_91A
chitosan	BMAA	chitosan	A. caccae	CM02_91A	chitosan	1.75	-0.0788888888888889	3	0.001924500897298765	0.0011111111111111183	02_91A
chitosan	BMAA	chitosan	A. caccae	CM02_91A	chitosan	2	-0.08222222222222224	3	0.006938886664887083	0.004006168083848862	02_91A
chitosan	BMAA	chitosan	A. caccae	CM02_91A	chitosan	2.25	-0.08555555555555557	3	0.012619796324000582	0.007286042804779986	02_91A
chitosan	BMAA	chitosan	A. caccae	CM02_91A	chitosan	2.5	-0.08555555555555557	3	0.012619796324000582	0.007286042804779986	02_91A
chitosan	BMAA	chitosan	A. caccae	CM02_91A	chitosan	2.75	-0.08222222222222224	3	0.01677740985615721	0.009686442096757047	02_91A
chitosan	BMAA	chitosan	A. caccae	CM02_91A	chitosan	3	-0.08222222222222224	3	0.01677740985615721	0.009686442096757047	02_91A
chitosan	BMAA	chitosan	A. caccae	CM02_91A	chitosan	3.25	-0.08555555555555557	3	0.022194427061597966	0.0128139584385231	02_91A
chitosan	BMAA	chitosan	A. caccae	CM02_91A	chitosan	3.5	-0.0888888888888889	3	0.01835856849095365	0.010599324460188273	02_91A
chitosan	BMAA	chitosan	A. caccae	CM02_91A	chitosan	3.75	-0.0888888888888889	3	0.01835856849095365	0.010599324460188273	02_91A
chitosan	BMAA	chitosan	A. caccae	CM02_91A	chitosan	4	-0.0888888888888889	3	0.01835856849095365	0.010599324460188273	02_91A
chitosan	BMAA	chitosan	A. caccae	CM02_91A	chitosan	4.25	-0.0888888888888889	3	0.01835856849095365	0.010599324460188273	02_91A
chitosan	BMAA	chitosan	A. caccae	CM02_91A	chitosan	4.5	-0.0888888888888889	3	0.01835856849095365	0.010599324460188273	02_91A
chitosan	BMAA	chitosan	A. caccae	CM02_91A	chitosan	4.75	-0.0888888888888889	3	0.01835856849095365	0.010599324460188273	02_91A
chitosan	BMAA	chitosan	A. caccae	CM02_91A	chitosan	5	-0.0888888888888889	3	0.01835856849095365	0.010599324460188273	02_91A
chitosan	BMAA	chitosan	A. caccae	CM02_91A	chitosan	5.25	-0.0888888888888889	3	0.01835856849095365	0.010599324460188273	02_91A
chitosan	BMAA	chitosan	A. caccae	CM02_91A	chitosan	5.5	-0.09222222222222225	3	0.015752718754175325	0.00909483641319159	02_91A
chitosan	BMAA	chitosan	A. caccae	CM02_91A	chitosan	5.75	-0.09555555555555557	3	0.012619796324000582	0.007286042804779986	02_91A
chitosan	BMAA	chitosan	A. caccae	CM02_91A	chitosan	6	-0.09222222222222225	3	0.015752718754175325	0.00909483641319159	02_91A
chitosan	BMAA	chitosan	A. caccae	CM02_91A	chitosan	6.25	-0.09222222222222225	3	0.015752718754175325	0.00909483641319159	02_91A
chitosan	BMAA	chitosan	A. caccae	CM02_91A	chitosan	6.5	-0.09222222222222225	3	0.015752718754175325	0.00909483641319159	02_91A
chitosan	BMAA	chitosan	A. caccae	CM02_91A	chitosan	6.75	-0.09222222222222225	3	0.015752718754175325	0.00909483641319159	02_91A
chitosan	BMAA	chitosan	A. caccae	CM02_91A	chitosan	7	-0.09222222222222225	3	0.015752718754175325	0.00909483641319159	02_91A
chitosan	BMAA	chitosan	A. caccae	CM02_91A	chitosan	7.25	-0.09222222222222225	3	0.015752718754175325	0.00909483641319159	02_91A
chitosan	BMAA	chitosan	A. caccae	CM02_91A	chitosan	7.5	-0.09222222222222225	3	0.015752718754175325	0.00909483641319159	02_91A
chitosan	BMAA	chitosan	A. caccae	CM02_91A	chitosan	7.75	-0.09555555555555557	3	0.015030832509409606	0.008678055195451815	02_91A
chitosan	BMAA	chitosan	A. caccae	CM02_91A	chitosan	8	-0.09555555555555557	3	0.015030832509409606	0.008678055195451815	02_91A
chitosan	BMAA	chitosan	A. caccae	CM02_91A	chitosan	8.25	-0.09222222222222225	3	0.015752718754175325	0.00909483641319159	02_91A
chitosan	BMAA	chitosan	A. caccae	CM02_91A	chitosan	8.5	-0.09222222222222225	3	0.015752718754175325	0.00909483641319159	02_91A
chitosan	BMAA	chitosan	A. caccae	CM02_91A	chitosan	8.75	-0.09222222222222225	3	0.015752718754175325	0.00909483641319159	02_91A
chitosan	BMAA	chitosan	A. caccae	CM02_91A	chitosan	9	-0.09222222222222225	3	0.015752718754175325	0.00909483641319159	02_91A
chitosan	BMAA	chitosan	A. caccae	CM02_91A	chitosan	9.25	-0.09222222222222225	3	0.015752718754175325	0.00909483641319159	02_91A
chitosan	BMAA	chitosan	A. caccae	CM02_91A	chitosan	9.5	-0.09222222222222225	3	0.015752718754175325	0.00909483641319159	02_91A
chitosan	BMAA	chitosan	A. caccae	CM02_91A	chitosan	9.75	-0.09222222222222225	3	0.015752718754175325	0.00909483641319159	02_91A
chitosan	BMAA	chitosan	A. caccae	CM02_91A	chitosan	10	-0.09555555555555557	3	0.012619796324000582	0.007286042804779986	02_91A
chitosan	BMAA	chitosan	A. caccae	CM02_91A	chitosan	10.25	-0.09222222222222225	3	0.015752718754175325	0.00909483641319159	02_91A
chitosan	BMAA	chitosan	A. caccae	CM02_91A	chitosan	10.5	-0.09222222222222225	3	0.015752718754175325	0.00909483641319159	02_91A
chitosan	BMAA	chitosan	A. caccae	CM02_91A	chitosan	10.75	-0.09222222222222225	3	0.015752718754175325	0.00909483641319159	02_91A
chitosan	BMAA	chitosan	A. caccae	CM02_91A	chitosan	11	-0.09222222222222225	3	0.015752718754175325	0.00909483641319159	02_91A
chitosan	BMAA	chitosan	A. caccae	CM02_91A	chitosan	11.25	-0.09222222222222225	3	0.015752718754175325	0.00909483641319159	02_91A
chitosan	BMAA	chitosan	A. caccae	CM02_91A	chitosan	11.5	-0.09222222222222225	3	0.015752718754175325	0.00909483641319159	02_91A
chitosan	BMAA	chitosan	A. caccae	CM02_91A	chitosan	11.75	-0.09222222222222225	3	0.015752718754175325	0.00909483641319159	02_91A
chitosan	BMAA	chitosan	A. caccae	CM02_91A	chitosan	12	-0.09222222222222225	3	0.015752718754175325	0.00909483641319159	02_91A
chitosan	BMAA	chitosan	A. caccae	CM02_91A	chitosan	12.25	-0.09222222222222225	3	0.015752718754175325	0.00909483641319159	02_91A
chitosan	BMAA	chitosan	A. caccae	CM02_91A	chitosan	12.5	-0.09222222222222225	3	0.015752718754175325	0.00909483641319159	02_91A
chitosan	BMAA	chitosan	A. caccae	CM02_91A	chitosan	12.75	-0.0888888888888889	3	0.010183501544346267	0.0058794473579212875	02_91A
chitosan	BMAA	chitosan	A. caccae	CM02_91A	chitosan	13	-0.09222222222222225	3	0.015752718754175325	0.00909483641319159	02_91A
chitosan	BMAA	chitosan	A. caccae	CM02_91A	chitosan	13.25	-0.09222222222222225	3	0.015752718754175325	0.00909483641319159	02_91A
chitosan	BMAA	chitosan	A. caccae	CM02_91A	chitosan	13.5	-0.09222222222222225	3	0.015752718754175325	0.00909483641319159	02_91A
chitosan	BMAA	chitosan	A. caccae	CM02_91A	chitosan	13.75	-0.0888888888888889	3	0.010183501544346267	0.0058794473579212875	02_91A
chitosan	BMAA	chitosan	A. caccae	CM02_91A	chitosan	14	-0.09222222222222225	3	0.015752718754175325	0.00909483641319159	02_91A
chitosan	BMAA	chitosan	A. caccae	CM02_91A	chitosan	14.25	-0.0888888888888889	3	0.010183501544346267	0.0058794473579212875	02_91A
chitosan	BMAA	chitosan	A. caccae	CM02_91A	chitosan	14.5	-0.0888888888888889	3	0.010183501544346267	0.0058794473579212875	02_91A
chitosan	BMAA	chitosan	A. caccae	CM02_91A	chitosan	14.75	-0.0888888888888889	3	0.010183501544346267	0.0058794473579212875	02_91A
chitosan	BMAA	chitosan	A. caccae	CM02_91A	chitosan	15	-0.0888888888888889	3	0.010183501544346267	0.0058794473579212875	02_91A
chitosan	BMAA	chitosan	A. caccae	CM02_91A	chitosan	15.25	-0.0888888888888889	3	0.010183501544346267	0.0058794473579212875	02_91A
chitosan	BMAA	chitosan	A. caccae	CM02_91A	chitosan	15.5	-0.0888888888888889	3	0.010183501544346267	0.0058794473579212875	02_91A
chitosan	BMAA	chitosan	A. caccae	CM02_91A	chitosan	15.75	-0.0888888888888889	3	0.010183501544346267	0.0058794473579212875	02_91A
chitosan	BMAA	chitosan	A. caccae	CM02_91A	chitosan	16	-0.0888888888888889	3	0.010183501544346267	0.0058794473579212875	02_91A
chitosan	BMAA	chitosan	A. caccae	CM02_91A	chitosan	16.25	-0.0888888888888889	3	0.010183501544346267	0.0058794473579212875	02_91A
chitosan	BMAA	chitosan	A. caccae	CM02_91A	chitosan	16.5	-0.0888888888888889	3	0.010183501544346267	0.0058794473579212875	02_91A
chitosan	BMAA	chitosan	A. caccae	CM02_91A	chitosan	16.75	-0.0888888888888889	3	0.010183501544346267	0.0058794473579212875	02_91A
chitosan	BMAA	chitosan	A. caccae	CM02_91A	chitosan	17	-0.0888888888888889	3	0.010183501544346267	0.0058794473579212875	02_91A
chitosan	BMAA	chitosan	A. caccae	CM02_91A	chitosan	17.25	-0.0888888888888889	3	0.010183501544346267	0.0058794473579212875	02_91A
chitosan	BMAA	chitosan	A. caccae	CM02_91A	chitosan	17.5	-0.0888888888888889	3	0.010183501544346267	0.0058794473579212875	02_91A
chitosan	BMAA	chitosan	A. caccae	CM02_91A	chitosan	17.75	-0.0888888888888889	3	0.010183501544346267	0.0058794473579212875	02_91A
chitosan	BMAA	chitosan	A. caccae	CM02_91A	chitosan	18	-0.0888888888888889	3	0.010183501544346267	0.0058794473579212875	02_91A
chitosan	BMAA	chitosan	A. caccae	CM02_91A	chitosan	18.25	-0.0888888888888889	3	0.010183501544346267	0.0058794473579212875	02_91A
chitosan	BMAA	chitosan	A. caccae	CM02_91A	chitosan	18.5	-0.0888888888888889	3	0.010183501544346267	0.0058794473579212875	02_91A
chitosan	BMAA	chitosan	A. caccae	CM02_91A	chitosan	18.75	-0.0888888888888889	3	0.010183501544346267	0.0058794473579212875	02_91A
chitosan	BMAA	chitosan	A. caccae	CM02_91A	chitosan	19	-0.0888888888888889	3	0.010183501544346267	0.0058794473579212875	02_91A
chitosan	BMAA	chitosan	A. caccae	CM02_91A	chitosan	19.25	-0.0888888888888889	3	0.010183501544346267	0.0058794473579212875	02_91A
chitosan	BMAA	chitosan	A. caccae	CM02_91A	chitosan	19.5	-0.0888888888888889	3	0.010183501544346267	0.0058794473579212875	02_91A
chitosan	BMAA	chitosan	A. caccae	CM02_91A	chitosan	19.75	-0.0888888888888889	3	0.010183501544346267	0.0058794473579212875	02_91A
chitosan	BMAA	chitosan	A. caccae	CM02_91A	chitosan	20	-0.0888888888888889	3	0.010183501544346267	0.0058794473579212875	02_91A
chitosan	BMAA	chitosan	A. caccae	CM02_91A	chitosan	20.25	-0.0888888888888889	3	0.010183501544346267	0.0058794473579212875	02_91A
chitosan	BMAA	chitosan	A. caccae	CM02_91A	chitosan	20.5	-0.0888888888888889	3	0.010183501544346267	0.0058794473579212875	02_91A
chitosan	BMAA	chitosan	A. caccae	CM02_91A	chitosan	20.75	-0.0888888888888889	3	0.010183501544346267	0.0058794473579212875	02_91A
chitosan	BMAA	chitosan	A. caccae	CM02_91A	chitosan	21	-0.0888888888888889	3	0.010183501544346267	0.0058794473579212875	02_91A
chitosan	BMAA	chitosan	A. caccae	CM02_91A	chitosan	21.25	-0.0888888888888889	3	0.010183501544346267	0.0058794473579212875	02_91A
chitosan	BMAA	chitosan	A. caccae	CM02_91A	chitosan	21.5	-0.0888888888888889	3	0.010183501544346267	0.0058794473579212875	02_91A
chitosan	BMAA	chitosan	A. caccae	CM02_91A	chitosan	21.75	-0.0888888888888889	3	0.010183501544346267	0.0058794473579212875	02_91A
chitosan	BMAA	chitosan	A. caccae	CM02_91A	chitosan	22	-0.0888888888888889	3	0.010183501544346267	0.0058794473579212875	02_91A
chitosan	BMAA	chitosan	A. caccae	CM02_91A	chitosan	22.25	-0.0888888888888889	3	0.010183501544346267	0.0058794473579212875	02_91A
chitosan	BMAA	chitosan	A. caccae	CM02_91A	chitosan	22.5	-0.0888888888888889	3	0.010183501544346267	0.0058794473579212875	02_91A
chitosan	BMAA	chitosan	A. caccae	CM02_91A	chitosan	22.75	-0.0888888888888889	3	0.010183501544346267	0.0058794473579212875	02_91A
chitosan	BMAA	chitosan	A. caccae	CM02_91A	chitosan	23	-0.0888888888888889	3	0.010183501544346267	0.0058794473579212875	02_91A
chitosan	BMAA	chitosan	A. caccae	CM02_91A	chitosan	23.25	-0.0888888888888889	3	0.010183501544346267	0.0058794473579212875	02_91A
chitosan	BMAA	chitosan	A. caccae	CM02_91A	chitosan	23.5	-0.0888888888888889	3	0.010183501544346267	0.0058794473579212875	02_91A
chitosan	BMAA	chitosan	A. caccae	CM02_91A	chitosan	23.75	-0.0888888888888889	3	0.010183501544346267	0.0058794473579212875	02_91A
chitosan	BMAA	chitosan	A. caccae	CM02_91A	chitosan	24	-0.0888888888888889	3	0.010183501544346267	0.0058794473579212875	02_91A
lentinan	BMAA	lentinan	A. caccae	CM02_91A	lentinan	0	0.01	3	0.003333333333333341	0.001924500897298757	02_91A
lentinan	BMAA	lentinan	A. caccae	CM02_91A	lentinan	0.25	-0.003333333333333336	3	0.003333333333333341	0.001924500897298757	02_91A
lentinan	BMAA	lentinan	A. caccae	CM02_91A	lentinan	0.5	-0.006666666666666664	3	0.003333333333333327	0.001924500897298749	02_91A
lentinan	BMAA	lentinan	A. caccae	CM02_91A	lentinan	0.75	-0.006666666666666664	3	0.003333333333333327	0.001924500897298749	02_91A
lentinan	BMAA	lentinan	A. caccae	CM02_91A	lentinan	1	-0.006666666666666664	3	0.003333333333333327	0.001924500897298749	02_91A
lentinan	BMAA	lentinan	A. caccae	CM02_91A	lentinan	1.25	0	3	0.003333333333333327	0.001924500897298749	02_91A
lentinan	BMAA	lentinan	A. caccae	CM02_91A	lentinan	1.5	-9.251952653314888e-18	3	0.006666666666666668	0.003849001794597506	02_91A
lentinan	BMAA	lentinan	A. caccae	CM02_91A	lentinan	1.75	0.003333333333333327	3	0.003333333333333327	0.001924500897298749	02_91A
lentinan	BMAA	lentinan	A. caccae	CM02_91A	lentinan	2	0.013333333333333336	3	0.003333333333333327	0.001924500897298749	02_91A
lentinan	BMAA	lentinan	A. caccae	CM02_91A	lentinan	2.25	0.016666666666666673	3	0.003333333333333341	0.001924500897298757	02_91A
lentinan	BMAA	lentinan	A. caccae	CM02_91A	lentinan	2.5	0.016666666666666673	3	0.012018504251546639	0.006938886664887114	02_91A
lentinan	BMAA	lentinan	A. caccae	CM02_91A	lentinan	2.75	0.016666666666666673	3	0.012018504251546639	0.006938886664887114	02_91A
lentinan	BMAA	lentinan	A. caccae	CM02_91A	lentinan	3	0.016666666666666673	3	0.012018504251546639	0.006938886664887114	02_91A
lentinan	BMAA	lentinan	A. caccae	CM02_91A	lentinan	3.25	0.016666666666666673	3	0.012018504251546639	0.006938886664887114	02_91A
lentinan	BMAA	lentinan	A. caccae	CM02_91A	lentinan	3.5	0.01	3	0.014529663145135593	0.00838870492807862	02_91A
lentinan	BMAA	lentinan	A. caccae	CM02_91A	lentinan	3.75	0.006666666666666664	3	0.012018504251546639	0.006938886664887114	02_91A
lentinan	BMAA	lentinan	A. caccae	CM02_91A	lentinan	4	0.003333333333333327	3	0.008819171036881977	0.005091750772173161	02_91A
lentinan	BMAA	lentinan	A. caccae	CM02_91A	lentinan	4.25	0.003333333333333327	3	0.008819171036881977	0.005091750772173161	02_91A
lentinan	BMAA	lentinan	A. caccae	CM02_91A	lentinan	4.5	0.003333333333333327	3	0.008819171036881977	0.005091750772173161	02_91A
lentinan	BMAA	lentinan	A. caccae	CM02_91A	lentinan	4.75	0.003333333333333327	3	0.008819171036881977	0.005091750772173161	02_91A
lentinan	BMAA	lentinan	A. caccae	CM02_91A	lentinan	5	0.006666666666666664	3	0.01333333333333335	0.00769800358919502	02_91A
lentinan	BMAA	lentinan	A. caccae	CM02_91A	lentinan	5.25	-0.003333333333333327	3	0.013333333333333336	0.007698003589195012	02_91A
lentinan	BMAA	lentinan	A. caccae	CM02_91A	lentinan	5.5	-0.003333333333333327	3	0.013333333333333336	0.007698003589195012	02_91A
lentinan	BMAA	lentinan	A. caccae	CM02_91A	lentinan	5.75	-0.003333333333333327	3	0.013333333333333336	0.007698003589195012	02_91A
lentinan	BMAA	lentinan	A. caccae	CM02_91A	lentinan	6	-0.003333333333333327	3	0.013333333333333336	0.007698003589195012	02_91A
lentinan	BMAA	lentinan	A. caccae	CM02_91A	lentinan	6.25	-0.006666666666666664	3	0.008819171036881969	0.005091750772173156	02_91A
lentinan	BMAA	lentinan	A. caccae	CM02_91A	lentinan	6.5	-0.006666666666666664	3	0.008819171036881969	0.005091750772173156	02_91A
lentinan	BMAA	lentinan	A. caccae	CM02_91A	lentinan	6.75	-0.00999999999999999	3	0.006666666666666668	0.003849001794597506	02_91A
lentinan	BMAA	lentinan	A. caccae	CM02_91A	lentinan	7	-0.00999999999999999	3	0.006666666666666668	0.003849001794597506	02_91A
lentinan	BMAA	lentinan	A. caccae	CM02_91A	lentinan	7.25	-0.00999999999999999	3	0.006666666666666668	0.003849001794597506	02_91A
lentinan	BMAA	lentinan	A. caccae	CM02_91A	lentinan	7.5	-0.00999999999999999	3	0.006666666666666668	0.003849001794597506	02_91A
lentinan	BMAA	lentinan	A. caccae	CM02_91A	lentinan	7.75	-0.00999999999999999	3	0.006666666666666668	0.003849001794597506	02_91A
lentinan	BMAA	lentinan	A. caccae	CM02_91A	lentinan	8	-0.016666666666666663	3	0.003333333333333327	0.001924500897298749	02_91A
lentinan	BMAA	lentinan	A. caccae	CM02_91A	lentinan	8.25	-0.016666666666666663	3	0.003333333333333327	0.001924500897298749	02_91A
lentinan	BMAA	lentinan	A. caccae	CM02_91A	lentinan	8.5	-0.016666666666666663	3	0.003333333333333327	0.001924500897298749	02_91A
lentinan	BMAA	lentinan	A. caccae	CM02_91A	lentinan	8.75	-0.016666666666666663	3	0.003333333333333327	0.001924500897298749	02_91A
lentinan	BMAA	lentinan	A. caccae	CM02_91A	lentinan	9	-0.016666666666666663	3	0.003333333333333327	0.001924500897298749	02_91A
lentinan	BMAA	lentinan	A. caccae	CM02_91A	lentinan	9.25	-0.016666666666666663	3	0.003333333333333327	0.001924500897298749	02_91A
lentinan	BMAA	lentinan	A. caccae	CM02_91A	lentinan	9.5	-0.02	3	0.006666666666666668	0.003849001794597506	02_91A
lentinan	BMAA	lentinan	A. caccae	CM02_91A	lentinan	9.75	-0.02	3	0.006666666666666668	0.003849001794597506	02_91A
lentinan	BMAA	lentinan	A. caccae	CM02_91A	lentinan	10	-0.02	3	0.006666666666666668	0.003849001794597506	02_91A
lentinan	BMAA	lentinan	A. caccae	CM02_91A	lentinan	10.25	-0.02	3	0.006666666666666668	0.003849001794597506	02_91A
lentinan	BMAA	lentinan	A. caccae	CM02_91A	lentinan	10.5	-0.02	3	0.006666666666666668	0.003849001794597506	02_91A
lentinan	BMAA	lentinan	A. caccae	CM02_91A	lentinan	10.75	-0.023333333333333334	3	0.008819171036881969	0.005091750772173156	02_91A
lentinan	BMAA	lentinan	A. caccae	CM02_91A	lentinan	11	-0.026666666666666672	3	0.012018504251546635	0.006938886664887112	02_91A
lentinan	BMAA	lentinan	A. caccae	CM02_91A	lentinan	11.25	-0.026666666666666672	3	0.012018504251546635	0.006938886664887112	02_91A
lentinan	BMAA	lentinan	A. caccae	CM02_91A	lentinan	11.5	-0.026666666666666672	3	0.012018504251546635	0.006938886664887112	02_91A
lentinan	BMAA	lentinan	A. caccae	CM02_91A	lentinan	11.75	-0.026666666666666672	3	0.012018504251546635	0.006938886664887112	02_91A
lentinan	BMAA	lentinan	A. caccae	CM02_91A	lentinan	12	-0.026666666666666672	3	0.012018504251546635	0.006938886664887112	02_91A
lentinan	BMAA	lentinan	A. caccae	CM02_91A	lentinan	12.25	-0.03000000000000001	3	0.006666666666666668	0.003849001794597506	02_91A
lentinan	BMAA	lentinan	A. caccae	CM02_91A	lentinan	12.5	-0.03333333333333333	3	0.012018504251546623	0.006938886664887105	02_91A
lentinan	BMAA	lentinan	A. caccae	CM02_91A	lentinan	12.75	-0.03333333333333333	3	0.012018504251546623	0.006938886664887105	02_91A
lentinan	BMAA	lentinan	A. caccae	CM02_91A	lentinan	13	-0.03333333333333333	3	0.012018504251546623	0.006938886664887105	02_91A
lentinan	BMAA	lentinan	A. caccae	CM02_91A	lentinan	13.25	-0.03333333333333333	3	0.012018504251546623	0.006938886664887105	02_91A
lentinan	BMAA	lentinan	A. caccae	CM02_91A	lentinan	13.5	-0.03333333333333333	3	0.012018504251546623	0.006938886664887105	02_91A
lentinan	BMAA	lentinan	A. caccae	CM02_91A	lentinan	13.75	-0.03333333333333333	3	0.012018504251546623	0.006938886664887105	02_91A
lentinan	BMAA	lentinan	A. caccae	CM02_91A	lentinan	14	-0.03333333333333333	3	0.012018504251546623	0.006938886664887105	02_91A
lentinan	BMAA	lentinan	A. caccae	CM02_91A	lentinan	14.25	-0.03333333333333333	3	0.012018504251546623	0.006938886664887105	02_91A
lentinan	BMAA	lentinan	A. caccae	CM02_91A	lentinan	14.5	-0.03333333333333333	3	0.012018504251546623	0.006938886664887105	02_91A
lentinan	BMAA	lentinan	A. caccae	CM02_91A	lentinan	14.75	-0.03333333333333333	3	0.012018504251546623	0.006938886664887105	02_91A
lentinan	BMAA	lentinan	A. caccae	CM02_91A	lentinan	15	-0.03333333333333333	3	0.012018504251546623	0.006938886664887105	02_91A
lentinan	BMAA	lentinan	A. caccae	CM02_91A	lentinan	15.25	-0.03666666666666666	3	0.01201850425154662	0.006938886664887103	02_91A
lentinan	BMAA	lentinan	A. caccae	CM02_91A	lentinan	15.5	-0.03666666666666666	3	0.01201850425154662	0.006938886664887103	02_91A
lentinan	BMAA	lentinan	A. caccae	CM02_91A	lentinan	15.75	-0.03666666666666666	3	0.01201850425154662	0.006938886664887103	02_91A
lentinan	BMAA	lentinan	A. caccae	CM02_91A	lentinan	16	-0.03666666666666666	3	0.01201850425154662	0.006938886664887103	02_91A
lentinan	BMAA	lentinan	A. caccae	CM02_91A	lentinan	16.25	-0.03666666666666666	3	0.01201850425154662	0.006938886664887103	02_91A
lentinan	BMAA	lentinan	A. caccae	CM02_91A	lentinan	16.5	-0.03666666666666666	3	0.01201850425154662	0.006938886664887103	02_91A
lentinan	BMAA	lentinan	A. caccae	CM02_91A	lentinan	16.75	-0.03666666666666666	3	0.01201850425154662	0.006938886664887103	02_91A
lentinan	BMAA	lentinan	A. caccae	CM02_91A	lentinan	17	-0.03666666666666666	3	0.01201850425154662	0.006938886664887103	02_91A
lentinan	BMAA	lentinan	A. caccae	CM02_91A	lentinan	17.25	-0.03999999999999999	3	0.006666666666666668	0.003849001794597506	02_91A
lentinan	BMAA	lentinan	A. caccae	CM02_91A	lentinan	17.5	-0.03999999999999999	3	0.006666666666666668	0.003849001794597506	02_91A
lentinan	BMAA	lentinan	A. caccae	CM02_91A	lentinan	17.75	-0.03999999999999999	3	0.006666666666666668	0.003849001794597506	02_91A
lentinan	BMAA	lentinan	A. caccae	CM02_91A	lentinan	18	-0.03999999999999999	3	0.006666666666666668	0.003849001794597506	02_91A
lentinan	BMAA	lentinan	A. caccae	CM02_91A	lentinan	18.25	-0.03999999999999999	3	0.006666666666666668	0.003849001794597506	02_91A
lentinan	BMAA	lentinan	A. caccae	CM02_91A	lentinan	18.5	-0.04333333333333333	3	0.012018504251546639	0.006938886664887114	02_91A
lentinan	BMAA	lentinan	A. caccae	CM02_91A	lentinan	18.75	-0.04333333333333333	3	0.012018504251546639	0.006938886664887114	02_91A
lentinan	BMAA	lentinan	A. caccae	CM02_91A	lentinan	19	-0.04333333333333333	3	0.012018504251546639	0.006938886664887114	02_91A
lentinan	BMAA	lentinan	A. caccae	CM02_91A	lentinan	19.25	-0.04333333333333333	3	0.012018504251546639	0.006938886664887114	02_91A
lentinan	BMAA	lentinan	A. caccae	CM02_91A	lentinan	19.5	-0.04333333333333333	3	0.012018504251546639	0.006938886664887114	02_91A
lentinan	BMAA	lentinan	A. caccae	CM02_91A	lentinan	19.75	-0.04333333333333333	3	0.012018504251546639	0.006938886664887114	02_91A
lentinan	BMAA	lentinan	A. caccae	CM02_91A	lentinan	20	-0.04333333333333333	3	0.012018504251546639	0.006938886664887114	02_91A
lentinan	BMAA	lentinan	A. caccae	CM02_91A	lentinan	20.25	-0.04333333333333333	3	0.012018504251546639	0.006938886664887114	02_91A
lentinan	BMAA	lentinan	A. caccae	CM02_91A	lentinan	20.5	-0.04333333333333333	3	0.012018504251546639	0.006938886664887114	02_91A
lentinan	BMAA	lentinan	A. caccae	CM02_91A	lentinan	20.75	-0.04333333333333333	3	0.012018504251546639	0.006938886664887114	02_91A
lentinan	BMAA	lentinan	A. caccae	CM02_91A	lentinan	21	-0.04333333333333333	3	0.012018504251546639	0.006938886664887114	02_91A
lentinan	BMAA	lentinan	A. caccae	CM02_91A	lentinan	21.25	-0.04333333333333333	3	0.012018504251546639	0.006938886664887114	02_91A
lentinan	BMAA	lentinan	A. caccae	CM02_91A	lentinan	21.5	-0.04333333333333333	3	0.012018504251546639	0.006938886664887114	02_91A
lentinan	BMAA	lentinan	A. caccae	CM02_91A	lentinan	21.75	-0.04333333333333333	3	0.012018504251546639	0.006938886664887114	02_91A
lentinan	BMAA	lentinan	A. caccae	CM02_91A	lentinan	22	-0.04333333333333333	3	0.012018504251546639	0.006938886664887114	02_91A
lentinan	BMAA	lentinan	A. caccae	CM02_91A	lentinan	22.25	-0.04333333333333333	3	0.012018504251546639	0.006938886664887114	02_91A
lentinan	BMAA	lentinan	A. caccae	CM02_91A	lentinan	22.5	-0.04333333333333333	3	0.012018504251546639	0.006938886664887114	02_91A
lentinan	BMAA	lentinan	A. caccae	CM02_91A	lentinan	22.75	-0.04333333333333333	3	0.012018504251546639	0.006938886664887114	02_91A
lentinan	BMAA	lentinan	A. caccae	CM02_91A	lentinan	23	-0.04666666666666666	3	0.012018504251546635	0.006938886664887112	02_91A
lentinan	BMAA	lentinan	A. caccae	CM02_91A	lentinan	23.25	-0.04666666666666666	3	0.012018504251546635	0.006938886664887112	02_91A
lentinan	BMAA	lentinan	A. caccae	CM02_91A	lentinan	23.5	-0.04666666666666666	3	0.012018504251546635	0.006938886664887112	02_91A
lentinan	BMAA	lentinan	A. caccae	CM02_91A	lentinan	23.75	-0.04666666666666666	3	0.012018504251546635	0.006938886664887112	02_91A
lentinan	BMAA	lentinan	A. caccae	CM02_91A	lentinan	24	-0.04666666666666666	3	0.012018504251546635	0.006938886664887112	02_91A
xyloglucan	BMAA	xyloglucan	A. caccae	CM02_91A	xyloglucan	0	0.033333333333333305	3	0.005773502691896263	0.0033333333333333366	02_91A
xyloglucan	BMAA	xyloglucan	A. caccae	CM02_91A	xyloglucan	0.25	-0.010000000000000009	3	0	0	02_91A
xyloglucan	BMAA	xyloglucan	A. caccae	CM02_91A	xyloglucan	0.5	-0.023333333333333355	3	0.005773502691896263	0.0033333333333333366	02_91A
xyloglucan	BMAA	xyloglucan	A. caccae	CM02_91A	xyloglucan	0.75	-0.023333333333333355	3	0.005773502691896263	0.0033333333333333366	02_91A
xyloglucan	BMAA	xyloglucan	A. caccae	CM02_91A	xyloglucan	1	-0.023333333333333355	3	0.005773502691896263	0.0033333333333333366	02_91A
xyloglucan	BMAA	xyloglucan	A. caccae	CM02_91A	xyloglucan	1.25	-0.02666666666666669	3	0.005773502691896263	0.0033333333333333366	02_91A
xyloglucan	BMAA	xyloglucan	A. caccae	CM02_91A	xyloglucan	1.5	-0.03000000000000001	3	0.009999999999999981	0.005773502691896247	02_91A
xyloglucan	BMAA	xyloglucan	A. caccae	CM02_91A	xyloglucan	1.75	-0.03333333333333335	3	0.005773502691896231	0.0033333333333333184	02_91A
xyloglucan	BMAA	xyloglucan	A. caccae	CM02_91A	xyloglucan	2	-0.03666666666666668	3	0.011547005383792493	0.006666666666666654	02_91A
xyloglucan	BMAA	xyloglucan	A. caccae	CM02_91A	xyloglucan	2.25	-0.03666666666666668	3	0.011547005383792493	0.006666666666666654	02_91A
xyloglucan	BMAA	xyloglucan	A. caccae	CM02_91A	xyloglucan	2.5	-0.03333333333333335	3	0.005773502691896231	0.0033333333333333184	02_91A
xyloglucan	BMAA	xyloglucan	A. caccae	CM02_91A	xyloglucan	2.75	-0.043333333333333335	3	0.005773502691896247	0.003333333333333327	02_91A
xyloglucan	BMAA	xyloglucan	A. caccae	CM02_91A	xyloglucan	3	-0.04666666666666667	3	0.011547005383792509	0.006666666666666664	02_91A
xyloglucan	BMAA	xyloglucan	A. caccae	CM02_91A	xyloglucan	3.25	-0.04666666666666667	3	0.011547005383792509	0.006666666666666664	02_91A
xyloglucan	BMAA	xyloglucan	A. caccae	CM02_91A	xyloglucan	3.5	-0.04666666666666667	3	0.011547005383792509	0.006666666666666664	02_91A
xyloglucan	BMAA	xyloglucan	A. caccae	CM02_91A	xyloglucan	3.75	-0.05000000000000001	3	0.009999999999999995	0.005773502691896255	02_91A
xyloglucan	BMAA	xyloglucan	A. caccae	CM02_91A	xyloglucan	4	-0.05000000000000001	3	0.009999999999999995	0.005773502691896255	02_91A
xyloglucan	BMAA	xyloglucan	A. caccae	CM02_91A	xyloglucan	4.25	-0.05666666666666668	3	0.011547005383792509	0.006666666666666664	02_91A
xyloglucan	BMAA	xyloglucan	A. caccae	CM02_91A	xyloglucan	4.5	-0.06000000000000002	3	0.017320508075688773	0.01	02_91A
xyloglucan	BMAA	xyloglucan	A. caccae	CM02_91A	xyloglucan	4.75	-0.05666666666666668	3	0.011547005383792509	0.006666666666666664	02_91A
xyloglucan	BMAA	xyloglucan	A. caccae	CM02_91A	xyloglucan	5	-0.05666666666666668	3	0.011547005383792509	0.006666666666666664	02_91A
xyloglucan	BMAA	xyloglucan	A. caccae	CM02_91A	xyloglucan	5.25	-0.05666666666666668	3	0.011547005383792509	0.006666666666666664	02_91A
xyloglucan	BMAA	xyloglucan	A. caccae	CM02_91A	xyloglucan	5.5	-0.06000000000000002	3	0.017320508075688773	0.01	02_91A
xyloglucan	BMAA	xyloglucan	A. caccae	CM02_91A	xyloglucan	5.75	-0.06333333333333335	3	0.015275252316519465	0.008819171036881969	02_91A
xyloglucan	BMAA	xyloglucan	A. caccae	CM02_91A	xyloglucan	6	-0.06000000000000002	3	0.009999999999999995	0.005773502691896255	02_91A
xyloglucan	BMAA	xyloglucan	A. caccae	CM02_91A	xyloglucan	6.25	-0.06000000000000002	3	0.009999999999999995	0.005773502691896255	02_91A
xyloglucan	BMAA	xyloglucan	A. caccae	CM02_91A	xyloglucan	6.5	-0.06333333333333335	3	0.015275252316519465	0.008819171036881969	02_91A
xyloglucan	BMAA	xyloglucan	A. caccae	CM02_91A	xyloglucan	6.75	-0.06000000000000002	3	0.009999999999999995	0.005773502691896255	02_91A
xyloglucan	BMAA	xyloglucan	A. caccae	CM02_91A	xyloglucan	7	-0.06333333333333335	3	0.015275252316519465	0.008819171036881969	02_91A
xyloglucan	BMAA	xyloglucan	A. caccae	CM02_91A	xyloglucan	7.25	-0.06333333333333335	3	0.015275252316519465	0.008819171036881969	02_91A
xyloglucan	BMAA	xyloglucan	A. caccae	CM02_91A	xyloglucan	7.5	-0.06333333333333335	3	0.015275252316519465	0.008819171036881969	02_91A
xyloglucan	BMAA	xyloglucan	A. caccae	CM02_91A	xyloglucan	7.75	-0.06333333333333335	3	0.015275252316519465	0.008819171036881969	02_91A
xyloglucan	BMAA	xyloglucan	A. caccae	CM02_91A	xyloglucan	8	-0.06333333333333335	3	0.015275252316519465	0.008819171036881969	02_91A
xyloglucan	BMAA	xyloglucan	A. caccae	CM02_91A	xyloglucan	8.25	-0.06333333333333335	3	0.015275252316519465	0.008819171036881969	02_91A
xyloglucan	BMAA	xyloglucan	A. caccae	CM02_91A	xyloglucan	8.5	-0.06333333333333335	3	0.015275252316519465	0.008819171036881969	02_91A
xyloglucan	BMAA	xyloglucan	A. caccae	CM02_91A	xyloglucan	8.75	-0.06333333333333335	3	0.015275252316519465	0.008819171036881969	02_91A
xyloglucan	BMAA	xyloglucan	A. caccae	CM02_91A	xyloglucan	9	-0.07000000000000002	3	0.009999999999999995	0.005773502691896255	02_91A
xyloglucan	BMAA	xyloglucan	A. caccae	CM02_91A	xyloglucan	9.25	-0.0666666666666667	3	0.011547005383792509	0.006666666666666664	02_91A
xyloglucan	BMAA	xyloglucan	A. caccae	CM02_91A	xyloglucan	9.5	-0.06333333333333335	3	0.015275252316519465	0.008819171036881969	02_91A
xyloglucan	BMAA	xyloglucan	A. caccae	CM02_91A	xyloglucan	9.75	-0.07000000000000002	3	0.009999999999999995	0.005773502691896255	02_91A
xyloglucan	BMAA	xyloglucan	A. caccae	CM02_91A	xyloglucan	10	-0.07333333333333335	3	0.015275252316519453	0.008819171036881962	02_91A
xyloglucan	BMAA	xyloglucan	A. caccae	CM02_91A	xyloglucan	10.25	-0.07000000000000002	3	0.009999999999999995	0.005773502691896255	02_91A
xyloglucan	BMAA	xyloglucan	A. caccae	CM02_91A	xyloglucan	10.5	-0.07333333333333335	3	0.015275252316519453	0.008819171036881962	02_91A
xyloglucan	BMAA	xyloglucan	A. caccae	CM02_91A	xyloglucan	10.75	-0.07333333333333335	3	0.015275252316519453	0.008819171036881962	02_91A
xyloglucan	BMAA	xyloglucan	A. caccae	CM02_91A	xyloglucan	11	-0.07000000000000002	3	0.009999999999999995	0.005773502691896255	02_91A
xyloglucan	BMAA	xyloglucan	A. caccae	CM02_91A	xyloglucan	11.25	-0.07333333333333335	3	0.015275252316519453	0.008819171036881962	02_91A
xyloglucan	BMAA	xyloglucan	A. caccae	CM02_91A	xyloglucan	11.5	-0.07333333333333335	3	0.015275252316519453	0.008819171036881962	02_91A
xyloglucan	BMAA	xyloglucan	A. caccae	CM02_91A	xyloglucan	11.75	-0.07333333333333335	3	0.015275252316519453	0.008819171036881962	02_91A
xyloglucan	BMAA	xyloglucan	A. caccae	CM02_91A	xyloglucan	12	-0.07333333333333335	3	0.015275252316519453	0.008819171036881962	02_91A
xyloglucan	BMAA	xyloglucan	A. caccae	CM02_91A	xyloglucan	12.25	-0.07333333333333335	3	0.015275252316519453	0.008819171036881962	02_91A
xyloglucan	BMAA	xyloglucan	A. caccae	CM02_91A	xyloglucan	12.5	-0.07333333333333335	3	0.015275252316519453	0.008819171036881962	02_91A
xyloglucan	BMAA	xyloglucan	A. caccae	CM02_91A	xyloglucan	12.75	-0.07333333333333335	3	0.015275252316519453	0.008819171036881962	02_91A
xyloglucan	BMAA	xyloglucan	A. caccae	CM02_91A	xyloglucan	13	-0.07333333333333335	3	0.015275252316519453	0.008819171036881962	02_91A
xyloglucan	BMAA	xyloglucan	A. caccae	CM02_91A	xyloglucan	13.25	-0.08	3	0.017320508075688773	0.01	02_91A
xyloglucan	BMAA	xyloglucan	A. caccae	CM02_91A	xyloglucan	13.5	-0.08	3	0.017320508075688773	0.01	02_91A
xyloglucan	BMAA	xyloglucan	A. caccae	CM02_91A	xyloglucan	13.75	-0.07333333333333335	3	0.015275252316519453	0.008819171036881962	02_91A
xyloglucan	BMAA	xyloglucan	A. caccae	CM02_91A	xyloglucan	14	-0.07666666666666667	3	0.011547005383792509	0.006666666666666664	02_91A
xyloglucan	BMAA	xyloglucan	A. caccae	CM02_91A	xyloglucan	14.25	-0.07333333333333335	3	0.015275252316519453	0.008819171036881962	02_91A
xyloglucan	BMAA	xyloglucan	A. caccae	CM02_91A	xyloglucan	14.5	-0.08	3	0.017320508075688773	0.01	02_91A
xyloglucan	BMAA	xyloglucan	A. caccae	CM02_91A	xyloglucan	14.75	-0.08	3	0.017320508075688773	0.01	02_91A
xyloglucan	BMAA	xyloglucan	A. caccae	CM02_91A	xyloglucan	15	-0.08	3	0.017320508075688773	0.01	02_91A
xyloglucan	BMAA	xyloglucan	A. caccae	CM02_91A	xyloglucan	15.25	-0.08	3	0.017320508075688773	0.01	02_91A
xyloglucan	BMAA	xyloglucan	A. caccae	CM02_91A	xyloglucan	15.5	-0.08	3	0.017320508075688773	0.01	02_91A
xyloglucan	BMAA	xyloglucan	A. caccae	CM02_91A	xyloglucan	15.75	-0.08	3	0.017320508075688773	0.01	02_91A
xyloglucan	BMAA	xyloglucan	A. caccae	CM02_91A	xyloglucan	16	-0.08	3	0.017320508075688773	0.01	02_91A
xyloglucan	BMAA	xyloglucan	A. caccae	CM02_91A	xyloglucan	16.25	-0.08333333333333334	3	0.015275252316519465	0.008819171036881969	02_91A
xyloglucan	BMAA	xyloglucan	A. caccae	CM02_91A	xyloglucan	16.5	-0.08333333333333334	3	0.015275252316519465	0.008819171036881969	02_91A
xyloglucan	BMAA	xyloglucan	A. caccae	CM02_91A	xyloglucan	16.75	-0.08333333333333334	3	0.015275252316519465	0.008819171036881969	02_91A
xyloglucan	BMAA	xyloglucan	A. caccae	CM02_91A	xyloglucan	17	-0.08	3	0.017320508075688773	0.01	02_91A
xyloglucan	BMAA	xyloglucan	A. caccae	CM02_91A	xyloglucan	17.25	-0.08333333333333334	3	0.015275252316519465	0.008819171036881969	02_91A
xyloglucan	BMAA	xyloglucan	A. caccae	CM02_91A	xyloglucan	17.5	-0.08666666666666668	3	0.02081665999466133	0.012018504251546634	02_91A
xyloglucan	BMAA	xyloglucan	A. caccae	CM02_91A	xyloglucan	17.75	-0.08666666666666668	3	0.02081665999466133	0.012018504251546634	02_91A
xyloglucan	BMAA	xyloglucan	A. caccae	CM02_91A	xyloglucan	18	-0.08333333333333334	3	0.015275252316519465	0.008819171036881969	02_91A
xyloglucan	BMAA	xyloglucan	A. caccae	CM02_91A	xyloglucan	18.25	-0.08333333333333334	3	0.015275252316519465	0.008819171036881969	02_91A
xyloglucan	BMAA	xyloglucan	A. caccae	CM02_91A	xyloglucan	18.5	-0.08333333333333334	3	0.015275252316519465	0.008819171036881969	02_91A
xyloglucan	BMAA	xyloglucan	A. caccae	CM02_91A	xyloglucan	18.75	-0.08333333333333334	3	0.015275252316519465	0.008819171036881969	02_91A
xyloglucan	BMAA	xyloglucan	A. caccae	CM02_91A	xyloglucan	19	-0.08333333333333334	3	0.015275252316519465	0.008819171036881969	02_91A
xyloglucan	BMAA	xyloglucan	A. caccae	CM02_91A	xyloglucan	19.25	-0.08666666666666668	3	0.02081665999466133	0.012018504251546634	02_91A
xyloglucan	BMAA	xyloglucan	A. caccae	CM02_91A	xyloglucan	19.5	-0.08666666666666668	3	0.02081665999466133	0.012018504251546634	02_91A
xyloglucan	BMAA	xyloglucan	A. caccae	CM02_91A	xyloglucan	19.75	-0.08666666666666668	3	0.02081665999466133	0.012018504251546634	02_91A
xyloglucan	BMAA	xyloglucan	A. caccae	CM02_91A	xyloglucan	20	-0.08333333333333334	3	0.015275252316519465	0.008819171036881969	02_91A
xyloglucan	BMAA	xyloglucan	A. caccae	CM02_91A	xyloglucan	20.25	-0.09000000000000001	3	0.020000000000000004	0.011547005383792518	02_91A
xyloglucan	BMAA	xyloglucan	A. caccae	CM02_91A	xyloglucan	20.5	-0.09000000000000001	3	0.020000000000000004	0.011547005383792518	02_91A
xyloglucan	BMAA	xyloglucan	A. caccae	CM02_91A	xyloglucan	20.75	-0.09000000000000001	3	0.020000000000000004	0.011547005383792518	02_91A
xyloglucan	BMAA	xyloglucan	A. caccae	CM02_91A	xyloglucan	21	-0.09000000000000001	3	0.020000000000000004	0.011547005383792518	02_91A
xyloglucan	BMAA	xyloglucan	A. caccae	CM02_91A	xyloglucan	21.25	-0.09000000000000001	3	0.020000000000000004	0.011547005383792518	02_91A
xyloglucan	BMAA	xyloglucan	A. caccae	CM02_91A	xyloglucan	21.5	-0.09000000000000001	3	0.020000000000000004	0.011547005383792518	02_91A
xyloglucan	BMAA	xyloglucan	A. caccae	CM02_91A	xyloglucan	21.75	-0.09000000000000001	3	0.020000000000000004	0.011547005383792518	02_91A
xyloglucan	BMAA	xyloglucan	A. caccae	CM02_91A	xyloglucan	22	-0.09333333333333334	3	0.025166114784235825	0.014529663145135575	02_91A
xyloglucan	BMAA	xyloglucan	A. caccae	CM02_91A	xyloglucan	22.25	-0.09333333333333334	3	0.025166114784235825	0.014529663145135575	02_91A
xyloglucan	BMAA	xyloglucan	A. caccae	CM02_91A	xyloglucan	22.5	-0.09333333333333334	3	0.025166114784235825	0.014529663145135575	02_91A
xyloglucan	BMAA	xyloglucan	A. caccae	CM02_91A	xyloglucan	22.75	-0.09000000000000001	3	0.020000000000000004	0.011547005383792518	02_91A
xyloglucan	BMAA	xyloglucan	A. caccae	CM02_91A	xyloglucan	23	-0.09333333333333334	3	0.025166114784235825	0.014529663145135575	02_91A
xyloglucan	BMAA	xyloglucan	A. caccae	CM02_91A	xyloglucan	23.25	-0.09333333333333334	3	0.025166114784235825	0.014529663145135575	02_91A
xyloglucan	BMAA	xyloglucan	A. caccae	CM02_91A	xyloglucan	23.5	-0.09666666666666668	3	0.020816659994661316	0.012018504251546625	02_91A
xyloglucan	BMAA	xyloglucan	A. caccae	CM02_91A	xyloglucan	23.75	-0.09666666666666668	3	0.020816659994661316	0.012018504251546625	02_91A
xyloglucan	BMAA	xyloglucan	A. caccae	CM02_91A	xyloglucan	24	-0.1	3	0.01999999999999999	0.01154700538379251	02_91A
GOS_betaglucan	BMAA	GOS_betaglucan	A. caccae	CM06_28	GOS_betaglucan	0	0.001111111111111109	3	0.003849001794597498	0.0022222222222222183	06_28
GOS_betaglucan	BMAA	GOS_betaglucan	A. caccae	CM06_28	GOS_betaglucan	0.25	0.004444444444444445	3	0.001924500897298765	0.0011111111111111183	06_28
GOS_betaglucan	BMAA	GOS_betaglucan	A. caccae	CM06_28	GOS_betaglucan	0.5	-0.005555555555555554	3	0.001924500897298757	0.0011111111111111137	06_28
GOS_betaglucan	BMAA	GOS_betaglucan	A. caccae	CM06_28	GOS_betaglucan	0.75	-0.005555555555555554	3	0.001924500897298757	0.0011111111111111137	06_28
GOS_betaglucan	BMAA	GOS_betaglucan	A. caccae	CM06_28	GOS_betaglucan	1	-0.00888888888888889	3	0.006938886664887107	0.004006168083848876	06_28
GOS_betaglucan	BMAA	GOS_betaglucan	A. caccae	CM06_28	GOS_betaglucan	1.25	-0.005555555555555554	3	0.001924500897298757	0.0011111111111111137	06_28
GOS_betaglucan	BMAA	GOS_betaglucan	A. caccae	CM06_28	GOS_betaglucan	1.5	-0.00888888888888889	3	0.0038490017945975057	0.0022222222222222227	06_28
GOS_betaglucan	BMAA	GOS_betaglucan	A. caccae	CM06_28	GOS_betaglucan	1.75	-0.012222222222222226	3	0.005091750772173173	0.0029397236789606668	06_28
GOS_betaglucan	BMAA	GOS_betaglucan	A. caccae	CM06_28	GOS_betaglucan	2	-0.01888888888888889	3	0.0038490017945974897	0.0022222222222222135	06_28
GOS_betaglucan	BMAA	GOS_betaglucan	A. caccae	CM06_28	GOS_betaglucan	2.25	-0.022222222222222216	3	0.005091750772173158	0.0029397236789606577	06_28
GOS_betaglucan	BMAA	GOS_betaglucan	A. caccae	CM06_28	GOS_betaglucan	2.5	-0.022222222222222216	3	0.005091750772173158	0.0029397236789606577	06_28
GOS_betaglucan	BMAA	GOS_betaglucan	A. caccae	CM06_28	GOS_betaglucan	2.75	-0.025555555555555554	3	0.001924500897298765	0.0011111111111111183	06_28
GOS_betaglucan	BMAA	GOS_betaglucan	A. caccae	CM06_28	GOS_betaglucan	3	-0.02888888888888889	3	0.003849001794597498	0.0022222222222222183	06_28
GOS_betaglucan	BMAA	GOS_betaglucan	A. caccae	CM06_28	GOS_betaglucan	3.25	-0.02888888888888889	3	0.003849001794597498	0.0022222222222222183	06_28
GOS_betaglucan	BMAA	GOS_betaglucan	A. caccae	CM06_28	GOS_betaglucan	3.5	-0.032222222222222215	3	0.005091750772173146	0.0029397236789606507	06_28
GOS_betaglucan	BMAA	GOS_betaglucan	A. caccae	CM06_28	GOS_betaglucan	3.75	-0.035555555555555556	3	0.001924500897298757	0.0011111111111111137	06_28
GOS_betaglucan	BMAA	GOS_betaglucan	A. caccae	CM06_28	GOS_betaglucan	4	-0.035555555555555556	3	0.001924500897298757	0.0011111111111111137	06_28
GOS_betaglucan	BMAA	GOS_betaglucan	A. caccae	CM06_28	GOS_betaglucan	4.25	-0.035555555555555556	3	0.001924500897298757	0.0011111111111111137	06_28
GOS_betaglucan	BMAA	GOS_betaglucan	A. caccae	CM06_28	GOS_betaglucan	4.5	-0.035555555555555556	3	0.001924500897298757	0.0011111111111111137	06_28
GOS_betaglucan	BMAA	GOS_betaglucan	A. caccae	CM06_28	GOS_betaglucan	4.75	-0.035555555555555556	3	0.001924500897298757	0.0011111111111111137	06_28
GOS_betaglucan	BMAA	GOS_betaglucan	A. caccae	CM06_28	GOS_betaglucan	5	-0.042222222222222223	3	0.005091750772173146	0.0029397236789606507	06_28
GOS_betaglucan	BMAA	GOS_betaglucan	A. caccae	CM06_28	GOS_betaglucan	5.25	-0.042222222222222223	3	0.005091750772173146	0.0029397236789606507	06_28
GOS_betaglucan	BMAA	GOS_betaglucan	A. caccae	CM06_28	GOS_betaglucan	5.5	-0.042222222222222223	3	0.005091750772173146	0.0029397236789606507	06_28
GOS_betaglucan	BMAA	GOS_betaglucan	A. caccae	CM06_28	GOS_betaglucan	5.75	-0.042222222222222223	3	0.005091750772173146	0.0029397236789606507	06_28
GOS_betaglucan	BMAA	GOS_betaglucan	A. caccae	CM06_28	GOS_betaglucan	6	-0.042222222222222223	3	0.005091750772173146	0.0029397236789606507	06_28
GOS_betaglucan	BMAA	GOS_betaglucan	A. caccae	CM06_28	GOS_betaglucan	6.25	-0.042222222222222223	3	0.005091750772173146	0.0029397236789606507	06_28
GOS_betaglucan	BMAA	GOS_betaglucan	A. caccae	CM06_28	GOS_betaglucan	6.5	-0.045555555555555564	3	0.001924500897298757	0.0011111111111111137	06_28
GOS_betaglucan	BMAA	GOS_betaglucan	A. caccae	CM06_28	GOS_betaglucan	6.75	-0.045555555555555564	3	0.001924500897298757	0.0011111111111111137	06_28
GOS_betaglucan	BMAA	GOS_betaglucan	A. caccae	CM06_28	GOS_betaglucan	7	-0.045555555555555564	3	0.001924500897298757	0.0011111111111111137	06_28
GOS_betaglucan	BMAA	GOS_betaglucan	A. caccae	CM06_28	GOS_betaglucan	7.25	-0.045555555555555564	3	0.001924500897298757	0.0011111111111111137	06_28
GOS_betaglucan	BMAA	GOS_betaglucan	A. caccae	CM06_28	GOS_betaglucan	7.5	-0.0488888888888889	3	0.006938886664887107	0.004006168083848876	06_28
GOS_betaglucan	BMAA	GOS_betaglucan	A. caccae	CM06_28	GOS_betaglucan	7.75	-0.0488888888888889	3	0.006938886664887107	0.004006168083848876	06_28
GOS_betaglucan	BMAA	GOS_betaglucan	A. caccae	CM06_28	GOS_betaglucan	8	-0.045555555555555564	3	0.010183501544346307	0.00587944735792131	06_28
GOS_betaglucan	BMAA	GOS_betaglucan	A. caccae	CM06_28	GOS_betaglucan	8.25	-0.045555555555555564	3	0.010183501544346307	0.00587944735792131	06_28
GOS_betaglucan	BMAA	GOS_betaglucan	A. caccae	CM06_28	GOS_betaglucan	8.5	-0.045555555555555564	3	0.010183501544346307	0.00587944735792131	06_28
GOS_betaglucan	BMAA	GOS_betaglucan	A. caccae	CM06_28	GOS_betaglucan	8.75	-0.0488888888888889	3	0.006938886664887107	0.004006168083848876	06_28
GOS_betaglucan	BMAA	GOS_betaglucan	A. caccae	CM06_28	GOS_betaglucan	9	-0.045555555555555564	3	0.010183501544346307	0.00587944735792131	06_28
GOS_betaglucan	BMAA	GOS_betaglucan	A. caccae	CM06_28	GOS_betaglucan	9.25	-0.0488888888888889	3	0.006938886664887107	0.004006168083848876	06_28
GOS_betaglucan	BMAA	GOS_betaglucan	A. caccae	CM06_28	GOS_betaglucan	9.5	-0.045555555555555564	3	0.010183501544346307	0.00587944735792131	06_28
GOS_betaglucan	BMAA	GOS_betaglucan	A. caccae	CM06_28	GOS_betaglucan	9.75	-0.045555555555555564	3	0.010183501544346307	0.00587944735792131	06_28
GOS_betaglucan	BMAA	GOS_betaglucan	A. caccae	CM06_28	GOS_betaglucan	10	-0.045555555555555564	3	0.010183501544346307	0.00587944735792131	06_28
GOS_betaglucan	BMAA	GOS_betaglucan	A. caccae	CM06_28	GOS_betaglucan	10.25	-0.045555555555555564	3	0.010183501544346307	0.00587944735792131	06_28
GOS_betaglucan	BMAA	GOS_betaglucan	A. caccae	CM06_28	GOS_betaglucan	10.5	-0.0488888888888889	3	0.006938886664887107	0.004006168083848876	06_28
GOS_betaglucan	BMAA	GOS_betaglucan	A. caccae	CM06_28	GOS_betaglucan	10.75	-0.0488888888888889	3	0.006938886664887107	0.004006168083848876	06_28
GOS_betaglucan	BMAA	GOS_betaglucan	A. caccae	CM06_28	GOS_betaglucan	11	-0.0488888888888889	3	0.006938886664887107	0.004006168083848876	06_28
GOS_betaglucan	BMAA	GOS_betaglucan	A. caccae	CM06_28	GOS_betaglucan	11.25	-0.0488888888888889	3	0.006938886664887107	0.004006168083848876	06_28
GOS_betaglucan	BMAA	GOS_betaglucan	A. caccae	CM06_28	GOS_betaglucan	11.5	-0.0488888888888889	3	0.006938886664887107	0.004006168083848876	06_28
GOS_betaglucan	BMAA	GOS_betaglucan	A. caccae	CM06_28	GOS_betaglucan	11.75	-0.0488888888888889	3	0.006938886664887107	0.004006168083848876	06_28
GOS_betaglucan	BMAA	GOS_betaglucan	A. caccae	CM06_28	GOS_betaglucan	12	-0.0488888888888889	3	0.006938886664887107	0.004006168083848876	06_28
GOS_betaglucan	BMAA	GOS_betaglucan	A. caccae	CM06_28	GOS_betaglucan	12.25	-0.052222222222222225	3	0.012619796324000593	0.007286042804779992	06_28
GOS_betaglucan	BMAA	GOS_betaglucan	A. caccae	CM06_28	GOS_betaglucan	12.5	-0.052222222222222225	3	0.012619796324000593	0.007286042804779992	06_28
GOS_betaglucan	BMAA	GOS_betaglucan	A. caccae	CM06_28	GOS_betaglucan	12.75	-0.052222222222222225	3	0.012619796324000593	0.007286042804779992	06_28
GOS_betaglucan	BMAA	GOS_betaglucan	A. caccae	CM06_28	GOS_betaglucan	13	-0.052222222222222225	3	0.012619796324000593	0.007286042804779992	06_28
GOS_betaglucan	BMAA	GOS_betaglucan	A. caccae	CM06_28	GOS_betaglucan	13.25	-0.052222222222222225	3	0.012619796324000593	0.007286042804779992	06_28
GOS_betaglucan	BMAA	GOS_betaglucan	A. caccae	CM06_28	GOS_betaglucan	13.5	-0.052222222222222225	3	0.012619796324000593	0.007286042804779992	06_28
GOS_betaglucan	BMAA	GOS_betaglucan	A. caccae	CM06_28	GOS_betaglucan	13.75	-0.052222222222222225	3	0.012619796324000593	0.007286042804779992	06_28
GOS_betaglucan	BMAA	GOS_betaglucan	A. caccae	CM06_28	GOS_betaglucan	14	-0.052222222222222225	3	0.012619796324000593	0.007286042804779992	06_28
GOS_betaglucan	BMAA	GOS_betaglucan	A. caccae	CM06_28	GOS_betaglucan	14.25	-0.052222222222222225	3	0.012619796324000593	0.007286042804779992	06_28
GOS_betaglucan	BMAA	GOS_betaglucan	A. caccae	CM06_28	GOS_betaglucan	14.5	-0.052222222222222225	3	0.012619796324000593	0.007286042804779992	06_28
GOS_betaglucan	BMAA	GOS_betaglucan	A. caccae	CM06_28	GOS_betaglucan	14.75	-0.052222222222222225	3	0.012619796324000593	0.007286042804779992	06_28
GOS_betaglucan	BMAA	GOS_betaglucan	A. caccae	CM06_28	GOS_betaglucan	15	-0.05555555555555555	3	0.011706281947614146	0.006758625033664684	06_28
GOS_betaglucan	BMAA	GOS_betaglucan	A. caccae	CM06_28	GOS_betaglucan	15.25	-0.05555555555555555	3	0.011706281947614146	0.006758625033664684	06_28
GOS_betaglucan	BMAA	GOS_betaglucan	A. caccae	CM06_28	GOS_betaglucan	15.5	-0.05555555555555555	3	0.011706281947614146	0.006758625033664684	06_28
GOS_betaglucan	BMAA	GOS_betaglucan	A. caccae	CM06_28	GOS_betaglucan	15.75	-0.05555555555555555	3	0.011706281947614146	0.006758625033664684	06_28
GOS_betaglucan	BMAA	GOS_betaglucan	A. caccae	CM06_28	GOS_betaglucan	16	-0.05555555555555555	3	0.011706281947614146	0.006758625033664684	06_28
GOS_betaglucan	BMAA	GOS_betaglucan	A. caccae	CM06_28	GOS_betaglucan	16.25	-0.05555555555555555	3	0.011706281947614146	0.006758625033664684	06_28
GOS_betaglucan	BMAA	GOS_betaglucan	A. caccae	CM06_28	GOS_betaglucan	16.5	-0.05555555555555555	3	0.011706281947614146	0.006758625033664684	06_28
GOS_betaglucan	BMAA	GOS_betaglucan	A. caccae	CM06_28	GOS_betaglucan	16.75	-0.05555555555555555	3	0.011706281947614146	0.006758625033664684	06_28
GOS_betaglucan	BMAA	GOS_betaglucan	A. caccae	CM06_28	GOS_betaglucan	17	-0.05555555555555555	3	0.011706281947614146	0.006758625033664684	06_28
GOS_betaglucan	BMAA	GOS_betaglucan	A. caccae	CM06_28	GOS_betaglucan	17.25	-0.05555555555555555	3	0.011706281947614146	0.006758625033664684	06_28
GOS_betaglucan	BMAA	GOS_betaglucan	A. caccae	CM06_28	GOS_betaglucan	17.5	-0.05555555555555555	3	0.011706281947614146	0.006758625033664684	06_28
GOS_betaglucan	BMAA	GOS_betaglucan	A. caccae	CM06_28	GOS_betaglucan	17.75	-0.058888888888888886	3	0.013471506281091266	0.0077777777777777776	06_28
GOS_betaglucan	BMAA	GOS_betaglucan	A. caccae	CM06_28	GOS_betaglucan	18	-0.058888888888888886	3	0.013471506281091266	0.0077777777777777776	06_28
GOS_betaglucan	BMAA	GOS_betaglucan	A. caccae	CM06_28	GOS_betaglucan	18.25	-0.058888888888888886	3	0.013471506281091266	0.0077777777777777776	06_28
GOS_betaglucan	BMAA	GOS_betaglucan	A. caccae	CM06_28	GOS_betaglucan	18.5	-0.058888888888888886	3	0.013471506281091266	0.0077777777777777776	06_28
GOS_betaglucan	BMAA	GOS_betaglucan	A. caccae	CM06_28	GOS_betaglucan	18.75	-0.058888888888888886	3	0.013471506281091266	0.0077777777777777776	06_28
GOS_betaglucan	BMAA	GOS_betaglucan	A. caccae	CM06_28	GOS_betaglucan	19	-0.058888888888888886	3	0.013471506281091266	0.0077777777777777776	06_28
GOS_betaglucan	BMAA	GOS_betaglucan	A. caccae	CM06_28	GOS_betaglucan	19.25	-0.058888888888888886	3	0.013471506281091266	0.0077777777777777776	06_28
GOS_betaglucan	BMAA	GOS_betaglucan	A. caccae	CM06_28	GOS_betaglucan	19.5	-0.058888888888888886	3	0.013471506281091266	0.0077777777777777776	06_28
GOS_betaglucan	BMAA	GOS_betaglucan	A. caccae	CM06_28	GOS_betaglucan	19.75	-0.058888888888888886	3	0.013471506281091266	0.0077777777777777776	06_28
GOS_betaglucan	BMAA	GOS_betaglucan	A. caccae	CM06_28	GOS_betaglucan	20	-0.058888888888888886	3	0.013471506281091266	0.0077777777777777776	06_28
GOS_betaglucan	BMAA	GOS_betaglucan	A. caccae	CM06_28	GOS_betaglucan	20.25	-0.058888888888888886	3	0.013471506281091266	0.0077777777777777776	06_28
GOS_betaglucan	BMAA	GOS_betaglucan	A. caccae	CM06_28	GOS_betaglucan	20.5	-0.058888888888888886	3	0.013471506281091266	0.0077777777777777776	06_28
GOS_betaglucan	BMAA	GOS_betaglucan	A. caccae	CM06_28	GOS_betaglucan	20.75	-0.058888888888888886	3	0.013471506281091266	0.0077777777777777776	06_28
GOS_betaglucan	BMAA	GOS_betaglucan	A. caccae	CM06_28	GOS_betaglucan	21	-0.058888888888888886	3	0.013471506281091266	0.0077777777777777776	06_28
GOS_betaglucan	BMAA	GOS_betaglucan	A. caccae	CM06_28	GOS_betaglucan	21.25	-0.062222222222222213	3	0.00769800358919502	0.0044444444444444505	06_28
GOS_betaglucan	BMAA	GOS_betaglucan	A. caccae	CM06_28	GOS_betaglucan	21.5	-0.062222222222222213	3	0.00769800358919502	0.0044444444444444505	06_28
GOS_betaglucan	BMAA	GOS_betaglucan	A. caccae	CM06_28	GOS_betaglucan	21.75	-0.062222222222222213	3	0.00769800358919502	0.0044444444444444505	06_28
GOS_betaglucan	BMAA	GOS_betaglucan	A. caccae	CM06_28	GOS_betaglucan	22	-0.062222222222222213	3	0.00769800358919502	0.0044444444444444505	06_28
GOS_betaglucan	BMAA	GOS_betaglucan	A. caccae	CM06_28	GOS_betaglucan	22.25	-0.062222222222222213	3	0.00769800358919502	0.0044444444444444505	06_28
GOS_betaglucan	BMAA	GOS_betaglucan	A. caccae	CM06_28	GOS_betaglucan	22.5	-0.062222222222222213	3	0.00769800358919502	0.0044444444444444505	06_28
GOS_betaglucan	BMAA	GOS_betaglucan	A. caccae	CM06_28	GOS_betaglucan	22.75	-0.06555555555555555	3	0.011706281947614161	0.006758625033664693	06_28
GOS_betaglucan	BMAA	GOS_betaglucan	A. caccae	CM06_28	GOS_betaglucan	23	-0.06555555555555555	3	0.011706281947614161	0.006758625033664693	06_28
GOS_betaglucan	BMAA	GOS_betaglucan	A. caccae	CM06_28	GOS_betaglucan	23.25	-0.06555555555555555	3	0.011706281947614161	0.006758625033664693	06_28
GOS_betaglucan	BMAA	GOS_betaglucan	A. caccae	CM06_28	GOS_betaglucan	23.5	-0.06555555555555555	3	0.011706281947614161	0.006758625033664693	06_28
GOS_betaglucan	BMAA	GOS_betaglucan	A. caccae	CM06_28	GOS_betaglucan	23.75	-0.06555555555555555	3	0.011706281947614161	0.006758625033664693	06_28
GOS_betaglucan	BMAA	GOS_betaglucan	A. caccae	CM06_28	GOS_betaglucan	24	-0.06555555555555555	3	0.011706281947614161	0.006758625033664693	06_28
arabinogalactan	BMAA	arabinogalactan	A. caccae	CM06_28	arabinogalactan	0	0.002222222222222218	3	0.003849001794597498	0.0022222222222222183	06_28
arabinogalactan	BMAA	arabinogalactan	A. caccae	CM06_28	arabinogalactan	0.25	-0.0011111111111111183	3	0.001924500897298765	0.0011111111111111183	06_28
arabinogalactan	BMAA	arabinogalactan	A. caccae	CM06_28	arabinogalactan	0.5	-0.0011111111111111183	3	0.001924500897298765	0.0011111111111111183	06_28
arabinogalactan	BMAA	arabinogalactan	A. caccae	CM06_28	arabinogalactan	0.75	-0.0011111111111111183	3	0.001924500897298765	0.0011111111111111183	06_28
arabinogalactan	BMAA	arabinogalactan	A. caccae	CM06_28	arabinogalactan	1	-0.004444444444444455	3	0.005091750772173158	0.0029397236789606577	06_28
arabinogalactan	BMAA	arabinogalactan	A. caccae	CM06_28	arabinogalactan	1.25	-0.004444444444444455	3	0.005091750772173158	0.0029397236789606577	06_28
arabinogalactan	BMAA	arabinogalactan	A. caccae	CM06_28	arabinogalactan	1.5	-0.004444444444444455	3	0.005091750772173158	0.0029397236789606577	06_28
arabinogalactan	BMAA	arabinogalactan	A. caccae	CM06_28	arabinogalactan	1.75	-0.0077777777777777906	3	0.006938886664887123	0.004006168083848885	06_28
arabinogalactan	BMAA	arabinogalactan	A. caccae	CM06_28	arabinogalactan	2	-0.0077777777777777906	3	0.006938886664887123	0.004006168083848885	06_28
arabinogalactan	BMAA	arabinogalactan	A. caccae	CM06_28	arabinogalactan	2.25	-0.0077777777777777906	3	0.006938886664887123	0.004006168083848885	06_28
arabinogalactan	BMAA	arabinogalactan	A. caccae	CM06_28	arabinogalactan	2.5	-0.0077777777777777906	3	0.006938886664887123	0.004006168083848885	06_28
arabinogalactan	BMAA	arabinogalactan	A. caccae	CM06_28	arabinogalactan	2.75	-0.0077777777777777906	3	0.006938886664887123	0.004006168083848885	06_28
arabinogalactan	BMAA	arabinogalactan	A. caccae	CM06_28	arabinogalactan	3	-0.011111111111111127	3	0.001924500897298765	0.0011111111111111183	06_28
arabinogalactan	BMAA	arabinogalactan	A. caccae	CM06_28	arabinogalactan	3.25	-0.011111111111111127	3	0.001924500897298765	0.0011111111111111183	06_28
arabinogalactan	BMAA	arabinogalactan	A. caccae	CM06_28	arabinogalactan	3.5	-0.011111111111111127	3	0.001924500897298765	0.0011111111111111183	06_28
arabinogalactan	BMAA	arabinogalactan	A. caccae	CM06_28	arabinogalactan	3.75	-0.014444444444444463	3	0.007698003589195028	0.004444444444444455	06_28
arabinogalactan	BMAA	arabinogalactan	A. caccae	CM06_28	arabinogalactan	4	-0.014444444444444463	3	0.007698003589195028	0.004444444444444455	06_28
arabinogalactan	BMAA	arabinogalactan	A. caccae	CM06_28	arabinogalactan	4.25	-0.014444444444444463	3	0.007698003589195028	0.004444444444444455	06_28
arabinogalactan	BMAA	arabinogalactan	A. caccae	CM06_28	arabinogalactan	4.5	-0.01777777777777779	3	0.013471506281091275	0.007777777777777782	06_28
arabinogalactan	BMAA	arabinogalactan	A. caccae	CM06_28	arabinogalactan	4.75	-0.01777777777777779	3	0.013471506281091275	0.007777777777777782	06_28
arabinogalactan	BMAA	arabinogalactan	A. caccae	CM06_28	arabinogalactan	5	-0.02777777777777779	3	0.013471506281091282	0.007777777777777786	06_28
arabinogalactan	BMAA	arabinogalactan	A. caccae	CM06_28	arabinogalactan	5.25	-0.02777777777777779	3	0.013471506281091282	0.007777777777777786	06_28
arabinogalactan	BMAA	arabinogalactan	A. caccae	CM06_28	arabinogalactan	5.5	-0.02777777777777779	3	0.013471506281091282	0.007777777777777786	06_28
arabinogalactan	BMAA	arabinogalactan	A. caccae	CM06_28	arabinogalactan	5.75	-0.031111111111111128	3	0.011706281947614161	0.006758625033664693	06_28
arabinogalactan	BMAA	arabinogalactan	A. caccae	CM06_28	arabinogalactan	6	-0.034444444444444465	3	0.017105338131489626	0.009875771574795106	06_28
arabinogalactan	BMAA	arabinogalactan	A. caccae	CM06_28	arabinogalactan	6.25	-0.0377777777777778	3	0.016777409856157232	0.009686442096757059	06_28
arabinogalactan	BMAA	arabinogalactan	A. caccae	CM06_28	arabinogalactan	6.5	-0.041111111111111126	3	0.011706281947614174	0.0067586250336647	06_28
arabinogalactan	BMAA	arabinogalactan	A. caccae	CM06_28	arabinogalactan	6.75	-0.04777777777777778	3	0.016777409856157232	0.009686442096757059	06_28
arabinogalactan	BMAA	arabinogalactan	A. caccae	CM06_28	arabinogalactan	7	-0.04777777777777778	3	0.016777409856157232	0.009686442096757059	06_28
arabinogalactan	BMAA	arabinogalactan	A. caccae	CM06_28	arabinogalactan	7.25	-0.04777777777777778	3	0.016777409856157232	0.009686442096757059	06_28
arabinogalactan	BMAA	arabinogalactan	A. caccae	CM06_28	arabinogalactan	7.5	-0.051111111111111114	3	0.011706281947614161	0.006758625033664693	06_28
arabinogalactan	BMAA	arabinogalactan	A. caccae	CM06_28	arabinogalactan	7.75	-0.054444444444444455	3	0.01261979632400061	0.007286042804780003	06_28
arabinogalactan	BMAA	arabinogalactan	A. caccae	CM06_28	arabinogalactan	8	-0.054444444444444455	3	0.01261979632400061	0.007286042804780003	06_28
arabinogalactan	BMAA	arabinogalactan	A. caccae	CM06_28	arabinogalactan	8.25	-0.05777777777777779	3	0.016777409856157232	0.009686442096757059	06_28
arabinogalactan	BMAA	arabinogalactan	A. caccae	CM06_28	arabinogalactan	8.5	-0.05777777777777779	3	0.016777409856157232	0.009686442096757059	06_28
arabinogalactan	BMAA	arabinogalactan	A. caccae	CM06_28	arabinogalactan	8.75	-0.06111111111111112	3	0.011706281947614161	0.006758625033664693	06_28
arabinogalactan	BMAA	arabinogalactan	A. caccae	CM06_28	arabinogalactan	9	-0.06444444444444446	3	0.01261979632400061	0.007286042804780003	06_28
arabinogalactan	BMAA	arabinogalactan	A. caccae	CM06_28	arabinogalactan	9.25	-0.06444444444444446	3	0.01261979632400061	0.007286042804780003	06_28
arabinogalactan	BMAA	arabinogalactan	A. caccae	CM06_28	arabinogalactan	9.5	-0.06444444444444446	3	0.01261979632400061	0.007286042804780003	06_28
arabinogalactan	BMAA	arabinogalactan	A. caccae	CM06_28	arabinogalactan	9.75	-0.06444444444444446	3	0.01261979632400061	0.007286042804780003	06_28
arabinogalactan	BMAA	arabinogalactan	A. caccae	CM06_28	arabinogalactan	10	-0.06444444444444446	3	0.01261979632400061	0.007286042804780003	06_28
arabinogalactan	BMAA	arabinogalactan	A. caccae	CM06_28	arabinogalactan	10.25	-0.07111111111111112	3	0.011706281947614174	0.0067586250336647	06_28
arabinogalactan	BMAA	arabinogalactan	A. caccae	CM06_28	arabinogalactan	10.5	-0.07111111111111112	3	0.011706281947614174	0.0067586250336647	06_28
arabinogalactan	BMAA	arabinogalactan	A. caccae	CM06_28	arabinogalactan	10.75	-0.07111111111111112	3	0.011706281947614174	0.0067586250336647	06_28
arabinogalactan	BMAA	arabinogalactan	A. caccae	CM06_28	arabinogalactan	11	-0.07111111111111112	3	0.011706281947614174	0.0067586250336647	06_28
arabinogalactan	BMAA	arabinogalactan	A. caccae	CM06_28	arabinogalactan	11.25	-0.07111111111111112	3	0.011706281947614174	0.0067586250336647	06_28
arabinogalactan	BMAA	arabinogalactan	A. caccae	CM06_28	arabinogalactan	11.5	-0.07444444444444445	3	0.012619796324000619	0.007286042804780008	06_28
arabinogalactan	BMAA	arabinogalactan	A. caccae	CM06_28	arabinogalactan	11.75	-0.07444444444444445	3	0.012619796324000619	0.007286042804780008	06_28
arabinogalactan	BMAA	arabinogalactan	A. caccae	CM06_28	arabinogalactan	12	-0.07444444444444445	3	0.012619796324000619	0.007286042804780008	06_28
arabinogalactan	BMAA	arabinogalactan	A. caccae	CM06_28	arabinogalactan	12.25	-0.07444444444444445	3	0.012619796324000619	0.007286042804780008	06_28
arabinogalactan	BMAA	arabinogalactan	A. caccae	CM06_28	arabinogalactan	12.5	-0.07444444444444445	3	0.012619796324000619	0.007286042804780008	06_28
arabinogalactan	BMAA	arabinogalactan	A. caccae	CM06_28	arabinogalactan	12.75	-0.07444444444444445	3	0.012619796324000619	0.007286042804780008	06_28
arabinogalactan	BMAA	arabinogalactan	A. caccae	CM06_28	arabinogalactan	13	-0.07444444444444445	3	0.012619796324000619	0.007286042804780008	06_28
arabinogalactan	BMAA	arabinogalactan	A. caccae	CM06_28	arabinogalactan	13.25	-0.07444444444444445	3	0.012619796324000619	0.007286042804780008	06_28
arabinogalactan	BMAA	arabinogalactan	A. caccae	CM06_28	arabinogalactan	13.5	-0.07444444444444445	3	0.012619796324000619	0.007286042804780008	06_28
arabinogalactan	BMAA	arabinogalactan	A. caccae	CM06_28	arabinogalactan	13.75	-0.07777777777777779	3	0.0069388866648871185	0.004006168083848883	06_28
arabinogalactan	BMAA	arabinogalactan	A. caccae	CM06_28	arabinogalactan	14	-0.07777777777777779	3	0.0069388866648871185	0.004006168083848883	06_28
arabinogalactan	BMAA	arabinogalactan	A. caccae	CM06_28	arabinogalactan	14.25	-0.07777777777777779	3	0.0069388866648871185	0.004006168083848883	06_28
arabinogalactan	BMAA	arabinogalactan	A. caccae	CM06_28	arabinogalactan	14.5	-0.07777777777777779	3	0.0069388866648871185	0.004006168083848883	06_28
arabinogalactan	BMAA	arabinogalactan	A. caccae	CM06_28	arabinogalactan	14.75	-0.07777777777777779	3	0.0069388866648871185	0.004006168083848883	06_28
arabinogalactan	BMAA	arabinogalactan	A. caccae	CM06_28	arabinogalactan	15	-0.08111111111111112	3	0.011706281947614161	0.006758625033664693	06_28
arabinogalactan	BMAA	arabinogalactan	A. caccae	CM06_28	arabinogalactan	15.25	-0.08111111111111112	3	0.011706281947614161	0.006758625033664693	06_28
arabinogalactan	BMAA	arabinogalactan	A. caccae	CM06_28	arabinogalactan	15.5	-0.08111111111111112	3	0.011706281947614161	0.006758625033664693	06_28
arabinogalactan	BMAA	arabinogalactan	A. caccae	CM06_28	arabinogalactan	15.75	-0.08111111111111112	3	0.011706281947614161	0.006758625033664693	06_28
arabinogalactan	BMAA	arabinogalactan	A. caccae	CM06_28	arabinogalactan	16	-0.08111111111111112	3	0.011706281947614161	0.006758625033664693	06_28
arabinogalactan	BMAA	arabinogalactan	A. caccae	CM06_28	arabinogalactan	16.25	-0.08111111111111112	3	0.011706281947614161	0.006758625033664693	06_28
arabinogalactan	BMAA	arabinogalactan	A. caccae	CM06_28	arabinogalactan	16.5	-0.08111111111111112	3	0.011706281947614161	0.006758625033664693	06_28
arabinogalactan	BMAA	arabinogalactan	A. caccae	CM06_28	arabinogalactan	16.75	-0.08111111111111112	3	0.011706281947614161	0.006758625033664693	06_28
arabinogalactan	BMAA	arabinogalactan	A. caccae	CM06_28	arabinogalactan	17	-0.08111111111111112	3	0.011706281947614161	0.006758625033664693	06_28
arabinogalactan	BMAA	arabinogalactan	A. caccae	CM06_28	arabinogalactan	17.25	-0.08111111111111112	3	0.011706281947614161	0.006758625033664693	06_28
arabinogalactan	BMAA	arabinogalactan	A. caccae	CM06_28	arabinogalactan	17.5	-0.08111111111111112	3	0.011706281947614161	0.006758625033664693	06_28
arabinogalactan	BMAA	arabinogalactan	A. caccae	CM06_28	arabinogalactan	17.75	-0.08111111111111112	3	0.011706281947614161	0.006758625033664693	06_28
arabinogalactan	BMAA	arabinogalactan	A. caccae	CM06_28	arabinogalactan	18	-0.08111111111111112	3	0.011706281947614161	0.006758625033664693	06_28
arabinogalactan	BMAA	arabinogalactan	A. caccae	CM06_28	arabinogalactan	18.25	-0.08111111111111112	3	0.011706281947614161	0.006758625033664693	06_28
arabinogalactan	BMAA	arabinogalactan	A. caccae	CM06_28	arabinogalactan	18.5	-0.08111111111111112	3	0.011706281947614161	0.006758625033664693	06_28
arabinogalactan	BMAA	arabinogalactan	A. caccae	CM06_28	arabinogalactan	18.75	-0.08444444444444445	3	0.01261979632400061	0.007286042804780003	06_28
arabinogalactan	BMAA	arabinogalactan	A. caccae	CM06_28	arabinogalactan	19	-0.08444444444444445	3	0.01261979632400061	0.007286042804780003	06_28
arabinogalactan	BMAA	arabinogalactan	A. caccae	CM06_28	arabinogalactan	19.25	-0.08444444444444445	3	0.01261979632400061	0.007286042804780003	06_28
arabinogalactan	BMAA	arabinogalactan	A. caccae	CM06_28	arabinogalactan	19.5	-0.08444444444444445	3	0.01261979632400061	0.007286042804780003	06_28
arabinogalactan	BMAA	arabinogalactan	A. caccae	CM06_28	arabinogalactan	19.75	-0.08444444444444445	3	0.01261979632400061	0.007286042804780003	06_28
arabinogalactan	BMAA	arabinogalactan	A. caccae	CM06_28	arabinogalactan	20	-0.08444444444444445	3	0.01261979632400061	0.007286042804780003	06_28
arabinogalactan	BMAA	arabinogalactan	A. caccae	CM06_28	arabinogalactan	20.25	-0.08444444444444445	3	0.01261979632400061	0.007286042804780003	06_28
arabinogalactan	BMAA	arabinogalactan	A. caccae	CM06_28	arabinogalactan	20.5	-0.08444444444444445	3	0.01261979632400061	0.007286042804780003	06_28
arabinogalactan	BMAA	arabinogalactan	A. caccae	CM06_28	arabinogalactan	20.75	-0.08444444444444445	3	0.01261979632400061	0.007286042804780003	06_28
arabinogalactan	BMAA	arabinogalactan	A. caccae	CM06_28	arabinogalactan	21	-0.08444444444444445	3	0.01261979632400061	0.007286042804780003	06_28
arabinogalactan	BMAA	arabinogalactan	A. caccae	CM06_28	arabinogalactan	21.25	-0.08444444444444445	3	0.01261979632400061	0.007286042804780003	06_28
arabinogalactan	BMAA	arabinogalactan	A. caccae	CM06_28	arabinogalactan	21.5	-0.08777777777777779	3	0.006938886664887107	0.004006168083848876	06_28
arabinogalactan	BMAA	arabinogalactan	A. caccae	CM06_28	arabinogalactan	21.75	-0.08777777777777779	3	0.006938886664887107	0.004006168083848876	06_28
arabinogalactan	BMAA	arabinogalactan	A. caccae	CM06_28	arabinogalactan	22	-0.08777777777777779	3	0.006938886664887107	0.004006168083848876	06_28
arabinogalactan	BMAA	arabinogalactan	A. caccae	CM06_28	arabinogalactan	22.25	-0.08777777777777779	3	0.006938886664887107	0.004006168083848876	06_28
arabinogalactan	BMAA	arabinogalactan	A. caccae	CM06_28	arabinogalactan	22.5	-0.08777777777777779	3	0.006938886664887107	0.004006168083848876	06_28
arabinogalactan	BMAA	arabinogalactan	A. caccae	CM06_28	arabinogalactan	22.75	-0.08777777777777779	3	0.006938886664887107	0.004006168083848876	06_28
arabinogalactan	BMAA	arabinogalactan	A. caccae	CM06_28	arabinogalactan	23	-0.08777777777777779	3	0.006938886664887107	0.004006168083848876	06_28
arabinogalactan	BMAA	arabinogalactan	A. caccae	CM06_28	arabinogalactan	23.25	-0.08777777777777779	3	0.006938886664887107	0.004006168083848876	06_28
arabinogalactan	BMAA	arabinogalactan	A. caccae	CM06_28	arabinogalactan	23.5	-0.08777777777777779	3	0.006938886664887107	0.004006168083848876	06_28
arabinogalactan	BMAA	arabinogalactan	A. caccae	CM06_28	arabinogalactan	23.75	-0.08777777777777779	3	0.006938886664887107	0.004006168083848876	06_28
arabinogalactan	BMAA	arabinogalactan	A. caccae	CM06_28	arabinogalactan	24	-0.08777777777777779	3	0.006938886664887107	0.004006168083848876	06_28
chitosan	BMAA	chitosan	A. caccae	CM06_28	chitosan	0	0.017777777777777764	3	0.010183501544346316	0.005879447357921315	06_28
chitosan	BMAA	chitosan	A. caccae	CM06_28	chitosan	0.25	-0.00888888888888889	3	0.0050917507721731335	0.0029397236789606438	06_28
chitosan	BMAA	chitosan	A. caccae	CM06_28	chitosan	0.5	-0.00888888888888889	3	0.0050917507721731335	0.0029397236789606438	06_28
chitosan	BMAA	chitosan	A. caccae	CM06_28	chitosan	0.75	-0.005555555555555554	3	0.003849001794597514	0.0022222222222222274	06_28
chitosan	BMAA	chitosan	A. caccae	CM06_28	chitosan	1	0.004444444444444455	3	0.003849001794597514	0.0022222222222222274	06_28
chitosan	BMAA	chitosan	A. caccae	CM06_28	chitosan	1.25	0.004444444444444455	3	0.003849001794597514	0.0022222222222222274	06_28
chitosan	BMAA	chitosan	A. caccae	CM06_28	chitosan	1.5	0.0077777777777777906	3	0.001924500897298749	0.0011111111111111092	06_28
chitosan	BMAA	chitosan	A. caccae	CM06_28	chitosan	1.75	0.0077777777777777906	3	0.001924500897298749	0.0011111111111111092	06_28
chitosan	BMAA	chitosan	A. caccae	CM06_28	chitosan	2	0.011111111111111108	3	0.005091750772173158	0.0029397236789606577	06_28
chitosan	BMAA	chitosan	A. caccae	CM06_28	chitosan	2.25	0.0077777777777777906	3	0.001924500897298749	0.0011111111111111092	06_28
chitosan	BMAA	chitosan	A. caccae	CM06_28	chitosan	2.5	0.011111111111111108	3	0.005091750772173158	0.0029397236789606577	06_28
chitosan	BMAA	chitosan	A. caccae	CM06_28	chitosan	2.75	0.004444444444444455	3	0.0069388866648871315	0.0040061680838488906	06_28
chitosan	BMAA	chitosan	A. caccae	CM06_28	chitosan	3	0.004444444444444455	3	0.003849001794597514	0.0022222222222222274	06_28
chitosan	BMAA	chitosan	A. caccae	CM06_28	chitosan	3.25	0.0077777777777777906	3	0.001924500897298749	0.0011111111111111092	06_28
chitosan	BMAA	chitosan	A. caccae	CM06_28	chitosan	3.5	0.004444444444444455	3	0.003849001794597514	0.0022222222222222274	06_28
chitosan	BMAA	chitosan	A. caccae	CM06_28	chitosan	3.75	0.004444444444444455	3	0.003849001794597514	0.0022222222222222274	06_28
chitosan	BMAA	chitosan	A. caccae	CM06_28	chitosan	4	0.004444444444444455	3	0.003849001794597514	0.0022222222222222274	06_28
chitosan	BMAA	chitosan	A. caccae	CM06_28	chitosan	4.25	0.004444444444444455	3	0.003849001794597514	0.0022222222222222274	06_28
chitosan	BMAA	chitosan	A. caccae	CM06_28	chitosan	4.5	0.004444444444444455	3	0.003849001794597514	0.0022222222222222274	06_28
chitosan	BMAA	chitosan	A. caccae	CM06_28	chitosan	4.75	0.0077777777777777906	3	0.001924500897298749	0.0011111111111111092	06_28
chitosan	BMAA	chitosan	A. caccae	CM06_28	chitosan	5	0.004444444444444455	3	0.003849001794597514	0.0022222222222222274	06_28
chitosan	BMAA	chitosan	A. caccae	CM06_28	chitosan	5.25	0.007777777777777772	3	0.008388704928078609	0.004843221048378525	06_28
chitosan	BMAA	chitosan	A. caccae	CM06_28	chitosan	5.5	0.011111111111111108	3	0.005091750772173158	0.0029397236789606577	06_28
chitosan	BMAA	chitosan	A. caccae	CM06_28	chitosan	5.75	0.011111111111111108	3	0.005091750772173158	0.0029397236789606577	06_28
chitosan	BMAA	chitosan	A. caccae	CM06_28	chitosan	6	0.011111111111111108	3	0.005091750772173158	0.0029397236789606577	06_28
chitosan	BMAA	chitosan	A. caccae	CM06_28	chitosan	6.25	0.011111111111111108	3	0.005091750772173158	0.0029397236789606577	06_28
chitosan	BMAA	chitosan	A. caccae	CM06_28	chitosan	6.5	0.011111111111111108	3	0.005091750772173158	0.0029397236789606577	06_28
chitosan	BMAA	chitosan	A. caccae	CM06_28	chitosan	6.75	0.011111111111111108	3	0.005091750772173158	0.0029397236789606577	06_28
chitosan	BMAA	chitosan	A. caccae	CM06_28	chitosan	7	0.011111111111111108	3	0.005091750772173158	0.0029397236789606577	06_28
chitosan	BMAA	chitosan	A. caccae	CM06_28	chitosan	7.25	0.011111111111111108	3	0.005091750772173158	0.0029397236789606577	06_28
chitosan	BMAA	chitosan	A. caccae	CM06_28	chitosan	7.5	0.011111111111111108	3	0.005091750772173158	0.0029397236789606577	06_28
chitosan	BMAA	chitosan	A. caccae	CM06_28	chitosan	7.75	0.011111111111111108	3	0.005091750772173158	0.0029397236789606577	06_28
chitosan	BMAA	chitosan	A. caccae	CM06_28	chitosan	8	0.011111111111111108	3	0.005091750772173158	0.0029397236789606577	06_28
chitosan	BMAA	chitosan	A. caccae	CM06_28	chitosan	8.25	0.011111111111111108	3	0.005091750772173158	0.0029397236789606577	06_28
chitosan	BMAA	chitosan	A. caccae	CM06_28	chitosan	8.5	0.011111111111111108	3	0.005091750772173158	0.0029397236789606577	06_28
chitosan	BMAA	chitosan	A. caccae	CM06_28	chitosan	8.75	0.011111111111111108	3	0.005091750772173158	0.0029397236789606577	06_28
chitosan	BMAA	chitosan	A. caccae	CM06_28	chitosan	9	0.011111111111111108	3	0.005091750772173158	0.0029397236789606577	06_28
chitosan	BMAA	chitosan	A. caccae	CM06_28	chitosan	9.25	0.011111111111111108	3	0.005091750772173158	0.0029397236789606577	06_28
chitosan	BMAA	chitosan	A. caccae	CM06_28	chitosan	9.5	0.011111111111111108	3	0.005091750772173158	0.0029397236789606577	06_28
chitosan	BMAA	chitosan	A. caccae	CM06_28	chitosan	9.75	0.011111111111111108	3	0.005091750772173158	0.0029397236789606577	06_28
chitosan	BMAA	chitosan	A. caccae	CM06_28	chitosan	10	0.011111111111111108	3	0.005091750772173158	0.0029397236789606577	06_28
chitosan	BMAA	chitosan	A. caccae	CM06_28	chitosan	10.25	0.011111111111111108	3	0.005091750772173158	0.0029397236789606577	06_28
chitosan	BMAA	chitosan	A. caccae	CM06_28	chitosan	10.5	0.01777777777777778	3	0.008388704928078609	0.004843221048378525	06_28
chitosan	BMAA	chitosan	A. caccae	CM06_28	chitosan	10.75	0.01777777777777778	3	0.008388704928078609	0.004843221048378525	06_28
chitosan	BMAA	chitosan	A. caccae	CM06_28	chitosan	11	0.01777777777777778	3	0.008388704928078609	0.004843221048378525	06_28
chitosan	BMAA	chitosan	A. caccae	CM06_28	chitosan	11.25	0.01777777777777778	3	0.008388704928078609	0.004843221048378525	06_28
chitosan	BMAA	chitosan	A. caccae	CM06_28	chitosan	11.5	0.01777777777777778	3	0.008388704928078609	0.004843221048378525	06_28
chitosan	BMAA	chitosan	A. caccae	CM06_28	chitosan	11.75	0.01777777777777778	3	0.008388704928078609	0.004843221048378525	06_28
chitosan	BMAA	chitosan	A. caccae	CM06_28	chitosan	12	0.01777777777777778	3	0.008388704928078609	0.004843221048378525	06_28
chitosan	BMAA	chitosan	A. caccae	CM06_28	chitosan	12.25	0.01777777777777778	3	0.008388704928078609	0.004843221048378525	06_28
chitosan	BMAA	chitosan	A. caccae	CM06_28	chitosan	12.5	0.01777777777777778	3	0.008388704928078609	0.004843221048378525	06_28
chitosan	BMAA	chitosan	A. caccae	CM06_28	chitosan	12.75	0.01777777777777778	3	0.008388704928078609	0.004843221048378525	06_28
chitosan	BMAA	chitosan	A. caccae	CM06_28	chitosan	13	0.01777777777777778	3	0.008388704928078609	0.004843221048378525	06_28
chitosan	BMAA	chitosan	A. caccae	CM06_28	chitosan	13.25	0.01777777777777778	3	0.008388704928078609	0.004843221048378525	06_28
chitosan	BMAA	chitosan	A. caccae	CM06_28	chitosan	13.5	0.01777777777777778	3	0.008388704928078609	0.004843221048378525	06_28
chitosan	BMAA	chitosan	A. caccae	CM06_28	chitosan	13.75	0.01777777777777778	3	0.008388704928078609	0.004843221048378525	06_28
chitosan	BMAA	chitosan	A. caccae	CM06_28	chitosan	14	0.01777777777777778	3	0.008388704928078609	0.004843221048378525	06_28
chitosan	BMAA	chitosan	A. caccae	CM06_28	chitosan	14.25	0.01777777777777778	3	0.008388704928078609	0.004843221048378525	06_28
chitosan	BMAA	chitosan	A. caccae	CM06_28	chitosan	14.5	0.01777777777777778	3	0.008388704928078609	0.004843221048378525	06_28
chitosan	BMAA	chitosan	A. caccae	CM06_28	chitosan	14.75	0.01777777777777778	3	0.008388704928078609	0.004843221048378525	06_28
chitosan	BMAA	chitosan	A. caccae	CM06_28	chitosan	15	0.01777777777777778	3	0.008388704928078609	0.004843221048378525	06_28
chitosan	BMAA	chitosan	A. caccae	CM06_28	chitosan	15.25	0.01777777777777778	3	0.008388704928078609	0.004843221048378525	06_28
chitosan	BMAA	chitosan	A. caccae	CM06_28	chitosan	15.5	0.01777777777777778	3	0.008388704928078609	0.004843221048378525	06_28
chitosan	BMAA	chitosan	A. caccae	CM06_28	chitosan	15.75	0.01777777777777778	3	0.008388704928078609	0.004843221048378525	06_28
chitosan	BMAA	chitosan	A. caccae	CM06_28	chitosan	16	0.01777777777777778	3	0.008388704928078609	0.004843221048378525	06_28
chitosan	BMAA	chitosan	A. caccae	CM06_28	chitosan	16.25	0.01777777777777778	3	0.008388704928078609	0.004843221048378525	06_28
chitosan	BMAA	chitosan	A. caccae	CM06_28	chitosan	16.5	0.01777777777777778	3	0.008388704928078609	0.004843221048378525	06_28
chitosan	BMAA	chitosan	A. caccae	CM06_28	chitosan	16.75	0.01777777777777778	3	0.008388704928078609	0.004843221048378525	06_28
chitosan	BMAA	chitosan	A. caccae	CM06_28	chitosan	17	0.01777777777777778	3	0.008388704928078609	0.004843221048378525	06_28
chitosan	BMAA	chitosan	A. caccae	CM06_28	chitosan	17.25	0.01777777777777778	3	0.008388704928078609	0.004843221048378525	06_28
chitosan	BMAA	chitosan	A. caccae	CM06_28	chitosan	17.5	0.01777777777777778	3	0.008388704928078609	0.004843221048378525	06_28
chitosan	BMAA	chitosan	A. caccae	CM06_28	chitosan	17.75	0.01777777777777778	3	0.008388704928078609	0.004843221048378525	06_28
chitosan	BMAA	chitosan	A. caccae	CM06_28	chitosan	18	0.01777777777777778	3	0.008388704928078609	0.004843221048378525	06_28
chitosan	BMAA	chitosan	A. caccae	CM06_28	chitosan	18.25	0.01777777777777778	3	0.008388704928078609	0.004843221048378525	06_28
chitosan	BMAA	chitosan	A. caccae	CM06_28	chitosan	18.5	0.01777777777777778	3	0.008388704928078609	0.004843221048378525	06_28
chitosan	BMAA	chitosan	A. caccae	CM06_28	chitosan	18.75	0.01777777777777778	3	0.008388704928078609	0.004843221048378525	06_28
chitosan	BMAA	chitosan	A. caccae	CM06_28	chitosan	19	0.01777777777777778	3	0.008388704928078609	0.004843221048378525	06_28
chitosan	BMAA	chitosan	A. caccae	CM06_28	chitosan	19.25	0.01777777777777778	3	0.008388704928078609	0.004843221048378525	06_28
chitosan	BMAA	chitosan	A. caccae	CM06_28	chitosan	19.5	0.01777777777777778	3	0.008388704928078609	0.004843221048378525	06_28
chitosan	BMAA	chitosan	A. caccae	CM06_28	chitosan	19.75	0.01777777777777778	3	0.008388704928078609	0.004843221048378525	06_28
chitosan	BMAA	chitosan	A. caccae	CM06_28	chitosan	20	0.01777777777777778	3	0.008388704928078609	0.004843221048378525	06_28
chitosan	BMAA	chitosan	A. caccae	CM06_28	chitosan	20.25	0.01777777777777778	3	0.008388704928078609	0.004843221048378525	06_28
chitosan	BMAA	chitosan	A. caccae	CM06_28	chitosan	20.5	0.01777777777777778	3	0.008388704928078609	0.004843221048378525	06_28
chitosan	BMAA	chitosan	A. caccae	CM06_28	chitosan	20.75	0.01777777777777778	3	0.008388704928078609	0.004843221048378525	06_28
chitosan	BMAA	chitosan	A. caccae	CM06_28	chitosan	21	0.01777777777777778	3	0.008388704928078609	0.004843221048378525	06_28
chitosan	BMAA	chitosan	A. caccae	CM06_28	chitosan	21.25	0.01777777777777778	3	0.008388704928078609	0.004843221048378525	06_28
chitosan	BMAA	chitosan	A. caccae	CM06_28	chitosan	21.5	0.01777777777777778	3	0.008388704928078609	0.004843221048378525	06_28
chitosan	BMAA	chitosan	A. caccae	CM06_28	chitosan	21.75	0.01777777777777778	3	0.008388704928078609	0.004843221048378525	06_28
chitosan	BMAA	chitosan	A. caccae	CM06_28	chitosan	22	0.01777777777777778	3	0.008388704928078609	0.004843221048378525	06_28
chitosan	BMAA	chitosan	A. caccae	CM06_28	chitosan	22.25	0.01777777777777778	3	0.008388704928078609	0.004843221048378525	06_28
chitosan	BMAA	chitosan	A. caccae	CM06_28	chitosan	22.5	0.01777777777777778	3	0.008388704928078609	0.004843221048378525	06_28
chitosan	BMAA	chitosan	A. caccae	CM06_28	chitosan	22.75	0.01777777777777778	3	0.008388704928078609	0.004843221048378525	06_28
chitosan	BMAA	chitosan	A. caccae	CM06_28	chitosan	23	0.01777777777777778	3	0.008388704928078609	0.004843221048378525	06_28
chitosan	BMAA	chitosan	A. caccae	CM06_28	chitosan	23.25	0.01777777777777778	3	0.008388704928078609	0.004843221048378525	06_28
chitosan	BMAA	chitosan	A. caccae	CM06_28	chitosan	23.5	0.01777777777777778	3	0.008388704928078609	0.004843221048378525	06_28
chitosan	BMAA	chitosan	A. caccae	CM06_28	chitosan	23.75	0.01777777777777778	3	0.008388704928078609	0.004843221048378525	06_28
chitosan	BMAA	chitosan	A. caccae	CM06_28	chitosan	24	0.01777777777777778	3	0.008388704928078609	0.004843221048378525	06_28
lentinan	BMAA	lentinan	A. caccae	CM06_28	lentinan	0	-0.0022222222222221997	3	0.001924500897298733	0.0011111111111110998	06_28
lentinan	BMAA	lentinan	A. caccae	CM06_28	lentinan	0.25	-0.0022222222222221997	3	0.001924500897298733	0.0011111111111110998	06_28
lentinan	BMAA	lentinan	A. caccae	CM06_28	lentinan	0.5	0.004444444444444436	3	0.003849001794597498	0.0022222222222222183	06_28
lentinan	BMAA	lentinan	A. caccae	CM06_28	lentinan	0.75	0.004444444444444436	3	0.003849001794597498	0.0022222222222222183	06_28
lentinan	BMAA	lentinan	A. caccae	CM06_28	lentinan	1	0.004444444444444436	3	0.003849001794597498	0.0022222222222222183	06_28
lentinan	BMAA	lentinan	A. caccae	CM06_28	lentinan	1.25	0.0011111111111111183	3	0.0050917507721731335	0.0029397236789606438	06_28
lentinan	BMAA	lentinan	A. caccae	CM06_28	lentinan	1.5	-0.0022222222222221997	3	0.001924500897298733	0.0011111111111110998	06_28
lentinan	BMAA	lentinan	A. caccae	CM06_28	lentinan	1.75	-0.008888888888888872	3	0.007698003589194996	0.004444444444444437	06_28
lentinan	BMAA	lentinan	A. caccae	CM06_28	lentinan	2	-0.008888888888888872	3	0.007698003589194996	0.004444444444444437	06_28
lentinan	BMAA	lentinan	A. caccae	CM06_28	lentinan	2.25	-0.015555555555555545	3	0.0069388866648871	0.004006168083848872	06_28
lentinan	BMAA	lentinan	A. caccae	CM06_28	lentinan	2.5	-0.018888888888888882	3	0.005091750772173164	0.002939723678960661	06_28
lentinan	BMAA	lentinan	A. caccae	CM06_28	lentinan	2.75	-0.015555555555555545	3	0.010715167512214411	0.006186404847588923	06_28
lentinan	BMAA	lentinan	A. caccae	CM06_28	lentinan	3	-0.018888888888888882	3	0.013877773329774246	0.00801233616769777	06_28
lentinan	BMAA	lentinan	A. caccae	CM06_28	lentinan	3.25	-0.022222222222222216	3	0.008388704928078635	0.004843221048378541	06_28
lentinan	BMAA	lentinan	A. caccae	CM06_28	lentinan	3.5	-0.022222222222222216	3	0.008388704928078635	0.004843221048378541	06_28
lentinan	BMAA	lentinan	A. caccae	CM06_28	lentinan	3.75	-0.025555555555555554	3	0.010715167512214411	0.006186404847588923	06_28
lentinan	BMAA	lentinan	A. caccae	CM06_28	lentinan	4	-0.025555555555555554	3	0.010715167512214411	0.006186404847588923	06_28
lentinan	BMAA	lentinan	A. caccae	CM06_28	lentinan	4.25	-0.025555555555555554	3	0.010715167512214411	0.006186404847588923	06_28
lentinan	BMAA	lentinan	A. caccae	CM06_28	lentinan	4.5	-0.02888888888888889	3	0.013877773329774246	0.00801233616769777	06_28
lentinan	BMAA	lentinan	A. caccae	CM06_28	lentinan	4.75	-0.03222222222222223	3	0.008388704928078635	0.004843221048378541	06_28
lentinan	BMAA	lentinan	A. caccae	CM06_28	lentinan	5	-0.03222222222222223	3	0.008388704928078635	0.004843221048378541	06_28
lentinan	BMAA	lentinan	A. caccae	CM06_28	lentinan	5.25	-0.03555555555555556	3	0.010715167512214411	0.006186404847588923	06_28
lentinan	BMAA	lentinan	A. caccae	CM06_28	lentinan	5.5	-0.03555555555555556	3	0.010715167512214411	0.006186404847588923	06_28
lentinan	BMAA	lentinan	A. caccae	CM06_28	lentinan	5.75	-0.03555555555555556	3	0.010715167512214411	0.006186404847588923	06_28
lentinan	BMAA	lentinan	A. caccae	CM06_28	lentinan	6	-0.03555555555555556	3	0.010715167512214411	0.006186404847588923	06_28
lentinan	BMAA	lentinan	A. caccae	CM06_28	lentinan	6.25	-0.03555555555555556	3	0.010715167512214411	0.006186404847588923	06_28
lentinan	BMAA	lentinan	A. caccae	CM06_28	lentinan	6.5	-0.03555555555555556	3	0.010715167512214411	0.006186404847588923	06_28
lentinan	BMAA	lentinan	A. caccae	CM06_28	lentinan	6.75	-0.03555555555555556	3	0.010715167512214411	0.006186404847588923	06_28
lentinan	BMAA	lentinan	A. caccae	CM06_28	lentinan	7	-0.03555555555555556	3	0.010715167512214411	0.006186404847588923	06_28
lentinan	BMAA	lentinan	A. caccae	CM06_28	lentinan	7.25	-0.03555555555555556	3	0.010715167512214411	0.006186404847588923	06_28
lentinan	BMAA	lentinan	A. caccae	CM06_28	lentinan	7.5	-0.038888888888888896	3	0.005091750772173164	0.002939723678960661	06_28
lentinan	BMAA	lentinan	A. caccae	CM06_28	lentinan	7.75	-0.038888888888888896	3	0.005091750772173164	0.002939723678960661	06_28
lentinan	BMAA	lentinan	A. caccae	CM06_28	lentinan	8	-0.042222222222222223	3	0.008388704928078623	0.004843221048378534	06_28
lentinan	BMAA	lentinan	A. caccae	CM06_28	lentinan	8.25	-0.04555555555555555	3	0.010715167512214395	0.006186404847588914	06_28
lentinan	BMAA	lentinan	A. caccae	CM06_28	lentinan	8.5	-0.04555555555555555	3	0.010715167512214395	0.006186404847588914	06_28
lentinan	BMAA	lentinan	A. caccae	CM06_28	lentinan	8.75	-0.04555555555555555	3	0.010715167512214395	0.006186404847588914	06_28
lentinan	BMAA	lentinan	A. caccae	CM06_28	lentinan	9	-0.04888888888888889	3	0.005091750772173149	0.002939723678960653	06_28
lentinan	BMAA	lentinan	A. caccae	CM06_28	lentinan	9.25	-0.04888888888888889	3	0.005091750772173149	0.002939723678960653	06_28
lentinan	BMAA	lentinan	A. caccae	CM06_28	lentinan	9.5	-0.04888888888888889	3	0.005091750772173149	0.002939723678960653	06_28
lentinan	BMAA	lentinan	A. caccae	CM06_28	lentinan	9.75	-0.04888888888888889	3	0.005091750772173149	0.002939723678960653	06_28
lentinan	BMAA	lentinan	A. caccae	CM06_28	lentinan	10	-0.04888888888888889	3	0.005091750772173149	0.002939723678960653	06_28
lentinan	BMAA	lentinan	A. caccae	CM06_28	lentinan	10.25	-0.04888888888888889	3	0.005091750772173149	0.002939723678960653	06_28
lentinan	BMAA	lentinan	A. caccae	CM06_28	lentinan	10.5	-0.05222222222222222	3	0.001924500897298733	0.0011111111111110998	06_28
lentinan	BMAA	lentinan	A. caccae	CM06_28	lentinan	10.75	-0.05222222222222222	3	0.001924500897298733	0.0011111111111110998	06_28
lentinan	BMAA	lentinan	A. caccae	CM06_28	lentinan	11	-0.05555555555555555	3	0.00384900179459753	0.0022222222222222365	06_28
lentinan	BMAA	lentinan	A. caccae	CM06_28	lentinan	11.25	-0.05222222222222222	3	0.001924500897298733	0.0011111111111110998	06_28
lentinan	BMAA	lentinan	A. caccae	CM06_28	lentinan	11.5	-0.05555555555555555	3	0.00384900179459753	0.0022222222222222365	06_28
lentinan	BMAA	lentinan	A. caccae	CM06_28	lentinan	11.75	-0.058888888888888886	3	0.005091750772173164	0.002939723678960661	06_28
lentinan	BMAA	lentinan	A. caccae	CM06_28	lentinan	12	-0.058888888888888886	3	0.005091750772173164	0.002939723678960661	06_28
lentinan	BMAA	lentinan	A. caccae	CM06_28	lentinan	12.25	-0.058888888888888886	3	0.005091750772173164	0.002939723678960661	06_28
lentinan	BMAA	lentinan	A. caccae	CM06_28	lentinan	12.5	-0.058888888888888886	3	0.005091750772173164	0.002939723678960661	06_28
lentinan	BMAA	lentinan	A. caccae	CM06_28	lentinan	12.75	-0.058888888888888886	3	0.005091750772173164	0.002939723678960661	06_28
lentinan	BMAA	lentinan	A. caccae	CM06_28	lentinan	13	-0.06222222222222223	3	0.001924500897298733	0.0011111111111110998	06_28
lentinan	BMAA	lentinan	A. caccae	CM06_28	lentinan	13.25	-0.06222222222222223	3	0.001924500897298733	0.0011111111111110998	06_28
lentinan	BMAA	lentinan	A. caccae	CM06_28	lentinan	13.5	-0.06222222222222223	3	0.001924500897298733	0.0011111111111110998	06_28
lentinan	BMAA	lentinan	A. caccae	CM06_28	lentinan	13.75	-0.06222222222222223	3	0.001924500897298733	0.0011111111111110998	06_28
lentinan	BMAA	lentinan	A. caccae	CM06_28	lentinan	14	-0.06222222222222223	3	0.001924500897298733	0.0011111111111110998	06_28
lentinan	BMAA	lentinan	A. caccae	CM06_28	lentinan	14.25	-0.06222222222222223	3	0.001924500897298733	0.0011111111111110998	06_28
lentinan	BMAA	lentinan	A. caccae	CM06_28	lentinan	14.5	-0.06222222222222223	3	0.001924500897298733	0.0011111111111110998	06_28
lentinan	BMAA	lentinan	A. caccae	CM06_28	lentinan	14.75	-0.06222222222222223	3	0.001924500897298733	0.0011111111111110998	06_28
lentinan	BMAA	lentinan	A. caccae	CM06_28	lentinan	15	-0.06222222222222223	3	0.001924500897298733	0.0011111111111110998	06_28
lentinan	BMAA	lentinan	A. caccae	CM06_28	lentinan	15.25	-0.06222222222222223	3	0.001924500897298733	0.0011111111111110998	06_28
lentinan	BMAA	lentinan	A. caccae	CM06_28	lentinan	15.5	-0.06555555555555556	3	0.00384900179459753	0.0022222222222222365	06_28
lentinan	BMAA	lentinan	A. caccae	CM06_28	lentinan	15.75	-0.06555555555555556	3	0.00384900179459753	0.0022222222222222365	06_28
lentinan	BMAA	lentinan	A. caccae	CM06_28	lentinan	16	-0.06555555555555556	3	0.00384900179459753	0.0022222222222222365	06_28
lentinan	BMAA	lentinan	A. caccae	CM06_28	lentinan	16.25	-0.06555555555555556	3	0.00384900179459753	0.0022222222222222365	06_28
lentinan	BMAA	lentinan	A. caccae	CM06_28	lentinan	16.5	-0.06555555555555556	3	0.00384900179459753	0.0022222222222222365	06_28
lentinan	BMAA	lentinan	A. caccae	CM06_28	lentinan	16.75	-0.06555555555555556	3	0.00384900179459753	0.0022222222222222365	06_28
lentinan	BMAA	lentinan	A. caccae	CM06_28	lentinan	17	-0.06555555555555556	3	0.00384900179459753	0.0022222222222222365	06_28
lentinan	BMAA	lentinan	A. caccae	CM06_28	lentinan	17.25	-0.0688888888888889	3	0.005091750772173164	0.002939723678960661	06_28
lentinan	BMAA	lentinan	A. caccae	CM06_28	lentinan	17.5	-0.07222222222222223	3	0.001924500897298733	0.0011111111111110998	06_28
lentinan	BMAA	lentinan	A. caccae	CM06_28	lentinan	17.75	-0.07222222222222223	3	0.001924500897298733	0.0011111111111110998	06_28
lentinan	BMAA	lentinan	A. caccae	CM06_28	lentinan	18	-0.07222222222222223	3	0.001924500897298733	0.0011111111111110998	06_28
lentinan	BMAA	lentinan	A. caccae	CM06_28	lentinan	18.25	-0.07222222222222223	3	0.001924500897298733	0.0011111111111110998	06_28
lentinan	BMAA	lentinan	A. caccae	CM06_28	lentinan	18.5	-0.07222222222222223	3	0.001924500897298733	0.0011111111111110998	06_28
lentinan	BMAA	lentinan	A. caccae	CM06_28	lentinan	18.75	-0.07222222222222223	3	0.001924500897298733	0.0011111111111110998	06_28
lentinan	BMAA	lentinan	A. caccae	CM06_28	lentinan	19	-0.07222222222222223	3	0.001924500897298733	0.0011111111111110998	06_28
lentinan	BMAA	lentinan	A. caccae	CM06_28	lentinan	19.25	-0.07222222222222223	3	0.001924500897298733	0.0011111111111110998	06_28
lentinan	BMAA	lentinan	A. caccae	CM06_28	lentinan	19.5	-0.07222222222222223	3	0.001924500897298733	0.0011111111111110998	06_28
lentinan	BMAA	lentinan	A. caccae	CM06_28	lentinan	19.75	-0.07222222222222223	3	0.001924500897298733	0.0011111111111110998	06_28
lentinan	BMAA	lentinan	A. caccae	CM06_28	lentinan	20	-0.07222222222222223	3	0.001924500897298733	0.0011111111111110998	06_28
lentinan	BMAA	lentinan	A. caccae	CM06_28	lentinan	20.25	-0.07222222222222223	3	0.001924500897298733	0.0011111111111110998	06_28
lentinan	BMAA	lentinan	A. caccae	CM06_28	lentinan	20.5	-0.07222222222222223	3	0.001924500897298733	0.0011111111111110998	06_28
lentinan	BMAA	lentinan	A. caccae	CM06_28	lentinan	20.75	-0.07222222222222223	3	0.001924500897298733	0.0011111111111110998	06_28
lentinan	BMAA	lentinan	A. caccae	CM06_28	lentinan	21	-0.07222222222222223	3	0.001924500897298733	0.0011111111111110998	06_28
lentinan	BMAA	lentinan	A. caccae	CM06_28	lentinan	21.25	-0.07222222222222223	3	0.001924500897298733	0.0011111111111110998	06_28
lentinan	BMAA	lentinan	A. caccae	CM06_28	lentinan	21.5	-0.07555555555555556	3	0.003849001794597514	0.0022222222222222274	06_28
lentinan	BMAA	lentinan	A. caccae	CM06_28	lentinan	21.75	-0.07555555555555556	3	0.003849001794597514	0.0022222222222222274	06_28
lentinan	BMAA	lentinan	A. caccae	CM06_28	lentinan	22	-0.07555555555555556	3	0.003849001794597514	0.0022222222222222274	06_28
lentinan	BMAA	lentinan	A. caccae	CM06_28	lentinan	22.25	-0.07555555555555556	3	0.003849001794597514	0.0022222222222222274	06_28
lentinan	BMAA	lentinan	A. caccae	CM06_28	lentinan	22.5	-0.07555555555555556	3	0.003849001794597514	0.0022222222222222274	06_28
lentinan	BMAA	lentinan	A. caccae	CM06_28	lentinan	22.75	-0.07888888888888888	3	0.005091750772173149	0.002939723678960653	06_28
lentinan	BMAA	lentinan	A. caccae	CM06_28	lentinan	23	-0.07555555555555556	3	0.003849001794597514	0.0022222222222222274	06_28
lentinan	BMAA	lentinan	A. caccae	CM06_28	lentinan	23.25	-0.07888888888888888	3	0.005091750772173149	0.002939723678960653	06_28
lentinan	BMAA	lentinan	A. caccae	CM06_28	lentinan	23.5	-0.07555555555555556	3	0.003849001794597514	0.0022222222222222274	06_28
lentinan	BMAA	lentinan	A. caccae	CM06_28	lentinan	23.75	-0.08222222222222221	3	0.001924500897298733	0.0011111111111110998	06_28
lentinan	BMAA	lentinan	A. caccae	CM06_28	lentinan	24	-0.08222222222222221	3	0.001924500897298733	0.0011111111111110998	06_28
xyloglucan	BMAA	xyloglucan	A. caccae	CM06_28	xyloglucan	0	-0.004444444444444436	3	0.003849001794597498	0.0022222222222222183	06_28
xyloglucan	BMAA	xyloglucan	A. caccae	CM06_28	xyloglucan	0.25	0.002222222222222218	3	0.001924500897298749	0.0011111111111111092	06_28
xyloglucan	BMAA	xyloglucan	A. caccae	CM06_28	xyloglucan	0.5	0.002222222222222218	3	0.001924500897298749	0.0011111111111111092	06_28
xyloglucan	BMAA	xyloglucan	A. caccae	CM06_28	xyloglucan	0.75	0.002222222222222218	3	0.001924500897298749	0.0011111111111111092	06_28
xyloglucan	BMAA	xyloglucan	A. caccae	CM06_28	xyloglucan	1	0.002222222222222218	3	0.001924500897298749	0.0011111111111111092	06_28
xyloglucan	BMAA	xyloglucan	A. caccae	CM06_28	xyloglucan	1.25	0.002222222222222218	3	0.001924500897298749	0.0011111111111111092	06_28
xyloglucan	BMAA	xyloglucan	A. caccae	CM06_28	xyloglucan	1.5	0.002222222222222218	3	0.001924500897298749	0.0011111111111111092	06_28
xyloglucan	BMAA	xyloglucan	A. caccae	CM06_28	xyloglucan	1.75	-0.001111111111111109	3	0.005091750772173146	0.0029397236789606507	06_28
xyloglucan	BMAA	xyloglucan	A. caccae	CM06_28	xyloglucan	2	-0.001111111111111109	3	0.005091750772173146	0.0029397236789606507	06_28
xyloglucan	BMAA	xyloglucan	A. caccae	CM06_28	xyloglucan	2.25	-0.001111111111111109	3	0.005091750772173146	0.0029397236789606507	06_28
xyloglucan	BMAA	xyloglucan	A. caccae	CM06_28	xyloglucan	2.5	-0.001111111111111109	3	0.005091750772173146	0.0029397236789606507	06_28
xyloglucan	BMAA	xyloglucan	A. caccae	CM06_28	xyloglucan	2.75	-0.004444444444444436	3	0.003849001794597498	0.0022222222222222183	06_28
xyloglucan	BMAA	xyloglucan	A. caccae	CM06_28	xyloglucan	3	-0.004444444444444436	3	0.003849001794597498	0.0022222222222222183	06_28
xyloglucan	BMAA	xyloglucan	A. caccae	CM06_28	xyloglucan	3.25	-0.004444444444444436	3	0.003849001794597498	0.0022222222222222183	06_28
xyloglucan	BMAA	xyloglucan	A. caccae	CM06_28	xyloglucan	3.5	-0.007777777777777772	3	0.001924500897298765	0.0011111111111111183	06_28
xyloglucan	BMAA	xyloglucan	A. caccae	CM06_28	xyloglucan	3.75	-0.004444444444444436	3	0.003849001794597498	0.0022222222222222183	06_28
xyloglucan	BMAA	xyloglucan	A. caccae	CM06_28	xyloglucan	4	-0.007777777777777772	3	0.001924500897298765	0.0011111111111111183	06_28
xyloglucan	BMAA	xyloglucan	A. caccae	CM06_28	xyloglucan	4.25	-0.004444444444444436	3	0.003849001794597498	0.0022222222222222183	06_28
xyloglucan	BMAA	xyloglucan	A. caccae	CM06_28	xyloglucan	4.5	-0.004444444444444436	3	0.003849001794597498	0.0022222222222222183	06_28
xyloglucan	BMAA	xyloglucan	A. caccae	CM06_28	xyloglucan	4.75	-0.004444444444444436	3	0.003849001794597498	0.0022222222222222183	06_28
xyloglucan	BMAA	xyloglucan	A. caccae	CM06_28	xyloglucan	5	-0.004444444444444436	3	0.003849001794597498	0.0022222222222222183	06_28
xyloglucan	BMAA	xyloglucan	A. caccae	CM06_28	xyloglucan	5.25	-0.004444444444444436	3	0.003849001794597498	0.0022222222222222183	06_28
xyloglucan	BMAA	xyloglucan	A. caccae	CM06_28	xyloglucan	5.5	-0.004444444444444436	3	0.003849001794597498	0.0022222222222222183	06_28
xyloglucan	BMAA	xyloglucan	A. caccae	CM06_28	xyloglucan	5.75	-0.007777777777777772	3	0.008388704928078609	0.004843221048378525	06_28
xyloglucan	BMAA	xyloglucan	A. caccae	CM06_28	xyloglucan	6	-0.007777777777777772	3	0.008388704928078609	0.004843221048378525	06_28
xyloglucan	BMAA	xyloglucan	A. caccae	CM06_28	xyloglucan	6.25	-0.007777777777777772	3	0.008388704928078609	0.004843221048378525	06_28
xyloglucan	BMAA	xyloglucan	A. caccae	CM06_28	xyloglucan	6.5	-0.007777777777777772	3	0.008388704928078609	0.004843221048378525	06_28
xyloglucan	BMAA	xyloglucan	A. caccae	CM06_28	xyloglucan	6.75	-0.007777777777777772	3	0.008388704928078609	0.004843221048378525	06_28
xyloglucan	BMAA	xyloglucan	A. caccae	CM06_28	xyloglucan	7	-0.007777777777777772	3	0.008388704928078609	0.004843221048378525	06_28
xyloglucan	BMAA	xyloglucan	A. caccae	CM06_28	xyloglucan	7.25	-0.007777777777777772	3	0.008388704928078609	0.004843221048378525	06_28
xyloglucan	BMAA	xyloglucan	A. caccae	CM06_28	xyloglucan	7.5	-0.011111111111111108	3	0.013877773329774223	0.008012336167697757	06_28
xyloglucan	BMAA	xyloglucan	A. caccae	CM06_28	xyloglucan	7.75	-0.011111111111111108	3	0.013877773329774223	0.008012336167697757	06_28
xyloglucan	BMAA	xyloglucan	A. caccae	CM06_28	xyloglucan	8	-0.011111111111111108	3	0.013877773329774223	0.008012336167697757	06_28
xyloglucan	BMAA	xyloglucan	A. caccae	CM06_28	xyloglucan	8.25	-0.011111111111111108	3	0.013877773329774223	0.008012336167697757	06_28
xyloglucan	BMAA	xyloglucan	A. caccae	CM06_28	xyloglucan	8.5	-0.011111111111111108	3	0.013877773329774223	0.008012336167697757	06_28
xyloglucan	BMAA	xyloglucan	A. caccae	CM06_28	xyloglucan	8.75	-0.011111111111111108	3	0.013877773329774223	0.008012336167697757	06_28
xyloglucan	BMAA	xyloglucan	A. caccae	CM06_28	xyloglucan	9	-0.011111111111111108	3	0.013877773329774223	0.008012336167697757	06_28
xyloglucan	BMAA	xyloglucan	A. caccae	CM06_28	xyloglucan	9.25	-0.014444444444444435	3	0.019531550923607713	0.011276546183435798	06_28
xyloglucan	BMAA	xyloglucan	A. caccae	CM06_28	xyloglucan	9.5	-0.014444444444444435	3	0.019531550923607713	0.011276546183435798	06_28
xyloglucan	BMAA	xyloglucan	A. caccae	CM06_28	xyloglucan	9.75	-0.014444444444444435	3	0.019531550923607713	0.011276546183435798	06_28
xyloglucan	BMAA	xyloglucan	A. caccae	CM06_28	xyloglucan	10	-0.01777777777777777	3	0.016442942874387485	0.009493337494797253	06_28
xyloglucan	BMAA	xyloglucan	A. caccae	CM06_28	xyloglucan	10.25	-0.01777777777777777	3	0.016442942874387485	0.009493337494797253	06_28
xyloglucan	BMAA	xyloglucan	A. caccae	CM06_28	xyloglucan	10.5	-0.01777777777777777	3	0.016442942874387485	0.009493337494797253	06_28
xyloglucan	BMAA	xyloglucan	A. caccae	CM06_28	xyloglucan	10.75	-0.01777777777777777	3	0.016442942874387485	0.009493337494797253	06_28
xyloglucan	BMAA	xyloglucan	A. caccae	CM06_28	xyloglucan	11	-0.01777777777777777	3	0.016442942874387485	0.009493337494797253	06_28
xyloglucan	BMAA	xyloglucan	A. caccae	CM06_28	xyloglucan	11.25	-0.01777777777777777	3	0.016442942874387485	0.009493337494797253	06_28
xyloglucan	BMAA	xyloglucan	A. caccae	CM06_28	xyloglucan	11.5	-0.01777777777777777	3	0.016442942874387485	0.009493337494797253	06_28
xyloglucan	BMAA	xyloglucan	A. caccae	CM06_28	xyloglucan	11.75	-0.01777777777777777	3	0.016442942874387485	0.009493337494797253	06_28
xyloglucan	BMAA	xyloglucan	A. caccae	CM06_28	xyloglucan	12	-0.01777777777777777	3	0.016442942874387485	0.009493337494797253	06_28
xyloglucan	BMAA	xyloglucan	A. caccae	CM06_28	xyloglucan	12.25	-0.02111111111111111	3	0.022194427061597976	0.012813958438523107	06_28
xyloglucan	BMAA	xyloglucan	A. caccae	CM06_28	xyloglucan	12.5	-0.02111111111111111	3	0.022194427061597976	0.012813958438523107	06_28
xyloglucan	BMAA	xyloglucan	A. caccae	CM06_28	xyloglucan	12.75	-0.02111111111111111	3	0.022194427061597976	0.012813958438523107	06_28
xyloglucan	BMAA	xyloglucan	A. caccae	CM06_28	xyloglucan	13	-0.02111111111111111	3	0.022194427061597976	0.012813958438523107	06_28
xyloglucan	BMAA	xyloglucan	A. caccae	CM06_28	xyloglucan	13.25	-0.02111111111111111	3	0.022194427061597976	0.012813958438523107	06_28
xyloglucan	BMAA	xyloglucan	A. caccae	CM06_28	xyloglucan	13.5	-0.02111111111111111	3	0.022194427061597976	0.012813958438523107	06_28
xyloglucan	BMAA	xyloglucan	A. caccae	CM06_28	xyloglucan	13.75	-0.02111111111111111	3	0.022194427061597976	0.012813958438523107	06_28
xyloglucan	BMAA	xyloglucan	A. caccae	CM06_28	xyloglucan	14	-0.024444444444444446	3	0.020367003088692624	0.011758894715842627	06_28
xyloglucan	BMAA	xyloglucan	A. caccae	CM06_28	xyloglucan	14.25	-0.024444444444444446	3	0.020367003088692624	0.011758894715842627	06_28
xyloglucan	BMAA	xyloglucan	A. caccae	CM06_28	xyloglucan	14.5	-0.024444444444444446	3	0.020367003088692624	0.011758894715842627	06_28
xyloglucan	BMAA	xyloglucan	A. caccae	CM06_28	xyloglucan	14.75	-0.024444444444444446	3	0.020367003088692624	0.011758894715842627	06_28
xyloglucan	BMAA	xyloglucan	A. caccae	CM06_28	xyloglucan	15	-0.024444444444444446	3	0.020367003088692624	0.011758894715842627	06_28
xyloglucan	BMAA	xyloglucan	A. caccae	CM06_28	xyloglucan	15.25	-0.02777777777777778	3	0.025891511550513436	0.014948471163415238	06_28
xyloglucan	BMAA	xyloglucan	A. caccae	CM06_28	xyloglucan	15.5	-0.024444444444444446	3	0.020367003088692624	0.011758894715842627	06_28
xyloglucan	BMAA	xyloglucan	A. caccae	CM06_28	xyloglucan	15.75	-0.024444444444444446	3	0.020367003088692624	0.011758894715842627	06_28
xyloglucan	BMAA	xyloglucan	A. caccae	CM06_28	xyloglucan	16	-0.031111111111111117	3	0.022194427061597976	0.012813958438523107	06_28
xyloglucan	BMAA	xyloglucan	A. caccae	CM06_28	xyloglucan	16.25	-0.031111111111111117	3	0.022194427061597976	0.012813958438523107	06_28
xyloglucan	BMAA	xyloglucan	A. caccae	CM06_28	xyloglucan	16.5	-0.031111111111111117	3	0.022194427061597976	0.012813958438523107	06_28
xyloglucan	BMAA	xyloglucan	A. caccae	CM06_28	xyloglucan	16.75	-0.031111111111111117	3	0.022194427061597976	0.012813958438523107	06_28
xyloglucan	BMAA	xyloglucan	A. caccae	CM06_28	xyloglucan	17	-0.031111111111111117	3	0.022194427061597976	0.012813958438523107	06_28
xyloglucan	BMAA	xyloglucan	A. caccae	CM06_28	xyloglucan	17.25	-0.031111111111111117	3	0.022194427061597976	0.012813958438523107	06_28
xyloglucan	BMAA	xyloglucan	A. caccae	CM06_28	xyloglucan	17.5	-0.02777777777777778	3	0.016442942874387485	0.009493337494797253	06_28
xyloglucan	BMAA	xyloglucan	A. caccae	CM06_28	xyloglucan	17.75	-0.031111111111111117	3	0.022194427061597976	0.012813958438523107	06_28
xyloglucan	BMAA	xyloglucan	A. caccae	CM06_28	xyloglucan	18	-0.031111111111111117	3	0.022194427061597976	0.012813958438523107	06_28
xyloglucan	BMAA	xyloglucan	A. caccae	CM06_28	xyloglucan	18.25	-0.031111111111111117	3	0.022194427061597976	0.012813958438523107	06_28
xyloglucan	BMAA	xyloglucan	A. caccae	CM06_28	xyloglucan	18.5	-0.031111111111111117	3	0.022194427061597976	0.012813958438523107	06_28
xyloglucan	BMAA	xyloglucan	A. caccae	CM06_28	xyloglucan	18.75	-0.031111111111111117	3	0.022194427061597976	0.012813958438523107	06_28
xyloglucan	BMAA	xyloglucan	A. caccae	CM06_28	xyloglucan	19	-0.031111111111111117	3	0.022194427061597976	0.012813958438523107	06_28
xyloglucan	BMAA	xyloglucan	A. caccae	CM06_28	xyloglucan	19.25	-0.031111111111111117	3	0.022194427061597976	0.012813958438523107	06_28
xyloglucan	BMAA	xyloglucan	A. caccae	CM06_28	xyloglucan	19.5	-0.034444444444444444	3	0.020367003088692624	0.011758894715842627	06_28
xyloglucan	BMAA	xyloglucan	A. caccae	CM06_28	xyloglucan	19.75	-0.034444444444444444	3	0.020367003088692624	0.011758894715842627	06_28
xyloglucan	BMAA	xyloglucan	A. caccae	CM06_28	xyloglucan	20	-0.034444444444444444	3	0.020367003088692624	0.011758894715842627	06_28
xyloglucan	BMAA	xyloglucan	A. caccae	CM06_28	xyloglucan	20.25	-0.034444444444444444	3	0.020367003088692624	0.011758894715842627	06_28
xyloglucan	BMAA	xyloglucan	A. caccae	CM06_28	xyloglucan	20.5	-0.034444444444444444	3	0.020367003088692624	0.011758894715842627	06_28
xyloglucan	BMAA	xyloglucan	A. caccae	CM06_28	xyloglucan	20.75	-0.034444444444444444	3	0.020367003088692624	0.011758894715842627	06_28
xyloglucan	BMAA	xyloglucan	A. caccae	CM06_28	xyloglucan	21	-0.034444444444444444	3	0.020367003088692624	0.011758894715842627	06_28
xyloglucan	BMAA	xyloglucan	A. caccae	CM06_28	xyloglucan	21.25	-0.034444444444444444	3	0.020367003088692624	0.011758894715842627	06_28
xyloglucan	BMAA	xyloglucan	A. caccae	CM06_28	xyloglucan	21.5	-0.034444444444444444	3	0.020367003088692624	0.011758894715842627	06_28
xyloglucan	BMAA	xyloglucan	A. caccae	CM06_28	xyloglucan	21.75	-0.034444444444444444	3	0.020367003088692624	0.011758894715842627	06_28
xyloglucan	BMAA	xyloglucan	A. caccae	CM06_28	xyloglucan	22	-0.034444444444444444	3	0.020367003088692624	0.011758894715842627	06_28
xyloglucan	BMAA	xyloglucan	A. caccae	CM06_28	xyloglucan	22.25	-0.034444444444444444	3	0.020367003088692624	0.011758894715842627	06_28
xyloglucan	BMAA	xyloglucan	A. caccae	CM06_28	xyloglucan	22.5	-0.034444444444444444	3	0.020367003088692624	0.011758894715842627	06_28
xyloglucan	BMAA	xyloglucan	A. caccae	CM06_28	xyloglucan	22.75	-0.03777777777777778	3	0.01644294287438749	0.009493337494797258	06_28
xyloglucan	BMAA	xyloglucan	A. caccae	CM06_28	xyloglucan	23	-0.03777777777777778	3	0.01644294287438749	0.009493337494797258	06_28
xyloglucan	BMAA	xyloglucan	A. caccae	CM06_28	xyloglucan	23.25	-0.03777777777777778	3	0.01644294287438749	0.009493337494797258	06_28
xyloglucan	BMAA	xyloglucan	A. caccae	CM06_28	xyloglucan	23.5	-0.03777777777777778	3	0.01644294287438749	0.009493337494797258	06_28
xyloglucan	BMAA	xyloglucan	A. caccae	CM06_28	xyloglucan	23.75	-0.03777777777777778	3	0.01644294287438749	0.009493337494797258	06_28
xyloglucan	BMAA	xyloglucan	A. caccae	CM06_28	xyloglucan	24	-0.03777777777777778	3	0.01644294287438749	0.009493337494797258	06_28
GOS_betaglucan	BMAA	GOS_betaglucan	A. hadrus	CM03_47	GOS_betaglucan	0	0.004444444444444445	3	0.001924500897298765	0.0011111111111111183	03_47
GOS_betaglucan	BMAA	GOS_betaglucan	A. hadrus	CM03_47	GOS_betaglucan	0.25	-0.005555555555555564	3	0.001924500897298765	0.0011111111111111183	03_47
GOS_betaglucan	BMAA	GOS_betaglucan	A. hadrus	CM03_47	GOS_betaglucan	0.5	0.001111111111111109	3	0.003849001794597498	0.0022222222222222183	03_47
GOS_betaglucan	BMAA	GOS_betaglucan	A. hadrus	CM03_47	GOS_betaglucan	0.75	0.0111111111111111	3	0.003849001794597482	0.0022222222222222088	03_47
GOS_betaglucan	BMAA	GOS_betaglucan	A. hadrus	CM03_47	GOS_betaglucan	1	0.02111111111111111	3	0.003849001794597482	0.0022222222222222088	03_47
GOS_betaglucan	BMAA	GOS_betaglucan	A. hadrus	CM03_47	GOS_betaglucan	1.25	0.03444444444444444	3	0.008388704928078595	0.004843221048378517	03_47
GOS_betaglucan	BMAA	GOS_betaglucan	A. hadrus	CM03_47	GOS_betaglucan	1.5	0.05444444444444444	3	0.008388704928078597	0.004843221048378518	03_47
GOS_betaglucan	BMAA	GOS_betaglucan	A. hadrus	CM03_47	GOS_betaglucan	1.75	0.08111111111111112	3	0.003849001794597498	0.0022222222222222183	03_47
GOS_betaglucan	BMAA	GOS_betaglucan	A. hadrus	CM03_47	GOS_betaglucan	2	0.11444444444444443	3	0.001924500897298765	0.0011111111111111183	03_47
GOS_betaglucan	BMAA	GOS_betaglucan	A. hadrus	CM03_47	GOS_betaglucan	2.25	0.13444444444444445	3	0.001924500897298765	0.0011111111111111183	03_47
GOS_betaglucan	BMAA	GOS_betaglucan	A. hadrus	CM03_47	GOS_betaglucan	2.5	0.14777777777777779	3	0.0050917507721731274	0.0029397236789606403	03_47
GOS_betaglucan	BMAA	GOS_betaglucan	A. hadrus	CM03_47	GOS_betaglucan	2.75	0.1511111111111111	3	0.006938886664887114	0.00400616808384888	03_47
GOS_betaglucan	BMAA	GOS_betaglucan	A. hadrus	CM03_47	GOS_betaglucan	3	0.1611111111111111	3	0.006938886664887123	0.004006168083848885	03_47
GOS_betaglucan	BMAA	GOS_betaglucan	A. hadrus	CM03_47	GOS_betaglucan	3.25	0.15777777777777777	3	0.022194427061597972	0.012813958438523105	03_47
GOS_betaglucan	BMAA	GOS_betaglucan	A. hadrus	CM03_47	GOS_betaglucan	3.5	0.1611111111111111	3	0.003849001794597466	0.0022222222222221997	03_47
GOS_betaglucan	BMAA	GOS_betaglucan	A. hadrus	CM03_47	GOS_betaglucan	3.75	0.1711111111111111	3	0.006938886664887123	0.004006168083848885	03_47
GOS_betaglucan	BMAA	GOS_betaglucan	A. hadrus	CM03_47	GOS_betaglucan	4	0.1811111111111111	3	0.006938886664887123	0.004006168083848885	03_47
GOS_betaglucan	BMAA	GOS_betaglucan	A. hadrus	CM03_47	GOS_betaglucan	4.25	0.18777777777777777	3	0.005091750772173158	0.0029397236789606577	03_47
GOS_betaglucan	BMAA	GOS_betaglucan	A. hadrus	CM03_47	GOS_betaglucan	4.5	0.19111111111111112	3	0.006938886664887123	0.004006168083848885	03_47
GOS_betaglucan	BMAA	GOS_betaglucan	A. hadrus	CM03_47	GOS_betaglucan	4.75	0.19777777777777777	3	0.005091750772173158	0.0029397236789606577	03_47
GOS_betaglucan	BMAA	GOS_betaglucan	A. hadrus	CM03_47	GOS_betaglucan	5	0.20111111111111113	3	0.006938886664887123	0.004006168083848885	03_47
GOS_betaglucan	BMAA	GOS_betaglucan	A. hadrus	CM03_47	GOS_betaglucan	5.25	0.20444444444444446	3	0.001924500897298765	0.0011111111111111183	03_47
GOS_betaglucan	BMAA	GOS_betaglucan	A. hadrus	CM03_47	GOS_betaglucan	5.5	0.2111111111111111	3	0.006938886664887114	0.00400616808384888	03_47
GOS_betaglucan	BMAA	GOS_betaglucan	A. hadrus	CM03_47	GOS_betaglucan	5.75	0.2111111111111111	3	0.006938886664887114	0.00400616808384888	03_47
GOS_betaglucan	BMAA	GOS_betaglucan	A. hadrus	CM03_47	GOS_betaglucan	6	0.20777777777777778	3	0.012619796324000614	0.007286042804780004	03_47
GOS_betaglucan	BMAA	GOS_betaglucan	A. hadrus	CM03_47	GOS_betaglucan	6.25	0.20777777777777778	3	0.012619796324000614	0.007286042804780004	03_47
GOS_betaglucan	BMAA	GOS_betaglucan	A. hadrus	CM03_47	GOS_betaglucan	6.5	0.2111111111111111	3	0.006938886664887114	0.00400616808384888	03_47
GOS_betaglucan	BMAA	GOS_betaglucan	A. hadrus	CM03_47	GOS_betaglucan	6.75	0.20777777777777778	3	0.007698003589195028	0.004444444444444455	03_47
GOS_betaglucan	BMAA	GOS_betaglucan	A. hadrus	CM03_47	GOS_betaglucan	7	0.20777777777777778	3	0.0050917507721731274	0.0029397236789606403	03_47
GOS_betaglucan	BMAA	GOS_betaglucan	A. hadrus	CM03_47	GOS_betaglucan	7.25	0.20777777777777778	3	0.0050917507721731274	0.0029397236789606403	03_47
GOS_betaglucan	BMAA	GOS_betaglucan	A. hadrus	CM03_47	GOS_betaglucan	7.5	0.20444444444444443	3	0.010183501544346298	0.005879447357921306	03_47
GOS_betaglucan	BMAA	GOS_betaglucan	A. hadrus	CM03_47	GOS_betaglucan	7.75	0.20111111111111113	3	0.006938886664887123	0.004006168083848885	03_47
GOS_betaglucan	BMAA	GOS_betaglucan	A. hadrus	CM03_47	GOS_betaglucan	8	0.20111111111111113	3	0.006938886664887123	0.004006168083848885	03_47
GOS_betaglucan	BMAA	GOS_betaglucan	A. hadrus	CM03_47	GOS_betaglucan	8.25	0.19777777777777777	3	0.005091750772173158	0.0029397236789606577	03_47
GOS_betaglucan	BMAA	GOS_betaglucan	A. hadrus	CM03_47	GOS_betaglucan	8.5	0.20111111111111113	3	0.006938886664887123	0.004006168083848885	03_47
GOS_betaglucan	BMAA	GOS_betaglucan	A. hadrus	CM03_47	GOS_betaglucan	8.75	0.19777777777777777	3	0.005091750772173158	0.0029397236789606577	03_47
GOS_betaglucan	BMAA	GOS_betaglucan	A. hadrus	CM03_47	GOS_betaglucan	9	0.19777777777777777	3	0.005091750772173158	0.0029397236789606577	03_47
GOS_betaglucan	BMAA	GOS_betaglucan	A. hadrus	CM03_47	GOS_betaglucan	9.25	0.19111111111111112	3	0.006938886664887123	0.004006168083848885	03_47
GOS_betaglucan	BMAA	GOS_betaglucan	A. hadrus	CM03_47	GOS_betaglucan	9.5	0.19111111111111112	3	0.006938886664887123	0.004006168083848885	03_47
GOS_betaglucan	BMAA	GOS_betaglucan	A. hadrus	CM03_47	GOS_betaglucan	9.75	0.19111111111111112	3	0.006938886664887123	0.004006168083848885	03_47
GOS_betaglucan	BMAA	GOS_betaglucan	A. hadrus	CM03_47	GOS_betaglucan	10	0.19111111111111112	3	0.006938886664887123	0.004006168083848885	03_47
GOS_betaglucan	BMAA	GOS_betaglucan	A. hadrus	CM03_47	GOS_betaglucan	10.25	0.18777777777777777	3	0.005091750772173158	0.0029397236789606577	03_47
GOS_betaglucan	BMAA	GOS_betaglucan	A. hadrus	CM03_47	GOS_betaglucan	10.5	0.18444444444444444	3	0.010183501544346323	0.00587944735792132	03_47
GOS_betaglucan	BMAA	GOS_betaglucan	A. hadrus	CM03_47	GOS_betaglucan	10.75	0.18444444444444444	3	0.010183501544346323	0.00587944735792132	03_47
GOS_betaglucan	BMAA	GOS_betaglucan	A. hadrus	CM03_47	GOS_betaglucan	11	0.18444444444444444	3	0.010183501544346323	0.00587944735792132	03_47
GOS_betaglucan	BMAA	GOS_betaglucan	A. hadrus	CM03_47	GOS_betaglucan	11.25	0.1811111111111111	3	0.0107151675122144	0.006186404847588917	03_47
GOS_betaglucan	BMAA	GOS_betaglucan	A. hadrus	CM03_47	GOS_betaglucan	11.5	0.18444444444444444	3	0.010183501544346323	0.00587944735792132	03_47
GOS_betaglucan	BMAA	GOS_betaglucan	A. hadrus	CM03_47	GOS_betaglucan	11.75	0.1811111111111111	3	0.01575271875417538	0.009094836413191624	03_47
GOS_betaglucan	BMAA	GOS_betaglucan	A. hadrus	CM03_47	GOS_betaglucan	12	0.1811111111111111	3	0.020367003088692638	0.011758894715842634	03_47
GOS_betaglucan	BMAA	GOS_betaglucan	A. hadrus	CM03_47	GOS_betaglucan	12.25	0.18777777777777777	3	0.01503083250940966	0.008678055195451846	03_47
GOS_betaglucan	BMAA	GOS_betaglucan	A. hadrus	CM03_47	GOS_betaglucan	12.5	0.18777777777777777	3	0.01503083250940966	0.008678055195451846	03_47
GOS_betaglucan	BMAA	GOS_betaglucan	A. hadrus	CM03_47	GOS_betaglucan	12.75	0.18444444444444444	3	0.02009237924447238	0.011600340565456179	03_47
GOS_betaglucan	BMAA	GOS_betaglucan	A. hadrus	CM03_47	GOS_betaglucan	13	0.18444444444444444	3	0.02009237924447238	0.011600340565456179	03_47
GOS_betaglucan	BMAA	GOS_betaglucan	A. hadrus	CM03_47	GOS_betaglucan	13.25	0.18444444444444444	3	0.02009237924447238	0.011600340565456179	03_47
GOS_betaglucan	BMAA	GOS_betaglucan	A. hadrus	CM03_47	GOS_betaglucan	13.5	0.18444444444444444	3	0.02009237924447238	0.011600340565456179	03_47
GOS_betaglucan	BMAA	GOS_betaglucan	A. hadrus	CM03_47	GOS_betaglucan	13.75	0.18444444444444444	3	0.02009237924447238	0.011600340565456179	03_47
GOS_betaglucan	BMAA	GOS_betaglucan	A. hadrus	CM03_47	GOS_betaglucan	14	0.18444444444444444	3	0.02009237924447238	0.011600340565456179	03_47
GOS_betaglucan	BMAA	GOS_betaglucan	A. hadrus	CM03_47	GOS_betaglucan	14.25	0.18777777777777777	3	0.02143033502442881	0.012372809695177841	03_47
GOS_betaglucan	BMAA	GOS_betaglucan	A. hadrus	CM03_47	GOS_betaglucan	14.5	0.18444444444444444	3	0.02009237924447238	0.011600340565456179	03_47
GOS_betaglucan	BMAA	GOS_betaglucan	A. hadrus	CM03_47	GOS_betaglucan	14.75	0.18777777777777777	3	0.02143033502442881	0.012372809695177841	03_47
GOS_betaglucan	BMAA	GOS_betaglucan	A. hadrus	CM03_47	GOS_betaglucan	15	0.18444444444444444	3	0.02009237924447238	0.011600340565456179	03_47
GOS_betaglucan	BMAA	GOS_betaglucan	A. hadrus	CM03_47	GOS_betaglucan	15.25	0.18777777777777777	3	0.01503083250940966	0.008678055195451846	03_47
GOS_betaglucan	BMAA	GOS_betaglucan	A. hadrus	CM03_47	GOS_betaglucan	15.5	0.18777777777777777	3	0.01503083250940966	0.008678055195451846	03_47
GOS_betaglucan	BMAA	GOS_betaglucan	A. hadrus	CM03_47	GOS_betaglucan	15.75	0.18777777777777777	3	0.01503083250940966	0.008678055195451846	03_47
GOS_betaglucan	BMAA	GOS_betaglucan	A. hadrus	CM03_47	GOS_betaglucan	16	0.18777777777777777	3	0.01503083250940966	0.008678055195451846	03_47
GOS_betaglucan	BMAA	GOS_betaglucan	A. hadrus	CM03_47	GOS_betaglucan	16.25	0.1811111111111111	3	0.020367003088692638	0.011758894715842634	03_47
GOS_betaglucan	BMAA	GOS_betaglucan	A. hadrus	CM03_47	GOS_betaglucan	16.5	0.18777777777777777	3	0.01503083250940966	0.008678055195451846	03_47
GOS_betaglucan	BMAA	GOS_betaglucan	A. hadrus	CM03_47	GOS_betaglucan	16.75	0.18777777777777777	3	0.01503083250940966	0.008678055195451846	03_47
GOS_betaglucan	BMAA	GOS_betaglucan	A. hadrus	CM03_47	GOS_betaglucan	17	0.18444444444444444	3	0.02009237924447238	0.011600340565456179	03_47
GOS_betaglucan	BMAA	GOS_betaglucan	A. hadrus	CM03_47	GOS_betaglucan	17.25	0.18444444444444444	3	0.02009237924447238	0.011600340565456179	03_47
GOS_betaglucan	BMAA	GOS_betaglucan	A. hadrus	CM03_47	GOS_betaglucan	17.5	0.18444444444444444	3	0.02009237924447238	0.011600340565456179	03_47
GOS_betaglucan	BMAA	GOS_betaglucan	A. hadrus	CM03_47	GOS_betaglucan	17.75	0.1811111111111111	3	0.025458753860865803	0.014698618394803296	03_47
GOS_betaglucan	BMAA	GOS_betaglucan	A. hadrus	CM03_47	GOS_betaglucan	18	0.18777777777777777	3	0.02143033502442881	0.012372809695177841	03_47
GOS_betaglucan	BMAA	GOS_betaglucan	A. hadrus	CM03_47	GOS_betaglucan	18.25	0.18777777777777777	3	0.02143033502442881	0.012372809695177841	03_47
GOS_betaglucan	BMAA	GOS_betaglucan	A. hadrus	CM03_47	GOS_betaglucan	18.5	0.18444444444444444	3	0.02714842605082362	0.015674151088517666	03_47
GOS_betaglucan	BMAA	GOS_betaglucan	A. hadrus	CM03_47	GOS_betaglucan	18.75	0.1811111111111111	3	0.025458753860865803	0.014698618394803296	03_47
GOS_betaglucan	BMAA	GOS_betaglucan	A. hadrus	CM03_47	GOS_betaglucan	19	0.18777777777777777	3	0.025018511664883777	0.014444444444444442	03_47
GOS_betaglucan	BMAA	GOS_betaglucan	A. hadrus	CM03_47	GOS_betaglucan	19.25	0.1811111111111111	3	0.025458753860865803	0.014698618394803296	03_47
GOS_betaglucan	BMAA	GOS_betaglucan	A. hadrus	CM03_47	GOS_betaglucan	19.5	0.1811111111111111	3	0.025458753860865803	0.014698618394803296	03_47
GOS_betaglucan	BMAA	GOS_betaglucan	A. hadrus	CM03_47	GOS_betaglucan	19.75	0.1811111111111111	3	0.01575271875417538	0.009094836413191624	03_47
GOS_betaglucan	BMAA	GOS_betaglucan	A. hadrus	CM03_47	GOS_betaglucan	20	0.17777777777777776	3	0.02143033502442881	0.012372809695177841	03_47
GOS_betaglucan	BMAA	GOS_betaglucan	A. hadrus	CM03_47	GOS_betaglucan	20.25	0.16777777777777778	3	0.02143033502442878	0.012372809695177822	03_47
GOS_betaglucan	BMAA	GOS_betaglucan	A. hadrus	CM03_47	GOS_betaglucan	20.5	0.16777777777777778	3	0.02143033502442878	0.012372809695177822	03_47
GOS_betaglucan	BMAA	GOS_betaglucan	A. hadrus	CM03_47	GOS_betaglucan	20.75	0.1711111111111111	3	0.01575271875417538	0.009094836413191624	03_47
GOS_betaglucan	BMAA	GOS_betaglucan	A. hadrus	CM03_47	GOS_betaglucan	21	0.16777777777777778	3	0.02143033502442878	0.012372809695177822	03_47
GOS_betaglucan	BMAA	GOS_betaglucan	A. hadrus	CM03_47	GOS_betaglucan	21.25	0.16777777777777778	3	0.02143033502442878	0.012372809695177822	03_47
GOS_betaglucan	BMAA	GOS_betaglucan	A. hadrus	CM03_47	GOS_betaglucan	21.5	0.1711111111111111	3	0.02545875386086577	0.014698618394803279	03_47
GOS_betaglucan	BMAA	GOS_betaglucan	A. hadrus	CM03_47	GOS_betaglucan	21.75	0.16444444444444445	3	0.02009237924447235	0.011600340565456162	03_47
GOS_betaglucan	BMAA	GOS_betaglucan	A. hadrus	CM03_47	GOS_betaglucan	22	0.16777777777777778	3	0.02143033502442878	0.012372809695177822	03_47
GOS_betaglucan	BMAA	GOS_betaglucan	A. hadrus	CM03_47	GOS_betaglucan	22.25	0.16777777777777778	3	0.025018511664883777	0.014444444444444442	03_47
GOS_betaglucan	BMAA	GOS_betaglucan	A. hadrus	CM03_47	GOS_betaglucan	22.5	0.16444444444444445	3	0.02009237924447235	0.011600340565456162	03_47
GOS_betaglucan	BMAA	GOS_betaglucan	A. hadrus	CM03_47	GOS_betaglucan	22.75	0.16444444444444445	3	0.02009237924447235	0.011600340565456162	03_47
GOS_betaglucan	BMAA	GOS_betaglucan	A. hadrus	CM03_47	GOS_betaglucan	23	0.16444444444444445	3	0.02009237924447235	0.011600340565456162	03_47
GOS_betaglucan	BMAA	GOS_betaglucan	A. hadrus	CM03_47	GOS_betaglucan	23.25	0.1577777777777778	3	0.025018511664883777	0.014444444444444442	03_47
GOS_betaglucan	BMAA	GOS_betaglucan	A. hadrus	CM03_47	GOS_betaglucan	23.5	0.1577777777777778	3	0.025018511664883777	0.014444444444444442	03_47
GOS_betaglucan	BMAA	GOS_betaglucan	A. hadrus	CM03_47	GOS_betaglucan	23.75	0.1577777777777778	3	0.025018511664883777	0.014444444444444442	03_47
GOS_betaglucan	BMAA	GOS_betaglucan	A. hadrus	CM03_47	GOS_betaglucan	24	0.15444444444444444	3	0.020092379244472353	0.011600340565456163	03_47
arabinogalactan	BMAA	arabinogalactan	A. hadrus	CM03_47	arabinogalactan	0	0.0088888888888889	3	0.001924500897298749	0.0011111111111111092	03_47
arabinogalactan	BMAA	arabinogalactan	A. hadrus	CM03_47	arabinogalactan	0.25	-0.007777777777777763	3	0.003849001794597498	0.0022222222222222183	03_47
arabinogalactan	BMAA	arabinogalactan	A. hadrus	CM03_47	arabinogalactan	0.5	-0.001111111111111109	3	0.001924500897298749	0.0011111111111111092	03_47
arabinogalactan	BMAA	arabinogalactan	A. hadrus	CM03_47	arabinogalactan	0.75	0.0088888888888889	3	0.001924500897298749	0.0011111111111111092	03_47
arabinogalactan	BMAA	arabinogalactan	A. hadrus	CM03_47	arabinogalactan	1	0.0188888888888889	3	0.001924500897298765	0.0011111111111111183	03_47
arabinogalactan	BMAA	arabinogalactan	A. hadrus	CM03_47	arabinogalactan	1.25	0.03222222222222223	3	0.0069388866648871115	0.004006168083848878	03_47
arabinogalactan	BMAA	arabinogalactan	A. hadrus	CM03_47	arabinogalactan	1.5	0.0488888888888889	3	0.001924500897298765	0.0011111111111111183	03_47
arabinogalactan	BMAA	arabinogalactan	A. hadrus	CM03_47	arabinogalactan	1.75	0.07222222222222223	3	0.006938886664887092	0.004006168083848867	03_47
arabinogalactan	BMAA	arabinogalactan	A. hadrus	CM03_47	arabinogalactan	2	0.08555555555555557	3	0.005091750772173164	0.002939723678960661	03_47
arabinogalactan	BMAA	arabinogalactan	A. hadrus	CM03_47	arabinogalactan	2.25	0.09888888888888889	3	0.001924500897298765	0.0011111111111111183	03_47
arabinogalactan	BMAA	arabinogalactan	A. hadrus	CM03_47	arabinogalactan	2.5	0.09888888888888889	3	0.001924500897298765	0.0011111111111111183	03_47
arabinogalactan	BMAA	arabinogalactan	A. hadrus	CM03_47	arabinogalactan	2.75	0.09888888888888889	3	0.010183501544346323	0.00587944735792132	03_47
arabinogalactan	BMAA	arabinogalactan	A. hadrus	CM03_47	arabinogalactan	3	0.10222222222222223	3	0.006938886664887123	0.004006168083848885	03_47
arabinogalactan	BMAA	arabinogalactan	A. hadrus	CM03_47	arabinogalactan	3.25	0.10555555555555556	3	0.005091750772173158	0.0029397236789606577	03_47
arabinogalactan	BMAA	arabinogalactan	A. hadrus	CM03_47	arabinogalactan	3.5	0.1088888888888889	3	0.001924500897298765	0.0011111111111111183	03_47
arabinogalactan	BMAA	arabinogalactan	A. hadrus	CM03_47	arabinogalactan	3.75	0.11555555555555556	3	0.007698003589195028	0.004444444444444455	03_47
arabinogalactan	BMAA	arabinogalactan	A. hadrus	CM03_47	arabinogalactan	4	0.11555555555555556	3	0.007698003589195028	0.004444444444444455	03_47
arabinogalactan	BMAA	arabinogalactan	A. hadrus	CM03_47	arabinogalactan	4.25	0.12222222222222225	3	0.006938886664887123	0.004006168083848885	03_47
arabinogalactan	BMAA	arabinogalactan	A. hadrus	CM03_47	arabinogalactan	4.5	0.1255555555555556	3	0.007698003589195028	0.004444444444444455	03_47
arabinogalactan	BMAA	arabinogalactan	A. hadrus	CM03_47	arabinogalactan	4.75	0.1288888888888889	3	0.011706281947614148	0.006758625033664685	03_47
arabinogalactan	BMAA	arabinogalactan	A. hadrus	CM03_47	arabinogalactan	5	0.1288888888888889	3	0.011706281947614148	0.006758625033664685	03_47
arabinogalactan	BMAA	arabinogalactan	A. hadrus	CM03_47	arabinogalactan	5.25	0.1288888888888889	3	0.011706281947614148	0.006758625033664685	03_47
arabinogalactan	BMAA	arabinogalactan	A. hadrus	CM03_47	arabinogalactan	5.5	0.13222222222222224	3	0.006938886664887092	0.004006168083848867	03_47
arabinogalactan	BMAA	arabinogalactan	A. hadrus	CM03_47	arabinogalactan	5.75	0.13222222222222224	3	0.006938886664887092	0.004006168083848867	03_47
arabinogalactan	BMAA	arabinogalactan	A. hadrus	CM03_47	arabinogalactan	6	0.1288888888888889	3	0.011706281947614148	0.006758625033664685	03_47
arabinogalactan	BMAA	arabinogalactan	A. hadrus	CM03_47	arabinogalactan	6.25	0.13222222222222224	3	0.006938886664887092	0.004006168083848867	03_47
arabinogalactan	BMAA	arabinogalactan	A. hadrus	CM03_47	arabinogalactan	6.5	0.1288888888888889	3	0.010183501544346291	0.005879447357921301	03_47
arabinogalactan	BMAA	arabinogalactan	A. hadrus	CM03_47	arabinogalactan	6.75	0.1255555555555556	3	0.005091750772173158	0.0029397236789606577	03_47
arabinogalactan	BMAA	arabinogalactan	A. hadrus	CM03_47	arabinogalactan	7	0.12222222222222225	3	0.006938886664887123	0.004006168083848885	03_47
arabinogalactan	BMAA	arabinogalactan	A. hadrus	CM03_47	arabinogalactan	7.25	0.12222222222222225	3	0.006938886664887123	0.004006168083848885	03_47
arabinogalactan	BMAA	arabinogalactan	A. hadrus	CM03_47	arabinogalactan	7.5	0.1188888888888889	3	0.011706281947614174	0.0067586250336647	03_47
arabinogalactan	BMAA	arabinogalactan	A. hadrus	CM03_47	arabinogalactan	7.75	0.1188888888888889	3	0.011706281947614174	0.0067586250336647	03_47
arabinogalactan	BMAA	arabinogalactan	A. hadrus	CM03_47	arabinogalactan	8	0.11222222222222224	3	0.006938886664887123	0.004006168083848885	03_47
arabinogalactan	BMAA	arabinogalactan	A. hadrus	CM03_47	arabinogalactan	8.25	0.11222222222222224	3	0.006938886664887123	0.004006168083848885	03_47
arabinogalactan	BMAA	arabinogalactan	A. hadrus	CM03_47	arabinogalactan	8.5	0.1088888888888889	3	0.011706281947614174	0.0067586250336647	03_47
arabinogalactan	BMAA	arabinogalactan	A. hadrus	CM03_47	arabinogalactan	8.75	0.10555555555555556	3	0.007698003589195028	0.004444444444444455	03_47
arabinogalactan	BMAA	arabinogalactan	A. hadrus	CM03_47	arabinogalactan	9	0.10555555555555556	3	0.007698003589195028	0.004444444444444455	03_47
arabinogalactan	BMAA	arabinogalactan	A. hadrus	CM03_47	arabinogalactan	9.25	0.0988888888888889	3	0.011706281947614146	0.006758625033664684	03_47
arabinogalactan	BMAA	arabinogalactan	A. hadrus	CM03_47	arabinogalactan	9.5	0.0988888888888889	3	0.011706281947614146	0.006758625033664684	03_47
arabinogalactan	BMAA	arabinogalactan	A. hadrus	CM03_47	arabinogalactan	9.75	0.09222222222222223	3	0.0069388866648871	0.004006168083848872	03_47
arabinogalactan	BMAA	arabinogalactan	A. hadrus	CM03_47	arabinogalactan	10	0.09222222222222223	3	0.0069388866648871	0.004006168083848872	03_47
arabinogalactan	BMAA	arabinogalactan	A. hadrus	CM03_47	arabinogalactan	10.25	0.08555555555555557	3	0.007698003589194996	0.004444444444444437	03_47
arabinogalactan	BMAA	arabinogalactan	A. hadrus	CM03_47	arabinogalactan	10.5	0.08555555555555557	3	0.007698003589194996	0.004444444444444437	03_47
arabinogalactan	BMAA	arabinogalactan	A. hadrus	CM03_47	arabinogalactan	10.75	0.08555555555555557	3	0.007698003589194996	0.004444444444444437	03_47
arabinogalactan	BMAA	arabinogalactan	A. hadrus	CM03_47	arabinogalactan	11	0.08555555555555557	3	0.007698003589194996	0.004444444444444437	03_47
arabinogalactan	BMAA	arabinogalactan	A. hadrus	CM03_47	arabinogalactan	11.25	0.07555555555555556	3	0.007698003589194996	0.004444444444444437	03_47
arabinogalactan	BMAA	arabinogalactan	A. hadrus	CM03_47	arabinogalactan	11.5	0.07555555555555556	3	0.007698003589194996	0.004444444444444437	03_47
arabinogalactan	BMAA	arabinogalactan	A. hadrus	CM03_47	arabinogalactan	11.75	0.07555555555555556	3	0.007698003589194996	0.004444444444444437	03_47
arabinogalactan	BMAA	arabinogalactan	A. hadrus	CM03_47	arabinogalactan	12	0.07555555555555556	3	0.007698003589194996	0.004444444444444437	03_47
arabinogalactan	BMAA	arabinogalactan	A. hadrus	CM03_47	arabinogalactan	12.25	0.0688888888888889	3	0.011706281947614148	0.006758625033664685	03_47
arabinogalactan	BMAA	arabinogalactan	A. hadrus	CM03_47	arabinogalactan	12.5	0.06555555555555558	3	0.007698003589195028	0.004444444444444455	03_47
arabinogalactan	BMAA	arabinogalactan	A. hadrus	CM03_47	arabinogalactan	12.75	0.06555555555555558	3	0.007698003589195028	0.004444444444444455	03_47
arabinogalactan	BMAA	arabinogalactan	A. hadrus	CM03_47	arabinogalactan	13	0.06555555555555558	3	0.007698003589195028	0.004444444444444455	03_47
arabinogalactan	BMAA	arabinogalactan	A. hadrus	CM03_47	arabinogalactan	13.25	0.05888888888888891	3	0.011706281947614174	0.0067586250336647	03_47
arabinogalactan	BMAA	arabinogalactan	A. hadrus	CM03_47	arabinogalactan	13.5	0.05888888888888891	3	0.011706281947614174	0.0067586250336647	03_47
arabinogalactan	BMAA	arabinogalactan	A. hadrus	CM03_47	arabinogalactan	13.75	0.05888888888888891	3	0.011706281947614174	0.0067586250336647	03_47
arabinogalactan	BMAA	arabinogalactan	A. hadrus	CM03_47	arabinogalactan	14	0.05222222222222223	3	0.006938886664887123	0.004006168083848885	03_47
arabinogalactan	BMAA	arabinogalactan	A. hadrus	CM03_47	arabinogalactan	14.25	0.05222222222222223	3	0.006938886664887123	0.004006168083848885	03_47
arabinogalactan	BMAA	arabinogalactan	A. hadrus	CM03_47	arabinogalactan	14.5	0.048888888888888905	3	0.01170628194761416	0.0067586250336646924	03_47
arabinogalactan	BMAA	arabinogalactan	A. hadrus	CM03_47	arabinogalactan	14.75	0.048888888888888905	3	0.01170628194761416	0.0067586250336646924	03_47
arabinogalactan	BMAA	arabinogalactan	A. hadrus	CM03_47	arabinogalactan	15	0.048888888888888905	3	0.01170628194761416	0.0067586250336646924	03_47
arabinogalactan	BMAA	arabinogalactan	A. hadrus	CM03_47	arabinogalactan	15.25	0.048888888888888905	3	0.01170628194761416	0.0067586250336646924	03_47
arabinogalactan	BMAA	arabinogalactan	A. hadrus	CM03_47	arabinogalactan	15.5	0.04555555555555557	3	0.012619796324000615	0.007286042804780005	03_47
arabinogalactan	BMAA	arabinogalactan	A. hadrus	CM03_47	arabinogalactan	15.75	0.04555555555555557	3	0.012619796324000615	0.007286042804780005	03_47
arabinogalactan	BMAA	arabinogalactan	A. hadrus	CM03_47	arabinogalactan	16	0.04222222222222224	3	0.0069388866648871115	0.004006168083848878	03_47
arabinogalactan	BMAA	arabinogalactan	A. hadrus	CM03_47	arabinogalactan	16.25	0.04222222222222224	3	0.0069388866648871115	0.004006168083848878	03_47
arabinogalactan	BMAA	arabinogalactan	A. hadrus	CM03_47	arabinogalactan	16.5	0.038888888888888896	3	0.010183501544346319	0.005879447357921317	03_47
arabinogalactan	BMAA	arabinogalactan	A. hadrus	CM03_47	arabinogalactan	16.75	0.03555555555555556	3	0.012619796324000615	0.007286042804780005	03_47
arabinogalactan	BMAA	arabinogalactan	A. hadrus	CM03_47	arabinogalactan	17	0.038888888888888896	3	0.010183501544346319	0.005879447357921317	03_47
arabinogalactan	BMAA	arabinogalactan	A. hadrus	CM03_47	arabinogalactan	17.25	0.03555555555555556	3	0.012619796324000615	0.007286042804780005	03_47
arabinogalactan	BMAA	arabinogalactan	A. hadrus	CM03_47	arabinogalactan	17.5	0.03555555555555556	3	0.012619796324000615	0.007286042804780005	03_47
arabinogalactan	BMAA	arabinogalactan	A. hadrus	CM03_47	arabinogalactan	17.75	0.03555555555555556	3	0.012619796324000615	0.007286042804780005	03_47
arabinogalactan	BMAA	arabinogalactan	A. hadrus	CM03_47	arabinogalactan	18	0.03555555555555556	3	0.012619796324000615	0.007286042804780005	03_47
arabinogalactan	BMAA	arabinogalactan	A. hadrus	CM03_47	arabinogalactan	18.25	0.032222222222222235	3	0.015752718754175363	0.009094836413191613	03_47
arabinogalactan	BMAA	arabinogalactan	A. hadrus	CM03_47	arabinogalactan	18.5	0.032222222222222235	3	0.015752718754175363	0.009094836413191613	03_47
arabinogalactan	BMAA	arabinogalactan	A. hadrus	CM03_47	arabinogalactan	18.75	0.032222222222222235	3	0.015752718754175363	0.009094836413191613	03_47
arabinogalactan	BMAA	arabinogalactan	A. hadrus	CM03_47	arabinogalactan	19	0.032222222222222235	3	0.015752718754175363	0.009094836413191613	03_47
arabinogalactan	BMAA	arabinogalactan	A. hadrus	CM03_47	arabinogalactan	19.25	0.028888888888888898	3	0.010183501544346307	0.00587944735792131	03_47
arabinogalactan	BMAA	arabinogalactan	A. hadrus	CM03_47	arabinogalactan	19.5	0.028888888888888898	3	0.010183501544346307	0.00587944735792131	03_47
arabinogalactan	BMAA	arabinogalactan	A. hadrus	CM03_47	arabinogalactan	19.75	0.028888888888888898	3	0.010183501544346307	0.00587944735792131	03_47
arabinogalactan	BMAA	arabinogalactan	A. hadrus	CM03_47	arabinogalactan	20	0.028888888888888898	3	0.010183501544346307	0.00587944735792131	03_47
arabinogalactan	BMAA	arabinogalactan	A. hadrus	CM03_47	arabinogalactan	20.25	0.028888888888888898	3	0.010183501544346307	0.00587944735792131	03_47
arabinogalactan	BMAA	arabinogalactan	A. hadrus	CM03_47	arabinogalactan	20.5	0.022222222222222227	3	0.015752718754175363	0.009094836413191613	03_47
arabinogalactan	BMAA	arabinogalactan	A. hadrus	CM03_47	arabinogalactan	20.75	0.022222222222222227	3	0.015752718754175363	0.009094836413191613	03_47
arabinogalactan	BMAA	arabinogalactan	A. hadrus	CM03_47	arabinogalactan	21	0.022222222222222227	3	0.015752718754175363	0.009094836413191613	03_47
arabinogalactan	BMAA	arabinogalactan	A. hadrus	CM03_47	arabinogalactan	21.25	0.022222222222222227	3	0.015752718754175363	0.009094836413191613	03_47
arabinogalactan	BMAA	arabinogalactan	A. hadrus	CM03_47	arabinogalactan	21.5	0.022222222222222227	3	0.015752718754175363	0.009094836413191613	03_47
arabinogalactan	BMAA	arabinogalactan	A. hadrus	CM03_47	arabinogalactan	21.75	0.022222222222222227	3	0.015752718754175363	0.009094836413191613	03_47
arabinogalactan	BMAA	arabinogalactan	A. hadrus	CM03_47	arabinogalactan	22	0.022222222222222227	3	0.015752718754175363	0.009094836413191613	03_47
arabinogalactan	BMAA	arabinogalactan	A. hadrus	CM03_47	arabinogalactan	22.25	0.022222222222222227	3	0.015752718754175363	0.009094836413191613	03_47
arabinogalactan	BMAA	arabinogalactan	A. hadrus	CM03_47	arabinogalactan	22.5	0.01888888888888889	3	0.010183501544346307	0.00587944735792131	03_47
arabinogalactan	BMAA	arabinogalactan	A. hadrus	CM03_47	arabinogalactan	22.75	0.012222222222222226	3	0.01575271875417536	0.009094836413191611	03_47
arabinogalactan	BMAA	arabinogalactan	A. hadrus	CM03_47	arabinogalactan	23	0.012222222222222226	3	0.01575271875417536	0.009094836413191611	03_47
arabinogalactan	BMAA	arabinogalactan	A. hadrus	CM03_47	arabinogalactan	23.25	0.012222222222222226	3	0.01575271875417536	0.009094836413191611	03_47
arabinogalactan	BMAA	arabinogalactan	A. hadrus	CM03_47	arabinogalactan	23.5	0.012222222222222226	3	0.01575271875417536	0.009094836413191611	03_47
arabinogalactan	BMAA	arabinogalactan	A. hadrus	CM03_47	arabinogalactan	23.75	0.012222222222222226	3	0.01575271875417536	0.009094836413191611	03_47
arabinogalactan	BMAA	arabinogalactan	A. hadrus	CM03_47	arabinogalactan	24	0.012222222222222226	3	0.01575271875417536	0.009094836413191611	03_47
chitosan	BMAA	chitosan	A. hadrus	CM03_47	chitosan	0	0.28	3	0.19751230622700736	0.1140337831684265	03_47
chitosan	BMAA	chitosan	A. hadrus	CM03_47	chitosan	0.25	-0.13333333333333333	3	0.09666666666666665	0.055810526021663816	03_47
chitosan	BMAA	chitosan	A. hadrus	CM03_47	chitosan	0.5	-0.14666666666666664	3	0.10477489097001139	0.060491811505849764	03_47
chitosan	BMAA	chitosan	A. hadrus	CM03_47	chitosan	0.75	-0.13666666666666666	3	0.10477489097001136	0.06049181150584975	03_47
chitosan	BMAA	chitosan	A. hadrus	CM03_47	chitosan	1	-0.12666666666666668	3	0.09562658858520696	0.055210036661354836	03_47
chitosan	BMAA	chitosan	A. hadrus	CM03_47	chitosan	1.25	-0.12333333333333334	3	0.1013793755049703	0.05853140973807076	03_47
chitosan	BMAA	chitosan	A. hadrus	CM03_47	chitosan	1.5	-0.11666666666666665	3	0.09562658858520696	0.055210036661354836	03_47
chitosan	BMAA	chitosan	A. hadrus	CM03_47	chitosan	1.75	-0.11333333333333334	3	0.0933333333333333	0.05388602512436505	03_47
chitosan	BMAA	chitosan	A. hadrus	CM03_47	chitosan	2	-0.11	3	0.09905105305402415	0.05718715214425675	03_47
chitosan	BMAA	chitosan	A. hadrus	CM03_47	chitosan	2.25	-0.10333333333333333	3	0.0933333333333333	0.05388602512436505	03_47
chitosan	BMAA	chitosan	A. hadrus	CM03_47	chitosan	2.5	-0.09999999999999999	3	0.09134793070696479	0.052739752383581404	03_47
chitosan	BMAA	chitosan	A. hadrus	CM03_47	chitosan	2.75	-0.09666666666666666	3	0.08762292952063273	0.05058912194592092	03_47
chitosan	BMAA	chitosan	A. hadrus	CM03_47	chitosan	3	-0.08999999999999998	3	0.09134793070696479	0.052739752383581404	03_47
chitosan	BMAA	chitosan	A. hadrus	CM03_47	chitosan	3.25	-0.08999999999999998	3	0.08192137151629668	0.04729732589731723	03_47
chitosan	BMAA	chitosan	A. hadrus	CM03_47	chitosan	3.5	-0.09333333333333332	3	0.08569973421454957	0.04947876461824958	03_47
chitosan	BMAA	chitosan	A. hadrus	CM03_47	chitosan	3.75	-0.08666666666666666	3	0.08006941432976206	0.0462280979171438	03_47
chitosan	BMAA	chitosan	A. hadrus	CM03_47	chitosan	4	-0.08666666666666666	3	0.08006941432976206	0.0462280979171438	03_47
chitosan	BMAA	chitosan	A. hadrus	CM03_47	chitosan	4.25	-0.08999999999999998	3	0.08412952976082638	0.04857220665420975	03_47
chitosan	BMAA	chitosan	A. hadrus	CM03_47	chitosan	4.5	-0.07999999999999997	3	0.08412952976082638	0.04857220665420975	03_47
chitosan	BMAA	chitosan	A. hadrus	CM03_47	chitosan	4.75	-0.08333333333333331	3	0.0785988408170106	0.04537906190369362	03_47
chitosan	BMAA	chitosan	A. hadrus	CM03_47	chitosan	5	-0.07999999999999997	3	0.08412952976082638	0.04857220665420975	03_47
chitosan	BMAA	chitosan	A. hadrus	CM03_47	chitosan	5.25	-0.07999999999999997	3	0.08412952976082638	0.04857220665420975	03_47
chitosan	BMAA	chitosan	A. hadrus	CM03_47	chitosan	5.5	-0.07666666666666666	3	0.08006941432976207	0.046228097917143815	03_47
chitosan	BMAA	chitosan	A. hadrus	CM03_47	chitosan	5.75	-0.07666666666666666	3	0.08006941432976207	0.046228097917143815	03_47
chitosan	BMAA	chitosan	A. hadrus	CM03_47	chitosan	6	-0.07666666666666666	3	0.08006941432976207	0.046228097917143815	03_47
chitosan	BMAA	chitosan	A. hadrus	CM03_47	chitosan	6.25	-0.07666666666666666	3	0.08006941432976207	0.046228097917143815	03_47
chitosan	BMAA	chitosan	A. hadrus	CM03_47	chitosan	6.5	-0.07666666666666666	3	0.08006941432976207	0.046228097917143815	03_47
chitosan	BMAA	chitosan	A. hadrus	CM03_47	chitosan	6.75	-0.07666666666666666	3	0.08006941432976207	0.046228097917143815	03_47
chitosan	BMAA	chitosan	A. hadrus	CM03_47	chitosan	7	-0.07666666666666666	3	0.08006941432976207	0.046228097917143815	03_47
chitosan	BMAA	chitosan	A. hadrus	CM03_47	chitosan	7.25	-0.07333333333333332	3	0.07859884081701063	0.04537906190369363	03_47
chitosan	BMAA	chitosan	A. hadrus	CM03_47	chitosan	7.5	-0.07666666666666666	3	0.07310570733153768	0.04220759980716128	03_47
chitosan	BMAA	chitosan	A. hadrus	CM03_47	chitosan	7.75	-0.07333333333333332	3	0.07859884081701063	0.04537906190369363	03_47
chitosan	BMAA	chitosan	A. hadrus	CM03_47	chitosan	8	-0.07333333333333332	3	0.07859884081701063	0.04537906190369363	03_47
chitosan	BMAA	chitosan	A. hadrus	CM03_47	chitosan	8.25	-0.07333333333333332	3	0.07859884081701063	0.04537906190369363	03_47
chitosan	BMAA	chitosan	A. hadrus	CM03_47	chitosan	8.5	-0.07333333333333332	3	0.07859884081701063	0.04537906190369363	03_47
chitosan	BMAA	chitosan	A. hadrus	CM03_47	chitosan	8.75	-0.07333333333333332	3	0.07859884081701063	0.04537906190369363	03_47
chitosan	BMAA	chitosan	A. hadrus	CM03_47	chitosan	9	-0.07333333333333332	3	0.07859884081701063	0.04537906190369363	03_47
chitosan	BMAA	chitosan	A. hadrus	CM03_47	chitosan	9.25	-0.07333333333333332	3	0.07859884081701063	0.04537906190369363	03_47
chitosan	BMAA	chitosan	A. hadrus	CM03_47	chitosan	9.5	-0.07333333333333332	3	0.07859884081701063	0.04537906190369363	03_47
chitosan	BMAA	chitosan	A. hadrus	CM03_47	chitosan	9.75	-0.07333333333333332	3	0.07859884081701063	0.04537906190369363	03_47
chitosan	BMAA	chitosan	A. hadrus	CM03_47	chitosan	10	-0.07333333333333332	3	0.07859884081701063	0.04537906190369363	03_47
chitosan	BMAA	chitosan	A. hadrus	CM03_47	chitosan	10.25	-0.07333333333333332	3	0.07859884081701063	0.04537906190369363	03_47
chitosan	BMAA	chitosan	A. hadrus	CM03_47	chitosan	10.5	-0.07333333333333332	3	0.07859884081701063	0.04537906190369363	03_47
chitosan	BMAA	chitosan	A. hadrus	CM03_47	chitosan	10.75	-0.07333333333333332	3	0.07859884081701063	0.04537906190369363	03_47
chitosan	BMAA	chitosan	A. hadrus	CM03_47	chitosan	11	-0.07333333333333332	3	0.07859884081701063	0.04537906190369363	03_47
chitosan	BMAA	chitosan	A. hadrus	CM03_47	chitosan	11.25	-0.07333333333333332	3	0.07859884081701063	0.04537906190369363	03_47
chitosan	BMAA	chitosan	A. hadrus	CM03_47	chitosan	11.5	-0.07333333333333332	3	0.07859884081701063	0.04537906190369363	03_47
chitosan	BMAA	chitosan	A. hadrus	CM03_47	chitosan	11.75	-0.07333333333333332	3	0.07859884081701063	0.04537906190369363	03_47
chitosan	BMAA	chitosan	A. hadrus	CM03_47	chitosan	12	-0.07333333333333332	3	0.07859884081701063	0.04537906190369363	03_47
chitosan	BMAA	chitosan	A. hadrus	CM03_47	chitosan	12.25	-0.07333333333333332	3	0.07859884081701063	0.04537906190369363	03_47
chitosan	BMAA	chitosan	A. hadrus	CM03_47	chitosan	12.5	-0.07333333333333332	3	0.07859884081701063	0.04537906190369363	03_47
chitosan	BMAA	chitosan	A. hadrus	CM03_47	chitosan	12.75	-0.07333333333333332	3	0.07859884081701063	0.04537906190369363	03_47
chitosan	BMAA	chitosan	A. hadrus	CM03_47	chitosan	13	-0.07333333333333332	3	0.07859884081701063	0.04537906190369363	03_47
chitosan	BMAA	chitosan	A. hadrus	CM03_47	chitosan	13.25	-0.07333333333333332	3	0.07859884081701063	0.04537906190369363	03_47
chitosan	BMAA	chitosan	A. hadrus	CM03_47	chitosan	13.5	-0.07333333333333332	3	0.07859884081701063	0.04537906190369363	03_47
chitosan	BMAA	chitosan	A. hadrus	CM03_47	chitosan	13.75	-0.07333333333333332	3	0.07859884081701063	0.04537906190369363	03_47
chitosan	BMAA	chitosan	A. hadrus	CM03_47	chitosan	14	-0.07333333333333332	3	0.07859884081701063	0.04537906190369363	03_47
chitosan	BMAA	chitosan	A. hadrus	CM03_47	chitosan	14.25	-0.07333333333333332	3	0.07859884081701063	0.04537906190369363	03_47
chitosan	BMAA	chitosan	A. hadrus	CM03_47	chitosan	14.5	-0.07333333333333332	3	0.07859884081701063	0.04537906190369363	03_47
chitosan	BMAA	chitosan	A. hadrus	CM03_47	chitosan	14.75	-0.07333333333333332	3	0.07859884081701063	0.04537906190369363	03_47
chitosan	BMAA	chitosan	A. hadrus	CM03_47	chitosan	15	-0.07333333333333332	3	0.07859884081701063	0.04537906190369363	03_47
chitosan	BMAA	chitosan	A. hadrus	CM03_47	chitosan	15.25	-0.07333333333333332	3	0.07859884081701063	0.04537906190369363	03_47
chitosan	BMAA	chitosan	A. hadrus	CM03_47	chitosan	15.5	-0.07333333333333332	3	0.07859884081701063	0.04537906190369363	03_47
chitosan	BMAA	chitosan	A. hadrus	CM03_47	chitosan	15.75	-0.07333333333333332	3	0.07859884081701063	0.04537906190369363	03_47
chitosan	BMAA	chitosan	A. hadrus	CM03_47	chitosan	16	-0.07333333333333332	3	0.07859884081701063	0.04537906190369363	03_47
chitosan	BMAA	chitosan	A. hadrus	CM03_47	chitosan	16.25	-0.07333333333333332	3	0.07859884081701063	0.04537906190369363	03_47
chitosan	BMAA	chitosan	A. hadrus	CM03_47	chitosan	16.5	-0.07333333333333332	3	0.07859884081701063	0.04537906190369363	03_47
chitosan	BMAA	chitosan	A. hadrus	CM03_47	chitosan	16.75	-0.07333333333333332	3	0.07859884081701063	0.04537906190369363	03_47
chitosan	BMAA	chitosan	A. hadrus	CM03_47	chitosan	17	-0.07333333333333332	3	0.07859884081701063	0.04537906190369363	03_47
chitosan	BMAA	chitosan	A. hadrus	CM03_47	chitosan	17.25	-0.07333333333333332	3	0.07859884081701063	0.04537906190369363	03_47
chitosan	BMAA	chitosan	A. hadrus	CM03_47	chitosan	17.5	-0.07333333333333332	3	0.07859884081701063	0.04537906190369363	03_47
chitosan	BMAA	chitosan	A. hadrus	CM03_47	chitosan	17.75	-0.07333333333333332	3	0.07859884081701063	0.04537906190369363	03_47
chitosan	BMAA	chitosan	A. hadrus	CM03_47	chitosan	18	-0.07333333333333332	3	0.07859884081701063	0.04537906190369363	03_47
chitosan	BMAA	chitosan	A. hadrus	CM03_47	chitosan	18.25	-0.07333333333333332	3	0.07859884081701063	0.04537906190369363	03_47
chitosan	BMAA	chitosan	A. hadrus	CM03_47	chitosan	18.5	-0.07333333333333332	3	0.07859884081701063	0.04537906190369363	03_47
chitosan	BMAA	chitosan	A. hadrus	CM03_47	chitosan	18.75	-0.07333333333333332	3	0.07859884081701063	0.04537906190369363	03_47
chitosan	BMAA	chitosan	A. hadrus	CM03_47	chitosan	19	-0.07333333333333332	3	0.07859884081701063	0.04537906190369363	03_47
chitosan	BMAA	chitosan	A. hadrus	CM03_47	chitosan	19.25	-0.07333333333333332	3	0.07859884081701063	0.04537906190369363	03_47
chitosan	BMAA	chitosan	A. hadrus	CM03_47	chitosan	19.5	-0.07333333333333332	3	0.07859884081701063	0.04537906190369363	03_47
chitosan	BMAA	chitosan	A. hadrus	CM03_47	chitosan	19.75	-0.07333333333333332	3	0.07859884081701063	0.04537906190369363	03_47
chitosan	BMAA	chitosan	A. hadrus	CM03_47	chitosan	20	-0.07333333333333332	3	0.07859884081701063	0.04537906190369363	03_47
chitosan	BMAA	chitosan	A. hadrus	CM03_47	chitosan	20.25	-0.07333333333333332	3	0.07859884081701063	0.04537906190369363	03_47
chitosan	BMAA	chitosan	A. hadrus	CM03_47	chitosan	20.5	-0.07333333333333332	3	0.07859884081701063	0.04537906190369363	03_47
chitosan	BMAA	chitosan	A. hadrus	CM03_47	chitosan	20.75	-0.07333333333333332	3	0.07859884081701063	0.04537906190369363	03_47
chitosan	BMAA	chitosan	A. hadrus	CM03_47	chitosan	21	-0.07333333333333332	3	0.07859884081701063	0.04537906190369363	03_47
chitosan	BMAA	chitosan	A. hadrus	CM03_47	chitosan	21.25	-0.07333333333333332	3	0.07859884081701063	0.04537906190369363	03_47
chitosan	BMAA	chitosan	A. hadrus	CM03_47	chitosan	21.5	-0.07333333333333332	3	0.07859884081701063	0.04537906190369363	03_47
chitosan	BMAA	chitosan	A. hadrus	CM03_47	chitosan	21.75	-0.07333333333333332	3	0.07859884081701063	0.04537906190369363	03_47
chitosan	BMAA	chitosan	A. hadrus	CM03_47	chitosan	22	-0.07333333333333332	3	0.07859884081701063	0.04537906190369363	03_47
chitosan	BMAA	chitosan	A. hadrus	CM03_47	chitosan	22.25	-0.07333333333333332	3	0.07859884081701063	0.04537906190369363	03_47
chitosan	BMAA	chitosan	A. hadrus	CM03_47	chitosan	22.5	-0.07333333333333332	3	0.07859884081701063	0.04537906190369363	03_47
chitosan	BMAA	chitosan	A. hadrus	CM03_47	chitosan	22.75	-0.07333333333333332	3	0.07859884081701063	0.04537906190369363	03_47
chitosan	BMAA	chitosan	A. hadrus	CM03_47	chitosan	23	-0.07333333333333332	3	0.07859884081701063	0.04537906190369363	03_47
chitosan	BMAA	chitosan	A. hadrus	CM03_47	chitosan	23.25	-0.07333333333333332	3	0.07859884081701063	0.04537906190369363	03_47
chitosan	BMAA	chitosan	A. hadrus	CM03_47	chitosan	23.5	-0.07666666666666666	3	0.08006941432976207	0.046228097917143815	03_47
chitosan	BMAA	chitosan	A. hadrus	CM03_47	chitosan	23.75	-0.07333333333333332	3	0.07859884081701063	0.04537906190369363	03_47
chitosan	BMAA	chitosan	A. hadrus	CM03_47	chitosan	24	-0.07333333333333332	3	0.07859884081701063	0.04537906190369363	03_47
lentinan	BMAA	lentinan	A. hadrus	CM03_47	lentinan	0	-0.0022222222222222274	3	0.001924500897298757	0.0011111111111111137	03_47
lentinan	BMAA	lentinan	A. hadrus	CM03_47	lentinan	0.25	-0.008888888888888882	3	0.005091750772173158	0.0029397236789606577	03_47
lentinan	BMAA	lentinan	A. hadrus	CM03_47	lentinan	0.5	0.011111111111111108	3	0.005091750772173158	0.0029397236789606577	03_47
lentinan	BMAA	lentinan	A. hadrus	CM03_47	lentinan	0.75	0.02111111111111112	3	0.005091750772173158	0.0029397236789606577	03_47
lentinan	BMAA	lentinan	A. hadrus	CM03_47	lentinan	1	0.04444444444444443	3	0.006938886664887092	0.004006168083848867	03_47
lentinan	BMAA	lentinan	A. hadrus	CM03_47	lentinan	1.25	0.06777777777777777	3	0.001924500897298765	0.0011111111111111183	03_47
lentinan	BMAA	lentinan	A. hadrus	CM03_47	lentinan	1.5	0.09111111111111113	3	0.007698003589195028	0.004444444444444455	03_47
lentinan	BMAA	lentinan	A. hadrus	CM03_47	lentinan	1.75	0.1211111111111111	3	0.007698003589195028	0.004444444444444455	03_47
lentinan	BMAA	lentinan	A. hadrus	CM03_47	lentinan	2	0.14777777777777779	3	0.001924500897298765	0.0011111111111111183	03_47
lentinan	BMAA	lentinan	A. hadrus	CM03_47	lentinan	2.25	0.15444444444444447	3	0.003849001794597498	0.0022222222222222183	03_47
lentinan	BMAA	lentinan	A. hadrus	CM03_47	lentinan	2.5	0.16444444444444445	3	0.003849001794597482	0.0022222222222222088	03_47
lentinan	BMAA	lentinan	A. hadrus	CM03_47	lentinan	2.75	0.16777777777777778	3	0.010183501544346291	0.005879447357921301	03_47
lentinan	BMAA	lentinan	A. hadrus	CM03_47	lentinan	3	0.16777777777777778	3	0.018358568490953665	0.01059932446018828	03_47
lentinan	BMAA	lentinan	A. hadrus	CM03_47	lentinan	3.25	0.1711111111111111	3	0.0076980035891950115	0.004444444444444445	03_47
lentinan	BMAA	lentinan	A. hadrus	CM03_47	lentinan	3.5	0.17777777777777778	3	0.011706281947614148	0.006758625033664685	03_47
lentinan	BMAA	lentinan	A. hadrus	CM03_47	lentinan	3.75	0.17444444444444443	3	0.006938886664887092	0.004006168083848867	03_47
lentinan	BMAA	lentinan	A. hadrus	CM03_47	lentinan	4	0.16444444444444445	3	0.003849001794597482	0.0022222222222222088	03_47
lentinan	BMAA	lentinan	A. hadrus	CM03_47	lentinan	4.25	0.16777777777777778	3	0.001924500897298749	0.0011111111111111092	03_47
lentinan	BMAA	lentinan	A. hadrus	CM03_47	lentinan	4.5	0.16777777777777778	3	0.001924500897298749	0.0011111111111111092	03_47
lentinan	BMAA	lentinan	A. hadrus	CM03_47	lentinan	4.75	0.17111111111111107	3	0.005091750772173158	0.0029397236789606577	03_47
lentinan	BMAA	lentinan	A. hadrus	CM03_47	lentinan	5	0.16444444444444445	3	0.003849001794597482	0.0022222222222222088	03_47
lentinan	BMAA	lentinan	A. hadrus	CM03_47	lentinan	5.25	0.16444444444444445	3	0.003849001794597482	0.0022222222222222088	03_47
lentinan	BMAA	lentinan	A. hadrus	CM03_47	lentinan	5.5	0.16444444444444445	3	0.003849001794597482	0.0022222222222222088	03_47
lentinan	BMAA	lentinan	A. hadrus	CM03_47	lentinan	5.75	0.16444444444444445	3	0.003849001794597482	0.0022222222222222088	03_47
lentinan	BMAA	lentinan	A. hadrus	CM03_47	lentinan	6	0.16111111111111112	3	0.005091750772173158	0.0029397236789606577	03_47
lentinan	BMAA	lentinan	A. hadrus	CM03_47	lentinan	6.25	0.1577777777777778	3	0.008388704928078609	0.004843221048378525	03_47
lentinan	BMAA	lentinan	A. hadrus	CM03_47	lentinan	6.5	0.15444444444444447	3	0.003849001794597498	0.0022222222222222183	03_47
lentinan	BMAA	lentinan	A. hadrus	CM03_47	lentinan	6.75	0.1577777777777778	3	0.008388704928078609	0.004843221048378525	03_47
lentinan	BMAA	lentinan	A. hadrus	CM03_47	lentinan	7	0.14777777777777779	3	0.008388704928078609	0.004843221048378525	03_47
lentinan	BMAA	lentinan	A. hadrus	CM03_47	lentinan	7.25	0.14777777777777779	3	0.008388704928078609	0.004843221048378525	03_47
lentinan	BMAA	lentinan	A. hadrus	CM03_47	lentinan	7.5	0.14777777777777779	3	0.008388704928078609	0.004843221048378525	03_47
lentinan	BMAA	lentinan	A. hadrus	CM03_47	lentinan	7.75	0.1411111111111111	3	0.013877773329774223	0.008012336167697757	03_47
lentinan	BMAA	lentinan	A. hadrus	CM03_47	lentinan	8	0.13777777777777778	3	0.008388704928078609	0.004843221048378525	03_47
lentinan	BMAA	lentinan	A. hadrus	CM03_47	lentinan	8.25	0.13444444444444445	3	0.013471506281091271	0.00777777777777778	03_47
lentinan	BMAA	lentinan	A. hadrus	CM03_47	lentinan	8.5	0.12777777777777777	3	0.008388704928078609	0.004843221048378525	03_47
lentinan	BMAA	lentinan	A. hadrus	CM03_47	lentinan	8.75	0.12777777777777777	3	0.008388704928078609	0.004843221048378525	03_47
lentinan	BMAA	lentinan	A. hadrus	CM03_47	lentinan	9	0.12444444444444443	3	0.013471506281091271	0.00777777777777778	03_47
lentinan	BMAA	lentinan	A. hadrus	CM03_47	lentinan	9.25	0.1211111111111111	3	0.013877773329774223	0.008012336167697757	03_47
lentinan	BMAA	lentinan	A. hadrus	CM03_47	lentinan	9.5	0.11777777777777776	3	0.008388704928078609	0.004843221048378525	03_47
lentinan	BMAA	lentinan	A. hadrus	CM03_47	lentinan	9.75	0.11444444444444445	3	0.01347150628109124	0.007777777777777762	03_47
lentinan	BMAA	lentinan	A. hadrus	CM03_47	lentinan	10	0.1111111111111111	3	0.0138777733297742	0.008012336167697745	03_47
lentinan	BMAA	lentinan	A. hadrus	CM03_47	lentinan	10.25	0.1111111111111111	3	0.0138777733297742	0.008012336167697745	03_47
lentinan	BMAA	lentinan	A. hadrus	CM03_47	lentinan	10.5	0.10777777777777776	3	0.018358568490953655	0.010599324460188275	03_47
lentinan	BMAA	lentinan	A. hadrus	CM03_47	lentinan	10.75	0.10111111111111111	3	0.013877773329774192	0.00801233616769774	03_47
lentinan	BMAA	lentinan	A. hadrus	CM03_47	lentinan	11	0.10111111111111111	3	0.013877773329774192	0.00801233616769774	03_47
lentinan	BMAA	lentinan	A. hadrus	CM03_47	lentinan	11.25	0.09777777777777778	3	0.01835856849095365	0.010599324460188273	03_47
lentinan	BMAA	lentinan	A. hadrus	CM03_47	lentinan	11.5	0.09777777777777778	3	0.01835856849095365	0.010599324460188273	03_47
lentinan	BMAA	lentinan	A. hadrus	CM03_47	lentinan	11.75	0.09444444444444446	3	0.013471506281091271	0.00777777777777778	03_47
lentinan	BMAA	lentinan	A. hadrus	CM03_47	lentinan	12	0.08777777777777779	3	0.018358568490953683	0.01059932446018829	03_47
lentinan	BMAA	lentinan	A. hadrus	CM03_47	lentinan	12.25	0.08777777777777779	3	0.018358568490953683	0.01059932446018829	03_47
lentinan	BMAA	lentinan	A. hadrus	CM03_47	lentinan	12.5	0.08777777777777779	3	0.018358568490953683	0.01059932446018829	03_47
lentinan	BMAA	lentinan	A. hadrus	CM03_47	lentinan	12.75	0.08444444444444445	3	0.019531550923607727	0.011276546183435805	03_47
lentinan	BMAA	lentinan	A. hadrus	CM03_47	lentinan	13	0.08111111111111112	3	0.02364866294865864	0.013653561919382795	03_47
lentinan	BMAA	lentinan	A. hadrus	CM03_47	lentinan	13.25	0.07777777777777778	3	0.018358568490953683	0.01059932446018829	03_47
lentinan	BMAA	lentinan	A. hadrus	CM03_47	lentinan	13.5	0.07777777777777778	3	0.018358568490953683	0.01059932446018829	03_47
lentinan	BMAA	lentinan	A. hadrus	CM03_47	lentinan	13.75	0.07777777777777778	3	0.018358568490953683	0.01059932446018829	03_47
lentinan	BMAA	lentinan	A. hadrus	CM03_47	lentinan	14	0.07111111111111111	3	0.02364866294865864	0.013653561919382795	03_47
lentinan	BMAA	lentinan	A. hadrus	CM03_47	lentinan	14.25	0.07111111111111111	3	0.02364866294865864	0.013653561919382795	03_47
lentinan	BMAA	lentinan	A. hadrus	CM03_47	lentinan	14.5	0.06777777777777777	3	0.018358568490953683	0.01059932446018829	03_47
lentinan	BMAA	lentinan	A. hadrus	CM03_47	lentinan	14.75	0.06777777777777777	3	0.018358568490953683	0.01059932446018829	03_47
lentinan	BMAA	lentinan	A. hadrus	CM03_47	lentinan	15	0.06777777777777777	3	0.018358568490953683	0.01059932446018829	03_47
lentinan	BMAA	lentinan	A. hadrus	CM03_47	lentinan	15.25	0.06444444444444446	3	0.02341256389522829	0.013517250067329368	03_47
lentinan	BMAA	lentinan	A. hadrus	CM03_47	lentinan	15.5	0.05777777777777778	3	0.018358568490953655	0.010599324460188275	03_47
lentinan	BMAA	lentinan	A. hadrus	CM03_47	lentinan	15.75	0.05777777777777778	3	0.018358568490953655	0.010599324460188275	03_47
lentinan	BMAA	lentinan	A. hadrus	CM03_47	lentinan	16	0.061111111111111116	3	0.023648662948658614	0.013653561919382782	03_47
lentinan	BMAA	lentinan	A. hadrus	CM03_47	lentinan	16.25	0.05777777777777778	3	0.018358568490953655	0.010599324460188275	03_47
lentinan	BMAA	lentinan	A. hadrus	CM03_47	lentinan	16.5	0.05444444444444444	3	0.01347150628109124	0.007777777777777762	03_47
lentinan	BMAA	lentinan	A. hadrus	CM03_47	lentinan	16.75	0.05444444444444444	3	0.01347150628109124	0.007777777777777762	03_47
lentinan	BMAA	lentinan	A. hadrus	CM03_47	lentinan	17	0.05444444444444444	3	0.01347150628109124	0.007777777777777762	03_47
lentinan	BMAA	lentinan	A. hadrus	CM03_47	lentinan	17.25	0.04777777777777777	3	0.018358568490953655	0.010599324460188275	03_47
lentinan	BMAA	lentinan	A. hadrus	CM03_47	lentinan	17.5	0.04777777777777777	3	0.018358568490953655	0.010599324460188275	03_47
lentinan	BMAA	lentinan	A. hadrus	CM03_47	lentinan	17.75	0.04777777777777777	3	0.018358568490953655	0.010599324460188275	03_47
lentinan	BMAA	lentinan	A. hadrus	CM03_47	lentinan	18	0.04444444444444443	3	0.01347150628109124	0.007777777777777762	03_47
lentinan	BMAA	lentinan	A. hadrus	CM03_47	lentinan	18.25	0.04444444444444443	3	0.01347150628109124	0.007777777777777762	03_47
lentinan	BMAA	lentinan	A. hadrus	CM03_47	lentinan	18.5	0.0411111111111111	3	0.0189541356769244	0.010943175335328991	03_47
lentinan	BMAA	lentinan	A. hadrus	CM03_47	lentinan	18.75	0.03777777777777778	3	0.015396007178390007	0.008888888888888882	03_47
lentinan	BMAA	lentinan	A. hadrus	CM03_47	lentinan	19	0.03777777777777778	3	0.015396007178390007	0.008888888888888882	03_47
lentinan	BMAA	lentinan	A. hadrus	CM03_47	lentinan	19.25	0.03777777777777778	3	0.015396007178390007	0.008888888888888882	03_47
lentinan	BMAA	lentinan	A. hadrus	CM03_47	lentinan	19.5	0.034444444444444465	3	0.013471506281091271	0.00777777777777778	03_47
lentinan	BMAA	lentinan	A. hadrus	CM03_47	lentinan	19.75	0.031111111111111128	3	0.00962250448649376	0.005555555555555555	03_47
lentinan	BMAA	lentinan	A. hadrus	CM03_47	lentinan	20	0.031111111111111128	3	0.00962250448649376	0.005555555555555555	03_47
lentinan	BMAA	lentinan	A. hadrus	CM03_47	lentinan	20.25	0.031111111111111128	3	0.00962250448649376	0.005555555555555555	03_47
lentinan	BMAA	lentinan	A. hadrus	CM03_47	lentinan	20.5	0.031111111111111128	3	0.00962250448649376	0.005555555555555555	03_47
lentinan	BMAA	lentinan	A. hadrus	CM03_47	lentinan	20.75	0.031111111111111128	3	0.00962250448649376	0.005555555555555555	03_47
lentinan	BMAA	lentinan	A. hadrus	CM03_47	lentinan	21	0.024444444444444453	3	0.013471506281091271	0.00777777777777778	03_47
lentinan	BMAA	lentinan	A. hadrus	CM03_47	lentinan	21.25	0.02111111111111112	3	0.00962250448649376	0.005555555555555555	03_47
lentinan	BMAA	lentinan	A. hadrus	CM03_47	lentinan	21.5	0.02111111111111112	3	0.00962250448649376	0.005555555555555555	03_47
lentinan	BMAA	lentinan	A. hadrus	CM03_47	lentinan	21.75	0.02111111111111112	3	0.00962250448649376	0.005555555555555555	03_47
lentinan	BMAA	lentinan	A. hadrus	CM03_47	lentinan	22	0.02111111111111112	3	0.00962250448649376	0.005555555555555555	03_47
lentinan	BMAA	lentinan	A. hadrus	CM03_47	lentinan	22.25	0.01777777777777778	3	0.008388704928078609	0.004843221048378525	03_47
lentinan	BMAA	lentinan	A. hadrus	CM03_47	lentinan	22.5	0.01777777777777778	3	0.008388704928078609	0.004843221048378525	03_47
lentinan	BMAA	lentinan	A. hadrus	CM03_47	lentinan	22.75	0.014444444444444446	3	0.003849001794597498	0.0022222222222222183	03_47
lentinan	BMAA	lentinan	A. hadrus	CM03_47	lentinan	23	0.014444444444444446	3	0.003849001794597498	0.0022222222222222183	03_47
lentinan	BMAA	lentinan	A. hadrus	CM03_47	lentinan	23.25	0.014444444444444446	3	0.003849001794597498	0.0022222222222222183	03_47
lentinan	BMAA	lentinan	A. hadrus	CM03_47	lentinan	23.5	0.014444444444444446	3	0.003849001794597498	0.0022222222222222183	03_47
lentinan	BMAA	lentinan	A. hadrus	CM03_47	lentinan	23.75	0.011111111111111108	3	0.00962250448649376	0.005555555555555555	03_47
lentinan	BMAA	lentinan	A. hadrus	CM03_47	lentinan	24	0.011111111111111108	3	0.00962250448649376	0.005555555555555555	03_47
xyloglucan	BMAA	xyloglucan	A. hadrus	CM03_47	xyloglucan	0	0.004444444444444436	3	0.005091750772173146	0.0029397236789606507	03_47
xyloglucan	BMAA	xyloglucan	A. hadrus	CM03_47	xyloglucan	0.25	-0.0088888888888889	3	0.001924500897298749	0.0011111111111111092	03_47
xyloglucan	BMAA	xyloglucan	A. hadrus	CM03_47	xyloglucan	0.5	0.004444444444444436	3	0.005091750772173146	0.0029397236789606507	03_47
xyloglucan	BMAA	xyloglucan	A. hadrus	CM03_47	xyloglucan	0.75	0.017777777777777764	3	0.0069388866648871115	0.004006168083848878	03_47
xyloglucan	BMAA	xyloglucan	A. hadrus	CM03_47	xyloglucan	1	0.031111111111111107	3	0.001924500897298749	0.0011111111111111092	03_47
xyloglucan	BMAA	xyloglucan	A. hadrus	CM03_47	xyloglucan	1.25	0.044444444444444425	3	0.005091750772173161	0.00293972367896066	03_47
xyloglucan	BMAA	xyloglucan	A. hadrus	CM03_47	xyloglucan	1.5	0.06444444444444444	3	0.005091750772173161	0.00293972367896066	03_47
xyloglucan	BMAA	xyloglucan	A. hadrus	CM03_47	xyloglucan	1.75	0.08444444444444445	3	0.005091750772173131	0.002939723678960642	03_47
xyloglucan	BMAA	xyloglucan	A. hadrus	CM03_47	xyloglucan	2	0.10111111111111108	3	0.008388704928078623	0.004843221048378534	03_47
xyloglucan	BMAA	xyloglucan	A. hadrus	CM03_47	xyloglucan	2.25	0.11111111111111109	3	0.008388704928078623	0.004843221048378534	03_47
xyloglucan	BMAA	xyloglucan	A. hadrus	CM03_47	xyloglucan	2.5	0.11111111111111109	3	0.008388704928078623	0.004843221048378534	03_47
xyloglucan	BMAA	xyloglucan	A. hadrus	CM03_47	xyloglucan	2.75	0.12444444444444444	3	0.013877773329774233	0.008012336167697764	03_47
xyloglucan	BMAA	xyloglucan	A. hadrus	CM03_47	xyloglucan	3	0.13111111111111112	3	0.008388704928078623	0.004843221048378534	03_47
xyloglucan	BMAA	xyloglucan	A. hadrus	CM03_47	xyloglucan	3.25	0.13111111111111112	3	0.008388704928078623	0.004843221048378534	03_47
xyloglucan	BMAA	xyloglucan	A. hadrus	CM03_47	xyloglucan	3.5	0.13777777777777778	3	0.013471506281091259	0.007777777777777773	03_47
xyloglucan	BMAA	xyloglucan	A. hadrus	CM03_47	xyloglucan	3.75	0.1411111111111111	3	0.008388704928078593	0.0048432210483785165	03_47
xyloglucan	BMAA	xyloglucan	A. hadrus	CM03_47	xyloglucan	4	0.14777777777777779	3	0.010715167512214374	0.006186404847588902	03_47
xyloglucan	BMAA	xyloglucan	A. hadrus	CM03_47	xyloglucan	4.25	0.14777777777777779	3	0.010715167512214374	0.006186404847588902	03_47
xyloglucan	BMAA	xyloglucan	A. hadrus	CM03_47	xyloglucan	4.5	0.15111111111111108	3	0.008388704928078597	0.004843221048378518	03_47
xyloglucan	BMAA	xyloglucan	A. hadrus	CM03_47	xyloglucan	4.75	0.15444444444444444	3	0.009622504486493745	0.005555555555555545	03_47
xyloglucan	BMAA	xyloglucan	A. hadrus	CM03_47	xyloglucan	5	0.15111111111111108	3	0.008388704928078597	0.004843221048378518	03_47
xyloglucan	BMAA	xyloglucan	A. hadrus	CM03_47	xyloglucan	5.25	0.15111111111111108	3	0.008388704928078597	0.004843221048378518	03_47
xyloglucan	BMAA	xyloglucan	A. hadrus	CM03_47	xyloglucan	5.5	0.1611111111111111	3	0.008388704928078623	0.004843221048378534	03_47
xyloglucan	BMAA	xyloglucan	A. hadrus	CM03_47	xyloglucan	5.75	0.15111111111111108	3	0.008388704928078597	0.004843221048378518	03_47
xyloglucan	BMAA	xyloglucan	A. hadrus	CM03_47	xyloglucan	6	0.15444444444444444	3	0.009622504486493745	0.005555555555555545	03_47
xyloglucan	BMAA	xyloglucan	A. hadrus	CM03_47	xyloglucan	6.25	0.15444444444444444	3	0.009622504486493745	0.005555555555555545	03_47
xyloglucan	BMAA	xyloglucan	A. hadrus	CM03_47	xyloglucan	6.5	0.1544444444444444	3	0.005091750772173161	0.00293972367896066	03_47
xyloglucan	BMAA	xyloglucan	A. hadrus	CM03_47	xyloglucan	6.75	0.15111111111111108	3	0.008388704928078597	0.004843221048378518	03_47
xyloglucan	BMAA	xyloglucan	A. hadrus	CM03_47	xyloglucan	7	0.15111111111111108	3	0.008388704928078597	0.004843221048378518	03_47
xyloglucan	BMAA	xyloglucan	A. hadrus	CM03_47	xyloglucan	7.25	0.15111111111111108	3	0.008388704928078597	0.004843221048378518	03_47
xyloglucan	BMAA	xyloglucan	A. hadrus	CM03_47	xyloglucan	7.5	0.15111111111111108	3	0.008388704928078597	0.004843221048378518	03_47
xyloglucan	BMAA	xyloglucan	A. hadrus	CM03_47	xyloglucan	7.75	0.14777777777777779	3	0.010715167512214374	0.006186404847588902	03_47
xyloglucan	BMAA	xyloglucan	A. hadrus	CM03_47	xyloglucan	8	0.14444444444444443	3	0.005091750772173131	0.002939723678960642	03_47
xyloglucan	BMAA	xyloglucan	A. hadrus	CM03_47	xyloglucan	8.25	0.14444444444444443	3	0.005091750772173131	0.002939723678960642	03_47
xyloglucan	BMAA	xyloglucan	A. hadrus	CM03_47	xyloglucan	8.5	0.14444444444444443	3	0.005091750772173131	0.002939723678960642	03_47
xyloglucan	BMAA	xyloglucan	A. hadrus	CM03_47	xyloglucan	8.75	0.14444444444444443	3	0.005091750772173131	0.002939723678960642	03_47
xyloglucan	BMAA	xyloglucan	A. hadrus	CM03_47	xyloglucan	9	0.13777777777777778	3	0.010715167512214374	0.006186404847588902	03_47
xyloglucan	BMAA	xyloglucan	A. hadrus	CM03_47	xyloglucan	9.25	0.13444444444444445	3	0.005091750772173161	0.00293972367896066	03_47
xyloglucan	BMAA	xyloglucan	A. hadrus	CM03_47	xyloglucan	9.5	0.13111111111111112	3	0.008388704928078623	0.004843221048378534	03_47
xyloglucan	BMAA	xyloglucan	A. hadrus	CM03_47	xyloglucan	9.75	0.12777777777777777	3	0.010715167512214406	0.0061864048475889204	03_47
xyloglucan	BMAA	xyloglucan	A. hadrus	CM03_47	xyloglucan	10	0.12777777777777777	3	0.010715167512214406	0.0061864048475889204	03_47
xyloglucan	BMAA	xyloglucan	A. hadrus	CM03_47	xyloglucan	10.25	0.12777777777777777	3	0.010715167512214406	0.0061864048475889204	03_47
xyloglucan	BMAA	xyloglucan	A. hadrus	CM03_47	xyloglucan	10.5	0.12444444444444444	3	0.005091750772173161	0.00293972367896066	03_47
xyloglucan	BMAA	xyloglucan	A. hadrus	CM03_47	xyloglucan	10.75	0.11777777777777777	3	0.010715167512214406	0.0061864048475889204	03_47
xyloglucan	BMAA	xyloglucan	A. hadrus	CM03_47	xyloglucan	11	0.11777777777777777	3	0.010715167512214406	0.0061864048475889204	03_47
xyloglucan	BMAA	xyloglucan	A. hadrus	CM03_47	xyloglucan	11.25	0.11777777777777777	3	0.010715167512214406	0.0061864048475889204	03_47
xyloglucan	BMAA	xyloglucan	A. hadrus	CM03_47	xyloglucan	11.5	0.11777777777777777	3	0.010715167512214406	0.0061864048475889204	03_47
xyloglucan	BMAA	xyloglucan	A. hadrus	CM03_47	xyloglucan	11.75	0.11444444444444443	3	0.005091750772173161	0.00293972367896066	03_47
xyloglucan	BMAA	xyloglucan	A. hadrus	CM03_47	xyloglucan	12	0.11444444444444443	3	0.005091750772173161	0.00293972367896066	03_47
xyloglucan	BMAA	xyloglucan	A. hadrus	CM03_47	xyloglucan	12.25	0.11111111111111109	3	0.008388704928078623	0.004843221048378534	03_47
xyloglucan	BMAA	xyloglucan	A. hadrus	CM03_47	xyloglucan	12.5	0.10777777777777776	3	0.010715167512214406	0.0061864048475889204	03_47
xyloglucan	BMAA	xyloglucan	A. hadrus	CM03_47	xyloglucan	12.75	0.10777777777777776	3	0.010715167512214406	0.0061864048475889204	03_47
xyloglucan	BMAA	xyloglucan	A. hadrus	CM03_47	xyloglucan	13	0.10777777777777776	3	0.010715167512214406	0.0061864048475889204	03_47
xyloglucan	BMAA	xyloglucan	A. hadrus	CM03_47	xyloglucan	13.25	0.10777777777777776	3	0.010715167512214406	0.0061864048475889204	03_47
xyloglucan	BMAA	xyloglucan	A. hadrus	CM03_47	xyloglucan	13.5	0.10444444444444442	3	0.013877773329774233	0.008012336167697764	03_47
xyloglucan	BMAA	xyloglucan	A. hadrus	CM03_47	xyloglucan	13.75	0.10444444444444442	3	0.013877773329774233	0.008012336167697764	03_47
xyloglucan	BMAA	xyloglucan	A. hadrus	CM03_47	xyloglucan	14	0.10444444444444442	3	0.013877773329774233	0.008012336167697764	03_47
xyloglucan	BMAA	xyloglucan	A. hadrus	CM03_47	xyloglucan	14.25	0.10444444444444442	3	0.013877773329774233	0.008012336167697764	03_47
xyloglucan	BMAA	xyloglucan	A. hadrus	CM03_47	xyloglucan	14.5	0.10111111111111108	3	0.008388704928078623	0.004843221048378534	03_47
xyloglucan	BMAA	xyloglucan	A. hadrus	CM03_47	xyloglucan	14.75	0.10111111111111108	3	0.008388704928078623	0.004843221048378534	03_47
xyloglucan	BMAA	xyloglucan	A. hadrus	CM03_47	xyloglucan	15	0.09777777777777776	3	0.010715167512214406	0.0061864048475889204	03_47
xyloglucan	BMAA	xyloglucan	A. hadrus	CM03_47	xyloglucan	15.25	0.09777777777777776	3	0.010715167512214406	0.0061864048475889204	03_47
xyloglucan	BMAA	xyloglucan	A. hadrus	CM03_47	xyloglucan	15.5	0.09777777777777776	3	0.010715167512214406	0.0061864048475889204	03_47
xyloglucan	BMAA	xyloglucan	A. hadrus	CM03_47	xyloglucan	15.75	0.09777777777777776	3	0.010715167512214406	0.0061864048475889204	03_47
xyloglucan	BMAA	xyloglucan	A. hadrus	CM03_47	xyloglucan	16	0.09444444444444443	3	0.013877773329774213	0.008012336167697752	03_47
xyloglucan	BMAA	xyloglucan	A. hadrus	CM03_47	xyloglucan	16.25	0.09444444444444443	3	0.013877773329774213	0.008012336167697752	03_47
xyloglucan	BMAA	xyloglucan	A. hadrus	CM03_47	xyloglucan	16.5	0.09444444444444443	3	0.013877773329774213	0.008012336167697752	03_47
xyloglucan	BMAA	xyloglucan	A. hadrus	CM03_47	xyloglucan	16.75	0.09444444444444443	3	0.013877773329774213	0.008012336167697752	03_47
xyloglucan	BMAA	xyloglucan	A. hadrus	CM03_47	xyloglucan	17	0.09444444444444443	3	0.013877773329774213	0.008012336167697752	03_47
xyloglucan	BMAA	xyloglucan	A. hadrus	CM03_47	xyloglucan	17.25	0.09444444444444443	3	0.013877773329774213	0.008012336167697752	03_47
xyloglucan	BMAA	xyloglucan	A. hadrus	CM03_47	xyloglucan	17.5	0.09111111111111111	3	0.016442942874387478	0.00949333749479725	03_47
xyloglucan	BMAA	xyloglucan	A. hadrus	CM03_47	xyloglucan	17.75	0.08777777777777777	3	0.010715167512214374	0.006186404847588902	03_47
xyloglucan	BMAA	xyloglucan	A. hadrus	CM03_47	xyloglucan	18	0.08777777777777777	3	0.010715167512214374	0.006186404847588902	03_47
xyloglucan	BMAA	xyloglucan	A. hadrus	CM03_47	xyloglucan	18.25	0.08777777777777777	3	0.010715167512214374	0.006186404847588902	03_47
xyloglucan	BMAA	xyloglucan	A. hadrus	CM03_47	xyloglucan	18.5	0.08777777777777777	3	0.010715167512214374	0.006186404847588902	03_47
xyloglucan	BMAA	xyloglucan	A. hadrus	CM03_47	xyloglucan	18.75	0.08777777777777777	3	0.010715167512214374	0.006186404847588902	03_47
xyloglucan	BMAA	xyloglucan	A. hadrus	CM03_47	xyloglucan	19	0.08444444444444445	3	0.013877773329774204	0.008012336167697746	03_47
xyloglucan	BMAA	xyloglucan	A. hadrus	CM03_47	xyloglucan	19.25	0.08444444444444445	3	0.013877773329774204	0.008012336167697746	03_47
xyloglucan	BMAA	xyloglucan	A. hadrus	CM03_47	xyloglucan	19.5	0.08444444444444445	3	0.013877773329774204	0.008012336167697746	03_47
xyloglucan	BMAA	xyloglucan	A. hadrus	CM03_47	xyloglucan	19.75	0.08444444444444445	3	0.013877773329774204	0.008012336167697746	03_47
xyloglucan	BMAA	xyloglucan	A. hadrus	CM03_47	xyloglucan	20	0.08444444444444445	3	0.013877773329774204	0.008012336167697746	03_47
xyloglucan	BMAA	xyloglucan	A. hadrus	CM03_47	xyloglucan	20.25	0.08444444444444445	3	0.013877773329774204	0.008012336167697746	03_47
xyloglucan	BMAA	xyloglucan	A. hadrus	CM03_47	xyloglucan	20.5	0.08444444444444445	3	0.013877773329774204	0.008012336167697746	03_47
xyloglucan	BMAA	xyloglucan	A. hadrus	CM03_47	xyloglucan	20.75	0.08444444444444445	3	0.013877773329774204	0.008012336167697746	03_47
xyloglucan	BMAA	xyloglucan	A. hadrus	CM03_47	xyloglucan	21	0.08444444444444445	3	0.013877773329774204	0.008012336167697746	03_47
xyloglucan	BMAA	xyloglucan	A. hadrus	CM03_47	xyloglucan	21.25	0.08444444444444445	3	0.013877773329774204	0.008012336167697746	03_47
xyloglucan	BMAA	xyloglucan	A. hadrus	CM03_47	xyloglucan	21.5	0.07777777777777777	3	0.010715167512214374	0.006186404847588902	03_47
xyloglucan	BMAA	xyloglucan	A. hadrus	CM03_47	xyloglucan	21.75	0.07444444444444444	3	0.013877773329774204	0.008012336167697746	03_47
xyloglucan	BMAA	xyloglucan	A. hadrus	CM03_47	xyloglucan	22	0.07777777777777777	3	0.010715167512214374	0.006186404847588902	03_47
xyloglucan	BMAA	xyloglucan	A. hadrus	CM03_47	xyloglucan	22.25	0.07777777777777777	3	0.010715167512214374	0.006186404847588902	03_47
xyloglucan	BMAA	xyloglucan	A. hadrus	CM03_47	xyloglucan	22.5	0.07777777777777777	3	0.010715167512214374	0.006186404847588902	03_47
xyloglucan	BMAA	xyloglucan	A. hadrus	CM03_47	xyloglucan	22.75	0.07444444444444444	3	0.013877773329774204	0.008012336167697746	03_47
xyloglucan	BMAA	xyloglucan	A. hadrus	CM03_47	xyloglucan	23	0.07777777777777777	3	0.010715167512214374	0.006186404847588902	03_47
xyloglucan	BMAA	xyloglucan	A. hadrus	CM03_47	xyloglucan	23.25	0.07444444444444444	3	0.013877773329774204	0.008012336167697746	03_47
xyloglucan	BMAA	xyloglucan	A. hadrus	CM03_47	xyloglucan	23.5	0.07444444444444444	3	0.013877773329774204	0.008012336167697746	03_47
xyloglucan	BMAA	xyloglucan	A. hadrus	CM03_47	xyloglucan	23.75	0.07444444444444444	3	0.013877773329774204	0.008012336167697746	03_47
xyloglucan	BMAA	xyloglucan	A. hadrus	CM03_47	xyloglucan	24	0.07444444444444444	3	0.013877773329774204	0.008012336167697746	03_47
GOS_betaglucan	BMAA	GOS_betaglucan	A. hadrus	CM06_29	GOS_betaglucan	0	-0.004444444444444445	3	0.0038490017945975057	0.0022222222222222227	06_29
GOS_betaglucan	BMAA	GOS_betaglucan	A. hadrus	CM06_29	GOS_betaglucan	0.25	-0.0011111111111111183	3	0.0076980035891950115	0.004444444444444445	06_29
GOS_betaglucan	BMAA	GOS_betaglucan	A. hadrus	CM06_29	GOS_betaglucan	0.5	0.005555555555555554	3	0.003849001794597514	0.0022222222222222274	06_29
GOS_betaglucan	BMAA	GOS_betaglucan	A. hadrus	CM06_29	GOS_betaglucan	0.75	0.012222222222222226	3	0.008388704928078623	0.004843221048378534	06_29
GOS_betaglucan	BMAA	GOS_betaglucan	A. hadrus	CM06_29	GOS_betaglucan	1	0.012222222222222226	3	0.008388704928078623	0.004843221048378534	06_29
GOS_betaglucan	BMAA	GOS_betaglucan	A. hadrus	CM06_29	GOS_betaglucan	1.25	0.012222222222222226	3	0.008388704928078623	0.004843221048378534	06_29
GOS_betaglucan	BMAA	GOS_betaglucan	A. hadrus	CM06_29	GOS_betaglucan	1.5	0.012222222222222226	3	0.008388704928078623	0.004843221048378534	06_29
GOS_betaglucan	BMAA	GOS_betaglucan	A. hadrus	CM06_29	GOS_betaglucan	1.75	0.012222222222222226	3	0.008388704928078623	0.004843221048378534	06_29
GOS_betaglucan	BMAA	GOS_betaglucan	A. hadrus	CM06_29	GOS_betaglucan	2	0.005555555555555564	3	0.01071516751221439	0.006186404847588911	06_29
GOS_betaglucan	BMAA	GOS_betaglucan	A. hadrus	CM06_29	GOS_betaglucan	2.25	0.0088888888888889	3	0.013877773329774218	0.008012336167697753	06_29
GOS_betaglucan	BMAA	GOS_betaglucan	A. hadrus	CM06_29	GOS_betaglucan	2.5	0.0088888888888889	3	0.013877773329774218	0.008012336167697753	06_29
GOS_betaglucan	BMAA	GOS_betaglucan	A. hadrus	CM06_29	GOS_betaglucan	2.75	0.0088888888888889	3	0.013877773329774218	0.008012336167697753	06_29
GOS_betaglucan	BMAA	GOS_betaglucan	A. hadrus	CM06_29	GOS_betaglucan	3	0.005555555555555564	3	0.01071516751221439	0.006186404847588911	06_29
GOS_betaglucan	BMAA	GOS_betaglucan	A. hadrus	CM06_29	GOS_betaglucan	3.25	0.005555555555555564	3	0.01071516751221439	0.006186404847588911	06_29
GOS_betaglucan	BMAA	GOS_betaglucan	A. hadrus	CM06_29	GOS_betaglucan	3.5	0.005555555555555564	3	0.01071516751221439	0.006186404847588911	06_29
GOS_betaglucan	BMAA	GOS_betaglucan	A. hadrus	CM06_29	GOS_betaglucan	3.75	0.005555555555555564	3	0.01071516751221439	0.006186404847588911	06_29
GOS_betaglucan	BMAA	GOS_betaglucan	A. hadrus	CM06_29	GOS_betaglucan	4	0.005555555555555564	3	0.01071516751221439	0.006186404847588911	06_29
GOS_betaglucan	BMAA	GOS_betaglucan	A. hadrus	CM06_29	GOS_betaglucan	4.25	0.005555555555555564	3	0.01071516751221439	0.006186404847588911	06_29
GOS_betaglucan	BMAA	GOS_betaglucan	A. hadrus	CM06_29	GOS_betaglucan	4.5	0.005555555555555564	3	0.01071516751221439	0.006186404847588911	06_29
GOS_betaglucan	BMAA	GOS_betaglucan	A. hadrus	CM06_29	GOS_betaglucan	4.75	0.005555555555555564	3	0.01071516751221439	0.006186404847588911	06_29
GOS_betaglucan	BMAA	GOS_betaglucan	A. hadrus	CM06_29	GOS_betaglucan	5	0.005555555555555564	3	0.01071516751221439	0.006186404847588911	06_29
GOS_betaglucan	BMAA	GOS_betaglucan	A. hadrus	CM06_29	GOS_betaglucan	5.25	0.005555555555555564	3	0.01071516751221439	0.006186404847588911	06_29
GOS_betaglucan	BMAA	GOS_betaglucan	A. hadrus	CM06_29	GOS_betaglucan	5.5	0.0022222222222222274	3	0.010183501544346307	0.00587944735792131	06_29
GOS_betaglucan	BMAA	GOS_betaglucan	A. hadrus	CM06_29	GOS_betaglucan	5.75	0.0022222222222222274	3	0.010183501544346307	0.00587944735792131	06_29
GOS_betaglucan	BMAA	GOS_betaglucan	A. hadrus	CM06_29	GOS_betaglucan	6	0.0022222222222222274	3	0.010183501544346307	0.00587944735792131	06_29
GOS_betaglucan	BMAA	GOS_betaglucan	A. hadrus	CM06_29	GOS_betaglucan	6.25	0.0022222222222222274	3	0.010183501544346307	0.00587944735792131	06_29
GOS_betaglucan	BMAA	GOS_betaglucan	A. hadrus	CM06_29	GOS_betaglucan	6.5	0.0022222222222222274	3	0.010183501544346307	0.00587944735792131	06_29
GOS_betaglucan	BMAA	GOS_betaglucan	A. hadrus	CM06_29	GOS_betaglucan	6.75	0.0022222222222222274	3	0.010183501544346307	0.00587944735792131	06_29
GOS_betaglucan	BMAA	GOS_betaglucan	A. hadrus	CM06_29	GOS_betaglucan	7	-0.001111111111111109	3	0.005091750772173146	0.0029397236789606507	06_29
GOS_betaglucan	BMAA	GOS_betaglucan	A. hadrus	CM06_29	GOS_betaglucan	7.25	-0.001111111111111109	3	0.005091750772173146	0.0029397236789606507	06_29
GOS_betaglucan	BMAA	GOS_betaglucan	A. hadrus	CM06_29	GOS_betaglucan	7.5	-0.001111111111111109	3	0.005091750772173146	0.0029397236789606507	06_29
GOS_betaglucan	BMAA	GOS_betaglucan	A. hadrus	CM06_29	GOS_betaglucan	7.75	-0.001111111111111109	3	0.005091750772173146	0.0029397236789606507	06_29
GOS_betaglucan	BMAA	GOS_betaglucan	A. hadrus	CM06_29	GOS_betaglucan	8	-0.001111111111111109	3	0.005091750772173146	0.0029397236789606507	06_29
GOS_betaglucan	BMAA	GOS_betaglucan	A. hadrus	CM06_29	GOS_betaglucan	8.25	-0.001111111111111109	3	0.005091750772173146	0.0029397236789606507	06_29
GOS_betaglucan	BMAA	GOS_betaglucan	A. hadrus	CM06_29	GOS_betaglucan	8.5	-0.004444444444444445	3	0.006938886664887107	0.004006168083848876	06_29
GOS_betaglucan	BMAA	GOS_betaglucan	A. hadrus	CM06_29	GOS_betaglucan	8.75	-0.004444444444444445	3	0.006938886664887107	0.004006168083848876	06_29
GOS_betaglucan	BMAA	GOS_betaglucan	A. hadrus	CM06_29	GOS_betaglucan	9	-0.004444444444444445	3	0.006938886664887107	0.004006168083848876	06_29
GOS_betaglucan	BMAA	GOS_betaglucan	A. hadrus	CM06_29	GOS_betaglucan	9.25	-0.004444444444444445	3	0.006938886664887107	0.004006168083848876	06_29
GOS_betaglucan	BMAA	GOS_betaglucan	A. hadrus	CM06_29	GOS_betaglucan	9.5	-0.007777777777777782	3	0.011706281947614161	0.006758625033664693	06_29
GOS_betaglucan	BMAA	GOS_betaglucan	A. hadrus	CM06_29	GOS_betaglucan	9.75	-0.004444444444444445	3	0.006938886664887107	0.004006168083848876	06_29
GOS_betaglucan	BMAA	GOS_betaglucan	A. hadrus	CM06_29	GOS_betaglucan	10	-0.004444444444444445	3	0.006938886664887107	0.004006168083848876	06_29
GOS_betaglucan	BMAA	GOS_betaglucan	A. hadrus	CM06_29	GOS_betaglucan	10.25	-0.004444444444444445	3	0.006938886664887107	0.004006168083848876	06_29
GOS_betaglucan	BMAA	GOS_betaglucan	A. hadrus	CM06_29	GOS_betaglucan	10.5	-0.007777777777777782	3	0.011706281947614161	0.006758625033664693	06_29
GOS_betaglucan	BMAA	GOS_betaglucan	A. hadrus	CM06_29	GOS_betaglucan	10.75	-0.007777777777777782	3	0.011706281947614161	0.006758625033664693	06_29
GOS_betaglucan	BMAA	GOS_betaglucan	A. hadrus	CM06_29	GOS_betaglucan	11	-0.004444444444444445	3	0.016777409856157232	0.009686442096757059	06_29
GOS_betaglucan	BMAA	GOS_betaglucan	A. hadrus	CM06_29	GOS_betaglucan	11.25	-0.004444444444444445	3	0.016777409856157232	0.009686442096757059	06_29
GOS_betaglucan	BMAA	GOS_betaglucan	A. hadrus	CM06_29	GOS_betaglucan	11.5	-0.007777777777777782	3	0.011706281947614161	0.006758625033664693	06_29
GOS_betaglucan	BMAA	GOS_betaglucan	A. hadrus	CM06_29	GOS_betaglucan	11.75	-0.007777777777777782	3	0.011706281947614161	0.006758625033664693	06_29
GOS_betaglucan	BMAA	GOS_betaglucan	A. hadrus	CM06_29	GOS_betaglucan	12	-0.004444444444444445	3	0.006938886664887107	0.004006168083848876	06_29
GOS_betaglucan	BMAA	GOS_betaglucan	A. hadrus	CM06_29	GOS_betaglucan	12.25	-0.004444444444444445	3	0.006938886664887107	0.004006168083848876	06_29
GOS_betaglucan	BMAA	GOS_betaglucan	A. hadrus	CM06_29	GOS_betaglucan	12.5	-0.007777777777777782	3	0.011706281947614161	0.006758625033664693	06_29
GOS_betaglucan	BMAA	GOS_betaglucan	A. hadrus	CM06_29	GOS_betaglucan	12.75	-0.004444444444444445	3	0.006938886664887107	0.004006168083848876	06_29
GOS_betaglucan	BMAA	GOS_betaglucan	A. hadrus	CM06_29	GOS_betaglucan	13	-0.004444444444444445	3	0.006938886664887107	0.004006168083848876	06_29
GOS_betaglucan	BMAA	GOS_betaglucan	A. hadrus	CM06_29	GOS_betaglucan	13.25	-0.001111111111111109	3	0.01261979632400061	0.007286042804780003	06_29
GOS_betaglucan	BMAA	GOS_betaglucan	A. hadrus	CM06_29	GOS_betaglucan	13.5	-0.004444444444444445	3	0.016777409856157232	0.009686442096757059	06_29
GOS_betaglucan	BMAA	GOS_betaglucan	A. hadrus	CM06_29	GOS_betaglucan	13.75	0.0022222222222222274	3	0.010183501544346307	0.00587944735792131	06_29
GOS_betaglucan	BMAA	GOS_betaglucan	A. hadrus	CM06_29	GOS_betaglucan	14	0.005555555555555564	3	0.015752718754175363	0.009094836413191613	06_29
GOS_betaglucan	BMAA	GOS_betaglucan	A. hadrus	CM06_29	GOS_betaglucan	14.25	0.005555555555555564	3	0.015752718754175363	0.009094836413191613	06_29
GOS_betaglucan	BMAA	GOS_betaglucan	A. hadrus	CM06_29	GOS_betaglucan	14.5	0.005555555555555564	3	0.015752718754175363	0.009094836413191613	06_29
GOS_betaglucan	BMAA	GOS_betaglucan	A. hadrus	CM06_29	GOS_betaglucan	14.75	0.005555555555555564	3	0.015752718754175363	0.009094836413191613	06_29
GOS_betaglucan	BMAA	GOS_betaglucan	A. hadrus	CM06_29	GOS_betaglucan	15	0.005555555555555564	3	0.015752718754175363	0.009094836413191613	06_29
GOS_betaglucan	BMAA	GOS_betaglucan	A. hadrus	CM06_29	GOS_betaglucan	15.25	0.005555555555555564	3	0.015752718754175363	0.009094836413191613	06_29
GOS_betaglucan	BMAA	GOS_betaglucan	A. hadrus	CM06_29	GOS_betaglucan	15.5	0.005555555555555564	3	0.015752718754175363	0.009094836413191613	06_29
GOS_betaglucan	BMAA	GOS_betaglucan	A. hadrus	CM06_29	GOS_betaglucan	15.75	0.0088888888888889	3	0.021430335024428798	0.012372809695177832	06_29
GOS_betaglucan	BMAA	GOS_betaglucan	A. hadrus	CM06_29	GOS_betaglucan	16	0.005555555555555564	3	0.024113927126900796	0.013922182317935194	06_29
GOS_betaglucan	BMAA	GOS_betaglucan	A. hadrus	CM06_29	GOS_betaglucan	16.25	0.0088888888888889	3	0.021430335024428798	0.012372809695177832	06_29
GOS_betaglucan	BMAA	GOS_betaglucan	A. hadrus	CM06_29	GOS_betaglucan	16.5	0.0088888888888889	3	0.021430335024428798	0.012372809695177832	06_29
GOS_betaglucan	BMAA	GOS_betaglucan	A. hadrus	CM06_29	GOS_betaglucan	16.75	0.0088888888888889	3	0.021430335024428798	0.012372809695177832	06_29
GOS_betaglucan	BMAA	GOS_betaglucan	A. hadrus	CM06_29	GOS_betaglucan	17	0.005555555555555564	3	0.024113927126900796	0.013922182317935194	06_29
GOS_betaglucan	BMAA	GOS_betaglucan	A. hadrus	CM06_29	GOS_betaglucan	17.25	0.0088888888888889	3	0.021430335024428798	0.012372809695177832	06_29
GOS_betaglucan	BMAA	GOS_betaglucan	A. hadrus	CM06_29	GOS_betaglucan	17.5	0.0088888888888889	3	0.021430335024428798	0.012372809695177832	06_29
GOS_betaglucan	BMAA	GOS_betaglucan	A. hadrus	CM06_29	GOS_betaglucan	17.75	0.0088888888888889	3	0.021430335024428798	0.012372809695177832	06_29
GOS_betaglucan	BMAA	GOS_betaglucan	A. hadrus	CM06_29	GOS_betaglucan	18	0.005555555555555564	3	0.024113927126900796	0.013922182317935194	06_29
GOS_betaglucan	BMAA	GOS_betaglucan	A. hadrus	CM06_29	GOS_betaglucan	18.25	0.005555555555555564	3	0.024113927126900796	0.013922182317935194	06_29
GOS_betaglucan	BMAA	GOS_betaglucan	A. hadrus	CM06_29	GOS_betaglucan	18.5	0.0088888888888889	3	0.021430335024428798	0.012372809695177832	06_29
GOS_betaglucan	BMAA	GOS_betaglucan	A. hadrus	CM06_29	GOS_betaglucan	18.75	0.0088888888888889	3	0.021430335024428798	0.012372809695177832	06_29
GOS_betaglucan	BMAA	GOS_betaglucan	A. hadrus	CM06_29	GOS_betaglucan	19	0.0088888888888889	3	0.021430335024428798	0.012372809695177832	06_29
GOS_betaglucan	BMAA	GOS_betaglucan	A. hadrus	CM06_29	GOS_betaglucan	19.25	0.005555555555555564	3	0.024113927126900796	0.013922182317935194	06_29
GOS_betaglucan	BMAA	GOS_betaglucan	A. hadrus	CM06_29	GOS_betaglucan	19.5	0.005555555555555564	3	0.024113927126900796	0.013922182317935194	06_29
GOS_betaglucan	BMAA	GOS_betaglucan	A. hadrus	CM06_29	GOS_betaglucan	19.75	0.005555555555555564	3	0.024113927126900796	0.013922182317935194	06_29
GOS_betaglucan	BMAA	GOS_betaglucan	A. hadrus	CM06_29	GOS_betaglucan	20	0.005555555555555564	3	0.024113927126900796	0.013922182317935194	06_29
GOS_betaglucan	BMAA	GOS_betaglucan	A. hadrus	CM06_29	GOS_betaglucan	20.25	0.005555555555555564	3	0.024113927126900796	0.013922182317935194	06_29
GOS_betaglucan	BMAA	GOS_betaglucan	A. hadrus	CM06_29	GOS_betaglucan	20.5	0.005555555555555564	3	0.024113927126900796	0.013922182317935194	06_29
GOS_betaglucan	BMAA	GOS_betaglucan	A. hadrus	CM06_29	GOS_betaglucan	20.75	0.005555555555555564	3	0.024113927126900796	0.013922182317935194	06_29
GOS_betaglucan	BMAA	GOS_betaglucan	A. hadrus	CM06_29	GOS_betaglucan	21	0.005555555555555564	3	0.024113927126900796	0.013922182317935194	06_29
GOS_betaglucan	BMAA	GOS_betaglucan	A. hadrus	CM06_29	GOS_betaglucan	21.25	0.005555555555555564	3	0.024113927126900796	0.013922182317935194	06_29
GOS_betaglucan	BMAA	GOS_betaglucan	A. hadrus	CM06_29	GOS_betaglucan	21.5	0.0022222222222222274	3	0.027755546659548453	0.016024672335395517	06_29
GOS_betaglucan	BMAA	GOS_betaglucan	A. hadrus	CM06_29	GOS_betaglucan	21.75	0.0022222222222222274	3	0.027755546659548453	0.016024672335395517	06_29
GOS_betaglucan	BMAA	GOS_betaglucan	A. hadrus	CM06_29	GOS_betaglucan	22	0.0022222222222222274	3	0.027755546659548453	0.016024672335395517	06_29
GOS_betaglucan	BMAA	GOS_betaglucan	A. hadrus	CM06_29	GOS_betaglucan	22.25	0.0022222222222222274	3	0.027755546659548453	0.016024672335395517	06_29
GOS_betaglucan	BMAA	GOS_betaglucan	A. hadrus	CM06_29	GOS_betaglucan	22.5	0.0022222222222222274	3	0.027755546659548453	0.016024672335395517	06_29
GOS_betaglucan	BMAA	GOS_betaglucan	A. hadrus	CM06_29	GOS_betaglucan	22.75	0.0022222222222222274	3	0.027755546659548453	0.016024672335395517	06_29
GOS_betaglucan	BMAA	GOS_betaglucan	A. hadrus	CM06_29	GOS_betaglucan	23	0.0022222222222222274	3	0.027755546659548453	0.016024672335395517	06_29
GOS_betaglucan	BMAA	GOS_betaglucan	A. hadrus	CM06_29	GOS_betaglucan	23.25	0.0022222222222222274	3	0.027755546659548453	0.016024672335395517	06_29
GOS_betaglucan	BMAA	GOS_betaglucan	A. hadrus	CM06_29	GOS_betaglucan	23.5	0.0022222222222222274	3	0.027755546659548453	0.016024672335395517	06_29
GOS_betaglucan	BMAA	GOS_betaglucan	A. hadrus	CM06_29	GOS_betaglucan	23.75	0.0022222222222222274	3	0.027755546659548453	0.016024672335395517	06_29
GOS_betaglucan	BMAA	GOS_betaglucan	A. hadrus	CM06_29	GOS_betaglucan	24	-0.001111111111111109	3	0.02219442706159799	0.012813958438523116	06_29
arabinogalactan	BMAA	arabinogalactan	A. hadrus	CM06_29	arabinogalactan	0	0.004444444444444436	3	0.005091750772173164	0.002939723678960661	06_29
arabinogalactan	BMAA	arabinogalactan	A. hadrus	CM06_29	arabinogalactan	0.25	-0.002222222222222218	3	0.003849001794597498	0.0022222222222222183	06_29
arabinogalactan	BMAA	arabinogalactan	A. hadrus	CM06_29	arabinogalactan	0.5	-0.002222222222222218	3	0.00693888666488707	0.004006168083848855	06_29
arabinogalactan	BMAA	arabinogalactan	A. hadrus	CM06_29	arabinogalactan	0.75	-0.005555555555555536	3	0.0050917507721731335	0.0029397236789606438	06_29
arabinogalactan	BMAA	arabinogalactan	A. hadrus	CM06_29	arabinogalactan	1	0.0011111111111110998	3	0.001924500897298733	0.0011111111111110998	06_29
arabinogalactan	BMAA	arabinogalactan	A. hadrus	CM06_29	arabinogalactan	1.25	0.0011111111111110998	3	0.001924500897298733	0.0011111111111110998	06_29
arabinogalactan	BMAA	arabinogalactan	A. hadrus	CM06_29	arabinogalactan	1.5	0.0011111111111110998	3	0.001924500897298733	0.0011111111111110998	06_29
arabinogalactan	BMAA	arabinogalactan	A. hadrus	CM06_29	arabinogalactan	1.75	0.0011111111111110998	3	0.001924500897298733	0.0011111111111110998	06_29
arabinogalactan	BMAA	arabinogalactan	A. hadrus	CM06_29	arabinogalactan	2	0.0011111111111110998	3	0.001924500897298733	0.0011111111111110998	06_29
arabinogalactan	BMAA	arabinogalactan	A. hadrus	CM06_29	arabinogalactan	2.25	0.0011111111111110998	3	0.001924500897298733	0.0011111111111110998	06_29
arabinogalactan	BMAA	arabinogalactan	A. hadrus	CM06_29	arabinogalactan	2.5	-0.005555555555555536	3	0.0050917507721731335	0.0029397236789606438	06_29
arabinogalactan	BMAA	arabinogalactan	A. hadrus	CM06_29	arabinogalactan	2.75	-0.002222222222222218	3	0.00693888666488707	0.004006168083848855	06_29
arabinogalactan	BMAA	arabinogalactan	A. hadrus	CM06_29	arabinogalactan	3	0.0011111111111110998	3	0.001924500897298733	0.0011111111111110998	06_29
arabinogalactan	BMAA	arabinogalactan	A. hadrus	CM06_29	arabinogalactan	3.25	0.0011111111111110998	3	0.001924500897298733	0.0011111111111110998	06_29
arabinogalactan	BMAA	arabinogalactan	A. hadrus	CM06_29	arabinogalactan	3.5	0.0011111111111110998	3	0.001924500897298733	0.0011111111111110998	06_29
arabinogalactan	BMAA	arabinogalactan	A. hadrus	CM06_29	arabinogalactan	3.75	-0.005555555555555536	3	0.0050917507721731335	0.0029397236789606438	06_29
arabinogalactan	BMAA	arabinogalactan	A. hadrus	CM06_29	arabinogalactan	4	-0.005555555555555536	3	0.0050917507721731335	0.0029397236789606438	06_29
arabinogalactan	BMAA	arabinogalactan	A. hadrus	CM06_29	arabinogalactan	4.25	-0.005555555555555536	3	0.0050917507721731335	0.0029397236789606438	06_29
arabinogalactan	BMAA	arabinogalactan	A. hadrus	CM06_29	arabinogalactan	4.5	-0.005555555555555536	3	0.0050917507721731335	0.0029397236789606438	06_29
arabinogalactan	BMAA	arabinogalactan	A. hadrus	CM06_29	arabinogalactan	4.75	-0.002222222222222218	3	0.003849001794597498	0.0022222222222222183	06_29
arabinogalactan	BMAA	arabinogalactan	A. hadrus	CM06_29	arabinogalactan	5	-0.005555555555555536	3	0.0050917507721731335	0.0029397236789606438	06_29
arabinogalactan	BMAA	arabinogalactan	A. hadrus	CM06_29	arabinogalactan	5.25	-0.005555555555555536	3	0.0050917507721731335	0.0029397236789606438	06_29
arabinogalactan	BMAA	arabinogalactan	A. hadrus	CM06_29	arabinogalactan	5.5	-0.005555555555555536	3	0.0050917507721731335	0.0029397236789606438	06_29
arabinogalactan	BMAA	arabinogalactan	A. hadrus	CM06_29	arabinogalactan	5.75	0.0011111111111110998	3	0.001924500897298733	0.0011111111111110998	06_29
arabinogalactan	BMAA	arabinogalactan	A. hadrus	CM06_29	arabinogalactan	6	-0.005555555555555536	3	0.0050917507721731335	0.0029397236789606438	06_29
arabinogalactan	BMAA	arabinogalactan	A. hadrus	CM06_29	arabinogalactan	6.25	-0.002222222222222218	3	0.00693888666488707	0.004006168083848855	06_29
arabinogalactan	BMAA	arabinogalactan	A. hadrus	CM06_29	arabinogalactan	6.5	-0.002222222222222218	3	0.00693888666488707	0.004006168083848855	06_29
arabinogalactan	BMAA	arabinogalactan	A. hadrus	CM06_29	arabinogalactan	6.75	0.0011111111111110998	3	0.001924500897298733	0.0011111111111110998	06_29
arabinogalactan	BMAA	arabinogalactan	A. hadrus	CM06_29	arabinogalactan	7	0.0011111111111110998	3	0.001924500897298733	0.0011111111111110998	06_29
arabinogalactan	BMAA	arabinogalactan	A. hadrus	CM06_29	arabinogalactan	7.25	0.004444444444444436	3	0.005091750772173164	0.002939723678960661	06_29
arabinogalactan	BMAA	arabinogalactan	A. hadrus	CM06_29	arabinogalactan	7.5	0.007777777777777772	3	0.0069388866648871	0.004006168083848872	06_29
arabinogalactan	BMAA	arabinogalactan	A. hadrus	CM06_29	arabinogalactan	7.75	0.011111111111111108	3	0.001924500897298733	0.0011111111111110998	06_29
arabinogalactan	BMAA	arabinogalactan	A. hadrus	CM06_29	arabinogalactan	8	0.011111111111111108	3	0.001924500897298733	0.0011111111111110998	06_29
arabinogalactan	BMAA	arabinogalactan	A. hadrus	CM06_29	arabinogalactan	8.25	0.014444444444444446	3	0.005091750772173164	0.002939723678960661	06_29
arabinogalactan	BMAA	arabinogalactan	A. hadrus	CM06_29	arabinogalactan	8.5	0.01777777777777778	3	0.0069388866648871	0.004006168083848872	06_29
arabinogalactan	BMAA	arabinogalactan	A. hadrus	CM06_29	arabinogalactan	8.75	0.01777777777777778	3	0.0069388866648871	0.004006168083848872	06_29
arabinogalactan	BMAA	arabinogalactan	A. hadrus	CM06_29	arabinogalactan	9	0.024444444444444453	3	0.007698003589194996	0.004444444444444437	06_29
arabinogalactan	BMAA	arabinogalactan	A. hadrus	CM06_29	arabinogalactan	9.25	0.01777777777777778	3	0.0069388866648871	0.004006168083848872	06_29
arabinogalactan	BMAA	arabinogalactan	A. hadrus	CM06_29	arabinogalactan	9.5	0.02111111111111112	3	0.001924500897298733	0.0011111111111110998	06_29
arabinogalactan	BMAA	arabinogalactan	A. hadrus	CM06_29	arabinogalactan	9.75	0.024444444444444453	3	0.007698003589194996	0.004444444444444437	06_29
arabinogalactan	BMAA	arabinogalactan	A. hadrus	CM06_29	arabinogalactan	10	0.02111111111111112	3	0.001924500897298733	0.0011111111111110998	06_29
arabinogalactan	BMAA	arabinogalactan	A. hadrus	CM06_29	arabinogalactan	10.25	0.02777777777777779	3	0.0069388866648871	0.004006168083848872	06_29
arabinogalactan	BMAA	arabinogalactan	A. hadrus	CM06_29	arabinogalactan	10.5	0.031111111111111128	3	0.001924500897298733	0.0011111111111110998	06_29
arabinogalactan	BMAA	arabinogalactan	A. hadrus	CM06_29	arabinogalactan	10.75	0.031111111111111128	3	0.001924500897298733	0.0011111111111110998	06_29
arabinogalactan	BMAA	arabinogalactan	A. hadrus	CM06_29	arabinogalactan	11	0.031111111111111128	3	0.001924500897298733	0.0011111111111110998	06_29
arabinogalactan	BMAA	arabinogalactan	A. hadrus	CM06_29	arabinogalactan	11.25	0.031111111111111128	3	0.001924500897298733	0.0011111111111110998	06_29
arabinogalactan	BMAA	arabinogalactan	A. hadrus	CM06_29	arabinogalactan	11.5	0.031111111111111128	3	0.001924500897298733	0.0011111111111110998	06_29
arabinogalactan	BMAA	arabinogalactan	A. hadrus	CM06_29	arabinogalactan	11.75	0.031111111111111128	3	0.001924500897298733	0.0011111111111110998	06_29
arabinogalactan	BMAA	arabinogalactan	A. hadrus	CM06_29	arabinogalactan	12	0.031111111111111128	3	0.001924500897298733	0.0011111111111110998	06_29
arabinogalactan	BMAA	arabinogalactan	A. hadrus	CM06_29	arabinogalactan	12.25	0.031111111111111128	3	0.001924500897298733	0.0011111111111110998	06_29
arabinogalactan	BMAA	arabinogalactan	A. hadrus	CM06_29	arabinogalactan	12.5	0.031111111111111128	3	0.001924500897298733	0.0011111111111110998	06_29
arabinogalactan	BMAA	arabinogalactan	A. hadrus	CM06_29	arabinogalactan	12.75	0.031111111111111128	3	0.001924500897298733	0.0011111111111110998	06_29
arabinogalactan	BMAA	arabinogalactan	A. hadrus	CM06_29	arabinogalactan	13	0.02777777777777779	3	0.0069388866648871	0.004006168083848872	06_29
arabinogalactan	BMAA	arabinogalactan	A. hadrus	CM06_29	arabinogalactan	13.25	0.02777777777777779	3	0.0069388866648871	0.004006168083848872	06_29
arabinogalactan	BMAA	arabinogalactan	A. hadrus	CM06_29	arabinogalactan	13.5	0.024444444444444453	3	0.007698003589194996	0.004444444444444437	06_29
arabinogalactan	BMAA	arabinogalactan	A. hadrus	CM06_29	arabinogalactan	13.75	0.024444444444444453	3	0.007698003589194996	0.004444444444444437	06_29
arabinogalactan	BMAA	arabinogalactan	A. hadrus	CM06_29	arabinogalactan	14	0.024444444444444453	3	0.007698003589194996	0.004444444444444437	06_29
arabinogalactan	BMAA	arabinogalactan	A. hadrus	CM06_29	arabinogalactan	14.25	0.024444444444444453	3	0.007698003589194996	0.004444444444444437	06_29
arabinogalactan	BMAA	arabinogalactan	A. hadrus	CM06_29	arabinogalactan	14.5	0.02111111111111112	3	0.001924500897298733	0.0011111111111110998	06_29
arabinogalactan	BMAA	arabinogalactan	A. hadrus	CM06_29	arabinogalactan	14.75	0.02111111111111112	3	0.001924500897298733	0.0011111111111110998	06_29
arabinogalactan	BMAA	arabinogalactan	A. hadrus	CM06_29	arabinogalactan	15	0.02111111111111112	3	0.001924500897298733	0.0011111111111110998	06_29
arabinogalactan	BMAA	arabinogalactan	A. hadrus	CM06_29	arabinogalactan	15.25	0.02111111111111112	3	0.001924500897298733	0.0011111111111110998	06_29
arabinogalactan	BMAA	arabinogalactan	A. hadrus	CM06_29	arabinogalactan	15.5	0.014444444444444446	3	0.005091750772173164	0.002939723678960661	06_29
arabinogalactan	BMAA	arabinogalactan	A. hadrus	CM06_29	arabinogalactan	15.75	0.01777777777777778	3	0.0069388866648871	0.004006168083848872	06_29
arabinogalactan	BMAA	arabinogalactan	A. hadrus	CM06_29	arabinogalactan	16	0.01777777777777778	3	0.0069388866648871	0.004006168083848872	06_29
arabinogalactan	BMAA	arabinogalactan	A. hadrus	CM06_29	arabinogalactan	16.25	0.01777777777777778	3	0.0069388866648871	0.004006168083848872	06_29
arabinogalactan	BMAA	arabinogalactan	A. hadrus	CM06_29	arabinogalactan	16.5	0.011111111111111108	3	0.010183501544346316	0.005879447357921315	06_29
arabinogalactan	BMAA	arabinogalactan	A. hadrus	CM06_29	arabinogalactan	16.75	0.011111111111111108	3	0.001924500897298733	0.0011111111111110998	06_29
arabinogalactan	BMAA	arabinogalactan	A. hadrus	CM06_29	arabinogalactan	17	0.011111111111111108	3	0.001924500897298733	0.0011111111111110998	06_29
arabinogalactan	BMAA	arabinogalactan	A. hadrus	CM06_29	arabinogalactan	17.25	0.007777777777777772	3	0.0069388866648871	0.004006168083848872	06_29
arabinogalactan	BMAA	arabinogalactan	A. hadrus	CM06_29	arabinogalactan	17.5	0.007777777777777772	3	0.0069388866648871	0.004006168083848872	06_29
arabinogalactan	BMAA	arabinogalactan	A. hadrus	CM06_29	arabinogalactan	17.75	0.007777777777777772	3	0.0069388866648871	0.004006168083848872	06_29
arabinogalactan	BMAA	arabinogalactan	A. hadrus	CM06_29	arabinogalactan	18	0.007777777777777772	3	0.0069388866648871	0.004006168083848872	06_29
arabinogalactan	BMAA	arabinogalactan	A. hadrus	CM06_29	arabinogalactan	18.25	0.007777777777777772	3	0.0069388866648871	0.004006168083848872	06_29
arabinogalactan	BMAA	arabinogalactan	A. hadrus	CM06_29	arabinogalactan	18.5	0.007777777777777772	3	0.0069388866648871	0.004006168083848872	06_29
arabinogalactan	BMAA	arabinogalactan	A. hadrus	CM06_29	arabinogalactan	18.75	0.007777777777777772	3	0.0069388866648871	0.004006168083848872	06_29
arabinogalactan	BMAA	arabinogalactan	A. hadrus	CM06_29	arabinogalactan	19	0.0011111111111111183	3	0.010183501544346286	0.005879447357921298	06_29
arabinogalactan	BMAA	arabinogalactan	A. hadrus	CM06_29	arabinogalactan	19.25	0.0011111111111111183	3	0.010183501544346286	0.005879447357921298	06_29
arabinogalactan	BMAA	arabinogalactan	A. hadrus	CM06_29	arabinogalactan	19.5	0.0011111111111111183	3	0.010183501544346286	0.005879447357921298	06_29
arabinogalactan	BMAA	arabinogalactan	A. hadrus	CM06_29	arabinogalactan	19.75	0.0011111111111111183	3	0.010183501544346286	0.005879447357921298	06_29
arabinogalactan	BMAA	arabinogalactan	A. hadrus	CM06_29	arabinogalactan	20	0.0011111111111111183	3	0.010183501544346286	0.005879447357921298	06_29
arabinogalactan	BMAA	arabinogalactan	A. hadrus	CM06_29	arabinogalactan	20.25	0.0011111111111111183	3	0.010183501544346286	0.005879447357921298	06_29
arabinogalactan	BMAA	arabinogalactan	A. hadrus	CM06_29	arabinogalactan	20.5	-0.002222222222222218	3	0.00693888666488707	0.004006168083848855	06_29
arabinogalactan	BMAA	arabinogalactan	A. hadrus	CM06_29	arabinogalactan	20.75	0.0011111111111111183	3	0.010183501544346286	0.005879447357921298	06_29
arabinogalactan	BMAA	arabinogalactan	A. hadrus	CM06_29	arabinogalactan	21	-0.005555555555555536	3	0.0050917507721731335	0.0029397236789606438	06_29
arabinogalactan	BMAA	arabinogalactan	A. hadrus	CM06_29	arabinogalactan	21.25	-0.005555555555555536	3	0.015030832509409633	0.00867805519545183	06_29
arabinogalactan	BMAA	arabinogalactan	A. hadrus	CM06_29	arabinogalactan	21.5	-0.005555555555555536	3	0.0050917507721731335	0.0029397236789606438	06_29
arabinogalactan	BMAA	arabinogalactan	A. hadrus	CM06_29	arabinogalactan	21.75	-0.005555555555555536	3	0.0050917507721731335	0.0029397236789606438	06_29
arabinogalactan	BMAA	arabinogalactan	A. hadrus	CM06_29	arabinogalactan	22	-0.005555555555555536	3	0.0050917507721731335	0.0029397236789606438	06_29
arabinogalactan	BMAA	arabinogalactan	A. hadrus	CM06_29	arabinogalactan	22.25	-0.005555555555555536	3	0.0050917507721731335	0.0029397236789606438	06_29
arabinogalactan	BMAA	arabinogalactan	A. hadrus	CM06_29	arabinogalactan	22.5	-0.008888888888888872	3	0.010183501544346291	0.005879447357921301	06_29
arabinogalactan	BMAA	arabinogalactan	A. hadrus	CM06_29	arabinogalactan	22.75	-0.008888888888888872	3	0.010183501544346291	0.005879447357921301	06_29
arabinogalactan	BMAA	arabinogalactan	A. hadrus	CM06_29	arabinogalactan	23	-0.008888888888888872	3	0.010183501544346291	0.005879447357921301	06_29
arabinogalactan	BMAA	arabinogalactan	A. hadrus	CM06_29	arabinogalactan	23.25	-0.005555555555555536	3	0.0050917507721731335	0.0029397236789606438	06_29
arabinogalactan	BMAA	arabinogalactan	A. hadrus	CM06_29	arabinogalactan	23.5	-0.012222222222222209	3	0.01071516751221438	0.006186404847588905	06_29
arabinogalactan	BMAA	arabinogalactan	A. hadrus	CM06_29	arabinogalactan	23.75	-0.008888888888888872	3	0.010183501544346291	0.005879447357921301	06_29
arabinogalactan	BMAA	arabinogalactan	A. hadrus	CM06_29	arabinogalactan	24	-0.008888888888888872	3	0.010183501544346291	0.005879447357921301	06_29
chitosan	BMAA	chitosan	A. hadrus	CM06_29	chitosan	0	0.04222222222222224	3	0.02589151155051342	0.014948471163415227	06_29
chitosan	BMAA	chitosan	A. hadrus	CM06_29	chitosan	0.25	-0.024444444444444435	3	0.015752718754175356	0.00909483641319161	06_29
chitosan	BMAA	chitosan	A. hadrus	CM06_29	chitosan	0.5	-0.01777777777777778	3	0.010183501544346323	0.00587944735792132	06_29
chitosan	BMAA	chitosan	A. hadrus	CM06_29	chitosan	0.75	-0.011111111111111108	3	0.01503083250940966	0.008678055195451846	06_29
chitosan	BMAA	chitosan	A. hadrus	CM06_29	chitosan	1	-0.011111111111111108	3	0.01503083250940966	0.008678055195451846	06_29
chitosan	BMAA	chitosan	A. hadrus	CM06_29	chitosan	1.25	-0.004444444444444436	3	0.01575271875417538	0.009094836413191624	06_29
chitosan	BMAA	chitosan	A. hadrus	CM06_29	chitosan	1.5	-0.0011111111111110998	3	0.01503083250940966	0.008678055195451846	06_29
chitosan	BMAA	chitosan	A. hadrus	CM06_29	chitosan	1.75	0.0022222222222222365	3	0.010183501544346323	0.00587944735792132	06_29
chitosan	BMAA	chitosan	A. hadrus	CM06_29	chitosan	2	0.0022222222222222365	3	0.010183501544346323	0.00587944735792132	06_29
chitosan	BMAA	chitosan	A. hadrus	CM06_29	chitosan	2.25	0.0022222222222222365	3	0.010183501544346323	0.00587944735792132	06_29
chitosan	BMAA	chitosan	A. hadrus	CM06_29	chitosan	2.5	0.005555555555555573	3	0.0107151675122144	0.006186404847588917	06_29
chitosan	BMAA	chitosan	A. hadrus	CM06_29	chitosan	2.75	0.005555555555555573	3	0.0107151675122144	0.006186404847588917	06_29
chitosan	BMAA	chitosan	A. hadrus	CM06_29	chitosan	3	0.005555555555555573	3	0.0107151675122144	0.006186404847588917	06_29
chitosan	BMAA	chitosan	A. hadrus	CM06_29	chitosan	3.25	0.005555555555555573	3	0.0107151675122144	0.006186404847588917	06_29
chitosan	BMAA	chitosan	A. hadrus	CM06_29	chitosan	3.5	0.00888888888888891	3	0.005091750772173158	0.0029397236789606577	06_29
chitosan	BMAA	chitosan	A. hadrus	CM06_29	chitosan	3.75	0.00888888888888891	3	0.005091750772173158	0.0029397236789606577	06_29
chitosan	BMAA	chitosan	A. hadrus	CM06_29	chitosan	4	0.00888888888888891	3	0.005091750772173158	0.0029397236789606577	06_29
chitosan	BMAA	chitosan	A. hadrus	CM06_29	chitosan	4.25	0.005555555555555573	3	0.0107151675122144	0.006186404847588917	06_29
chitosan	BMAA	chitosan	A. hadrus	CM06_29	chitosan	4.5	0.00888888888888891	3	0.005091750772173158	0.0029397236789606577	06_29
chitosan	BMAA	chitosan	A. hadrus	CM06_29	chitosan	4.75	0.00888888888888891	3	0.005091750772173158	0.0029397236789606577	06_29
chitosan	BMAA	chitosan	A. hadrus	CM06_29	chitosan	5	0.00888888888888891	3	0.005091750772173158	0.0029397236789606577	06_29
chitosan	BMAA	chitosan	A. hadrus	CM06_29	chitosan	5.25	0.00888888888888891	3	0.005091750772173158	0.0029397236789606577	06_29
chitosan	BMAA	chitosan	A. hadrus	CM06_29	chitosan	5.5	0.012222222222222245	3	0.008388704928078609	0.004843221048378525	06_29
chitosan	BMAA	chitosan	A. hadrus	CM06_29	chitosan	5.75	0.012222222222222245	3	0.008388704928078609	0.004843221048378525	06_29
chitosan	BMAA	chitosan	A. hadrus	CM06_29	chitosan	6	0.012222222222222245	3	0.008388704928078609	0.004843221048378525	06_29
chitosan	BMAA	chitosan	A. hadrus	CM06_29	chitosan	6.25	0.012222222222222245	3	0.008388704928078609	0.004843221048378525	06_29
chitosan	BMAA	chitosan	A. hadrus	CM06_29	chitosan	6.5	0.012222222222222245	3	0.008388704928078609	0.004843221048378525	06_29
chitosan	BMAA	chitosan	A. hadrus	CM06_29	chitosan	6.75	0.012222222222222245	3	0.008388704928078609	0.004843221048378525	06_29
chitosan	BMAA	chitosan	A. hadrus	CM06_29	chitosan	7	0.012222222222222245	3	0.008388704928078609	0.004843221048378525	06_29
chitosan	BMAA	chitosan	A. hadrus	CM06_29	chitosan	7.25	0.012222222222222245	3	0.008388704928078609	0.004843221048378525	06_29
chitosan	BMAA	chitosan	A. hadrus	CM06_29	chitosan	7.5	0.012222222222222245	3	0.008388704928078609	0.004843221048378525	06_29
chitosan	BMAA	chitosan	A. hadrus	CM06_29	chitosan	7.75	0.012222222222222245	3	0.008388704928078609	0.004843221048378525	06_29
chitosan	BMAA	chitosan	A. hadrus	CM06_29	chitosan	8	0.012222222222222245	3	0.008388704928078609	0.004843221048378525	06_29
chitosan	BMAA	chitosan	A. hadrus	CM06_29	chitosan	8.25	0.015555555555555581	3	0.003849001794597498	0.0022222222222222183	06_29
chitosan	BMAA	chitosan	A. hadrus	CM06_29	chitosan	8.5	0.015555555555555581	3	0.003849001794597498	0.0022222222222222183	06_29
chitosan	BMAA	chitosan	A. hadrus	CM06_29	chitosan	8.75	0.015555555555555581	3	0.003849001794597498	0.0022222222222222183	06_29
chitosan	BMAA	chitosan	A. hadrus	CM06_29	chitosan	9	0.015555555555555581	3	0.003849001794597498	0.0022222222222222183	06_29
chitosan	BMAA	chitosan	A. hadrus	CM06_29	chitosan	9.25	0.015555555555555581	3	0.003849001794597498	0.0022222222222222183	06_29
chitosan	BMAA	chitosan	A. hadrus	CM06_29	chitosan	9.5	0.015555555555555581	3	0.003849001794597498	0.0022222222222222183	06_29
chitosan	BMAA	chitosan	A. hadrus	CM06_29	chitosan	9.75	0.015555555555555581	3	0.003849001794597498	0.0022222222222222183	06_29
chitosan	BMAA	chitosan	A. hadrus	CM06_29	chitosan	10	0.015555555555555581	3	0.003849001794597498	0.0022222222222222183	06_29
chitosan	BMAA	chitosan	A. hadrus	CM06_29	chitosan	10.25	0.015555555555555581	3	0.003849001794597498	0.0022222222222222183	06_29
chitosan	BMAA	chitosan	A. hadrus	CM06_29	chitosan	10.5	0.015555555555555581	3	0.003849001794597498	0.0022222222222222183	06_29
chitosan	BMAA	chitosan	A. hadrus	CM06_29	chitosan	10.75	0.015555555555555581	3	0.003849001794597498	0.0022222222222222183	06_29
chitosan	BMAA	chitosan	A. hadrus	CM06_29	chitosan	11	0.015555555555555581	3	0.003849001794597498	0.0022222222222222183	06_29
chitosan	BMAA	chitosan	A. hadrus	CM06_29	chitosan	11.25	0.015555555555555581	3	0.003849001794597498	0.0022222222222222183	06_29
chitosan	BMAA	chitosan	A. hadrus	CM06_29	chitosan	11.5	0.015555555555555581	3	0.003849001794597498	0.0022222222222222183	06_29
chitosan	BMAA	chitosan	A. hadrus	CM06_29	chitosan	11.75	0.015555555555555581	3	0.003849001794597498	0.0022222222222222183	06_29
chitosan	BMAA	chitosan	A. hadrus	CM06_29	chitosan	12	0.015555555555555581	3	0.003849001794597498	0.0022222222222222183	06_29
chitosan	BMAA	chitosan	A. hadrus	CM06_29	chitosan	12.25	0.015555555555555581	3	0.003849001794597498	0.0022222222222222183	06_29
chitosan	BMAA	chitosan	A. hadrus	CM06_29	chitosan	12.5	0.015555555555555581	3	0.003849001794597498	0.0022222222222222183	06_29
chitosan	BMAA	chitosan	A. hadrus	CM06_29	chitosan	12.75	0.015555555555555581	3	0.003849001794597498	0.0022222222222222183	06_29
chitosan	BMAA	chitosan	A. hadrus	CM06_29	chitosan	13	0.015555555555555581	3	0.003849001794597498	0.0022222222222222183	06_29
chitosan	BMAA	chitosan	A. hadrus	CM06_29	chitosan	13.25	0.015555555555555581	3	0.003849001794597498	0.0022222222222222183	06_29
chitosan	BMAA	chitosan	A. hadrus	CM06_29	chitosan	13.5	0.015555555555555581	3	0.003849001794597498	0.0022222222222222183	06_29
chitosan	BMAA	chitosan	A. hadrus	CM06_29	chitosan	13.75	0.015555555555555581	3	0.003849001794597498	0.0022222222222222183	06_29
chitosan	BMAA	chitosan	A. hadrus	CM06_29	chitosan	14	0.015555555555555581	3	0.003849001794597498	0.0022222222222222183	06_29
chitosan	BMAA	chitosan	A. hadrus	CM06_29	chitosan	14.25	0.015555555555555581	3	0.003849001794597498	0.0022222222222222183	06_29
chitosan	BMAA	chitosan	A. hadrus	CM06_29	chitosan	14.5	0.015555555555555581	3	0.003849001794597498	0.0022222222222222183	06_29
chitosan	BMAA	chitosan	A. hadrus	CM06_29	chitosan	14.75	0.015555555555555581	3	0.003849001794597498	0.0022222222222222183	06_29
chitosan	BMAA	chitosan	A. hadrus	CM06_29	chitosan	15	0.015555555555555581	3	0.003849001794597498	0.0022222222222222183	06_29
chitosan	BMAA	chitosan	A. hadrus	CM06_29	chitosan	15.25	0.015555555555555581	3	0.003849001794597498	0.0022222222222222183	06_29
chitosan	BMAA	chitosan	A. hadrus	CM06_29	chitosan	15.5	0.015555555555555581	3	0.003849001794597498	0.0022222222222222183	06_29
chitosan	BMAA	chitosan	A. hadrus	CM06_29	chitosan	15.75	0.015555555555555581	3	0.003849001794597498	0.0022222222222222183	06_29
chitosan	BMAA	chitosan	A. hadrus	CM06_29	chitosan	16	0.015555555555555581	3	0.003849001794597498	0.0022222222222222183	06_29
chitosan	BMAA	chitosan	A. hadrus	CM06_29	chitosan	16.25	0.015555555555555581	3	0.003849001794597498	0.0022222222222222183	06_29
chitosan	BMAA	chitosan	A. hadrus	CM06_29	chitosan	16.5	0.015555555555555581	3	0.003849001794597498	0.0022222222222222183	06_29
chitosan	BMAA	chitosan	A. hadrus	CM06_29	chitosan	16.75	0.015555555555555581	3	0.003849001794597498	0.0022222222222222183	06_29
chitosan	BMAA	chitosan	A. hadrus	CM06_29	chitosan	17	0.015555555555555581	3	0.003849001794597498	0.0022222222222222183	06_29
chitosan	BMAA	chitosan	A. hadrus	CM06_29	chitosan	17.25	0.015555555555555581	3	0.003849001794597498	0.0022222222222222183	06_29
chitosan	BMAA	chitosan	A. hadrus	CM06_29	chitosan	17.5	0.015555555555555581	3	0.003849001794597498	0.0022222222222222183	06_29
chitosan	BMAA	chitosan	A. hadrus	CM06_29	chitosan	17.75	0.015555555555555581	3	0.003849001794597498	0.0022222222222222183	06_29
chitosan	BMAA	chitosan	A. hadrus	CM06_29	chitosan	18	0.015555555555555581	3	0.003849001794597498	0.0022222222222222183	06_29
chitosan	BMAA	chitosan	A. hadrus	CM06_29	chitosan	18.25	0.015555555555555581	3	0.003849001794597498	0.0022222222222222183	06_29
chitosan	BMAA	chitosan	A. hadrus	CM06_29	chitosan	18.5	0.015555555555555581	3	0.003849001794597498	0.0022222222222222183	06_29
chitosan	BMAA	chitosan	A. hadrus	CM06_29	chitosan	18.75	0.015555555555555581	3	0.003849001794597498	0.0022222222222222183	06_29
chitosan	BMAA	chitosan	A. hadrus	CM06_29	chitosan	19	0.015555555555555581	3	0.003849001794597498	0.0022222222222222183	06_29
chitosan	BMAA	chitosan	A. hadrus	CM06_29	chitosan	19.25	0.015555555555555581	3	0.003849001794597498	0.0022222222222222183	06_29
chitosan	BMAA	chitosan	A. hadrus	CM06_29	chitosan	19.5	0.015555555555555581	3	0.003849001794597498	0.0022222222222222183	06_29
chitosan	BMAA	chitosan	A. hadrus	CM06_29	chitosan	19.75	0.015555555555555581	3	0.003849001794597498	0.0022222222222222183	06_29
chitosan	BMAA	chitosan	A. hadrus	CM06_29	chitosan	20	0.015555555555555581	3	0.003849001794597498	0.0022222222222222183	06_29
chitosan	BMAA	chitosan	A. hadrus	CM06_29	chitosan	20.25	0.015555555555555581	3	0.003849001794597498	0.0022222222222222183	06_29
chitosan	BMAA	chitosan	A. hadrus	CM06_29	chitosan	20.5	0.015555555555555581	3	0.003849001794597498	0.0022222222222222183	06_29
chitosan	BMAA	chitosan	A. hadrus	CM06_29	chitosan	20.75	0.015555555555555581	3	0.003849001794597498	0.0022222222222222183	06_29
chitosan	BMAA	chitosan	A. hadrus	CM06_29	chitosan	21	0.015555555555555581	3	0.003849001794597498	0.0022222222222222183	06_29
chitosan	BMAA	chitosan	A. hadrus	CM06_29	chitosan	21.25	0.015555555555555581	3	0.003849001794597498	0.0022222222222222183	06_29
chitosan	BMAA	chitosan	A. hadrus	CM06_29	chitosan	21.5	0.015555555555555581	3	0.003849001794597498	0.0022222222222222183	06_29
chitosan	BMAA	chitosan	A. hadrus	CM06_29	chitosan	21.75	0.015555555555555581	3	0.003849001794597498	0.0022222222222222183	06_29
chitosan	BMAA	chitosan	A. hadrus	CM06_29	chitosan	22	0.015555555555555581	3	0.003849001794597498	0.0022222222222222183	06_29
chitosan	BMAA	chitosan	A. hadrus	CM06_29	chitosan	22.25	0.015555555555555581	3	0.003849001794597498	0.0022222222222222183	06_29
chitosan	BMAA	chitosan	A. hadrus	CM06_29	chitosan	22.5	0.018888888888888917	3	0.005091750772173158	0.0029397236789606577	06_29
chitosan	BMAA	chitosan	A. hadrus	CM06_29	chitosan	22.75	0.015555555555555581	3	0.003849001794597498	0.0022222222222222183	06_29
chitosan	BMAA	chitosan	A. hadrus	CM06_29	chitosan	23	0.015555555555555581	3	0.003849001794597498	0.0022222222222222183	06_29
chitosan	BMAA	chitosan	A. hadrus	CM06_29	chitosan	23.25	0.015555555555555581	3	0.003849001794597498	0.0022222222222222183	06_29
chitosan	BMAA	chitosan	A. hadrus	CM06_29	chitosan	23.5	0.018888888888888917	3	0.005091750772173158	0.0029397236789606577	06_29
chitosan	BMAA	chitosan	A. hadrus	CM06_29	chitosan	23.75	0.015555555555555581	3	0.003849001794597498	0.0022222222222222183	06_29
chitosan	BMAA	chitosan	A. hadrus	CM06_29	chitosan	24	0.018888888888888917	3	0.005091750772173158	0.0029397236789606577	06_29
lentinan	BMAA	lentinan	A. hadrus	CM06_29	lentinan	0	-0.003333333333333318	3	0.003333333333333327	0.001924500897298749	06_29
lentinan	BMAA	lentinan	A. hadrus	CM06_29	lentinan	0.25	1.850378766316488e-17	3	0.003333333333333327	0.001924500897298749	06_29
lentinan	BMAA	lentinan	A. hadrus	CM06_29	lentinan	0.5	0.003333333333333336	3	0.003333333333333327	0.001924500897298749	06_29
lentinan	BMAA	lentinan	A. hadrus	CM06_29	lentinan	0.75	0.013333333333333327	3	0.012018504251546623	0.006938886664887105	06_29
lentinan	BMAA	lentinan	A. hadrus	CM06_29	lentinan	1	0.016666666666666663	3	0.016666666666666663	0.00962250448649376	06_29
lentinan	BMAA	lentinan	A. hadrus	CM06_29	lentinan	1.25	0.023333333333333317	3	0.017638342073763955	0.010183501544346323	06_29
lentinan	BMAA	lentinan	A. hadrus	CM06_29	lentinan	1.5	0.026666666666666655	3	0.01666666666666669	0.009622504486493778	06_29
lentinan	BMAA	lentinan	A. hadrus	CM06_29	lentinan	1.75	0.02999999999999999	3	0.012018504251546646	0.006938886664887118	06_29
lentinan	BMAA	lentinan	A. hadrus	CM06_29	lentinan	2	0.02999999999999999	3	0.012018504251546646	0.006938886664887118	06_29
lentinan	BMAA	lentinan	A. hadrus	CM06_29	lentinan	2.25	0.02999999999999999	3	0.012018504251546646	0.006938886664887118	06_29
lentinan	BMAA	lentinan	A. hadrus	CM06_29	lentinan	2.5	0.02999999999999999	3	0.012018504251546646	0.006938886664887118	06_29
lentinan	BMAA	lentinan	A. hadrus	CM06_29	lentinan	2.75	0.02999999999999999	3	0.012018504251546646	0.006938886664887118	06_29
lentinan	BMAA	lentinan	A. hadrus	CM06_29	lentinan	3	0.02999999999999999	3	0.012018504251546646	0.006938886664887118	06_29
lentinan	BMAA	lentinan	A. hadrus	CM06_29	lentinan	3.25	0.02999999999999999	3	0.012018504251546646	0.006938886664887118	06_29
lentinan	BMAA	lentinan	A. hadrus	CM06_29	lentinan	3.5	0.02999999999999999	3	0.012018504251546646	0.006938886664887118	06_29
lentinan	BMAA	lentinan	A. hadrus	CM06_29	lentinan	3.75	0.033333333333333326	3	0.012018504251546654	0.006938886664887123	06_29
lentinan	BMAA	lentinan	A. hadrus	CM06_29	lentinan	4	0.033333333333333326	3	0.012018504251546654	0.006938886664887123	06_29
lentinan	BMAA	lentinan	A. hadrus	CM06_29	lentinan	4.25	0.02999999999999999	3	0.008819171036881995	0.005091750772173171	06_29
lentinan	BMAA	lentinan	A. hadrus	CM06_29	lentinan	4.5	0.02999999999999999	3	0.008819171036881995	0.005091750772173171	06_29
lentinan	BMAA	lentinan	A. hadrus	CM06_29	lentinan	4.75	0.02999999999999999	3	0.008819171036881995	0.005091750772173171	06_29
lentinan	BMAA	lentinan	A. hadrus	CM06_29	lentinan	5	0.026666666666666655	3	0.008819171036881995	0.005091750772173171	06_29
lentinan	BMAA	lentinan	A. hadrus	CM06_29	lentinan	5.25	0.026666666666666655	3	0.008819171036881995	0.005091750772173171	06_29
lentinan	BMAA	lentinan	A. hadrus	CM06_29	lentinan	5.5	0.026666666666666655	3	0.008819171036881995	0.005091750772173171	06_29
lentinan	BMAA	lentinan	A. hadrus	CM06_29	lentinan	5.75	0.023333333333333317	3	0.012018504251546654	0.006938886664887123	06_29
lentinan	BMAA	lentinan	A. hadrus	CM06_29	lentinan	6	0.023333333333333317	3	0.012018504251546654	0.006938886664887123	06_29
lentinan	BMAA	lentinan	A. hadrus	CM06_29	lentinan	6.25	0.023333333333333317	3	0.012018504251546654	0.006938886664887123	06_29
lentinan	BMAA	lentinan	A. hadrus	CM06_29	lentinan	6.5	0.023333333333333317	3	0.012018504251546654	0.006938886664887123	06_29
lentinan	BMAA	lentinan	A. hadrus	CM06_29	lentinan	6.75	0.023333333333333317	3	0.012018504251546654	0.006938886664887123	06_29
lentinan	BMAA	lentinan	A. hadrus	CM06_29	lentinan	7	0.023333333333333317	3	0.012018504251546654	0.006938886664887123	06_29
lentinan	BMAA	lentinan	A. hadrus	CM06_29	lentinan	7.25	0.02	3	0.016666666666666663	0.00962250448649376	06_29
lentinan	BMAA	lentinan	A. hadrus	CM06_29	lentinan	7.5	0.02	3	0.016666666666666663	0.00962250448649376	06_29
lentinan	BMAA	lentinan	A. hadrus	CM06_29	lentinan	7.75	0.02	3	0.016666666666666663	0.00962250448649376	06_29
lentinan	BMAA	lentinan	A. hadrus	CM06_29	lentinan	8	0.016666666666666663	3	0.017638342073763944	0.010183501544346316	06_29
lentinan	BMAA	lentinan	A. hadrus	CM06_29	lentinan	8.25	0.016666666666666663	3	0.017638342073763944	0.010183501544346316	06_29
lentinan	BMAA	lentinan	A. hadrus	CM06_29	lentinan	8.5	0.016666666666666663	3	0.017638342073763944	0.010183501544346316	06_29
lentinan	BMAA	lentinan	A. hadrus	CM06_29	lentinan	8.75	0.013333333333333327	3	0.021858128414340008	0.012619796324000612	06_29
lentinan	BMAA	lentinan	A. hadrus	CM06_29	lentinan	9	0.00999999999999999	3	0.026666666666666672	0.015396007178390025	06_29
lentinan	BMAA	lentinan	A. hadrus	CM06_29	lentinan	9.25	0.00999999999999999	3	0.026666666666666672	0.015396007178390025	06_29
lentinan	BMAA	lentinan	A. hadrus	CM06_29	lentinan	9.5	0.00999999999999999	3	0.026666666666666672	0.015396007178390025	06_29
lentinan	BMAA	lentinan	A. hadrus	CM06_29	lentinan	9.75	0.006666666666666654	3	0.03179797338056486	0.018358568490953676	06_29
lentinan	BMAA	lentinan	A. hadrus	CM06_29	lentinan	10	0.003333333333333318	3	0.03711842908553349	0.021430335024428798	06_29
lentinan	BMAA	lentinan	A. hadrus	CM06_29	lentinan	10.25	0.003333333333333318	3	0.03711842908553349	0.021430335024428798	06_29
lentinan	BMAA	lentinan	A. hadrus	CM06_29	lentinan	10.5	-9.250729161279966e-18	3	0.04255715111601235	0.024570382652773313	06_29
lentinan	BMAA	lentinan	A. hadrus	CM06_29	lentinan	10.75	0.00999999999999999	3	0.026666666666666672	0.015396007178390025	06_29
lentinan	BMAA	lentinan	A. hadrus	CM06_29	lentinan	11	0.013333333333333327	3	0.021858128414340008	0.012619796324000612	06_29
lentinan	BMAA	lentinan	A. hadrus	CM06_29	lentinan	11.25	0.016666666666666663	3	0.017638342073763944	0.010183501544346316	06_29
lentinan	BMAA	lentinan	A. hadrus	CM06_29	lentinan	11.5	0.01999999999999998	3	0.014529663145135608	0.008388704928078628	06_29
lentinan	BMAA	lentinan	A. hadrus	CM06_29	lentinan	11.75	0.013333333333333345	3	0.02027587510099407	0.011706281947614158	06_29
lentinan	BMAA	lentinan	A. hadrus	CM06_29	lentinan	12	0.010000000000000009	3	0.014529663145135577	0.00838870492807861	06_29
lentinan	BMAA	lentinan	A. hadrus	CM06_29	lentinan	12.25	0.010000000000000009	3	0.014529663145135577	0.00838870492807861	06_29
lentinan	BMAA	lentinan	A. hadrus	CM06_29	lentinan	12.5	0.010000000000000009	3	0.014529663145135577	0.00838870492807861	06_29
lentinan	BMAA	lentinan	A. hadrus	CM06_29	lentinan	12.75	0.010000000000000009	3	0.014529663145135577	0.00838870492807861	06_29
lentinan	BMAA	lentinan	A. hadrus	CM06_29	lentinan	13	0.010000000000000009	3	0.014529663145135577	0.00838870492807861	06_29
lentinan	BMAA	lentinan	A. hadrus	CM06_29	lentinan	13.25	0.010000000000000009	3	0.014529663145135577	0.00838870492807861	06_29
lentinan	BMAA	lentinan	A. hadrus	CM06_29	lentinan	13.5	0.010000000000000009	3	0.014529663145135577	0.00838870492807861	06_29
lentinan	BMAA	lentinan	A. hadrus	CM06_29	lentinan	13.75	0.010000000000000009	3	0.014529663145135577	0.00838870492807861	06_29
lentinan	BMAA	lentinan	A. hadrus	CM06_29	lentinan	14	0.006666666666666672	3	0.017638342073763937	0.010183501544346312	06_29
lentinan	BMAA	lentinan	A. hadrus	CM06_29	lentinan	14.25	0.006666666666666672	3	0.008819171036881963	0.005091750772173153	06_29
lentinan	BMAA	lentinan	A. hadrus	CM06_29	lentinan	14.5	0.003333333333333336	3	0.012018504251546623	0.006938886664887105	06_29
lentinan	BMAA	lentinan	A. hadrus	CM06_29	lentinan	14.75	0.003333333333333336	3	0.012018504251546623	0.006938886664887105	06_29
lentinan	BMAA	lentinan	A. hadrus	CM06_29	lentinan	15	0.003333333333333336	3	0.012018504251546623	0.006938886664887105	06_29
lentinan	BMAA	lentinan	A. hadrus	CM06_29	lentinan	15.25	0.003333333333333336	3	0.012018504251546623	0.006938886664887105	06_29
lentinan	BMAA	lentinan	A. hadrus	CM06_29	lentinan	15.5	0	3	0.006666666666666654	0.003849001794597498	06_29
lentinan	BMAA	lentinan	A. hadrus	CM06_29	lentinan	15.75	0	3	0.006666666666666654	0.003849001794597498	06_29
lentinan	BMAA	lentinan	A. hadrus	CM06_29	lentinan	16	0	3	0.006666666666666654	0.003849001794597498	06_29
lentinan	BMAA	lentinan	A. hadrus	CM06_29	lentinan	16.25	-0.003333333333333336	3	0.012018504251546623	0.006938886664887105	06_29
lentinan	BMAA	lentinan	A. hadrus	CM06_29	lentinan	16.5	-0.00999999999999999	3	0.006666666666666682	0.003849001794597514	06_29
lentinan	BMAA	lentinan	A. hadrus	CM06_29	lentinan	16.75	-0.00999999999999999	3	0.006666666666666682	0.003849001794597514	06_29
lentinan	BMAA	lentinan	A. hadrus	CM06_29	lentinan	17	-0.00999999999999999	3	0.006666666666666682	0.003849001794597514	06_29
lentinan	BMAA	lentinan	A. hadrus	CM06_29	lentinan	17.25	-0.00999999999999999	3	0.006666666666666682	0.003849001794597514	06_29
lentinan	BMAA	lentinan	A. hadrus	CM06_29	lentinan	17.5	-0.013333333333333327	3	0.003333333333333327	0.001924500897298749	06_29
lentinan	BMAA	lentinan	A. hadrus	CM06_29	lentinan	17.75	-0.016666666666666663	3	0.003333333333333355	0.001924500897298765	06_29
lentinan	BMAA	lentinan	A. hadrus	CM06_29	lentinan	18	-0.013333333333333327	3	0.003333333333333327	0.001924500897298749	06_29
lentinan	BMAA	lentinan	A. hadrus	CM06_29	lentinan	18.25	-0.013333333333333327	3	0.003333333333333327	0.001924500897298749	06_29
lentinan	BMAA	lentinan	A. hadrus	CM06_29	lentinan	18.5	-0.023333333333333334	3	0.003333333333333327	0.001924500897298749	06_29
lentinan	BMAA	lentinan	A. hadrus	CM06_29	lentinan	18.75	-0.02	3	0.003333333333333327	0.001924500897298749	06_29
lentinan	BMAA	lentinan	A. hadrus	CM06_29	lentinan	19	-0.02	3	0.003333333333333327	0.001924500897298749	06_29
lentinan	BMAA	lentinan	A. hadrus	CM06_29	lentinan	19.25	-0.023333333333333334	3	0.003333333333333327	0.001924500897298749	06_29
lentinan	BMAA	lentinan	A. hadrus	CM06_29	lentinan	19.5	-0.023333333333333334	3	0.003333333333333327	0.001924500897298749	06_29
lentinan	BMAA	lentinan	A. hadrus	CM06_29	lentinan	19.75	-0.023333333333333334	3	0.003333333333333327	0.001924500897298749	06_29
lentinan	BMAA	lentinan	A. hadrus	CM06_29	lentinan	20	-0.026666666666666672	3	0.006666666666666654	0.003849001794597498	06_29
lentinan	BMAA	lentinan	A. hadrus	CM06_29	lentinan	20.25	-0.026666666666666672	3	0.006666666666666654	0.003849001794597498	06_29
lentinan	BMAA	lentinan	A. hadrus	CM06_29	lentinan	20.5	-0.026666666666666672	3	0.006666666666666654	0.003849001794597498	06_29
lentinan	BMAA	lentinan	A. hadrus	CM06_29	lentinan	20.75	-0.026666666666666672	3	0.006666666666666654	0.003849001794597498	06_29
lentinan	BMAA	lentinan	A. hadrus	CM06_29	lentinan	21	-0.026666666666666672	3	0.006666666666666654	0.003849001794597498	06_29
lentinan	BMAA	lentinan	A. hadrus	CM06_29	lentinan	21.25	-0.03000000000000001	3	0.012018504251546623	0.006938886664887105	06_29
lentinan	BMAA	lentinan	A. hadrus	CM06_29	lentinan	21.5	-0.03333333333333335	3	0.008819171036881963	0.005091750772173153	06_29
lentinan	BMAA	lentinan	A. hadrus	CM06_29	lentinan	21.75	-0.03000000000000001	3	0.012018504251546623	0.006938886664887105	06_29
lentinan	BMAA	lentinan	A. hadrus	CM06_29	lentinan	22	-0.03333333333333335	3	0.008819171036881963	0.005091750772173153	06_29
lentinan	BMAA	lentinan	A. hadrus	CM06_29	lentinan	22.25	-0.03333333333333335	3	0.008819171036881963	0.005091750772173153	06_29
lentinan	BMAA	lentinan	A. hadrus	CM06_29	lentinan	22.5	-0.03333333333333335	3	0.008819171036881963	0.005091750772173153	06_29
lentinan	BMAA	lentinan	A. hadrus	CM06_29	lentinan	22.75	-0.036666666666666674	3	0.014529663145135562	0.008388704928078602	06_29
lentinan	BMAA	lentinan	A. hadrus	CM06_29	lentinan	23	-0.036666666666666674	3	0.014529663145135562	0.008388704928078602	06_29
lentinan	BMAA	lentinan	A. hadrus	CM06_29	lentinan	23.25	-0.04000000000000001	3	0.012018504251546607	0.006938886664887096	06_29
lentinan	BMAA	lentinan	A. hadrus	CM06_29	lentinan	23.5	-0.04000000000000001	3	0.012018504251546607	0.006938886664887096	06_29
lentinan	BMAA	lentinan	A. hadrus	CM06_29	lentinan	23.75	-0.04000000000000001	3	0.012018504251546607	0.006938886664887096	06_29
lentinan	BMAA	lentinan	A. hadrus	CM06_29	lentinan	24	-0.04000000000000001	3	0.012018504251546607	0.006938886664887096	06_29
xyloglucan	BMAA	xyloglucan	A. hadrus	CM06_29	xyloglucan	0	0.004444444444444445	3	0.005091750772173161	0.00293972367896066	06_29
xyloglucan	BMAA	xyloglucan	A. hadrus	CM06_29	xyloglucan	0.25	-0.0022222222222222274	3	0.0069388866648871115	0.004006168083848878	06_29
xyloglucan	BMAA	xyloglucan	A. hadrus	CM06_29	xyloglucan	0.5	-0.0022222222222222274	3	0.003849001794597514	0.0022222222222222274	06_29
xyloglucan	BMAA	xyloglucan	A. hadrus	CM06_29	xyloglucan	0.75	-0.0022222222222222274	3	0.003849001794597514	0.0022222222222222274	06_29
xyloglucan	BMAA	xyloglucan	A. hadrus	CM06_29	xyloglucan	1	-0.0022222222222222274	3	0.003849001794597514	0.0022222222222222274	06_29
xyloglucan	BMAA	xyloglucan	A. hadrus	CM06_29	xyloglucan	1.25	-0.0022222222222222274	3	0.003849001794597514	0.0022222222222222274	06_29
xyloglucan	BMAA	xyloglucan	A. hadrus	CM06_29	xyloglucan	1.5	-0.0022222222222222274	3	0.003849001794597514	0.0022222222222222274	06_29
xyloglucan	BMAA	xyloglucan	A. hadrus	CM06_29	xyloglucan	1.75	-0.005555555555555564	3	0.005091750772173161	0.00293972367896066	06_29
xyloglucan	BMAA	xyloglucan	A. hadrus	CM06_29	xyloglucan	2	-0.005555555555555564	3	0.005091750772173161	0.00293972367896066	06_29
xyloglucan	BMAA	xyloglucan	A. hadrus	CM06_29	xyloglucan	2.25	-0.005555555555555564	3	0.005091750772173161	0.00293972367896066	06_29
xyloglucan	BMAA	xyloglucan	A. hadrus	CM06_29	xyloglucan	2.5	-0.005555555555555564	3	0.005091750772173161	0.00293972367896066	06_29
xyloglucan	BMAA	xyloglucan	A. hadrus	CM06_29	xyloglucan	2.75	-0.005555555555555564	3	0.005091750772173161	0.00293972367896066	06_29
xyloglucan	BMAA	xyloglucan	A. hadrus	CM06_29	xyloglucan	3	-0.005555555555555564	3	0.005091750772173161	0.00293972367896066	06_29
xyloglucan	BMAA	xyloglucan	A. hadrus	CM06_29	xyloglucan	3.25	-0.005555555555555564	3	0.005091750772173161	0.00293972367896066	06_29
xyloglucan	BMAA	xyloglucan	A. hadrus	CM06_29	xyloglucan	3.5	-0.0088888888888889	3	0.001924500897298749	0.0011111111111111092	06_29
xyloglucan	BMAA	xyloglucan	A. hadrus	CM06_29	xyloglucan	3.75	-0.0088888888888889	3	0.001924500897298749	0.0011111111111111092	06_29
xyloglucan	BMAA	xyloglucan	A. hadrus	CM06_29	xyloglucan	4	-0.0088888888888889	3	0.001924500897298749	0.0011111111111111092	06_29
xyloglucan	BMAA	xyloglucan	A. hadrus	CM06_29	xyloglucan	4.25	-0.0088888888888889	3	0.001924500897298749	0.0011111111111111092	06_29
xyloglucan	BMAA	xyloglucan	A. hadrus	CM06_29	xyloglucan	4.5	-0.0088888888888889	3	0.001924500897298749	0.0011111111111111092	06_29
xyloglucan	BMAA	xyloglucan	A. hadrus	CM06_29	xyloglucan	4.75	-0.0088888888888889	3	0.001924500897298749	0.0011111111111111092	06_29
xyloglucan	BMAA	xyloglucan	A. hadrus	CM06_29	xyloglucan	5	-0.0088888888888889	3	0.001924500897298749	0.0011111111111111092	06_29
xyloglucan	BMAA	xyloglucan	A. hadrus	CM06_29	xyloglucan	5.25	-0.0088888888888889	3	0.001924500897298749	0.0011111111111111092	06_29
xyloglucan	BMAA	xyloglucan	A. hadrus	CM06_29	xyloglucan	5.5	-0.012222222222222237	3	0.0069388866648871115	0.004006168083848878	06_29
xyloglucan	BMAA	xyloglucan	A. hadrus	CM06_29	xyloglucan	5.75	-0.0088888888888889	3	0.001924500897298749	0.0011111111111111092	06_29
xyloglucan	BMAA	xyloglucan	A. hadrus	CM06_29	xyloglucan	6	-0.0088888888888889	3	0.001924500897298749	0.0011111111111111092	06_29
xyloglucan	BMAA	xyloglucan	A. hadrus	CM06_29	xyloglucan	6.25	-0.012222222222222237	3	0.0069388866648871115	0.004006168083848878	06_29
xyloglucan	BMAA	xyloglucan	A. hadrus	CM06_29	xyloglucan	6.5	-0.012222222222222237	3	0.0069388866648871115	0.004006168083848878	06_29
xyloglucan	BMAA	xyloglucan	A. hadrus	CM06_29	xyloglucan	6.75	-0.0088888888888889	3	0.001924500897298749	0.0011111111111111092	06_29
xyloglucan	BMAA	xyloglucan	A. hadrus	CM06_29	xyloglucan	7	-0.012222222222222237	3	0.0069388866648871115	0.004006168083848878	06_29
xyloglucan	BMAA	xyloglucan	A. hadrus	CM06_29	xyloglucan	7.25	-0.012222222222222237	3	0.0069388866648871115	0.004006168083848878	06_29
xyloglucan	BMAA	xyloglucan	A. hadrus	CM06_29	xyloglucan	7.5	-0.012222222222222237	3	0.0069388866648871115	0.004006168083848878	06_29
xyloglucan	BMAA	xyloglucan	A. hadrus	CM06_29	xyloglucan	7.75	-0.012222222222222237	3	0.0069388866648871115	0.004006168083848878	06_29
xyloglucan	BMAA	xyloglucan	A. hadrus	CM06_29	xyloglucan	8	-0.012222222222222237	3	0.0069388866648871115	0.004006168083848878	06_29
xyloglucan	BMAA	xyloglucan	A. hadrus	CM06_29	xyloglucan	8.25	-0.012222222222222237	3	0.0069388866648871115	0.004006168083848878	06_29
xyloglucan	BMAA	xyloglucan	A. hadrus	CM06_29	xyloglucan	8.5	-0.012222222222222237	3	0.0069388866648871115	0.004006168083848878	06_29
xyloglucan	BMAA	xyloglucan	A. hadrus	CM06_29	xyloglucan	8.75	-0.012222222222222237	3	0.0069388866648871115	0.004006168083848878	06_29
xyloglucan	BMAA	xyloglucan	A. hadrus	CM06_29	xyloglucan	9	-0.012222222222222237	3	0.0069388866648871115	0.004006168083848878	06_29
xyloglucan	BMAA	xyloglucan	A. hadrus	CM06_29	xyloglucan	9.25	-0.012222222222222237	3	0.0069388866648871115	0.004006168083848878	06_29
xyloglucan	BMAA	xyloglucan	A. hadrus	CM06_29	xyloglucan	9.5	-0.012222222222222237	3	0.0069388866648871115	0.004006168083848878	06_29
xyloglucan	BMAA	xyloglucan	A. hadrus	CM06_29	xyloglucan	9.75	-0.012222222222222237	3	0.0069388866648871115	0.004006168083848878	06_29
xyloglucan	BMAA	xyloglucan	A. hadrus	CM06_29	xyloglucan	10	-0.005555555555555564	3	0.005091750772173161	0.00293972367896066	06_29
xyloglucan	BMAA	xyloglucan	A. hadrus	CM06_29	xyloglucan	10.25	-0.005555555555555564	3	0.005091750772173161	0.00293972367896066	06_29
xyloglucan	BMAA	xyloglucan	A. hadrus	CM06_29	xyloglucan	10.5	-0.005555555555555564	3	0.005091750772173161	0.00293972367896066	06_29
xyloglucan	BMAA	xyloglucan	A. hadrus	CM06_29	xyloglucan	10.75	-0.005555555555555564	3	0.005091750772173161	0.00293972367896066	06_29
xyloglucan	BMAA	xyloglucan	A. hadrus	CM06_29	xyloglucan	11	-0.0022222222222222274	3	0.010715167512214406	0.0061864048475889204	06_29
xyloglucan	BMAA	xyloglucan	A. hadrus	CM06_29	xyloglucan	11.25	-0.0022222222222222274	3	0.010715167512214406	0.0061864048475889204	06_29
xyloglucan	BMAA	xyloglucan	A. hadrus	CM06_29	xyloglucan	11.5	-0.0022222222222222274	3	0.010715167512214406	0.0061864048475889204	06_29
xyloglucan	BMAA	xyloglucan	A. hadrus	CM06_29	xyloglucan	11.75	-0.0022222222222222274	3	0.010715167512214406	0.0061864048475889204	06_29
xyloglucan	BMAA	xyloglucan	A. hadrus	CM06_29	xyloglucan	12	-0.0022222222222222274	3	0.010715167512214406	0.0061864048475889204	06_29
xyloglucan	BMAA	xyloglucan	A. hadrus	CM06_29	xyloglucan	12.25	-0.0022222222222222274	3	0.010715167512214406	0.0061864048475889204	06_29
xyloglucan	BMAA	xyloglucan	A. hadrus	CM06_29	xyloglucan	12.5	-0.0022222222222222274	3	0.010715167512214406	0.0061864048475889204	06_29
xyloglucan	BMAA	xyloglucan	A. hadrus	CM06_29	xyloglucan	12.75	-0.0022222222222222274	3	0.010715167512214406	0.0061864048475889204	06_29
xyloglucan	BMAA	xyloglucan	A. hadrus	CM06_29	xyloglucan	13	-0.0022222222222222274	3	0.010715167512214406	0.0061864048475889204	06_29
xyloglucan	BMAA	xyloglucan	A. hadrus	CM06_29	xyloglucan	13.25	0.004444444444444445	3	0.013877773329774233	0.008012336167697764	06_29
xyloglucan	BMAA	xyloglucan	A. hadrus	CM06_29	xyloglucan	13.5	0.004444444444444445	3	0.013877773329774233	0.008012336167697764	06_29
xyloglucan	BMAA	xyloglucan	A. hadrus	CM06_29	xyloglucan	13.75	0.004444444444444445	3	0.013877773329774233	0.008012336167697764	06_29
xyloglucan	BMAA	xyloglucan	A. hadrus	CM06_29	xyloglucan	14	0.004444444444444445	3	0.013877773329774233	0.008012336167697764	06_29
xyloglucan	BMAA	xyloglucan	A. hadrus	CM06_29	xyloglucan	14.25	0.004444444444444445	3	0.013877773329774233	0.008012336167697764	06_29
xyloglucan	BMAA	xyloglucan	A. hadrus	CM06_29	xyloglucan	14.5	0.004444444444444445	3	0.013877773329774233	0.008012336167697764	06_29
xyloglucan	BMAA	xyloglucan	A. hadrus	CM06_29	xyloglucan	14.75	0.004444444444444445	3	0.013877773329774233	0.008012336167697764	06_29
xyloglucan	BMAA	xyloglucan	A. hadrus	CM06_29	xyloglucan	15	0.004444444444444445	3	0.013877773329774233	0.008012336167697764	06_29
xyloglucan	BMAA	xyloglucan	A. hadrus	CM06_29	xyloglucan	15.25	0.004444444444444445	3	0.013877773329774233	0.008012336167697764	06_29
xyloglucan	BMAA	xyloglucan	A. hadrus	CM06_29	xyloglucan	15.5	0.001111111111111109	3	0.008388704928078623	0.004843221048378534	06_29
xyloglucan	BMAA	xyloglucan	A. hadrus	CM06_29	xyloglucan	15.75	0.004444444444444445	3	0.013877773329774233	0.008012336167697764	06_29
xyloglucan	BMAA	xyloglucan	A. hadrus	CM06_29	xyloglucan	16	0.007777777777777782	3	0.01953155092360774	0.011276546183435814	06_29
xyloglucan	BMAA	xyloglucan	A. hadrus	CM06_29	xyloglucan	16.25	0.007777777777777782	3	0.01953155092360774	0.011276546183435814	06_29
xyloglucan	BMAA	xyloglucan	A. hadrus	CM06_29	xyloglucan	16.5	0.007777777777777782	3	0.01953155092360774	0.011276546183435814	06_29
xyloglucan	BMAA	xyloglucan	A. hadrus	CM06_29	xyloglucan	16.75	0.007777777777777782	3	0.01953155092360774	0.011276546183435814	06_29
xyloglucan	BMAA	xyloglucan	A. hadrus	CM06_29	xyloglucan	17	0.007777777777777782	3	0.01953155092360774	0.011276546183435814	06_29
xyloglucan	BMAA	xyloglucan	A. hadrus	CM06_29	xyloglucan	17.25	0.007777777777777782	3	0.01953155092360774	0.011276546183435814	06_29
xyloglucan	BMAA	xyloglucan	A. hadrus	CM06_29	xyloglucan	17.5	0.007777777777777782	3	0.01953155092360774	0.011276546183435814	06_29
xyloglucan	BMAA	xyloglucan	A. hadrus	CM06_29	xyloglucan	17.75	0.007777777777777782	3	0.01953155092360774	0.011276546183435814	06_29
xyloglucan	BMAA	xyloglucan	A. hadrus	CM06_29	xyloglucan	18	0.007777777777777782	3	0.01953155092360774	0.011276546183435814	06_29
xyloglucan	BMAA	xyloglucan	A. hadrus	CM06_29	xyloglucan	18.25	0.004444444444444445	3	0.022194427061598	0.012813958438523121	06_29
xyloglucan	BMAA	xyloglucan	A. hadrus	CM06_29	xyloglucan	18.5	0.007777777777777782	3	0.01953155092360774	0.011276546183435814	06_29
xyloglucan	BMAA	xyloglucan	A. hadrus	CM06_29	xyloglucan	18.75	0.007777777777777782	3	0.01953155092360774	0.011276546183435814	06_29
xyloglucan	BMAA	xyloglucan	A. hadrus	CM06_29	xyloglucan	19	0.007777777777777782	3	0.01953155092360774	0.011276546183435814	06_29
xyloglucan	BMAA	xyloglucan	A. hadrus	CM06_29	xyloglucan	19.25	0.004444444444444445	3	0.022194427061598	0.012813958438523121	06_29
xyloglucan	BMAA	xyloglucan	A. hadrus	CM06_29	xyloglucan	19.5	0.004444444444444445	3	0.022194427061598	0.012813958438523121	06_29
xyloglucan	BMAA	xyloglucan	A. hadrus	CM06_29	xyloglucan	19.75	0.001111111111111109	3	0.01644294287438751	0.009493337494797268	06_29
xyloglucan	BMAA	xyloglucan	A. hadrus	CM06_29	xyloglucan	20	0.001111111111111109	3	0.01644294287438751	0.009493337494797268	06_29
xyloglucan	BMAA	xyloglucan	A. hadrus	CM06_29	xyloglucan	20.25	0.004444444444444445	3	0.013877773329774233	0.008012336167697764	06_29
xyloglucan	BMAA	xyloglucan	A. hadrus	CM06_29	xyloglucan	20.5	0.001111111111111109	3	0.01644294287438751	0.009493337494797268	06_29
xyloglucan	BMAA	xyloglucan	A. hadrus	CM06_29	xyloglucan	20.75	0.001111111111111109	3	0.01644294287438751	0.009493337494797268	06_29
xyloglucan	BMAA	xyloglucan	A. hadrus	CM06_29	xyloglucan	21	0.001111111111111109	3	0.01644294287438751	0.009493337494797268	06_29
xyloglucan	BMAA	xyloglucan	A. hadrus	CM06_29	xyloglucan	21.25	0.001111111111111109	3	0.01644294287438751	0.009493337494797268	06_29
xyloglucan	BMAA	xyloglucan	A. hadrus	CM06_29	xyloglucan	21.5	0.001111111111111109	3	0.01644294287438751	0.009493337494797268	06_29
xyloglucan	BMAA	xyloglucan	A. hadrus	CM06_29	xyloglucan	21.75	0.001111111111111109	3	0.01644294287438751	0.009493337494797268	06_29
xyloglucan	BMAA	xyloglucan	A. hadrus	CM06_29	xyloglucan	22	0.001111111111111109	3	0.01644294287438751	0.009493337494797268	06_29
xyloglucan	BMAA	xyloglucan	A. hadrus	CM06_29	xyloglucan	22.25	0.001111111111111109	3	0.01644294287438751	0.009493337494797268	06_29
xyloglucan	BMAA	xyloglucan	A. hadrus	CM06_29	xyloglucan	22.5	-0.0022222222222222274	3	0.02036700308869264	0.011758894715842638	06_29
xyloglucan	BMAA	xyloglucan	A. hadrus	CM06_29	xyloglucan	22.75	-0.0022222222222222274	3	0.02036700308869264	0.011758894715842638	06_29
xyloglucan	BMAA	xyloglucan	A. hadrus	CM06_29	xyloglucan	23	-0.0022222222222222274	3	0.02036700308869264	0.011758894715842638	06_29
xyloglucan	BMAA	xyloglucan	A. hadrus	CM06_29	xyloglucan	23.25	-0.0022222222222222274	3	0.02036700308869264	0.011758894715842638	06_29
xyloglucan	BMAA	xyloglucan	A. hadrus	CM06_29	xyloglucan	23.5	-0.0022222222222222274	3	0.02036700308869264	0.011758894715842638	06_29
xyloglucan	BMAA	xyloglucan	A. hadrus	CM06_29	xyloglucan	23.75	-0.0022222222222222274	3	0.02036700308869264	0.011758894715842638	06_29
xyloglucan	BMAA	xyloglucan	A. hadrus	CM06_29	xyloglucan	24	-0.005555555555555564	3	0.015030832509409661	0.008678055195451846	06_29
